lottery_id,lottery_name,lottery_status,development_type,borough,postcode,address,neighborhood,lottery_start_date,lottery_end_date,unit_count,studio_units,1br_units,2br_units,3br_units,4br_units,ami_extremely_low,ami_very_low,ami_low,ami_moderate,ami_middle,ami_above,mobility_percent,vision_hearing_percent,community_board_percent,municipal_employee_percent,nycha_percent,senior_percent,latitude,longitude,reporting_construction_type,community_board,bbl,bin
7522,223 East 117th Street aka PETER JAY SHARP RESIDENCE,Active,Rental,MN,10035,223 EAST  117 STREET,MN1102,2026-07-01,2026-07-23,23,23,,,,,,,23,,,,5,2,,,,,40.798344,-73.938827,Preservation,111,1016670012,1085963
7589,534 Third Avenue Apartments,Active,Rental,MN,10016,534 3rd Ave,MN0603,2026-06-15,2026-07-07,40,21,12,7,,,,16,16,,8,,5,2,20,10,,,40.74676,-73.977383,New Construction,106,1008910044,1000000
7532,Artifact No. 1861,Active,Rental,MN,10031,1861 Amsterdam Ave,MN0903,2026-05-04,2026-06-03,18,4,12,2,,,,,,,18,,,,,,,,40.829873,-73.944204,New Construction,109,1020670001,1000000
7548,RIALTO WEST,Active,Rental,MN,10036,509 W 48th St,MN0402,2026-05-20,2026-07-20,133,32,36,53,12,,,39,31,47,16,,5,2,20,10,,,40.763565,-73.992997,Preservation,104,1010770029,1000000
7563,Three Waterline Square aka 635 West 59th Street - Waiting List,Active,Rental,MN,10019,635 WEST   59 STREET,MN0701,2026-06-01,2026-06-23,55,,24,28,3,,,22,33,,,,,,,,,,40.772279,-73.991999,Preservation,107,1011710157,1089374
7523,WILLOW TREE RESIDENCES,Active,Rental,MN,10017,225 E 45th St,MN0604,2026-05-05,2026-07-03,51,51,,,,,,,51,,,,5,2,20,10,,,40.752396,-73.97232,New Construction,106,1013190011,1000000
7492,West Harlem Renaissance,Active,Rental,MN,10030,103-109 W 141st St,MN1002,2026-04-27,2026-05-28,21,,3,,18,,,6,15,,,,5,2,,,,,40.818117,-73.938574,Preservation,110,1020100024,1060089
7492,West Harlem Renaissance,Active,Rental,MN,10030,121-123 W 144th St,MN1002,2026-04-27,2026-05-28,23,10,13,,,,,6,15,2,,,5,2,,,,,40.820219,-73.937767,Preservation,110,1020130020,1060166
7566,104 Fleet Place Apartments,Active,Rental,BK,11201,104 Fleet Place,BK0202,2026-06-22,2026-07-14,20,5,5,10,,,,,20,,,,,,,,,,40.692615,-73.981782,New Construction,302,3020620018,3000000
7568,1211 Fulton Street Apartments,Active,Rental,BK,11216,1211 Fulton St,BK0301,2026-06-01,2026-06-23,12,,4,8,,,,,,,12,,,,,,,,40.680617,-73.952946,New Construction,303,3018420066,3000000
7497,1427 Fulton Street Apartments,Active,Rental,BK,11216,1427 Fulton St,BK0301,2026-05-01,2026-05-22,3,1,1,1,,,,,,,3,,,,,,,,40.680119,-73.944376,New Construction,303,3018540048,3053468
3376,147 Stanhope Street Apartments,Active,Rental,BK,11221,147 Stanhope St,BK0401,2023-01-26,2023-02-16,3,,1,2,,,,,,,3,,,,,,,,40.698617,-73.922499,New Construction,304,3032560030,3427331
7529,163 Willoughby Street Apartments,Active,Rental,BK,11201,163 Willoughby St,BK0202,2026-07-06,2026-07-27,20,5,5,10,,,,,20,,,,,,,,,,40.692041,-73.982013,New Construction,302,,
7519,165 Willoughby Street Apartments,Active,Rental,BK,11201,165 WILLOUGHBY STREET,BK0202,2026-04-27,2026-06-29,20,5,,15,,,,,20,,,,5,2,20,10,,,40.692038,-73.981948,New Construction,302,3020620024,3058263
7462,170 Freeman Street Apartments,Active,Rental,BK,11222,170 FREEMAN STREET,BK0101,2026-04-13,2026-06-15,21,3,13,5,,,,,11,,10,,5,2,20,10,,,40.734481,-73.954532,New Construction,301,3025130006,3000000
7553,173 Tompkins Avenue Apartments,Active,Rental,BK,11206,173 Tompkins Ave,BK0301,2026-06-04,2026-06-26,3,,1,2,,,,,,,3,,,,,,,,40.693325,-73.945887,Preservation,303,3017720008,3000000
7517,2683 Atlantic Avenue Apartments,Active,Rental,BK,11207,2683 ATLANTIC AVENUE,BK0502,2026-05-21,2026-06-12,58,,,58,,,,23,24,9,2,,,,20,10,,,40.67588,-73.895281,New Construction,305,3036710038,3339353
7562,275 20th Street Apartments,Active,Rental,BK,11215,275 20 STREET,BK0702,2026-06-03,2026-06-25,13,13,,,,,,3,,10,,,,,,,,,40.661323,-73.991851,Preservation,307,3008850058,3017170
7561,282 4th Avenue Apartments,Active,Rental,BK,11215,282 4 AVENUE,BK0601,2026-06-01,2026-06-23,13,,6,7,,,,7,3,3,,,5,2,20,10,,,40.675603,-73.984357,New Construction,306,3004560032,3332112
7584,343 Himrod Street Apartments,Active,Rental,BK,11237,343 Himrod St,BK0401,2026-06-29,2026-07-20,15,,,15,,,,5,10,,,,,,,,,,40.702473,-73.917535,Preservation,304,3032700024,3074538
7395,584 Gates Avenue Apartments,Active,Rental,BK,11221,584 Gates Ave,BK0301,2026-01-12,2026-06-02,9,,9,,,,,,,,9,,,,,,,,40.687164,-73.942283,New Construction,303,3018150040,3332253
7473,645 Park Place Aka 711 Franklin Avenue Apartments,Active,Rental,BK,11216,645 Park Pl,BK0802,2026-06-25,2026-07-20,18,,12,6,,,,,15,,3,,5,2,20,5,,,40.674080000000004,-73.956202,New Construction,308,3012310001,3000000
7582,80 Ainslie Street Apartments,Active,Rental,BK,11211,80 AINSLIE STREET,BK0102,2026-06-04,2026-06-26,5,,2,3,,,,,,,5,,,,,,,,40.712525,-73.951787,New Construction,301,3023750012,3062551
7518,Belle Garden Phase II,Active,Owner,BK,11213,444 HERKIMER STREET,BK0302,2026-06-01,2026-06-23,10,,2,8,,,,,,10,,,5,2,20,10,,,40.679054,-73.93902,Preservation,303,3018710043,3000000
7518,Belle Garden Phase II,Active,Owner,BK,11213,423 HERKIMER STREET,BK0302,2026-06-01,2026-06-23,10,,2,8,,,,,,10,,,5,2,20,10,,,40.679096,-73.939488,Preservation,303,3018640048,3000000
7518,Belle Garden Phase II,Active,Owner,BK,11233,816 HERKIMER STREET,BK0302,2026-06-01,2026-06-23,12,,9,3,,,,,,12,,,5,2,20,10,,,40.678366,-73.926416,Preservation,303,3017100009,3048198
7571,Botanic Heights,Active,Rental,BK,11225,960 Franklin Ave,BK0901,2026-06-10,2026-07-02,91,,62,29,,,,,,,91,,,,,,,,40.665392,-73.959888,New Construction,309,3011920040,3000000
7572,COLUMBIA COMMONS I,Active,Rental,BK,11231,498 Columbia St,BK0601,2026-07-01,2026-08-28,239,68,86,85,,,,67,111,61,,,5,2,20,10,,,40.67453,-74.007769,Preservation,306,3005790003,3000000
7333,HELP Hinsdale C,Active,Rental,BK,11207,314 Hinsdale St,BK0502,2026-05-14,2026-06-16,30,,,19,11,,,5,25,,,,5,2,20,10,,,40.667562,-73.899588,New Construction,305,3037660042,3000000
7541,1004 Summit Avenue Apartments,Active,Rental,BX,10452,1004 SUMMIT AVENUE,BX0402,2026-06-18,2026-07-13,3,2,1,,,,,,3,,,,,,,,,,40.83348,-73.930035,New Construction,204,2025250002,2003456
7485,1060 Prospect Avenue,Active,Rental,BX,10459,1060 Prospect Ave,BX0202,2026-06-15,2026-07-09,6,,3,3,,,,,6,,,,,,,,,,40.824614,-73.899556,New Construction,202,,
7533,1143 Hoe Avenue Apartments,Active,Rental,BX,10459,1143 Hoe Ave,BX0303,2026-06-02,2026-06-24,10,1,5,3,1,,,,10,,,,,,,,,,40.827293,-73.890909,Preservation,203,2027450044,2000000
7544,1407 Nelson Avenue Apartments,Active,Rental,BX,10452,1407 NELSON AVENUE,BX0403,2026-05-28,2026-06-18,5,1,,4,,,,,5,,,,,,,,,,40.842452,-73.922039,New Construction,204,2028740157,2008783
7564,1422 Vyse Avenue,Active,Rental,BX,10459,1422 Vyse Ave,BX0303,2026-05-20,2026-06-11,3,1,2,,,,,,3,,,,,,,,,,40.830799,-73.889505,New Construction,203,2029940010,2010731
7583,1938 Prospect Avenue Apartments,Active,Rental,BX,10457,1938 Prospect Ave,BX0602,2026-06-15,2026-07-07,3,2,1,,,,,,3,,,,,,,,,,40.843952,-73.889375,Preservation,206,2029560004,2000000
7555,217 Bedford Park Boulevard Apartments,Active,Rental,BX,10458,217 Bedford Park Blvd,BX0702,2026-05-26,2026-06-16,6,6,,,,,,,6,,,,,,,,,,40.871674,-73.887304,New Construction,207,2033060052,2017212
7545,2334-2336 Valentine Avenue Apartments,Active,Rental,BX,10458,2334 Valentine Ave,BX0503,2026-05-14,2026-06-05,7,,3,4,,,,,7,,,,,,,,,,40.857669,-73.8978,New Construction,205,2031460019,2013434
7574,2351 Lorillard Place Apartments,Active,Rental,BX,10458,2351 Lorillard Pl,BX0603,2026-07-02,2026-07-24,18,,2,5,11,,,5,11,2,,,,,20,10,,,40.855368,-73.890166,Preservation,206,2030550033,2011695
7565,2406 Hoffman Street Apartments,Active,Rental,BX,10458,2406 HOFFMAN STREET,BX0603,2026-06-01,2026-06-23,3,,,3,,,,,,,3,,,,,,,,40.856247,-73.888237,New Construction,206,2030660003,2129016
7590,269 Van Cortlandt Avenue E,Active,Rental,BX,10467,269 Van Cortlandt Ave E,BX0703,2026-06-23,2026-07-16,6,2,1,,3,,,,6,,,,,,,,,,40.876657,-73.880389,New Construction,207,2033360008,2018040
7573,3060 3rd Avenue Apartments,Active,Rental,BX,10451,3060 3 AVENUE,BX0102,2026-06-04,2026-06-26,6,3,1,2,,,,,6,,,,,,,,,,40.820702,-73.912667,Preservation,201,2023640010,2001186
7527,786 Fairmount Place,Active,Rental,BX,10460,786 FAIRMOUNT PLACE,BX0602,2026-05-22,2026-06-15,2,,1,1,,,,,2,,,,,,,,,,40.842763,-73.889182,Preservation,206,2029540020,2010022
6812,91 Bruckner Blvd Apartments,Active,Rental,BX,10454,91 Bruckner Blvd,BX0101,2025-02-27,2025-04-28,27,,13,14,,,,,,,27,,,,,,,,40.805639,-73.924596,New Construction,201,2022780001,2000000
7543,PENINSULA 1221 & 1225 Spofford Avenue,Active,Rental,BX,10474,1221 Spofford Ave,BX0201,2026-05-09,2026-07-07,113,23,18,48,18,6,11,34,68,,,,,,,,,,40.813893,-73.890566,New Construction,202,,
7543,PENINSULA 1221 & 1225 Spofford Avenue,Active,Rental,BX,10474,1225 Spofford Ave,BX0201,2026-05-09,2026-07-07,190,47,74,32,37,,21,58,111,,,,,,,,,,40.813901,-73.890505,New Construction,202,,
7549,106 Fleet Place Apartments,Active,Rental,QN,,106 Fleet Place,,2026-06-29,2026-07-21,20,5,5,10,,,,,20,,,,,,,,,,,,New Construction,,,
7507,34-20 Junction Boulevard Apartments,Active,Rental,QN,11372,34-20 JUNCTION BOULEVARD,QN0301,2026-04-14,2026-06-16,50,18,23,9,,,,,,,50,,,,,,,,40.754464,-73.872404,Preservation,403,4014550007,4000000
7538,87-67 170th Street Apartments,Active,Rental,QN,11432,87-67 170th St,QN1201,2026-06-01,2026-06-23,8,1,6,,1,,,,8,,,,,,,,,,40.710623,-73.791752,New Construction,412,4098260049,4000000
7495,THE BARNETT,Active,Rental,QN,11104,50-25 Barnett Ave,QN0261,2026-04-09,2026-06-08,146,15,72,45,14,,18,36,92,,,,5,2,20,10,,,40.750171,-73.913174,Preservation,402,4001190143,4000000
7554,The Doria,Active,Rental,QN,11101,34-16 38 Street,QN0103,2026-05-18,2026-06-09,23,,9,14,,,,8,15,,,,,,,,,,40.756649,-73.921998,New Construction,401,,
7475,The Pecora,Active,Rental,QN,11101,41-08 CRESCENT STREET,QN0105,2026-03-19,2026-06-01,56,17,24,15,,,,,,,56,,,,,,,,40.751972,-73.93935,New Construction,401,4004140023,4005002
5619,56 Beach Street Apartments,Active,Rental,SI,10304,56 BEACH STREET,SI0102,2025-03-05,2025-03-26,9,,,9,,,,,,,9,,,,,,,,40.628134,-74.078251,New Construction,501,5005210121,5013701
6821,1026 Third Avenue Apartments,Tenant Selection,Rental,MN,10065,1026 3rd Ave,MN0802,2025-03-17,2025-05-16,27,12,11,4,,,,11,11,,5,,5,2,20,5,,,40.762668,-73.965786,New Construction,108,1013950039,1000000
7438,107 Mott Street Apartments,Tenant Selection,Rental,MN,10013,107 Mott St,MN0201,2026-02-19,2026-03-12,3,,3,,,,,,1,,2,,,,,,,,40.717418,-73.997399,New Construction,102,1002050025,1091657
3572,107 West 105th Street - HDFC Units Still Available,Tenant Selection,Owner,MN,10025,107 WEST 105 STREET,MN0703,2023-03-31,2023-05-01,3,,,3,,,,,,3,,,,,,,,,40.798698,-73.963654,New Construction,107,1018600027,1055933
2233,111 East 115th Street Apartments - Waiting List,Tenant Selection,Rental,MN,10029,111 EAST 115 STREET,MN1102,2021-07-15,2021-08-16,10,1,4,5,,,,,,,10,,,,,,,,40.79844,-73.943295,New Construction,111,1016430005,1089702
7139,1440 Amsterdam Avenue Apartments,Tenant Selection,Rental,MN,10027,1440 AMSTERDAM AVENUE,MN0902,2025-07-24,2025-09-22,147,20,66,61,,,,,,,147,,,,,,25,,40.81671,-73.953847,New Construction,109,1019840028,1091802
7090,1471 Amsterdam Avenue Apartments,Tenant Selection,Rental,MN,10027,1471 AMSTERDAM AVENUE,MN0902,2025-06-09,2025-07-01,3,,3,,,,,,,,3,,,,,,,,40.817336,-73.953366,New Construction,109,1019700064,1059635
4993,160 Madison Avenue Waiting List,Tenant Selection,Rental,MN,10016,160 MADISON AVENUE,MN0501,2024-10-07,2024-11-06,64,15,41,8,,,,64,,,,,,,,,,,40.746769,-73.983698,New Construction,105,1008627504,1017014
4349,1638 Park Avenue Apartments,Tenant Selection,Rental,MN,10029,1638 Park Ave,MN1102,2024-02-26,2024-03-18,6,2,2,2,,,,3,3,,,,5,2,50,5,,,40.799208,-73.94332,New Construction,111,1016220033,1000000
1935,1646 Amsterdam Avenue Apartments,Tenant Selection,Rental,MN,10031,1646 AMSTERDAM AVENUE,MN0903,2021-05-10,2021-06-10,4,,,1,3,,,,,4,,,,,,,,,40.822975,-73.949268,Preservation,109,1020730032,1061796
4774,165 West 80th Street (HDFC),Tenant Selection,Owner,MN,10024,165 WEST 80 STREET,MN0702,2024-06-28,2024-08-27,17,12,5,,,,,,,17,,,,,,,,,40.783556,-73.977157,New Construction,107,1012110007,1031954
3394,1661 Madison Avenue Apartments,Tenant Selection,Rental,MN,10029,1661 Madison Ave,MN1101,2023-01-09,2023-02-15,5,,5,,,,,,,,5,,,,,,,,40.796517,-73.947367,New Construction,111,1016160052,1091690
7113,185 Chrystie Street Apartments,Tenant Selection,Rental,MN,10002,183-185 Chrystie St,MN0302,2025-06-26,2025-07-28,11,,4,7,,,,4,7,,,,5,2,20,5,,,40.721548,-73.992096,New Construction,103,1004260035,1000000
7530,1975 Madison Avenue - Units Still Available,Tenant Selection,Rental,MN,10035,1975 Madison Ave,MN1102,2026-04-30,2026-06-01,7,,4,3,,,,,,,7,,,,,,,,40.806587,-73.940015,New Construction,111,1017510020,1000000
7151,1975 Madison Avenue Apartments,Tenant Selection,Rental,MN,10035,1975 Madison Ave,MN1102,2025-07-28,2025-10-06,30,,26,4,,,,,,,30,,,,,,,,40.806587,-73.940015,Preservation,111,1017510020,1000000
6825,204 Avenue A Co-ops HDFC,Tenant Selection,Owner,MN,10009,204 Avenue A,MN0303,2025-05-23,2025-06-23,3,,3,,,,,,,,3,,,,,,,,40.729512,-73.981,New Construction,103,1004060006,1000000
7236,205 Cabrini Boulevard Apartments,Tenant Selection,Rental,MN,10033,205 Cabrini Blvd,MN1202,2025-09-02,2025-10-20,7,,1,6,,,,,,,7,,,,,,,,40.854336,-73.938895,New Construction,112,1021790154,1000000
2771,21 Arden Street HDFC,Tenant Selection,Owner,MN,10040,21 ARDEN STREET,MN1202,2022-05-13,2022-06-13,3,,2,1,,,,,,3,,,,,,,,,40.861702,-73.926969,Preservation,112,1021740188,1064203
4444,21 West End - Waiting List,Tenant Selection,Rental,MN,10023,21 WEST END AVENUE,MN0701,2024-01-12,2024-02-12,127,36,63,23,5,,,127,,,,,5,2,,,,,40.772463,-73.989844,New Construction,107,1011717510,1088870
7511,2171 Frederick Douglass - Units Still Available,Tenant Selection,Rental,MN,10026,2171 Frederick Douglass Blvd,MN1001,2026-03-25,2026-05-08,3,,1,2,,,,,,,3,,,,,,,,40.805197,-73.954816,New Construction,110,1019440029,1000000
7142,2171 Frederick Douglass Apartments,Tenant Selection,Rental,MN,10026,2171 Frederick Douglass Blvd,MN1001,2025-07-17,2025-08-18,5,,2,3,,,,,,,5,,,,,,,,40.805197,-73.954816,New Construction,110,1019440029,1000000
4387,221 West 29th Street Waitlist,Tenant Selection,Rental,MN,10001,221 WEST 29 STREET,MN0501,2024-01-03,2024-02-05,25,6,16,3,,,,10,10,,5,,,,,,,,40.748214,-73.993735,New Construction,105,1007790027,1090618
6983,2371 8th Avenue Apartments,Tenant Selection,Rental,MN,10027,2369 Frederick Douglass Boulevard,MN1002,2025-05-12,2025-06-03,9,9,,,,,,,,,9,,,,,,,,40.811579,-73.950155,New Construction,110,1019540029,1059380
6801,25 Water Street Apartments,Tenant Selection,Rental,MN,10004,25 WATER STREET,MN0101,2025-03-05,2025-05-05,330,238,73,12,7,,,66,4,260,,,,,,,,,40.703026,-74.011202,New Construction,101,1000050010,1000007
5365,250 East 83rd Street Apartments,Tenant Selection,Rental,MN,10028,250 E 83rd St,MN0803,2024-12-11,2025-02-10,33,8,8,17,,,,13,13,,7,,5,2,20,5,,,40.776382,-73.954276,New Construction,108,1015280028,1091807
7235,250 West 49th Street Apartments,Tenant Selection,Rental,MN,10019,250 W 49th St,MN0502,2025-09-02,2025-11-03,42,10,11,21,,,,,14,,28,,,,,,,,40.761193,-73.985478,New Construction,105,1010200059,1000000
3798,251 West 117th Street Apartments - Units Still Available,Tenant Selection,Rental,MN,10026,251 WEST 117 STREET,MN1001,2023-08-07,2023-09-07,5,5,,,,,,,,,5,,,,,,,,40.804623,-73.953725,New Construction,110,1019230016,1090103
4372,266 West 96th Street Apartments,Tenant Selection,Rental,MN,10025,266 W 96th St,MN0702,2023-12-15,2024-02-16,52,27,12,11,2,,,,19,,33,,5,2,50,5,,,40.794953,-73.972523,New Construction,107,1012437503,1091038
7092,300 East 50th Street Apartments,Tenant Selection,Rental,MN,10022,300 E 50th St,MN0604,2025-06-19,2025-08-21,59,16,32,10,1,,,,20,,39,,5,2,20,5,,,40.75472,-73.968172,New Construction,106,1013420051,1000000
3546,30th and 11th Apartments,Tenant Selection,Rental,MN,10001,606 WEST 30 STREET,MN0401,2023-04-26,2023-06-26,70,24,31,15,,,,31,25,14,,,5,2,50,5,,,40.753484,-74.004371,New Construction,104,1006750039,1012275
4405,312 West 43rd Street Apartments,Tenant Selection,Rental,MN,10036,312 W 43rd St,MN0402,2024-02-20,2024-04-22,83,10,60,13,,,,33,33,17,,,5,2,50,5,,,40.758182,-73.989973,New Construction,104,1010337501,1024945
7284,313 East 17th Street Apartments,Tenant Selection,Rental,MN,10003,313 EAST 17 STREET,MN0602,2025-10-16,2025-12-15,22,1,10,11,,,,5,10,7,,,,,,,,,40.734047,-73.983034,New Construction,106,1009230011,1020430
7131,335 8th Avenue Apartments,Tenant Selection,Rental,MN,10001,335 8 AVENUE,MN0401,2025-06-26,2025-08-26,57,18,31,8,,,,,19,,38,,,,,,,,40.747563,-73.996849,Preservation,104,1007510020,1000000
4058,336 East 112th Street Apartments,Tenant Selection,Rental,MN,10029,336 E 112th St,MN1102,2023-09-29,2023-11-03,8,,5,3,,,,,,,8,,,,,,,,40.793834,-73.938138,New Construction,111,1016830034,1090607
4741,339 West 38TH Street Apartments,Tenant Selection,Rental,MN,10018,341 WEST 38 STREET,MN0402,2024-06-20,2024-08-19,30,15,12,3,,,,12,12,,6,,5,2,20,5,,,40.755237,-73.992864,New Construction,104,1007620011,1013637
5677,360 West 43rd  Street Apartments,Tenant Selection,Rental,MN,10036,360 WEST 43 STREET,MN0402,2025-03-05,2025-04-21,13,5,7,1,,,,,,,13,,,,,,,,40.758594,-73.990947,New Construction,104,1010330001,1086106
7314,37th and 1st Apartments,Tenant Selection,Rental,MN,10016,650 1 AVENUE,MN0603,2025-12-16,2026-02-18,28,10,14,4,,,,6,10,12,,,,,,,,,40.745817,-73.972016,New Construction,106,1009690001,1022547
4461,42 West 33rd Street Waiting List,Tenant Selection,Rental,MN,10001,42 WEST 33 STREET,MN0501,2024-01-19,2024-02-20,45,14,26,5,,,,,45,,,,,,,,,,40.748606,-73.987061,New Construction,105,1008340069,1015855
3170,435 West 31st Street Waiting List,Tenant Selection,Rental,MN,10001,435 WEST 31 STREET,MN0401,2022-09-12,2022-10-17,170,53,90,25,2,,,86,83,1,,,5,2,,,,,40.752032,-73.998957,New Construction,104,1007297502,1089664
4574,451 Tenth Avenue Apartments,Tenant Selection,Rental,MN,10018,451 10 AVENUE,MN0401,2024-04-08,2024-06-10,135,64,60,11,,,,54,54,27,,,,,,,,,40.755303,-73.998636,New Construction,104,1007077501,1091604
5326,4650 Broadway Apartments,Tenant Selection,Rental,MN,10040,4650 Broadway,MN1202,2024-11-27,2025-01-29,67,13,33,21,,,,,,,67,,,,,,,,40.862326,-73.929553,New Construction,112,1021750001,1000000
2782,469 Convent Avenue Apartments,Tenant Selection,Rental,MN,10031,469 Convent Ave,MN0903,2022-06-21,2022-07-14,6,3,3,,,,,,,,6,,,,,,,,40.828014,-73.943581,New Construction,109,1020650019,1000000
4054,521 West 134th Street Apartments,Tenant Selection,Rental,MN,10031,521 W 134th St,MN0902,2023-09-20,2023-10-11,9,,8,1,,,,,,,9,,,,,,,,40.818857,-73.954181,New Construction,109,1019880014,1091687
2973,524 East 14th Street Waiting List,Tenant Selection,Rental,MN,10009,524 EAST 14 STREET,MN0303,2022-06-17,2022-08-01,50,12,13,25,,,,,17,,33,,,,,,,,40.72983,-73.978954,New Construction,103,1004077504,1090264
5421,525 W 52nd Street - Waiting List,Tenant Selection,Rental,MN,10019,525 WEST 52 STREET,MN0402,2024-12-02,2025-01-03,79,19,39,21,,,,,79,,,,5,2,,,,,40.766521,-73.992253,New Construction,104,1010817501,1090143
2802,535 East 12th Street Apartments,Tenant Selection,Rental,MN,10009,535 E 12th St,MN0303,2022-07-21,2022-08-26,11,1,10,,,,,,,,11,,5,2,,,,,40.728708,-73.980405,New Construction,103,1004060047,1091639
7080,55 Broad Street Apartments,Tenant Selection,Rental,MN,10004,55 BROAD STREET,MN0101,2025-06-04,2025-08-04,143,70,63,9,1,,,29,76,38,,,,,,,,,40.705189,-74.011505,New Construction,101,1000250001,1000821
5064,550 10th Avenue Apartments,Tenant Selection,Rental,MN,10018,550 10 AVENUE,MN0402,2024-08-09,2024-10-09,114,42,44,28,,,,,24,,90,,5,2,20,5,,,40.758743,-73.996105,New Construction,104,1010507502,1076207
7212,554 West 46th Street Apartments,Tenant Selection,Rental,MN,10036,554 W 46th St,MN0402,2025-08-25,2025-09-16,12,3,3,6,,,,,12,,,,,,,,,,40.762948,-73.995459,New Construction,104,1010740063,1000000
3198,555 Tenth Avenue - Waiting List,Tenant Selection,Rental,MN,10018,555 10 AVENUE,MN0401,2022-09-27,2022-10-27,150,25,83,37,5,,,60,60,30,,,5,2,,,,,40.758861,-73.996044,New Construction,104,1010697501,1089722
7021,555 West 45th Street Apartments,Tenant Selection,Rental,MN,10036,555 W 45th St,MN0402,2025-04-28,2025-05-19,12,3,3,6,,,,,12,,,,,,,,,,40.762349,-73.995946,New Construction,104,1010740063,1000000
7178,570 Washington Street Senior Apartments,Tenant Selection,Rental,MN,10014,570 WASHINGTON STREET,MN0203,2025-08-26,2025-10-27,122,57,40,25,,,,122,,,,,5,2,,,,,40.729212,-74.009316,New Construction,102,1005967502,1091654
3352,60 Fulton Street Apartments - Waiting list,Tenant Selection,Rental,MN,10038,56 FULTON STREET,MN0101,2022-12-23,2023-01-23,30,9,10,11,,,,12,12,,6,,5,2,,,,,40.7085,-74.004916,New Construction,101,1000760006,1090416
2583,601 West 148th Street Cooperatives,Tenant Selection,Owner,MN,10031,601 WEST 148 STREET,MN0903,2022-05-25,2022-06-27,8,,1,7,,,,,,8,,,,,,,,,40.828503,-73.949383,Preservation,109,1020950029,1062436
3081,605 West 42nd Street Apartments - Waiting List,Tenant Selection,Rental,MN,10036,605 WEST 42 STREET,MN0402,2023-08-24,2023-09-25,295,102,143,50,,,,120,116,59,,,2,2,,,,,40.76096,-73.998617,New Construction,104,1010907502,1089438
4709,606 West 57th Street - Waiting List,Tenant Selection,Rental,MN,10019,606 WEST 57 STREET,MN0402,2024-07-11,2024-08-12,258,55,109,86,8,,,103,103,52,,,5,2,,,,,40.770531,-73.991945,New Construction,104,1011040031,1090190
7278,622 11th Avenue Apartments,Tenant Selection,Rental,MN,10036,622 11th Ave,MN0402,2025-11-26,2026-01-26,22,4,5,13,,,,,22,,,,5,2,20,10,,,40.76317,-73.996596,New Construction,104,1010740063,1000000
4586,645 East 9th Street Apartments,Tenant Selection,Rental,MN,10009,645 E 9th St,MN0303,2024-03-07,2024-04-19,3,,2,1,,,,,1,,2,,,,,,,,40.725754,-73.979064,New Construction,103,1003920040,1091060
7488,74 West 126th Street Apartments,Tenant Selection,Rental,MN,10027,74 WEST 126 STREET,MN1001,2026-03-30,2026-04-20,5,5,,,,,,1,2,2,,,,,,,,,40.807978,-73.943897,New Construction,110,1017230065,1053526
4761,83rd and 2nd Apartments,Tenant Selection,Rental,MN,10028,300 E 83rd St,MN0803,2024-07-31,2024-09-30,28,7,7,14,,,,,7,,21,,5,2,20,5,,,40.775767,-73.952817,New Construction,108,1015450049,1000000
5707,86 & 88 Marble Hill Avenue Apartments,Tenant Selection,Rental,MN,10463,88 Marble Hill Ave,BX0802,2025-02-06,2025-02-28,3,,3,,,,,,,,3,,,,,,,,40.876705,-73.909429,New Construction,208,1022150569,1000000
5707,86 & 88 Marble Hill Avenue Apartments,Tenant Selection,Rental,MN,10463,86 Marble Hill Ave,BX0802,2025-02-06,2025-02-28,3,,3,,,,,,,,3,,,,,,,,40.876661,-73.909444,New Construction,208,1022150569,1000000
3826,88 East 127th Street Apartments,Tenant Selection,Rental,MN,10035,88 E 127th St,MN1102,2023-08-10,2023-10-09,40,15,9,16,,,,32,,,8,,5,2,50,5,,,40.806581,-73.93865,New Construction,111,1017517501,1091567
4932,ATTORNEY STREET APARTMENTS,Tenant Selection,Rental,MN,10002,165 Broome St,MN0302,2024-06-28,2024-08-28,196,23,87,64,22,,34,46,116,,,,5,2,20,5,,,40.71672,-73.985646,New Construction,103,1003417501,1090663
5708,Adam Clayton Powell Jr. Blvd Cluster,Tenant Selection,Owner,MN,10030,2274 7 AVENUE,MN1002,2025-07-31,2025-09-30,4,,4,,,,,,,4,,,5,,,,,,40.814447,-73.94434,New Construction,110,1019390034,1058815
5708,Adam Clayton Powell Jr. Blvd Cluster,Tenant Selection,Owner,MN,10037,24 WEST 132 STREET,MN1002,2025-07-31,2025-09-30,5,,,5,,,,,,5,,,5,,,,,,40.811258,-73.940004,New Construction,110,1017290045,1053857
5708,Adam Clayton Powell Jr. Blvd Cluster,Tenant Selection,Owner,MN,10030,202 WEST 133 STREET,MN1002,2025-07-31,2025-09-30,9,,6,3,,,,,,9,,,5,,,,,,40.814198,-73.945117,New Construction,110,1019380038,1058786
4817,Amana NYC,Tenant Selection,Rental,MN,10034,112 Seaman Ave,MN1203,2024-06-04,2024-06-25,8,1,6,1,,,,,3,,5,,,,,,,,40.868509,-73.92395,New Construction,112,1022480112,1091578
3370,American Copper - Waiting List,Tenant Selection,Rental,MN,10016,626 1 AVENUE,MN0603,2022-12-23,2023-01-23,160,43,66,41,10,,,,160,,,,2,3,,,,,40.744898,-73.972688,New Construction,106,1009670001,1089237
7469,Aria Platt 7,Tenant Selection,Rental,MN,10038,7-13 Platt St,MN0101,2026-04-07,2026-06-08,75,40,22,13,,,,,25,,50,,,,,,,,40.707641,-74.006528,New Construction,101,1000690053,1000000
7514,Artifact No. 636,Tenant Selection,Rental,MN,10032,636 W 158th St,MN1201,2026-05-06,2026-06-05,36,4,27,5,,,,,,,36,,,,,,,,40.835585,-73.946606,New Construction,112,1021340154,1000000
2707,Avalon Midtown West- Waiting List,Tenant Selection,Rental,MN,10019,250 WEST 50 STREET,MN0502,2022-03-18,2022-04-18,28,3,20,5,,,,,,,28,,,,,,,,40.76183,-73.985034,New Construction,105,1010210001,1085498
2261,Capitol Towers (254 West 51st Street) Waiting List,Tenant Selection,Rental,MN,10019,254 WEST 51 STREET,MN0502,2021-09-29,2021-10-22,28,13,15,,,,,,,,28,,,,,,,,40.762483,-73.984644,Preservation,105,1010220061,1024813
4167,Emerald Green - Waiting List,Tenant Selection,Rental,MN,10018,320 WEST 38 STREET,MN0401,2023-12-06,2024-01-12,120,21,67,32,,,,120,,,,,,,,,,,40.755053,-73.992467,New Construction,104,1007610043,1087840
3855,Enclave at The Cathedral Waitlist,Tenant Selection,Rental,MN,10025,400 WEST 113 STREET,MN0901,2023-08-18,2023-09-18,87,24,43,20,,,,,87,,,,,,,,,,40.804117,-73.960646,New Construction,109,1018650020,1089808
7456,Forte Living,Tenant Selection,Rental,MN,10029,205 E 110th St,MN1102,2026-02-26,2026-04-27,53,1,27,25,,,,21,21,,11,,5,2,20,10,,,40.793971,-73.942403,New Construction,111,1016607503,1000000
7116,Forten at Columbia,Tenant Selection,Rental,MN,10027,410 WEST 126 STREET,MN0901,2025-07-07,2025-09-08,28,7,7,14,,,,,,,28,,,,,,,,40.812239,-73.954005,New Construction,109,1019660077,1090761
3815,Horizon HDFC - Units Still Available,Tenant Selection,Owner,MN,10031,3595 BROADWAY,MN0903,2023-07-27,2023-08-28,10,,,10,,,,,,,10,,,,50,,,,40.828165,-73.949199,New Construction,109,1020947503,1083034
7175,Inwood Living,Tenant Selection,Rental,MN,10034,3880 9 AVENUE,MN1203,2025-08-06,2025-10-06,70,17,18,35,,,,28,28,12,2,,5,2,20,5,,,40.864118,-73.916764,New Construction,112,1021890060,1091848
2244,KB25 - Waiting List,Tenant Selection,Rental,MN,10010,325 EAST 25 STREET,MN0603,2021-08-24,2021-09-24,55,10,18,27,,,,,22,11,22,,,,,,,,40.738855,-73.979204,New Construction,106,1009310017,1090206
7474,Las Raices Apartments,Tenant Selection,Rental,MN,10035,338 E 117th St,MN1102,2026-04-14,2026-06-16,6,1,3,,2,,,4,2,,,,5,2,20,10,,,40.797165,-73.93608,New Construction,111,1016880034,1000000
7474,Las Raices Apartments,Tenant Selection,Rental,MN,10035,1761 Park Ave,MN1102,2026-04-14,2026-06-16,38,7,19,12,,,,21,17,,,,5,2,20,10,,,40.803258,-73.940329,New Construction,111,1017710001,1000000
7474,Las Raices Apartments,Tenant Selection,Rental,MN,10035,505 E 118th St,MN1102,2026-04-14,2026-06-16,16,4,5,4,3,,,8,8,,,,5,2,20,10,,,40.796284,-73.932007,New Construction,111,1018150006,1000000
7474,Las Raices Apartments,Tenant Selection,Rental,MN,10029,303 EAST 102 STREET,MN1101,2026-04-14,2026-06-16,5,3,,2,,,,4,1,,,,5,2,20,10,,,40.788016,-73.944199,New Construction,111,1016740104,1091726
5538,Lenox Avenue HDFC Cooperative ANCP Cluster,Tenant Selection,Owner,MN,10037,424 LENOX AVENUE,MN1002,2025-03-12,2025-05-12,6,,4,2,,,,,,6,,,,,,,,,40.81174,-73.942579,Preservation,110,1017290002,1053825
5538,Lenox Avenue HDFC Cooperative ANCP Cluster,Tenant Selection,Owner,MN,10027,135 WEST  132 STREET,MN1002,2025-03-12,2025-05-12,16,5,,8,3,,,,,16,,,,,,,,,40.812676,-73.94337,Preservation,110,1019170016,1058151
5538,Lenox Avenue HDFC Cooperative ANCP Cluster,Tenant Selection,Owner,MN,10037,426 LENOX AVENUE,MN1002,2025-03-12,2025-05-12,7,,3,4,,,,,,7,,,,,,,,,40.811779,-73.94255,Preservation,110,1017290003,1053826
5538,Lenox Avenue HDFC Cooperative ANCP Cluster,Tenant Selection,Owner,MN,10037,432 LENOX AVENUE,MN1002,2025-03-12,2025-05-12,2,,,2,,,,,,2,,,,,,,,,40.811899,-73.94246,Preservation,110,1017290172,1053884
5538,Lenox Avenue HDFC Cooperative ANCP Cluster,Tenant Selection,Owner,MN,10037,406 LENOX AVENUE,MN1002,2025-03-12,2025-05-12,5,,,5,,,,,,5,,,,,,,,,40.811095,-73.943049,Preservation,110,1017280002,1053770
4164,Lower East Side Cluster ANCP,Tenant Selection,Owner,MN,10009,195 AVENUE C,MN0303,2024-12-12,2025-02-13,6,1,,5,,,,,,6,,,,,,,,,40.727,-73.976715,Preservation,103,1003940037,1004911
4164,Lower East Side Cluster ANCP,Tenant Selection,Owner,MN,10009,533 EAST 11 STREET,MN0303,2024-12-12,2025-02-13,6,3,,3,,,,,,6,,,,,,,,,40.728085,-73.980907,Preservation,103,1004050046,1005188
4164,Lower East Side Cluster ANCP,Tenant Selection,Owner,MN,10009,406 EAST 10 STREET,MN0303,2024-12-12,2025-02-13,9,,,6,3,,,,,9,,,,,,,,,40.725658,-73.977032,Preservation,103,1003790012,1004543
5734,Maison 78 AKA 356 East 78th Street Apartments,Tenant Selection,Rental,MN,10075,1487 1st Ave.,MN0801,2025-02-12,2025-04-14,45,8,14,23,,,,,15,,30,,,,,,,,40.771378,-73.953405,New Construction,108,1014520027,1000000
6873,Miramar aka West 206th Street Apartments,Tenant Selection,Rental,MN,10034,407 WEST 206 STREET,MN1203,2025-04-02,2025-06-02,191,19,112,56,4,,,74,117,,,,5,2,20,5,,,40.863178,-73.917911,New Construction,112,1022030009,1091692
6873,Miramar aka West 206th Street Apartments,Tenant Selection,Rental,MN,10034,405 WEST 206 STREET,MN1203,2025-04-02,2025-06-02,90,11,53,24,2,,,34,56,,,,5,2,20,5,,,40.863167,-73.917886,New Construction,112,1022030021,1091691
7416,Morningside ANCP,Tenant Selection,Owner,MN,10026,321 WEST  116 STREET,MN1001,2026-02-12,2026-04-13,9,,,1,8,,,,9,,,,,,,,,,40.804698,-73.956004,Preservation,110,1019430018,1059012
7416,Morningside ANCP,Tenant Selection,Owner,MN,10026,357 WEST 115 STREET,MN1001,2026-02-12,2026-04-13,10,,,6,4,,,,10,,,,,,,,,,40.804481,-73.957623,Preservation,110,1018490027,1055870
4646,NME 3 Coops,Tenant Selection,Owner,MN,10039,304 W 150th St,MN1002,2024-04-19,2024-06-18,31,1,10,8,12,,,,,13,18,,5,2,50,5,,,40.826069,-73.939785,New Construction,110,1020450098,1000000
4646,NME 3 Coops,Tenant Selection,Owner,MN,10030,207 W 140th St,MN1002,2024-04-19,2024-06-18,21,,10,11,,,,,,10,11,,5,2,50,5,,,40.818736,-73.941995,New Construction,110,1020260024,1000000
5482,NORTH COVE APARTMENTS,Tenant Selection,Rental,MN,10034,375 WEST  207 STREET,MN1203,2024-12-11,2025-02-11,484,118,224,142,,,61,122,152,149,,,5,2,20,5,,,40.863599,-73.916537,Preservation,112,1021880001,1089192
7540,One Waterline Square - Waiting List,Tenant Selection,Rental,MN,10019,675 WEST   59 STREET,MN0701,2026-05-20,2026-06-11,64,11,10,41,2,,,,64,,,,,,,,,,40.772537,-73.992613,Preservation,107,1011717512,1089741
2943,Park 79 Apartments,Tenant Selection,Rental,MN,10024,117 WEST 79 STREET,MN0702,2022-06-03,2022-08-05,53,53,,,,,,53,,,,,5,2,,,,100,40.782276,-73.976229,New Construction,107,1012100026,1031763
7479,Park Towers HDFC,Tenant Selection,Owner,MN,10031,644 RIVERSIDE DRIVE,MN0903,2026-03-26,2026-05-26,24,,9,9,2,4,,,,24,,,5,2,20,10,,,40.82512,-73.953892,Preservation,109,1020880114,1062334
5392,Ray Harlem,Tenant Selection,Rental,MN,10035,2035 5th Ave,MN1102,2024-12-02,2025-02-03,58,24,27,7,,,,23,23,,12,,5,2,20,5,,,40.806868,-73.941922,New Construction,111,1017500001,1000000
7417,Renaissance HDFC - Waitlist,Tenant Selection,Owner,MN,10026,120 LENOX AVENUE,MN1001,2026-03-04,2026-04-03,240,,9,142,89,,,,,,180,60,,,,,,,40.802162,-73.949569,Preservation,110,1016007501,1085936
3620,Riverton Square -- Waiting List,Tenant Selection,Rental,MN,10037,2171 Madison Ave,MN1102,2023-08-10,2023-10-12,14,,9,5,,,,,,,14,,,,,,,,40.812628,-73.935613,Preservation,111,1017600101,1082614
3620,Riverton Square -- Waiting List,Tenant Selection,Rental,MN,10037,2225 5 AVENUE,MN1102,2023-08-10,2023-10-12,6,,3,3,,,,,,,6,,,,,,,,40.813058,-73.937387,Preservation,111,1017600001,1081109
3620,Riverton Square -- Waiting List,Tenant Selection,Rental,MN,10037,45 EAST  135 STREET,MN1102,2023-08-10,2023-10-12,12,,5,7,,,,,,,12,,,,,,,,40.811838,-73.935437,Preservation,111,1017600101,1082615
3620,Riverton Square -- Waiting List,Tenant Selection,Rental,MN,10037,10 EAST  138 STREET,MN1102,2023-08-10,2023-10-12,5,,4,1,,,,,,,5,,,,,,,,40.814275,-73.935337,Preservation,111,1017600001,1081107
3620,Riverton Square -- Waiting List,Tenant Selection,Rental,MN,10037,2190 MADISON AVENUE,MN1102,2023-08-10,2023-10-12,17,,7,10,,,,,,,17,,,,,,,,40.813243,-73.935439,Preservation,111,1017600001,1081106
3620,Riverton Square -- Waiting List,Tenant Selection,Rental,MN,10037,2156 MADISON AVENUE,MN1102,2023-08-10,2023-10-12,4,,1,3,,,,,,,4,,,,,,,,40.812626,-73.935884,Preservation,111,1017600001,1081105
3620,Riverton Square -- Waiting List,Tenant Selection,Rental,MN,10037,2255 FIFTH AVENUE,MN1102,2023-08-10,2023-10-12,13,,10,3,,,,,,,13,,,,,,,,40.81413,-73.936609,Preservation,111,1017600001,1081108
5050,Riverton Square Waiting List,Tenant Selection,Rental,MN,10037,2156 MADISON AVENUE,MN1102,2024-11-04,2024-12-06,53,,17,36,,,,,53,,,,,,,,,,40.812626,-73.935884,Preservation,111,1017600001,1081105
7298,The Andrea,Tenant Selection,Rental,MN,10001,280 8th Ave,MN0401,2025-11-13,2026-01-13,28,11,12,5,,,,11,11,,6,,,,,,,,40.746043,-73.997928,New Construction,104,1007740001,1000000
3762,The Biltmore,Tenant Selection,Rental,MN,10036,271 WEST 47 STREET,MN0502,2023-07-03,2023-09-01,24,24,,,,,,,,,24,,,,,,,,40.760048,-73.986608,New Construction,105,1010190001,1086225
7239,The Chelsea ANCP Cooperatives,Tenant Selection,Owner,MN,10011,170 W 22nd St,MN0401,2025-11-26,2026-01-28,21,9,10,2,,,,,,21,,,5,2,,,,,40.743004,-73.995143,New Construction,104,1007970080,1000000
7322,The Danby,Tenant Selection,Rental,MN,10463,170 W 225th St,BX0802,2026-01-08,2026-03-16,35,,30,5,,,,,,,35,,,,,,,,40.876538,-73.912814,New Construction,208,1022150065,1000000
7286,The East,Tenant Selection,Rental,MN,10009,644 EAST 14 STREET,MN0303,2025-10-16,2025-12-16,60,23,24,13,,,,,20,,40,,,,,,25,,40.728628,-73.976126,New Construction,103,1003960029,1004945
7301,The Franklin Apartments,Tenant Selection,Rental,MN,10027,280 W 132nd St,MN1002,2025-12-31,2026-02-05,16,,9,7,,,,,,,16,,,,,,,,40.814248,-73.94718,New Construction,110,,
6842,The Houston aka 280 East Houston Street,Tenant Selection,Rental,MN,10002,280 EAST HOUSTON STREET,MN0303,2025-03-26,2025-05-27,40,18,14,8,,,,16,16,,8,,5,2,20,5,,,40.721627,-73.984307,New Construction,103,1003977503,1004960
7372,The Lotus,Tenant Selection,Rental,MN,10016,255 E 39th St,MN0603,2026-01-26,2026-03-30,48,2,39,7,,,,,16,,32,,5,2,20,10,,,40.748247,-73.974347,New Construction,106,,
4505,The MiMa - Waiting List,Tenant Selection,Rental,MN,10036,450 WEST 42 STREET,MN0402,2024-02-29,2024-04-01,161,86,52,23,,,,140,21,,,,,,,,,,40.759184,-73.994448,New Construction,104,1010517502,1088437
5420,The Park Overture aka 4568 Broadway Apartments,Tenant Selection,Rental,MN,10040,4586 BROADWAY,MN1202,2024-12-04,2025-02-03,28,,21,7,,,,,,,28,,,,,,,,40.860233,-73.930947,New Construction,112,1021720004,1064136
5527,The Smile - Waiting List,Tenant Selection,Rental,MN,10035,158 EAST  126 STREET,MN1102,2025-01-28,2025-02-28,70,21,42,7,,,,,47,,23,,,,,,,,40.804778999999996,-73.936315,Preservation,111,1017747501,1090966
7369,The Sophia Apartments,Tenant Selection,Rental,MN,10034,5055 BROADWAY,MN1203,2026-01-05,2026-01-27,13,,10,3,,,,6,6,,1,,5,2,20,10,,,40.870136,-73.915516,New Construction,112,1022430255,1090922
2322,The Victoria Tower Residences,Tenant Selection,Rental,MN,10027,230 WEST 126 STREET,MN1001,2021-11-08,2022-01-10,102,10,41,51,,,,42,22,,38,,5,2,,,,,40.810094,-73.948931,New Construction,110,1019317501,1058657
5402,The Westport Apartments,Tenant Selection,Rental,MN,10019,500 WEST 56 STREET,MN0402,2024-11-25,2024-12-16,19,8,10,1,,,,,,,19,,,,,,,,40.768483,-73.989177,New Construction,104,1010840025,1087635
5339,Tryon North,Tenant Selection,Rental,MN,10034,4778 Broadway,MN1203,2024-12-02,2025-02-03,23,5,10,8,,,,9,9,3,2,,5,2,20,5,,,40.865818,-73.926444,New Construction,112,0000000000,1091659
3532,Turin HDFC Waiting List,Tenant Selection,Owner,MN,10024,609 COLUMBUS AVENUE,MN0702,2023-09-01,2023-10-02,188,9,45,89,36,9,,,,,188,,,,,,,,40.788758,-73.970503,Preservation,107,1012030001,1031543
7537,Two Waterline Square at 400 West 61st Street - Waiting List,Tenant Selection,Rental,MN,10001,400 WEST 31 STREET,MN0401,2026-05-18,2026-06-09,156,33,31,92,,,,,156,,,,5,2,,,,,40.751488,-73.997708,New Construction,104,1007287501,1012833
5182,VICTORY PLAZA Senior - Waiting List,Tenant Selection,Rental,MN,10026,11 WEST  118 STREET,MN1001,2024-08-21,2024-09-19,79,78,1,,,,,79,,,,,5,2,,,,100,40.802418,-73.946542,Preservation,110,1017170028,1090710
3986,Virginia House Senior Residences,Tenant Selection,Rental,MN,10029,124 EAST 112 STREET,MN1101,2023-09-15,2023-10-19,33,32,1,,,,,33,,,,,5,2,,,,100,40.79631,-73.944059,New Construction,111,1016390062,1052223
1833,Washington Heights HDFC,Tenant Selection,Owner,MN,10032,518 WEST 161 STREET,MN1201,2020-12-10,2021-02-11,9,,1,6,2,,,,,9,,,5,2,,,,,40.835673,-73.940983,Preservation,112,1021190028,1062835
1833,Washington Heights HDFC,Tenant Selection,Owner,MN,10032,544 WEST 163 STREET,MN1201,2020-12-10,2021-02-11,9,,1,4,4,,,,,9,,,5,2,,,,,40.837265,-73.940884,Preservation,112,1021220142,1062944
3255,Waterside Plaza Waiting List,Tenant Selection,Rental,MN,10010,40 Waterside Plaza,MN0603,2022-12-13,2023-02-09,3,,1,2,,,,,,,3,,,,,,,,40.737742,-73.973799,New Construction,106,1009910060,1083712
3255,Waterside Plaza Waiting List,Tenant Selection,Rental,MN,10010,10 Waterside Plaza,MN0603,2022-12-13,2023-02-09,9,,4,4,1,,,,,,9,,,,,,,,40.737152,-73.974246,New Construction,106,1009910060,1083706
3255,Waterside Plaza Waiting List,Tenant Selection,Rental,MN,10010,20 Waterside Plaza,MN0603,2022-12-13,2023-02-09,3,1,2,,,,,,,,3,,,,,,,,40.737259,-73.97416,New Construction,106,1009910060,1083709
3255,Waterside Plaza Waiting List,Tenant Selection,Rental,MN,10010,25 Waterside Plaza,MN0603,2022-12-13,2023-02-09,2,,,2,,,,,,,2,,,,,,,,40.737369,-73.974077,New Construction,106,1009910060,1083708
3255,Waterside Plaza Waiting List,Tenant Selection,Rental,MN,10010,30 Waterside Plaza,MN0603,2022-12-13,2023-02-09,9,2,5,1,1,,,,,,9,,,,,,,,40.737655,-73.973867,New Construction,106,1009910060,1083710
1860,West 129th Street Co-ops - Units Still Available,Tenant Selection,Owner,MN,10027,53 WEST 129 STREET,MN1002,2021-02-12,2021-03-15,1,,,,1,,,,,1,,,,,,,,,40.809778,-73.942317,Preservation,110,1017270010,1053719
1860,West 129th Street Co-ops - Units Still Available,Tenant Selection,Owner,MN,10027,39 WEST 129 STREET,MN1002,2021-02-12,2021-03-15,3,,,,2,1,,,,3,,,,,,,,,40.809665,-73.942057,Preservation,110,1017270016,1053722
1860,West 129th Street Co-ops - Units Still Available,Tenant Selection,Owner,MN,10027,31 WEST 129 STREET,MN1002,2021-02-12,2021-03-15,0,,,,,,,,,,,,,,,,,,40.809604,-73.941909,Preservation,110,1017270020,1053724
3713,West 54th Apartments,Tenant Selection,Rental,MN,10019,505 WEST 54 STREET,MN0402,2023-05-26,2023-06-16,12,2,9,1,,,,,,,12,,,,,,,,40.767325,-73.990267,New Construction,104,1010830029,1087122
4174,1 Boerum Place - Waiting List,Tenant Selection,Rental,BK,11201,1 BOERUM PLACE,BK0202,2023-10-30,2023-12-04,42,10,11,21,,,,,,,42,,,,,,,,40.69202,-73.989041,New Construction,302,3001530003,3000417
4592,1 Park Point,Tenant Selection,Rental,BK,11218,11 Ocean Pkwy,BK0701,2024-04-04,2024-06-04,95,,67,28,,,,38,38,19,,,5,2,50,5,,,40.650632,-73.973191,New Construction,307,3053220010,3429422
6813,1 Putnam Avenue Apartments,Tenant Selection,Rental,BK,11238,1 Putnam Ave,BK0204,2025-07-15,2025-08-05,13,,10,3,,,,,8,,5,,5,2,20,5,,,40.682649,-73.962135,New Construction,302,3019810001,3000000
7084,100 South 9th Street Apartments,Tenant Selection,Rental,BK,11249,100 SOUTH 9 STREET,BK0102,2025-05-15,2025-06-06,15,3,4,8,,,,,,,15,,,,,,,,40.708799,-73.964962,New Construction,301,3021460015,3379696
7520,100 South 9th Street Apartments - Units still Available,Tenant Selection,Rental,BK,11249,100 SOUTH 9 STREET,BK0102,2026-04-20,2026-05-20,6,,,6,,,,,,,6,,,,,,,,40.708799,-73.964962,New Construction,301,3021460015,3379696
4304,1000 Lorimer Street Apartments,Tenant Selection,Rental,BK,11222,1000 LORIMER STREET,BK0101,2023-12-01,2023-12-29,15,3,4,8,,,,,,,15,,,,,,,,40.725771,-73.952939,New Construction,301,3026197501,3065591
4664,1010 Bedford Avenue & 263 Skillman Street - Units Still Available,Tenant Selection,Rental,BK,11205,1010 BEDFORD AVENUE,BK0301,2024-04-03,2024-04-24,7,,,,7,,,,,,7,,,,,,,,40.690439,-73.95533,New Construction,303,3019420012,3055424
3150,1010 Bedford Avenue & 263 Skillman Street Apartments,Tenant Selection,Rental,BK,11205,1010 BEDFORD AVENUE,BK0301,2022-09-13,2022-11-07,16,,4,,12,,,,,,16,,,,,,,,40.690439,-73.95533,New Construction,303,3019420012,3055424
4776,1020 Rogers Avenue Apartments,Tenant Selection,Rental,BK,11226,1020 Rogers Ave,BK1701,2024-06-11,2024-08-12,23,3,9,11,,,,,,,23,,,,,,,,40.645445,-73.951918,New Construction,317,3051370025,3000000
5512,1024 Manhattan Avenue Apartments,Tenant Selection,Rental,BK,11222,1024 Manhattan Ave,BK0101,2024-12-24,2025-01-15,10,1,4,5,,,,,,,10,,,,,,,,40.733938,-73.954864,New Construction,301,3025130002,3427465
7454,104 Frost Street - Units Still Available,Tenant Selection,Rental,BK,11211,104 Frost St,BK0104,2026-03-02,2026-04-01,5,,5,,,,,,,,5,,,,,,,,40.717858,-73.947187,New Construction,301,3027380013,3000000
4295,1042 President Street,Tenant Selection,Rental,BK,11225,1042 President St,BK0901,2023-12-05,2023-12-26,18,4,7,7,,,,,18,,,,5,2,50,5,,100,40.668572,-73.95701,New Construction,309,3012800029,3428914
7483,105 Hawthorne Street Apartments,Tenant Selection,Rental,BK,11225,105 Hawthorne St,BK0902,2026-03-31,2026-04-21,3,3,,,,,,,3,,,,,,,,,,40.65742,-73.957251,New Construction,309,3050420067,3115524
5335,105 Rogers Avenue Apartments,Tenant Selection,Rental,BK,11216,105 Rogers Ave,BK0802,2024-11-06,2024-11-29,4,,2,2,,,,,,,4,,,,,,,,40.674019,-73.952882,New Construction,308,3012330007,3000000
7252,1054 41st Street Apartments,Tenant Selection,Rental,BK,11219,1054 41st St,BK1201,2025-11-17,2025-12-09,9,,4,5,,,,,,,9,,,,,,,,40.642801,-73.992934,New Construction,312,3055910027,3000000
7318,107 South 3rd Street Apartments,Tenant Selection,Rental,BK,11249,107 S 3rd St,BK0102,2025-11-06,2025-12-12,4,,4,,,,,,,,4,,,,,,,,40.712823,-73.963337,New Construction,301,3024170037,3000000
7401,107 South 6th Street Apartments,Tenant Selection,Rental,BK,11249,107 SOUTH 6 STREET,BK0102,2025-12-23,2026-01-22,8,3,3,2,,,,2,3,3,,,,,,,,,40.710734,-73.964554,New Construction,301,3024560034,3339457
7326,11 Gerry Street Apartments,Tenant Selection,Rental,BK,11206,11 GERRY STREET,BK0103,2025-12-31,2026-03-04,120,,40,40,16,24,,53,52,15,,,5,2,20,10,,,40.700235,-73.949394,New Construction,301,3022657501,3000000
2476,110 East 53rd Street Apartments,Tenant Selection,Rental,BK,11203,110 E 53rd St,BK1703,2021-11-29,2022-01-03,3,1,2,,,,,,,,3,,,,,,,,40.657584,-73.928086,New Construction,317,3046220022,3428571
3192,110 Thatford Avenue Apartments,Tenant Selection,Rental,BK,11212,110 THATFORD AVENUE,BK1602,2022-10-04,2022-11-21,7,,3,3,1,,,,,,7,,,,,,,,40.669102,-73.909628,New Construction,316,3035227501,3425917
6932,111 Willoughby Street Apartments,Tenant Selection,Rental,BK,11201,111 Willoughby St,BK0202,2025-04-24,2025-06-25,69,29,30,10,,,,,,,69,,,,,,,,40.69214,-73.984628,New Construction,302,3020580047,3000000
7155,12 Rockwell Place & 625 Fulton Street Apartments,Tenant Selection,Rental,BK,11201,12 Rockwell Pl,BK0203,2025-07-16,2025-09-15,52,13,13,26,,,,,52,,,,5,2,20,5,,,40.689427,-73.979461,New Construction,302,3020940001,3000000
7155,12 Rockwell Place & 625 Fulton Street Apartments,Tenant Selection,Rental,BK,11201,625 Fulton St,BK0203,2025-07-16,2025-09-15,279,80,130,69,,,,,,,279,,5,2,20,5,,,40.688566,-73.980045,New Construction,302,3020940001,3000000
7128,1215 Fulton Street aka 12 Halsey Street Apartments,Tenant Selection,Rental,BK,11216,1215 Fulton St,BK0301,2025-06-30,2025-09-01,72,20,36,16,,,,,,,72,,,,,,,,40.680609,-73.952845,New Construction,303,3018420015,3000000
5593,122 Huron Street Apartments,Tenant Selection,Rental,BK,11222,122 HURON STREET,BK0101,2024-12-16,2025-01-08,3,,1,2,,,,,,,3,,,,,,,,40.732846,-73.9566,New Construction,301,3025320021,3064267
2758,1224 39th STREET APARTMENTS,Tenant Selection,Rental,BK,11218,1224 39 STREET,BK1202,2022-05-10,2022-06-01,4,,2,2,,,,,,,4,,,,,,,,40.641521,-73.987792,New Construction,312,3052930013,3123064
1976,1250 New York Avenue Apartments - Units Still Available,Tenant Selection,Rental,BK,11203,1250 New York Ave,BK1702,2021-04-23,2021-06-10,3,,1,2,,,,,,,3,,,,,,,,40.64242,-73.945773,New Construction,317,3049490025,3426663
7480,1259 St Marks Avenue Apartments,Tenant Selection,Rental,BK,11213,1259 St Marks Ave,BK0802,2026-03-12,2026-04-13,5,1,1,3,,,,,5,,,,,,,,,,40.673972,-73.92722499999999,New Construction,308,3013560075,3035936
5561,129 3rd Street Apartments,Tenant Selection,Rental,BK,11231,129 3rd St.,BK0601,2025-03-05,2025-05-05,33,,21,12,,,,13,17,,3,,5,2,20,5,,,40.676765,-73.991477,New Construction,306,3004620006,3429971
6919,1305 Newkirk Avenue AKA 585 Argyle Road,Tenant Selection,Rental,BK,11230,585 Argyle Rd,BK1402,2025-03-31,2025-04-21,9,,1,8,,,,,6,,3,,5,2,20,5,,,40.635069,-73.965145,New Construction,314,3051990037,3000000
4593,1308 - 1314 Lincoln Place Apartments,Tenant Selection,Rental,BK,11213,1308 Lincoln Pl,BK0802,2024-08-07,2024-09-26,8,,8,,,,,,,,8,,,,,,,,40.66984,-73.933004,New Construction,308,3013900015,3418116
6837,132 & 134 Waverly Avenue Apartments,Tenant Selection,Rental,BK,11205,132 Waverly Ave,BK0204,2025-04-03,2025-04-25,3,,1,2,,,,,,,3,,,,,,,,40.694011,-73.96801,New Construction,302,3018880088,3429253
6837,132 & 134 Waverly Avenue Apartments,Tenant Selection,Rental,BK,11205,134 Waverly Ave,BK0204,2025-04-03,2025-04-25,2,,1,,1,,,,,,2,,,,,,,,40.693973,-73.968003,New Construction,302,3018880100,3429268
7384,133 Carlton Avenue Apartments,Tenant Selection,Rental,BK,11205,133 Carlton Ave,BK0203,2025-12-30,2026-01-21,2,,2,,,,,,2,,,,,,,,,,40.693735,-73.973019,New Construction,302,3020440003,3000000
7273,134 Erasmus Street Apartments,Tenant Selection,Rental,BK,11226,134 Erasmus St,BK1701,2025-09-29,2025-10-21,9,,5,4,,,,,,,9,,,,,,,,40.649718,-73.951018,New Construction,317,3051080021,3117318
5488,142 Huron Street Apartments,Tenant Selection,Rental,BK,11222,142 HURON STREET,BK0101,2024-12-10,2025-01-02,7,1,4,2,,,,,,,7,,,,,,,,40.732903,-73.956001,New Construction,301,3025320031,3428967
3869,1430 Fulton Street,Tenant Selection,Rental,BK,11216,1430 Fulton St,BK0302,2023-08-03,2023-10-31,40,15,18,6,1,,,,,,40,,,,,,,,40.680059,-73.943583,New Construction,303,3018630010,3426389
7382,1451 Sutter Avenue Apartments,Tenant Selection,Rental,BK,11208,1451 Sutter Ave,BK0505,2025-12-09,2026-01-02,17,7,3,7,,,,,17,,,,,,,,,,40.673907,-73.864238,New Construction,305,3042570040,3000000
7062,150 Lawrence Street Apartmens,Tenant Selection,Rental,BK,11201,150 Lawrence St,BK0202,2025-06-23,2025-08-25,20,5,5,10,,,,,20,,,,,,,,,,40.691825,-73.986301,New Construction,302,3001510037,3000000
5506,150 Noll Street Apartments,Tenant Selection,Rental,BK,11206,150 NOLL STREET,BK0401,2024-12-12,2025-02-13,25,,20,4,1,,,,,,25,,,,,,,,40.702916,-73.931128,New Construction,304,3031540026,3387637
3811,1502 46th Street Apartments,Tenant Selection,Rental,BK,11219,1502 46 STREET,BK1202,2023-06-14,2023-07-13,5,,,2,3,,,,,,5,,,,,,,,40.633825,-73.98561,New Construction,312,3054367508,3128573
4727,1510 BROADWAY APARTMENTS,Tenant Selection,Rental,BK,11221,1510 BROADWAY,BK1601,2024-05-20,2024-07-18,90,7,38,34,11,,10,27,53,,,,5,2,20,5,,,40.686811,-73.917364,New Construction,316,3014897501,3039905
2362,1510 Gates Avenue Apartments,Tenant Selection,Rental,BK,11237,1510 Gates Ave,BK0402,2021-10-01,2021-12-01,21,5,5,11,,,,,,,21,,,,,,,,40.698677,-73.913036,New Construction,304,3033457502,3428906
7154,153 East 51st Street Apartments,Tenant Selection,Rental,BK,11203,153 EAST 51 STREET,BK1703,2025-07-24,2025-08-15,3,,,3,,,,,,,3,,,,,,,,40.658708,-73.9301,New Construction,317,3046050045,3099687
3149,153 Erasmus Street Apartments,Tenant Selection,Rental,BK,11226,153 ERASMUS STREET,BK1701,2022-09-23,2022-10-31,7,2,5,,,,,,,,7,,,,,,,,40.649751,-73.950524,New Construction,317,3051050053,3428869
4431,1541 New York Avenue,Tenant Selection,Rental,BK,11210,1541 NEW YORK AVENUE,BK1702,2024-01-24,2024-02-26,3,,,3,,,,,,,3,,,,,,,,40.635204,-73.944979,New Construction,317,3050080021,3114069
2295,1543 East 19th Street - Waiting List,Tenant Selection,Rental,BK,11230,1543 E 19th St,BK1403,2021-08-03,2021-09-02,15,,7,8,,,,,,,15,,,,,,,,40.612374,-73.955083,New Construction,314,3067660086,3397461
7242,1584 Fulton Street Apartments,Tenant Selection,Rental,BK,11213,1584 FULTON STREET,BK0302,2025-09-16,2025-10-07,11,,10,1,,,,,,,11,,,,,,,,40.679732,-73.937552,New Construction,303,3016990019,3047958
7226,1601 DeKalb,Tenant Selection,Rental,BK,11237,1601 DEKALB AVENUE,BK0401,2025-09-05,2025-11-05,81,33,24,6,18,,,15,20,46,,,5,2,20,5,,,40.703756,-73.919792,New Construction,304,3032370023,3428633
5760,1644 New York Avenue Apartments,Tenant Selection,Rental,BK,11210,1644 New York Ave,BK1702,2025-02-27,2025-03-20,11,3,5,3,,,,,,,11,,,,,,,,40.632723,-73.944733,New Construction,317,3075600067,3000000
7285,1652 East 14th Street Apartments,Tenant Selection,Rental,BK,11229,1652 EAST 14 STREET,BK1501,2025-11-03,2025-11-26,6,,6,,,,,,,,6,,,,,,,,40.609195,-73.959324,New Construction,315,3067767501,3000000
7150,1663 East New York Avenue Apartments,Tenant Selection,Rental,BK,11212,1663 E New York Ave,BK1601,2025-08-27,2025-09-17,11,4,,,7,,,4,7,,,,5,2,20,5,,,40.674106,-73.906694,New Construction,316,3014500036,3000000
2040,168 Force Tube Avenue Apartments,Tenant Selection,Rental,BK,11208,168 FORCE TUBE AVENUE,BK0501,2022-10-21,2022-11-14,8,,3,4,1,,,,,,8,,,,,,,,40.682981,-73.878923,New Construction,305,3041240018,3319710
4322,1707 Dean Street Apartments,Tenant Selection,Rental,BK,11213,1707 Dean St,BK0802,2024-01-12,2024-02-02,4,,4,,,,,,,,4,,,,,,,,40.67588,-73.931452,New Construction,308,3013420065,3324589
5698,1730 Bedford Avenue Apartments,Tenant Selection,Rental,BK,11225,1730 Bedford Ave,BK0902,2025-02-27,2025-03-20,18,,13,5,,,,,,,18,,,,,,,,40.664186,-73.95729,New Construction,309,3013060049,3430013
7466,1730 Bedford Avenue Apartments - Units Still Available,Tenant Selection,Rental,BK,11225,1730 BEDFORD AVENUE,BK0902,2026-02-18,2026-03-11,11,,10,1,,,,,,,11,,,,,,,,40.664186,-73.95729,New Construction,309,3013060049,3430013
3982,1775 Coney Island Avenue Apartments,Tenant Selection,Rental,BK,11230,1775 Coney Island Ave,BK1403,2023-09-13,2023-11-15,23,3,10,8,2,,,,,,23,,,,,,,,40.614035,-73.963128,New Construction,314,3067490078,3429339
5699,18 India Street Apartments,Tenant Selection,Rental,BK,11222,18 India St,BK0101,2025-01-27,2025-03-28,251,65,145,41,,,,,84,,167,,5,2,20,5,,,40.731774,-73.9604,New Construction,301,3025380001,3000000
1996,1825 Eastern Parkway,Tenant Selection,Rental,BK,11233,1825 EASTERN PARKWAY,BK1601,2021-02-11,2021-03-05,3,1,1,1,,,,,,,3,,,,,,,,40.674997,-73.908719,New Construction,316,3014420037,3426987
2104,188 Humboldt Street - Units Still Available,Tenant Selection,Rental,BK,11206,188 Humboldt St,BK0104,2021-04-06,2021-05-06,4,1,,3,,,,,,,4,,,,,,,,40.70776,-73.941551,New Construction,301,3030547504,3426421
5340,1889 Atlantic Avenue Apartments,Tenant Selection,Rental,BK,11233,1889 Atlantic Ave,BK0302,2024-11-19,2025-01-22,27,6,7,14,,,,,16,,11,,5,2,20,5,,,40.676975,-73.922355,New Construction,303,3017140030,3000000
7132,19 Rockwell Place Apartments,Tenant Selection,Rental,BK,11217,19 ROCKWELL PLACE,BK0203,2025-07-23,2025-10-01,53,10,32,11,,,,,6,,47,,5,2,20,5,,,40.689285,-73.979418,New Construction,302,3020950010,3430082
2966,1915 Beverly Road Apartments,Tenant Selection,Rental,BK,11226,1915 Beverley Rd,BK1401,2022-06-13,2022-07-06,6,2,2,2,,,,,,,6,,,,,,,,40.644765,-73.960913,New Construction,314,3051230039,3426058
7336,196 South 3rd Street Apartments,Tenant Selection,Rental,BK,11211,196 SOUTH 3 STREET,BK0102,2025-12-03,2026-02-09,9,,4,5,,,,,,,9,,,,,,,,40.711611,-73.96007,New Construction,301,3024320015,3399969
7094,196 Willoughby Street - Waiting List,Tenant Selection,Rental,BK,11201,196 WILLOUGHBY STREET,BK0203,2025-09-25,2025-10-27,143,45,71,27,,,,,,,143,,,,,,,,40.69195,-73.97996499999999,Preservation,302,3020857502,3426373
7170,202 Tillary Street Apartments,Tenant Selection,Rental,BK,11201,202 Tillary St,BK0202,2025-08-11,2025-10-10,120,39,66,15,,,,48,48,24,,,5,2,20,5,21,,40.695853,-73.981922,New Construction,302,3020500100,3000000
7206,2033 East 17th Street Apartments,Tenant Selection,Rental,BK,11229,2033 EAST 17 STREET,BK1502,2025-09-02,2025-09-24,2,,,2,,,,,,,2,,,,,,,,40.600443,-73.954771,New Construction,315,3073220067,3198213
7194,204 Schenck Avenue Apartments,Tenant Selection,Rental,BK,11207,204 SCHENCK AVENUE,BK0502,2025-10-09,2025-10-31,2,,1,1,,,,,2,,,,,,,,,,40.676091,-73.889314,New Construction,305,3039630021,3328369
2187,209 211 213 Troy Avenue - Units Still Available,Tenant Selection,Rental,BK,11213,209 TROY AVENUE,BK0802,2021-06-01,2021-07-15,3,,,3,,,,,,,3,,,,,,,,40.672301,-73.936358,New Construction,308,3013710007,3036409
7149,21 East 29th Street Apartments,Tenant Selection,Rental,BK,11226,21 EAST 29 STREET,BK1701,2025-06-26,2025-08-25,29,,21,6,2,,,,,,29,,,,,,,,40.647736,-73.950209,New Construction,317,3051310001,3425389
7188,211 Nostrand Avenue Apartments,Tenant Selection,Rental,BK,11205,211 NOSTRAND AVENUE,BK0301,2025-07-21,2025-09-03,9,,,,,9,,,,,9,,,,,,,,40.691821,-73.951842,New Construction,303,3017740005,3338634
7077,217 Eckford Street Apartments,Tenant Selection,Rental,BK,11222,217 Eckford St,BK0101,2025-05-19,2025-06-10,5,1,4,,,,,,,,5,,,,,,,,40.726761,-73.950474,Preservation,301,3026210020,3000000
5180,218  Front  Street  Apartments,Tenant Selection,Rental,BK,11201,218 Front St,BK0202,2024-08-29,2024-11-12,66,16,17,33,,,,,,,66,,,,,,,,40.702309,-73.983698,New Construction,302,3000550020,3430022
4053,219 Lenox Road Apartments,Tenant Selection,Rental,BK,11226,219 LENOX ROAD,BK1701,2023-10-05,2023-11-02,15,4,11,,,,,,,,15,,,,,,,,40.654036,-73.951959,New Construction,317,3050660091,3429008
7493,22 Frost Street Apartments - Units Still Avaliable,Tenant Selection,Rental,BK,11211,22 Frost St,BK0102,2026-03-16,2026-04-30,2,2,,,,,,,,,2,,,,,,,,40.717468,-73.951185,New Construction,301,3027360014,3000000
5260,2232 Kimball Street - Units Still Available,Tenant Selection,Rental,BK,11234,2232 KIMBALL STREET,BK1802,2024-10-02,2024-10-23,2,,,2,,,,,,,2,,,,,,,,40.607722,-73.924146,New Construction,318,3085560055,3242302
7302,227 Clarkson Avenue Apartments,Tenant Selection,Rental,BK,11226,227 CLARKSON AVENUE,BK1701,2025-11-26,2025-12-18,4,,4,,,,,,,,4,,,,,,,,40.655313,-73.952056,New Construction,309,3050570086,3427202
3007,227 West Street & 27 Eagle Street,Tenant Selection,Rental,BK,11222,227 West St,BK0101,2022-07-11,2022-09-19,116,32,58,26,,,,,,,116,,5,2,50,5,,,40.735084,-73.960128,New Construction,301,3024720021,3428862
3007,227 West Street & 27 Eagle Street,Tenant Selection,Rental,BK,11222,1 EAGLE STREET,BK0101,2022-07-11,2022-09-19,108,23,31,48,6,,,,76,,32,,5,2,50,5,,,40.73458,-73.961023,New Construction,301,3024720021,3426510
4043,23-27 Eldert Street Apartments,Tenant Selection,Rental,BK,11207,27 Eldert St,BK0402,2023-09-13,2023-10-04,3,,1,2,,,,,,,3,,,,,,,,40.685928,-73.913864,New Construction,304,3034080053,3427355
4043,23-27 Eldert Street Apartments,Tenant Selection,Rental,BK,11207,23 ELDERT STREET,BK0402,2023-09-13,2023-10-04,3,,1,2,,,,,,,3,,,,,,,,40.685854,-73.913939,New Construction,304,3034080055,3256503
5343,2339 Nostrand Avenue Apartments,Tenant Selection,Rental,BK,11210,2339 NOSTRAND AVENUE,BK1801,2024-10-10,2024-11-11,16,,10,6,,,,,,,16,,,,,,,,40.627775,-73.947053,New Construction,318,3075940016,3429878
3177,2339 Stuart St Apartments,Tenant Selection,Rental,BK,11229,2339 Stuart St,BK1503,2022-09-21,2022-10-28,3,,,3,,,,,,,3,,,,,,,,40.599885,-73.931631,New Construction,315,3088240056,3427407
4522,238 EAST 52ND Street,Tenant Selection,Rental,BK,11203,238 E 52nd St,BK1703,2024-02-29,2024-03-22,8,2,6,,,,,,,,8,,,,,,,,40.655073,-73.928795,New Construction,317,3046570011,3000000
7078,239 East 28th Street Apartments,Tenant Selection,Rental,BK,11226,239 EAST 28 STREET,BK1701,2025-05-12,2025-06-03,2,1,1,,,,,,2,,,,,,,,,,40.644042,-73.950752,New Construction,317,3051720051,3429969
7481,2404 Cortelyou Road Apartments,Tenant Selection,Rental,BK,11226,2404 Cortelyou Rd,BK1701,2026-03-19,2026-05-08,8,,6,2,,,,,,,8,,,,,,,,40.644197,-73.954449,New Construction,317,,
4810,2411 64th Street Apartments,Tenant Selection,Rental,BK,11204,2411 64th St,BK1101,2024-06-06,2024-06-28,3,,1,2,,,,,,,3,,,,,,,,40.611511,-73.975926,New Construction,311,3065617501,3429591
7216,2425 Pacific Street Apartments,Tenant Selection,Rental,BK,11233,2425 Pacific St,BK1601,2025-10-28,2025-12-29,93,,34,31,28,,12,25,56,,,,5,2,20,5,,,40.675244,-73.905081,New Construction,316,3014370046,3000000
4460,2537 Ocean Avenue Apartments,Tenant Selection,Rental,BK,11229,2537 OCEAN AVENUE,BK1502,2024-01-26,2024-02-16,3,,3,,,,,,,,3,,,,,,,,40.599901,-73.951494,New Construction,315,3073250052,3198327
3451,260 Gold Street Apartments Waitlist,Tenant Selection,Rental,BK,11201,260 GOLD STREET,BK0202,2023-02-06,2023-03-06,86,14,46,22,4,,,,,,86,,,,,,,,40.696652,-73.983184,New Construction,302,3001210003,3000220
5650,2605 Snyder Avenue Apartments,Tenant Selection,Rental,BK,11226,2605 Snyder Ave,BK1701,2025-02-10,2025-03-03,19,4,5,10,,,,,,,19,,,,,,,,40.648789,-73.952547,New Construction,317,3051070088,3000000
5577,265 Ocean Parkway Apartments,Tenant Selection,Rental,BK,11218,265 OCEAN PARKWAY,BK1203,2025-03-20,2025-04-11,9,1,6,2,,,,,,,9,,,,,,,,40.64282,-73.973991,New Construction,312,3053580091,3125502
5020,2667 Fulton Street  Apartments,Tenant Selection,Rental,BK,11207,2667 FULTON STREET,BK0501,2024-08-22,2024-10-21,28,,12,16,,,,11,11,,6,,5,2,20,5,,,40.677388,-73.896083,New Construction,305,3036610001,3427033
5323,268 Barbey Street Apartments,Tenant Selection,Rental,BK,11207,268 BARBEY STREET,BK0502,2024-11-25,2025-01-24,80,19,42,16,3,,,32,32,13,3,,5,2,20,5,,,40.676365,-73.888452,New Construction,305,3039647501,3428817
7134,2700 Atlantic Avenue Apartments,Tenant Selection,Rental,BK,11207,2700 Atlantic Ave,BK0502,2026-03-26,2026-05-26,52,,33,15,,4,,17,25,10,,,5,2,20,10,,,40.675937,-73.894603,New Construction,305,3036890012,3000000
7115,271 East 28th Street Apartments,Tenant Selection,Rental,BK,11226,271 EAST 28 STREET,BK1701,2025-06-26,2025-07-28,2,,2,,,,,,2,,,,,,,,,,40.643652,-73.950713,New Construction,317,3051720041,3000000
4060,2715 Fulton Street Apartments,Tenant Selection,Rental,BK,11207,2715 Fulton St,BK0501,2023-10-14,2023-11-03,15,,,15,,,,7,5,3,,,5,2,50,5,,,40.67762,-73.894532,New Construction,305,3036620048,3395220
4456,2733 East 27 Street Apartments,Tenant Selection,Rental,BK,11235,2733 EAST 27 STREET,BK1503,2024-01-26,2024-02-19,2,,1,1,,,,,,,2,,,,,,,,40.586406,-73.94211,New Construction,315,3087870101,3247272
2255,2741 Fulton Street - Units Still Available,Tenant Selection,Rental,BK,11207,2741 FULTON STREET,BK0501,2021-07-14,2021-08-13,3,,1,2,,,,,,,3,,,,,,,,40.678008,-73.893425,New Construction,305,3036640052,3083220
4833,2777 Atlantic Avenue Apartments,Tenant Selection,Rental,BK,11207,2777 ATLANTIC AVENUE,BK0502,2024-06-05,2024-06-27,19,6,13,,,,,6,8,,5,,5,2,20,5,,,40.67636,-73.891747,New Construction,305,3039460042,3427362
7232,2795 Fulton Street Apartments,Tenant Selection,Rental,BK,11207,2795 Fulton St,BK0501,2025-09-15,2025-10-06,13,,1,8,4,,,5,8,,,,5,2,20,5,,,40.678086,-73.89137,New Construction,305,3039330055,3000000
7427,28 Spencer Place Apartments,Tenant Selection,Rental,BK,11216,28 Spencer Pl,BK0301,2026-01-26,2026-02-17,5,,3,2,,,,,,,5,,,,,,,,40.681252,-73.954489,New Construction,303,3019990029,3000000
3972,280 Meeker Avenue Apartments,Tenant Selection,Rental,BK,11211,280 Meeker Ave,BK0104,2023-08-25,2023-10-24,21,5,5,11,,,,,,,21,,,,,,,,40.716635,-73.949508,New Construction,301,3027420009,3428916
5602,288 4th Avenue Apartments,Tenant Selection,Rental,BK,11215,288 4th Ave,BK0601,2025-01-22,2025-02-19,18,2,14,2,,,,7,7,2,2,,5,2,20,5,,,40.675477,-73.984458,New Construction,306,3004560034,3000000
7425,2892 Nostrand Ave Apartments,Tenant Selection,Rental,BK,11229,2892 Nostrand Ave,BK1502,2026-03-12,2026-05-12,20,,14,6,,,,8,8,3,1,,5,2,20,10,,,40.613822,-73.944399,New Construction,315,3076900073,3000000
5019,2915 Albemarle Road Apartments,Tenant Selection,Rental,BK,11226,2915 Albemarle Rd,BK1701,2024-07-24,2024-08-14,8,,8,,,,,,,,8,,,,,,,,40.648134,-73.949682,New Construction,317,3051110044,3000000
7335,2922 Fulton Street Apartments,Tenant Selection,Rental,BK,11207,2922 Fulton St,BK0501,2025-11-17,2025-12-09,3,,3,,,,,,,,3,,,,,,,,40.679221,-73.886894,New Construction,305,,
4122,2973 Ocean Parkway Apartments,Tenant Selection,Rental,BK,11235,2973 OCEAN PARKWAY,BK1303,2023-10-20,2023-11-10,3,,2,1,,,,,,,3,,,,,,,,40.578634,-73.967986,New Construction,313,3086610068,3244263
7251,303 Sumpter Street Apartments,Tenant Selection,Rental,BK,11233,303 SUMPTER STREET,BK1601,2025-10-01,2025-10-30,3,,1,2,,,,,,,3,,,,,,,,40.680824,-73.912799,New Construction,316,3015210066,3041354
2296,310 Graham Avenue - Waiting List,Tenant Selection,Rental,BK,11211,310 GRAHAM AVENUE,BK0104,2021-08-02,2021-09-01,8,,2,3,3,,,,,,8,,,,,,,,40.713194,-73.944154,New Construction,301,3027710001,3338163
2243,312 97th Street - Units Still Available,Tenant Selection,Rental,BK,11209,312 97 STREET,BK1001,2021-07-20,2021-08-19,5,,2,3,,,,,,,5,,,,,,,,40.615612,-74.033818,New Construction,310,3061267501,3426884
4737,32-34 PUTNAM CLUSTER PHASE 1 COOP (ANCP),Tenant Selection,Owner,BK,11205,55 CARLTON AVENUE,BK0203,2025-03-06,2025-05-05,4,,,4,,,,,,4,,,5,,,,,,40.6965,-73.973501,New Construction,302,3020310001,3057984
4737,32-34 PUTNAM CLUSTER PHASE 1 COOP (ANCP),Tenant Selection,Owner,BK,11205,550 DEKALB AVENUE,BK0301,2025-03-06,2025-05-05,3,,1,2,,,,,,3,,,5,,,,,,40.690988,-73.954662,New Construction,303,3017780014,3049600
5565,320 Linden Boulevard Apartments,Tenant Selection,Rental,BK,11226,320 LINDEN BOULEVARD,BK1701,2024-12-18,2025-01-31,19,8,11,,,,,,,,19,,,,,,,,40.652744,-73.947686,New Construction,317,3048680043,3108517
6881,321 Franklin Avenue Apartments,Tenant Selection,Rental,BK,11238,321 FRANKLIN AVENUE,BK0301,2025-03-10,2025-03-31,3,,1,2,,,,,,,3,,,,,,,,40.688576,-73.957134,New Construction,303,3019500001,3427383
2268,321 Wythe Avenue - Waiting List,Tenant Selection,Rental,BK,11249,321 WYTHE AVENUE,BK0102,2021-08-20,2021-10-08,39,,17,22,,,,,,,39,,,,,,,,40.71394,-73.965288,New Construction,301,3024160001,3425680
7542,3216 Glenwood Road Apartments,Tenant Selection,Rental,BK,11210,3216 Glenwood Rd,BK1702,2026-05-11,2026-06-02,4,,2,,2,,,,4,,,,,,,,,,40.634126,-73.945604,Preservation,317,3075600045,3000000
7463,325 Bond Street Apartments,Tenant Selection,Rental,BK,11231,325 Bond St,BK0601,2026-04-07,2026-06-08,153,37,78,38,,,,68,54,26,5,,5,2,20,10,,,40.679405,-73.989912,New Construction,306,3004380001,3000000
3816,325 Gates Waiting List,Tenant Selection,Rental,BK,11216,325 GATES AVENUE,BK0301,2023-06-16,2023-07-31,15,5,5,5,,,,,,,15,,,,,,,,40.68586,-73.953782,New Construction,303,3018070001,3050817
3350,325 Lafayette Avenue Apartments - Units Still Available`,Tenant Selection,Rental,BK,11238,325 LAFAYETTE AVENUE,BK0204,2023-02-09,2023-03-15,16,14,2,,,,,,,,16,,,,,,,,40.688594,-73.962568,New Construction,302,3019337501,3055380
2840,33 Bond Street - Wait List,Tenant Selection,Rental,BK,11201,33 BOND STREET,BK0202,2022-05-13,2022-06-13,180,65,65,50,,,,72,72,36,,,5,2,,,,,40.688643,-73.983658,New Construction,302,3001667502,3422112
7250,330 Melrose Street Apartments,Tenant Selection,Rental,BK,11237,330 Melrose Street,BK0401,2025-09-24,2025-10-24,14,14,,,,,,3,6,5,,,,,,,,,40.703337,-73.928372,New Construction,304,3031650017,3072091
3511,333 Linden Boulevard  Apartments,Tenant Selection,Rental,BK,11226,333 Linden Blvd,BK1701,2023-02-27,2023-04-27,13,,6,7,,,,,,,13,,,,,,,,40.65278,-73.947358,New Construction,317,3048530075,3429233
2138,334 Evergreen Avenue Apartment,Tenant Selection,Rental,BK,11221,334 EVERGREEN AVENUE,BK0402,2021-05-07,2021-06-22,3,,1,2,,,,,,,3,,,,,,,,40.694952,-73.925183,New Construction,304,3032640030,3074364
7184,340 & 342  Melrose Street Apartments,Tenant Selection,Rental,BK,11237,340 Melrose St,BK0401,2025-09-11,2025-10-02,3,,3,,,,,,,,3,,,,,,,,40.703485,-73.928228,New Construction,304,3031650021,3000000
7184,340 & 342  Melrose Street Apartments,Tenant Selection,Rental,BK,11237,342 Melrose St,BK0401,2025-09-11,2025-10-02,2,1,1,,,,,,,,2,,,,,,,,40.703512,-73.928199,New Construction,304,3031650022,3000000
5299,344 Lorimer Apartments,Tenant Selection,Rental,BK,11206,344 LORIMER STREET,BK0104,2024-09-05,2024-10-04,3,,,3,,,,,,,3,,,,,,,,40.707201,-73.948235,New Construction,301,3030500004,3071063
7256,3509 & 3511 Farragut Road Apartments,Tenant Selection,Rental,BK,11210,3509 Farragut Rd,BK1702,2025-11-17,2025-12-09,3,1,2,,,,,,,,3,,,,,,,,40.636586,-73.943018,New Construction,317,3049990006,3000000
7256,3509 & 3511 Farragut Road Apartments,Tenant Selection,Rental,BK,11210,3511 Farragut Rd,BK1702,2025-11-17,2025-12-09,3,1,2,,,,,,,,3,,,,,,,,40.636586,-73.943004,New Construction,317,3049990005,3000000
7394,354 East 28th Street Apartments,Tenant Selection,Rental,BK,11226,354 E 28th St,BK1701,2025-12-23,2026-01-22,7,,3,4,,,,,7,,,,,,,,,,40.641896,-73.950545,New Construction,317,3051930028,3119924
7377,36 India Street Apartments,Tenant Selection,Rental,BK,11222,36 INDIA STREET,BK0101,2026-02-03,2026-02-25,16,,12,4,,,,,,,16,,,,,,,,40.731886,-73.959141,New Construction,301,3025390001,3000000
7033,360 Shepherd Avenue Apartments,Tenant Selection,Rental,BK,11208,360 Shepherd Ave,BK0502,2025-06-12,2025-07-03,15,2,5,8,,,,7,5,3,,,5,2,20,5,,,40.675899,-73.881257,New Construction,305,3039880028,3000000
4656,369 Quentin Road Apartments,Tenant Selection,Rental,BK,11223,369 Quentin Rd,BK1501,2024-06-05,2024-06-26,14,,,13,1,,,,14,,,,5,2,20,5,,,40.606723,-73.972197,New Construction,315,3066330045,3430058
2951,378 Weirfield Street Apartments,Tenant Selection,Rental,BK,11237,378 Weirfield St,BK0402,2022-06-27,2022-07-19,12,3,3,6,,,,,,,12,,,,,,,,40.695866,-73.906415,New Construction,304,3034070026,3429032
3203,391 Hooper Street AKA 383 South 1st Street Apartments,Tenant Selection,Rental,BK,11211,383 SOUTH 1 STREET,BK0102,2022-10-03,2022-11-02,3,,,3,,,,,,,3,,,,,,,,40.710406,-73.952135,New Construction,301,3023990019,3335779
7461,3914 15th Avenue Apartments - Units Still Available,Tenant Selection,Rental,BK,11218,3914 15th Ave,BK1202,2026-03-05,2026-04-06,12,,6,6,,,,,,,12,,,,,,,,40.637832,-73.982042,New Construction,312,3053460043,3000000
3694,393 Weirfiled Street Apartments,Tenant Selection,Rental,BK,11237,393 Weirfield St,BK0402,2023-05-31,2023-07-31,20,3,10,7,,,,,,,20,,,,,,,,40.69577,-73.906537,New Construction,304,3034000068,3429207
7443,400 Thatford Avenue Apartments,Tenant Selection,Rental,BK,11212,400 THATFORD AVENUE,BK1602,2026-03-20,2026-04-10,17,17,,,,,,6,8,3,,,5,2,20,10,,,40.660536,-73.907437,New Construction,316,3036030042,3326671
7323,406 Remsen Avenue Apartments,Tenant Selection,Rental,BK,11212,406 Remsen Ave,BK1703,2025-12-17,2026-02-16,31,7,8,16,,,,,26,,5,,5,2,20,10,,83,40.655747,-73.92327,New Construction,317,3046630004,3000000
7054,408 Lefferts Avenue Apartments,Tenant Selection,Rental,BK,11225,408 Lefferts Ave,BK0902,2025-09-24,2025-10-16,18,3,12,3,,,,,,,18,,,,,,,,40.662551,-73.947516,New Construction,309,3013310005,3000000
3598,409 Eastern Parkway- Waiting List,Tenant Selection,Rental,BK,11216,409 EASTERN PARKWAY,BK0802,2023-05-26,2023-06-26,56,9,35,12,,,,,35,21,,,5,2,,,,,40.670103,-73.954748,New Construction,308,3012607501,3425089
4468,413 Throop AVenue Apartments,Tenant Selection,Rental,BK,11221,413 Throop Ave,BK0302,2024-02-09,2024-03-01,2,,1,1,,,,,,,2,,,,,,,,40.688874,-73.942101,New Construction,303,3018010001,3000000
3183,416 and 420 Kent Avenue Waiting List,Tenant Selection,Rental,BK,11249,416 KENT AVENUE,BK0102,2022-10-11,2022-11-14,65,31,18,16,,,,26,26,,13,,5,2,50,5,,,40.710219,-73.968532,New Construction,301,3021280005,3418297
3183,416 and 420 Kent Avenue Waiting List,Tenant Selection,Rental,BK,11249,420 KENT AVENUE,BK0102,2022-10-11,2022-11-14,121,70,27,24,,,,,121,,,,5,2,50,5,,,40.709915,-73.968525,New Construction,301,3021340056,3425676
7068,417 Rutland Road Apartments,Tenant Selection,Rental,BK,11203,417 RUTLAND ROAD,BK0902,2025-09-17,2025-10-08,3,,2,1,,,,,,,3,,,,,,,,40.659644,-73.946769,New Construction,309,3048020048,3106979
5179,420 Carroll Street Apartments,Tenant Selection,Rental,BK,11215,424 Carroll St,BK0601,2024-08-27,2024-10-28,30,2,12,12,4,,,13,11,5,1,,5,2,20,5,,,40.677884,-73.988402,New Construction,306,3004530001,3000000
5179,420 Carroll Street Apartments,Tenant Selection,Rental,BK,11215,436 Carroll St,BK0601,2024-08-27,2024-10-28,60,10,38,9,3,,,23,25,12,,,5,2,20,5,,,40.67764,-73.987775,New Construction,306,3004530001,3000000
3010,428 Wythe Avenue Apartment-Units Still Available,Tenant Selection,Rental,BK,11249,428 WYTHE AVENUE,BK0102,2022-06-21,2022-07-25,4,,4,,,,,,,,4,,,,,,,,40.71121,-73.966534,New Construction,301,3024697503,3063648
5389,435 Central Avenue Apartments,Tenant Selection,Rental,BK,11221,435 CENTRAL AVENUE,BK0402,2024-11-12,2024-12-04,5,,1,4,,,,,,,5,,,,,,,,40.692404,-73.915153,New Construction,304,3033690006,3425663
5098,435 Coney Island Apartments,Tenant Selection,Rental,BK,11218,435 Coney Island Ave,BK1402,2024-10-16,2024-12-16,39,22,17,,,,,,26,,13,,5,2,20,5,,,40.647123,-73.971052,New Construction,314,3050700019,3000000
2022,436 Lafayette Avenue - Units Still Available,Tenant Selection,Rental,BK,11238,436 LAFAYETTE AVENUE,BK0301,2021-02-05,2021-03-01,3,,3,,,,,,,,3,,,,,,,,40.689144,-73.957649,New Construction,303,3019490033,3055633
5560,444 Graham Avenue Apartments,Tenant Selection,Rental,BK,11211,444 GRAHAM AVENUE,BK0104,2025-02-03,2025-02-25,18,6,12,,,,,,,,18,,,,,,,,40.718302,-73.944994,New Construction,301,3027350004,3068099
7393,449 Humboldt Street Apartments,Tenant Selection,Rental,BK,11211,449 HUMBOLDT STREET,BK0104,2026-01-21,2026-02-11,2,,2,,,,,,2,,,,,,,,,,40.717906,-73.94324399999999,New Construction,301,3027400024,3322790
4673,456 Blake Avenue Apartments,Tenant Selection,Rental,BK,11212,456 BLAKE AVENUE,BK1602,2024-03-26,2024-04-17,3,,1,1,1,,,,,,3,,,,,,,,40.666708,-73.902375,New Construction,316,3037800028,3084423
7551,477 Central Avenue Apartments,Tenant Selection,Rental,BK,11221,477 CENTRAL AVENUE,BK0402,2026-05-11,2026-06-02,4,,3,1,,,,,4,,,,,,,,,,40.691466,-73.913507,New Construction,304,3033830003,3414001
4455,491 Evergreen Avenue Apartments,Tenant Selection,Rental,BK,11221,491 Evergreen Ave,BK0402,2024-01-26,2024-02-19,3,,1,2,,,,,,,3,,,,,,,,40.690955,-73.916666,New Construction,304,3033680007,3000000
3717,492 Kings Highway,Tenant Selection,Rental,BK,11223,492 KINGS HIGHWAY,BK1501,2023-05-25,2023-09-29,4,,2,2,,,,,,,4,,,,,,,,40.60425,-73.971582,New Construction,315,3066810119,3178563
7365,492 Kings Highway Apartments Units Still Available,Tenant Selection,Rental,BK,11223,492 KINGS HIGHWAY,BK1501,2025-12-11,2026-01-20,2,,1,1,,,,,,,2,,,,,,,,40.60425,-73.971582,New Construction,315,3066810119,3178563
5408,499 President Street Apartments,Tenant Selection,Rental,BK,11215,499 President St,BK0601,2024-12-02,2025-02-03,88,23,50,15,,,,35,35,18,,,5,2,20,5,,,40.678027,-73.986657,New Construction,306,3004400001,3000000
3693,50 Clarkson Avenue - Waiting List,Tenant Selection,Rental,BK,11226,50 CLARKSON AVENUE,BK1401,2023-05-26,2023-07-20,28,2,17,9,,,,,,,28,,,,,,,,40.654931,-73.958067,New Construction,314,3050640036,3425069
7516,50 Commercial Street Apartments,Tenant Selection,Rental,BK,11222,50 Commercial St,BK0101,2026-04-23,2026-05-14,10,,5,5,,,,,6,,4,,5,2,20,10,,,40.736826,-73.957485,New Construction,301,3024820001,3000000
7325,52 4th Avenue Apartments,Tenant Selection,Rental,BK,11217,52 4th Ave,BK0202,2025-12-15,2026-01-05,19,,17,2,,,,7,8,,4,,5,2,20,10,,,40.683038,-73.979261,New Construction,302,3001980036,3000000
5221,527 Grand Avenue Apartments,Tenant Selection,Rental,BK,11211,527 Grand St,BK0102,2024-09-11,2024-10-02,14,,7,7,,,,4,7,,3,,5,2,20,5,,,40.711058,-73.950133,New Construction,301,3027797501,3069333
5362,5306 9th Avenue Apartments,Tenant Selection,Rental,BK,11220,5306 9th Ave,BK1201,2024-11-12,2024-12-05,3,,,3,,,,,,,3,,,,,,,,40.638003,-74.003376,New Construction,312,3056650041,3000000
7157,532 Neptune Avenue Apartments,Tenant Selection,Rental,BK,11224,532 NEPTUNE AVENUE,BK1302,2025-08-11,2025-10-31,150,33,42,75,,,,,,,150,,,,,,,,40.579868,-73.973025,New Construction,313,3072737501,3426198
2783,539  Vanderbilt Avenue,Tenant Selection,Rental,BK,11238,539 Vanderbilt Ave,BK0204,2022-05-05,2022-07-07,80,25,25,26,4,,,,54,,26,,5,2,50,5,,,40.682264,-73.967633,New Construction,302,3020107505,3057522
7193,540 Atlantic Avenue Apartments,Tenant Selection,Rental,BK,11217,538 Atlantic Ave,BK0202,2025-08-21,2025-10-21,48,12,12,24,,,,,,,48,,,,,,,,40.684992,-73.979877,New Construction,302,3001860012,3000000
7103,544 Carroll,Tenant Selection,Rental,BK,11215,544 Carroll St,BK0601,2025-07-02,2025-09-01,35,1,12,22,,,,14,14,7,,,5,2,20,5,,,40.676305,-73.984325,New Construction,306,3004560023,3000000
7294,556 Baltic Street Apartments,Tenant Selection,Rental,BK,11217,556 Baltic St,BK0601,2025-12-08,2026-02-09,23,4,10,9,,,,9,9,5,,,5,2,20,10,,,40.681435,-73.983069,New Construction,306,,
7179,558 Sackett Street Apartments,Tenant Selection,Rental,BK,11217,558 Sackett St,BK0601,2025-08-28,2025-09-29,10,,5,5,,,,4,4,,2,,5,2,20,5,,,40.679503,-73.986365,Preservation,306,3004330014,3000000
2071,560 19th Street,Tenant Selection,Rental,BK,11218,590 19 STREET,BK0701,2021-03-19,2021-04-09,3,,1,2,,,,,,,3,,,,,,,,40.654816,-73.979583,New Construction,307,3008900033,3017325
5446,566 Grand Street Apartments,Tenant Selection,Rental,BK,11211,568 Grand Street,BK0102,2024-12-11,2025-01-03,7,1,2,4,,,,,4,,3,,5,2,20,5,,,40.711118,-73.949314,New Construction,301,3027850027,3000000
6994,570 Fulton Street Apartments,Tenant Selection,Rental,BK,11217,570 Fulton St,BK0203,2025-05-22,2025-08-18,49,15,28,6,,,,,6,,43,,5,2,20,5,,,40.688373,-73.979605,New Construction,302,3021060035,3000000
4978,5722 7th Avenue Apartments,Tenant Selection,Rental,BK,11220,5722 7 AVENUE,BK0703,2024-11-18,2024-12-09,16,,8,8,,,,,10,,6,,5,2,20,5,,,40.638357,-74.010179,New Construction,307,3008490040,3015852
4804,597 Grand Street Apartments,Tenant Selection,Rental,BK,11211,597 Grand St,BK0104,2024-07-22,2024-09-20,56,6,43,7,,,,,37,,19,,5,2,20,5,,,40.711255,-73.948069,New Construction,301,3027807502,3000000
7434,598 Saratoga Avenue Apartments,Tenant Selection,Rental,BK,11212,598 Saratoga Ave,BK1602,2026-02-17,2026-03-10,2,,,,1,1,,,2,,,,,,,,,,40.666598,-73.916776,New Construction,316,,
7189,600 Crown Street Apartments,Tenant Selection,Rental,BK,11213,600 Crown St,BK0901,2025-08-04,2025-10-06,30,,12,18,,,,,,,30,,,,,,,,40.665607,-73.938452,New Construction,309,3014170008,3000000
3478,6020 3 Avenue Apartments,Tenant Selection,Rental,BK,11220,6020 3rd Ave,BK0702,2023-02-13,2023-04-03,16,,1,15,,,,,,,16,,,,,,,,40.641712,-74.020751,New Construction,307,3057800045,3429099
3625,61 Clarkson Avenue Apartments,Tenant Selection,Rental,BK,11226,61 CLARKSON AVENUE,BK0902,2023-04-20,2023-06-20,4,,4,,,,,,,,4,,,,,,,,40.654966,-73.95779,New Construction,309,3050550081,3115979
7219,624 Metropolitan Avenue Apartments,Tenant Selection,Rental,BK,11211,624 Metropolitan Ave,BK0104,2025-08-27,2025-10-08,5,,5,,,,,,,,5,,,,,,,,40.714156,-73.948301,New Construction,301,3027620014,3000000
5196,63 & 65 Stanhope Street Apartments,Tenant Selection,Rental,BK,11221,63 Stanhope St,BK0401,2024-08-29,2024-09-20,3,,3,,,,,,,,3,,,,,,,,40.696179,-73.924889,New Construction,304,3032540167,3429222
5196,63 & 65 Stanhope Street Apartments,Tenant Selection,Rental,BK,11221,65 Stanhope St,BK0401,2024-08-29,2024-09-20,3,,3,,,,,,,,3,,,,,,,,40.696217,-73.924849,New Construction,304,3032540066,3429887
7277,63 South 6th Street  Apartments,Tenant Selection,Rental,BK,11249,63 S 6th St,BK0102,2025-10-16,2025-11-17,5,,,5,,,,,,,5,,,,,,,,40.711259,-73.966076,New Construction,301,,
4452,633 Marcy Avenue Apartment - Waiting List,Tenant Selection,Rental,BK,11206,633 MARCY AVENUE,BK0301,2024-02-22,2024-03-25,20,,14,6,,,,,12,,8,,,,,,,,40.692917,-73.948707,New Construction,303,3017710005,3425662
2298,648 Midwood Street Apartments - Units Still Available,Tenant Selection,Rental,BK,11203,648 MIDWOOD STREET,BK0902,2021-08-31,2021-10-01,3,,1,2,,,,,,,3,,,,,,,,40.660824,-73.939072,New Construction,309,3048050014,3107093
1717,65 Graham Avenue Apartments,Tenant Selection,Rental,BK,11206,65 GRAHAM AVENUE,BK0104,2020-08-31,2020-09-23,3,,,3,,,,,,,3,,,,,,,,40.703869,-73.942643,New Construction,301,3030960025,3325956
5217,655 Union Street Apartments,Tenant Selection,Rental,BK,11215,655 Union St,BK0601,2024-10-21,2024-12-23,50,,39,11,,,,20,20,7,3,,5,2,20,5,,,40.677648,-73.983636,New Construction,306,3004340035,3000000
7521,673 & 675 East 32nd Street,Tenant Selection,Rental,BK,11210,673 EAST 32 STREET,BK1702,2026-04-27,2026-05-18,2,,2,,,,,,,,2,,,,,,,,40.634881,-73.945938,New Construction,317,3050070011,3428757
7521,673 & 675 East 32nd Street,Tenant Selection,Rental,BK,11210,675 EAST 32 STREET,BK1702,2026-04-27,2026-05-18,2,,2,,,,,,,,2,,,,,,,,40.634848,-73.945934,New Construction,317,3050070010,3429087
4341,673 Hart Street,Tenant Selection,Rental,BK,11221,673 Hart St,BK0401,2023-12-18,2024-01-24,9,,5,4,,,,,,,9,,,,,,,,40.698845,-73.925777,New Construction,304,3032187501,3428954
4750,676 Myrtle Avenue Apartments,Tenant Selection,Rental,BK,11205,676 Myrtle Ave,BK0301,2024-05-09,2024-06-07,6,,,6,,,,,,,6,,,,,,,,40.694502,-73.956755,New Construction,303,3019147513,3000000
4567,69 Adams Street Apartments,Tenant Selection,Rental,BK,11201,69 Adams St,BK0202,2024-03-25,2024-05-24,70,18,23,29,,,,,,,70,,,,,,,,40.702173,-73.988556,New Construction,302,3000520004,3427430
7468,694 Rutland Road Apartments - Units Still Available,Tenant Selection,Rental,BK,11203,694 RUTLAND ROAD,BK0902,2026-03-02,2026-04-01,2,,,2,,,,,,,2,,,,,,,,40.660186,-73.93775,New Construction,309,3048130031,3000000
7133,706 East 32nd Street Apartments,Tenant Selection,Rental,BK,11210,706 EAST 32 STREET,BK1401,2025-07-03,2025-08-04,7,,7,,,,,,,,7,,,,,,,,40.633665,-73.945827,New Construction,314,3075590047,3205941
7016,77 Kosciuszko Street Apartments,Tenant Selection,Rental,BK,11205,77 Kosciuszko St,BK0301,2025-05-01,2025-07-02,110,4,41,65,,,,,110,,,,5,2,20,5,,,40.690523,-73.952337,New Construction,303,,
3134,8 Marcy Avenue Apartments,Tenant Selection,Rental,BK,11211,8 Marcy Ave,BK0102,2022-10-07,2022-12-12,37,8,21,8,,,,,24,,13,,5,2,50,5,,,40.713766,-73.95453499999999,New Construction,301,3023690019,3429448
5077,807 Washington Avenue,Tenant Selection,Rental,BK,11238,807 WASHINGTON AVENUE,BK0801,2024-08-22,2024-09-13,4,1,1,2,,,,,,,4,,,,,,,,40.672277,-73.962682,New Construction,308,3011800005,3427449
2516,810 Fulton Street Apartments Phase II - Units Still Available,Tenant Selection,Rental,BK,11238,810 Fulton St,BK0204,2022-02-18,2022-04-04,10,8,2,,,,,,,,10,,,,,,,,40.684141,-73.969046,New Construction,302,3020097501,3426518
7402,815 Kings Highway Apartments,Tenant Selection,Rental,BK,11223,815 Kings Hwy,BK1501,2026-01-12,2026-03-02,8,,,8,,,,,,,8,,,,,,,,40.606556,-73.964397,New Construction,315,3066650014,3000000
7214,81A Malcolm X Boulevard,Tenant Selection,Rental,BK,11221,81A Malcolm X Blvd,BK0302,2025-08-21,2025-09-12,2,,2,,,,,,2,,,,,,,,,,40.691094,-73.930672,New Construction,303,3016170084,3000000
5444,827 Sterling Place Apartments,Tenant Selection,Rental,BK,11216,827 Sterling Pl,BK0802,2024-12-10,2025-02-10,23,3,15,5,,,,,,,23,,,,,,,,40.672594,-73.951279,New Construction,308,3012400049,3427446
7424,827 Sterling Place Units Still Available,Tenant Selection,Rental,BK,11216,827 STERLING PLACE,BK0802,2026-01-26,2026-02-26,5,1,4,,,,,,,,5,,,,,,,,40.672594,-73.951279,Preservation,308,3012400049,3427446
4846,828 Metropolitan Avenue Apartments,Tenant Selection,Rental,BK,11211,828 Metropolitan Ave,BK0104,2024-06-10,2024-08-09,35,3,19,13,,,,14,14,4,3,,5,2,20,5,,,40.71468,-73.940816,New Construction,301,3029160014,3000000
4348,833-837 Maple Street Apartments,Tenant Selection,Rental,BK,11203,833 Maple St,BK0902,2023-12-15,2024-01-19,6,,6,,,,,,,,6,,,,,,,,40.662008,-73.932266,New Construction,309,3045880102,3099129
4348,833-837 Maple Street Apartments,Tenant Selection,Rental,BK,11203,837 Maple St,BK0902,2023-12-15,2024-01-19,4,,2,2,,,,,,,4,,,,,,,,40.662016,-73.932144,New Construction,309,3045880098,3099127
7270,836 East 34th Street Apartments,Tenant Selection,Rental,BK,11210,836 E 34th St,BK1702,2025-10-16,2025-11-07,2,,,2,,,,,2,,,,,,,,,,40.635733,-73.944082,New Construction,317,3050080053,3000000
1878,850 Flatbush Avenue Apartments - Units Still Available,Tenant Selection,Rental,BK,11226,850 FLATBUSH AVENUE,BK1401,2020-12-15,2021-01-19,3,,1,2,,,,,,,3,,,,,,,,40.651629,-73.959035,New Construction,314,3050820032,3116577
2456,850 Flatbush Avenue Apartments Unit Still Available,Tenant Selection,Rental,BK,11226,850 FLATBUSH AVENUE,BK1401,2021-11-15,2021-12-23,1,,,1,,,,,,,1,,,,,,,,40.651629,-73.959035,New Construction,314,3050820032,3116577
4429,8623 Flatlands Avenue,Tenant Selection,Rental,BK,11236,8623 Flatlands Ave,BK1803,2024-02-05,2024-02-27,4,1,1,2,,,,,,,4,,,,,,,,40.638499,-73.908671,New Construction,318,3080070001,3428996
7153,87 Carlton Avenue Apartments,Tenant Selection,Rental,BK,11205,87 CARLTON AVENUE,BK0203,2025-08-21,2025-09-12,2,,2,,,,,,2,,,,,,,,,,40.695061,-73.973282,Preservation,302,3020440025,3000000
4448,88 Bay 34 Street Apartments,Tenant Selection,Rental,BK,11214,88 BAY 34 STREET,BK1103,2024-01-24,2024-02-14,3,,,3,,,,,,,3,,,,,,,,40.598138,-73.992946,New Construction,311,3068730047,3253861
7138,88 Schermerhorn Street Apartments,Tenant Selection,Rental,BK,11201,88 Schermerhorn St,BK0201,2025-07-02,2025-08-08,17,,17,,,,,,,,17,,,,,,,,40.690562,-73.990408,New Construction,302,3002710045,3000000
6978,89 Dekalb Avenue Apartments,Tenant Selection,Rental,BK,11201,89 DeKalb Ave,BK0203,2025-07-07,2025-09-08,98,34,39,25,,,,,,,98,,,,,,,,40.689883,-73.979793,New Construction,302,,
7306,897 New York Avenue Apartments,Tenant Selection,Rental,BK,11203,897 New York Ave,BK1701,2025-11-05,2025-12-05,3,,2,1,,,,,,,3,,,,,,,,40.651602,-73.946735,New Construction,317,3048700047,3000000
4312,906 East New York Avenue Apartments,Tenant Selection,Rental,BK,11203,906 EAST NEW YORK AVENUE,BK0902,2023-12-22,2024-01-15,15,,11,4,,,,,,,15,,,,,,,,40.662684,-73.932572,New Construction,309,3045887501,3427398
7079,91 De Sales Place,Tenant Selection,Rental,BK,11207,91 De Sales Pl,BK0402,2025-05-19,2025-06-10,2,,,2,,,,,2,,,,,,,,,,40.682785,-73.904075,New Construction,304,3034690030,3000000
5592,927 Atlantic Avenue Apartments,Tenant Selection,Rental,BK,11238,927 ATLANTIC AVENUE,BK0204,2025-02-24,2025-03-17,6,,5,,1,,,,,,6,,,,,,,,40.680629,-73.962068,New Construction,302,3020180057,3425737
7107,948 Bergen Street AKA 637 Franklin Avenue,Tenant Selection,Rental,BK,11216,948 BERGEN STREET,BK0802,2025-07-22,2025-08-12,5,,2,1,2,,,,,,5,,,,,,,,40.676707,-73.955296,New Construction,308,3012170011,3429491
4860,952 Bedford Avenue Apartments,Tenant Selection,Rental,BK,11205,952 Bedford Ave,BK0301,2024-06-24,2024-07-16,10,,6,4,,,,,5,,5,,5,2,20,5,,,40.692146,-73.955667,New Construction,303,3019280049,3000000
7240,962 Bushwick Avenue Apartments,Tenant Selection,Rental,BK,11221,962 BUSHWICK AVENUE,BK0402,2025-09-11,2025-10-03,12,1,5,6,,,,,,,12,,,,,,,,40.692379,-73.923235,New Construction,304,3032940025,3075297
7241,972 Bushwick Avenue Apartments,Tenant Selection,Rental,BK,11221,972 Bushwick Ave,BK0402,2025-09-15,2025-10-06,13,1,5,7,,,,,,,13,,,,,,,,40.692288,-73.923069,New Construction,304,3032940026,3000000
1736,984 Madison Street Apartments,Tenant Selection,Rental,BK,11221,984 Madison St,BK0402,2020-08-31,2020-09-23,3,,3,,,,,,,,3,,,,,,,,40.689126,-73.918897,New Construction,304,3033660028,3422548
5375,99 Fleet Place Apartments,Tenant Selection,Rental,BK,11201,99 Fleet Pl,BK0203,2024-11-13,2025-01-16,75,18,19,38,,,,30,32,12,1,,5,2,20,5,,,40.69273,-73.981757,New Construction,302,,
6834,ATLANTIC CHESTNUT PHASE 2,Tenant Selection,Rental,BK,11208,254 EUCLID AVENUE,BK0501,2025-03-19,2025-05-19,369,51,131,131,56,,43,109,180,37,,,5,2,20,5,,,40.682273,-73.873905,Preservation,305,3041430002,3428952
6901,Atlantic BK,Tenant Selection,Rental,BK,11238,1057 Atlantic Ave,BK0301,2025-04-10,2025-06-09,138,,102,27,9,,,,92,45,1,,5,2,20,5,,,40.679504,-73.956678,New Construction,303,3020200068,3000000
4162,Bed-Stuy Central,Tenant Selection,Owner,BK,11233,50 Buffalo Ave,BK0302,2023-10-13,2023-12-14,1,,,1,,,,,,,1,,5,2,50,5,,,40.677432,-73.924759,New Construction,303,3017100049,3000000
4162,Bed-Stuy Central,Tenant Selection,Owner,BK,11233,687A HANCOCK STREET,BK0302,2023-10-13,2023-12-14,1,,,1,,,,,,,1,,5,2,50,5,,,40.685114,-73.927692,New Construction,303,3016570059,3341825
4162,Bed-Stuy Central,Tenant Selection,Owner,BK,11233,278 Bainbridge St.,BK0302,2023-10-13,2023-12-14,1,,,,1,,,,,1,,,5,2,50,5,,,40.681506,-73.926279,New Construction,303,3016870047,3429354
4162,Bed-Stuy Central,Tenant Selection,Owner,BK,11233,191 Chauncey St,BK0302,2023-10-13,2023-12-14,1,,,,1,,,,,,1,,5,2,50,5,,,40.680648,-73.927369,New Construction,303,3016870073,3000000
4162,Bed-Stuy Central,Tenant Selection,Owner,BK,11206,821 Willoughby Ave,BK0302,2023-10-13,2023-12-14,1,,,,1,,,,,,1,,5,2,50,5,,,40.695428,-73.935723,New Construction,303,3015890058,3000000
4162,Bed-Stuy Central,Tenant Selection,Owner,BK,11233,13 Hunterfly Pl,BK0302,2023-10-13,2023-12-14,1,,,,1,,,,,1,,,5,2,50,5,,,40.677835,-73.928328,New Construction,303,3017080067,3000000
4162,Bed-Stuy Central,Tenant Selection,Owner,BK,11221,697 JEFFERSON AVENUE,BK0302,2023-10-13,2023-12-14,1,,,,1,,,,,1,,,5,2,50,5,,,40.685544,-73.930457,New Construction,303,3016510053,3045505
4162,Bed-Stuy Central,Tenant Selection,Owner,BK,11233,179 Chauncey St,BK0302,2023-10-13,2023-12-14,1,,,,1,,,,,1,,,5,2,50,5,,,40.680593,-73.927827,New Construction,303,3016870080,3000000
4162,Bed-Stuy Central,Tenant Selection,Owner,BK,11233,1835 Atlantic Ave,BK0302,2023-10-13,2023-12-14,1,,,1,,,,,,,1,,5,2,50,5,,,40.677125,-73.925087,New Construction,303,3017100051,3000000
4162,Bed-Stuy Central,Tenant Selection,Owner,BK,11233,358 MALCOLM X BOULEVARD,BK0302,2023-10-13,2023-12-14,1,,,,1,,,,,,1,,5,2,50,5,,,40.680657,-73.928617,New Construction,303,3016860048,3047821
4162,Bed-Stuy Central,Tenant Selection,Owner,BK,11213,1662 Bergen St,BK0802,2023-10-13,2023-12-14,1,,,,1,,,,,1,,,5,2,50,5,,,40.674876,-73.927685,New Construction,308,3013560006,3000000
7310,Bedford Beverly Phase 1,Tenant Selection,Rental,BK,11226,2363 BEDFORD AVENUE,BK1701,2025-12-11,2026-02-12,41,8,19,14,,,,,,,41,,,,,,,,40.645963,-73.955309,New Construction,317,3051350053,3000000
7310,Bedford Beverly Phase 1,Tenant Selection,Rental,BK,11226,158 LOTT STREET,BK1701,2025-12-11,2026-02-12,28,14,7,7,,,,,,,28,,,,,,,,40.646001,-73.954087,New Construction,317,3051350029,3000000
7470,Bedford Beverly Phase 2,Tenant Selection,Rental,BK,11226,2201 Beverley Rd,BK1401,2026-03-11,2026-05-11,89,35,34,20,,,,,,,89,,,,,,,,40.644673,-73.956492,New Construction,314,3051330044,3000000
7470,Bedford Beverly Phase 2,Tenant Selection,Rental,BK,11226,2366 Bedford Ave,BK1401,2026-03-11,2026-05-11,107,38,32,37,,,,,,,107,,,,,,,,40.645924,-73.955313,New Construction,314,3051330046,3000000
5201,Belle Gardens Cooperatives,Tenant Selection,Owner,BK,11233,37 ROCHESTER AVENUE,BK0302,2024-11-07,2025-01-08,8,,2,6,,,,,,2,6,,5,2,20,5,,,40.677876,-73.927473,New Construction,303,3017090009,3429148
5201,Belle Gardens Cooperatives,Tenant Selection,Owner,BK,11233,335 Ralph Ave,BK1601,2024-11-07,2025-01-08,13,,2,11,,,,,,11,2,,5,2,20,5,,,40.677644,-73.921745,New Construction,303,3015560003,3429874
5201,Belle Gardens Cooperatives,Tenant Selection,Owner,BK,11233,20 SUYDAM PLACE,BK0302,2024-11-07,2025-01-08,15,,14,1,,,,,,7,8,,5,2,20,5,,,40.677776,-73.926561,New Construction,303,3017090028,3048184
5201,Belle Gardens Cooperatives,Tenant Selection,Owner,BK,11233,331 Ralph Ave,BK1601,2024-11-07,2025-01-08,10,,3,7,,,,,,8,2,,5,2,20,5,,,40.677746,-73.921734,New Construction,303,3015560007,3429875
5139,Bethany Senior Terraces,Tenant Selection,Rental,BK,11203,604 E 40th St,BK1702,2024-08-22,2024-10-31,39,31,8,,,,,39,,,,,5,2,,,,100,40.640688,-73.938903,New Construction,317,3049730016,3429955
4442,Borinquen Place Suites,Tenant Selection,Rental,BK,11211,49 Borinquen Pl,BK0102,2024-02-15,2024-03-08,5,,,5,,,,,,,5,,,,,,,,40.710487,-73.956705,New Construction,301,3024210024,3413964
4971,Bridge Rockaway Apartments,Tenant Selection,Rental,BK,11212,203 NEWPORT STREET,BK1602,2024-07-23,2024-09-23,86,,15,46,25,,35,38,13,,,,5,2,20,5,,,40.659559,-73.907633,New Construction,316,3036037501,3429686
5337,Brooklyn Crossing Waiting List,Tenant Selection,Rental,BK,11217,18 6 AVENUE,BK0602,2024-11-25,2025-01-14,258,79,134,45,,,,,,213,45,,,,,,,,40.68251,-73.973885,New Construction,302,3011187502,3426300
7413,Brownsville Crossing,Tenant Selection,Rental,BK,11212,177 Hegeman Ave,BK1602,2026-02-12,2026-04-14,12,4,5,,3,,1,2,9,,,,5,2,20,10,,,40.656574,-73.90532,New Construction,316,3036280009,3000000
7413,Brownsville Crossing,Tenant Selection,Rental,BK,11212,47 New Lots Ave,BK1602,2026-02-12,2026-04-14,9,2,3,2,2,,2,4,3,,,,5,2,20,10,,,40.657275,-73.903355,New Construction,316,3038550040,3000000
7413,Brownsville Crossing,Tenant Selection,Rental,BK,11212,216 Sackman St,BK1602,2026-02-12,2026-04-14,13,2,7,3,1,,1,4,8,,,,5,2,20,10,,,40.672691,-73.905679,New Construction,316,3036930022,3000000
7028,Bushwick Alliance,Tenant Selection,Rental,BK,11237,272 Jefferson St,BK0401,2025-05-21,2025-06-11,4,,,4,,,,2,2,,,,5,2,20,5,,,40.703986,-73.926568,New Construction,304,3031750013,3000000
7028,Bushwick Alliance,Tenant Selection,Rental,BK,11237,332 ELDERT STREET,BK0402,2025-05-21,2025-06-11,4,,1,3,,,,2,2,,,,5,2,20,5,,,40.693401,-73.906494,New Construction,304,3034190024,3079126
7028,Bushwick Alliance,Tenant Selection,Rental,BK,11221,63 STOCKHOLM STREET,BK0401,2025-05-21,2025-06-11,11,3,4,4,,,,3,8,,,,5,2,20,5,,,40.696583,-73.92566,New Construction,304,3032430065,3325516
6911,Cadman Towers HDFC - Waiting List,Tenant Selection,Owner,BK,11201,10 CLINTON STREET,BK0201,2025-07-22,2025-09-22,119,,60,48,11,,,,,,119,,,,,,,,40.695835,-73.991673,Preservation,302,3002380035,3319420
6911,Cadman Towers HDFC - Waiting List,Tenant Selection,Owner,BK,11201,101 CLARK STREET,BK0201,2025-07-22,2025-09-22,302,,124,121,57,,,,,,302,,,,,,,,40.697285,-73.992304,Preservation,302,3002320001,3001727
2432,Capstone Condominiums,Tenant Selection,Owner,BK,11206,940 Myrtle Ave,BK0301,2021-11-17,2022-01-21,24,5,7,12,,,,,24,,,,5,2,50,5,,,40.695943,-73.944222,New Construction,303,3017567501,3425801
7510,Clermont Area HDFC Apartments,Tenant Selection,Owner,BK,11238,389 CLINTON AVENUE,BK0204,2026-04-06,2026-06-01,40,,21,7,2,10,,,,40,,,,,,,,,40.686079,-73.967397,New Construction,302,3019610027,3055994
7244,Concern Logan,Tenant Selection,Rental,BK,11208,467 Logan St,BK0502,2025-10-03,2025-12-05,25,2,17,6,,,,,25,,,,12,8,20,5,,,40.67456,-73.876122,New Construction,305,3042280013,3000000
3781,Concern Pitkin,Tenant Selection,Rental,BK,11207,410 WARWICK STREET,BK0502,2023-09-15,2023-11-14,22,2,15,5,,,,13,9,,,,5,2,50,5,,23,40.673722,-73.88594,New Construction,305,3039980030,3392571
5747,DeKalb Commons,Tenant Selection,Rental,BK,11216,639 DeKalb Ave,BK0301,2025-04-07,2025-06-09,35,4,11,14,6,,9,8,18,,,,5,2,20,5,,,40.691496,-73.950385,New Construction,303,3017740077,3000000
5747,DeKalb Commons,Tenant Selection,Rental,BK,11216,1187 FULTON STREET,BK0301,2025-04-07,2025-06-09,3,,,3,,,1,,2,,,,5,2,20,5,,,40.680793,-73.954049,New Construction,303,3020000043,3057467
5747,DeKalb Commons,Tenant Selection,Rental,BK,11216,652 DEKALB AVENUE,BK0301,2025-04-07,2025-06-09,33,4,15,13,1,,4,7,22,,,,5,2,20,5,,,40.691494,-73.950266,New Construction,303,3017790022,3049618
7422,Douglass Port Apartments,Tenant Selection,Rental,BK,11217,251 Douglass St,BK0601,2026-01-22,2026-03-23,65,11,19,35,,,,26,26,13,,,5,2,20,10,,,40.680708,-73.985308,New Construction,306,3004120050,3006610
5556,Douglass Street Apartments,Tenant Selection,Rental,BK,11217,164 4th Ave,BK0601,2025-01-15,2025-03-17,48,4,37,7,,,,38,,,10,,5,2,20,5,,,40.679223,-73.981829,New Construction,306,3004200037,3000000
5031,EBENEZER PLAZA PHASE 2,Tenant Selection,Rental,BK,11212,589 CHRISTOPHER AVENUE,BK1602,2024-08-03,2024-10-03,165,15,94,46,10,,21,51,93,,,,5,2,20,5,,,40.657206,-73.902652,Preservation,316,3038610001,3428616
7400,Eight80 BK,Tenant Selection,Rental,BK,11238,880 Atlantic Ave,BK0801,2026-03-09,2026-05-08,65,6,39,20,,,,48,4,,13,,,,20,10,,,40.681393,-73.965788,New Construction,308,3011220021,3000000
2854,Freeman Apartments - Waitlist,Tenant Selection,Rental,BK,11222,216 FREEMAN STREET,BK0101,2022-04-20,2022-05-20,9,,4,5,,,,,,,9,,,,,,,,40.734626,-73.953048,New Construction,301,3025130029,3426270
2854,Freeman Apartments - Waitlist,Tenant Selection,Rental,BK,11222,215 FREEMAN STREET,BK0101,2022-04-20,2022-05-20,8,,4,4,,,,,,,8,,,,,,,,40.73464,-73.953056,New Construction,301,3025050028,3063970
2854,Freeman Apartments - Waitlist,Tenant Selection,Rental,BK,11222,197 FREEMAN STREET,BK0101,2022-04-20,2022-05-20,6,1,2,3,,,,,,,6,,,,,,,,40.734582,-73.953658,New Construction,301,3025050050,3063978
7410,Gail P. Duke Senior Residence,Tenant Selection,Rental,BK,11212,350 Livonia Ave,BK1602,2026-02-16,2026-04-24,47,24,23,,,,,47,,,,,5,2,,,,,40.663174,-73.90463,Preservation,316,3038110017,3000000
7350,Glenmore Manor Apartments,Tenant Selection,Rental,BK,11212,76 CHRISTOPHER AVENUE,BK1602,2026-01-15,2026-03-16,150,32,24,66,28,,60,16,74,,,,5,2,20,10,,,40.671956,-73.906448,New Construction,316,3036920001,3326760
1876,Gloria Bleecker - Units Still Available,Tenant Selection,Rental,BK,11237,387 BLEECKER STREET,BK0401,2021-01-04,2021-02-04,6,,3,3,,,,,,,6,,,,,,,,40.702232,-73.914236,New Construction,304,3033020042,3075549
6988,Greenpoint Central Apartments - 65 Dupont Street,Tenant Selection,Rental,BK,11222,65 Dupont St,BK0101,2025-05-07,2025-07-07,84,26,43,15,,,,,52,,32,,5,2,20,5,,,40.735668,-73.957396,New Construction,301,3024870017,3000000
5409,Greenpoint Central aka 75 Dupont Street Apartments,Tenant Selection,Rental,BK,11222,75 Dupont St,BK0101,2024-11-21,2025-01-21,59,18,30,11,,,,,30,,29,,5,2,20,5,,,40.735698,-73.957082,New Construction,301,3024870018,3000000
4905,Hanover House,Tenant Selection,Rental,BK,11201,15 Hanover Pl,BK0202,2024-06-24,2024-08-23,95,,87,8,,,,,,,95,,,,,,,,40.688827,-73.982454,New Construction,302,3001610003,3000000
3777,Help Hinsdale B LLC,Tenant Selection,Rental,BK,11207,282 HINSDALE STREET,BK0502,2023-08-14,2023-10-13,27,13,8,6,,,,,27,,,,5,2,50,5,,,40.668155,-73.899742,New Construction,305,3037660024,3427356
2069,Hooper Street Apartments,Tenant Selection,Rental,BK,11211,301 HOOPER STREET,BK0102,2021-03-17,2021-04-07,6,1,,2,3,,,,6,,,,,,,,,,40.707533,-73.953749,New Construction,301,3024630021,3063605
2069,Hooper Street Apartments,Tenant Selection,Rental,BK,11211,293 HOOPER STREET,BK0102,2021-03-17,2021-04-07,5,,,5,,,,,5,,,,,,,,,,40.707299,-73.953894,New Construction,301,3024630024,3063606
7397,House 55,Tenant Selection,Rental,BK,11201,55 WILLOUGHBY STREET,BK0202,2026-01-07,2026-03-09,89,3,82,4,,,,,,,89,,,,,,,,40.69222,-73.986744,New Construction,302,3001470044,3000000
5549,IMPACCT Myrtle Residences,Tenant Selection,Rental,BK,11206,778 MYRTLE AVENUE,BK0301,2026-01-15,2026-02-16,23,9,8,6,,,,8,15,,,,5,2,20,10,,,40.695079,-73.95176,New Construction,303,3017540020,3427444
6921,Kay's Place,Tenant Selection,Rental,BK,11215,224 12th St,BK0602,2025-04-17,2025-06-17,25,13,6,3,3,,,,25,,,,5,2,20,5,,,40.668242,-73.989604,New Construction,306,3010280007,3000000
5353,Kent Avenue Apartments aka 346 Kent Avenue,Tenant Selection,Rental,BK,11249,346 KENT AVENUE,BK0102,2024-10-11,2025-01-17,120,30,54,33,3,,,,,,120,,5,2,20,5,,,40.712846,-73.967633,New Construction,301,3024147502,3425050
4129,LINDEN GROVE SENIOR RESIDENCES,Tenant Selection,Rental,BK,11221,223 Linden St,BK0402,2023-12-12,2024-02-09,97,72,25,,,,,97,,,,,5,2,,,33,100,40.696176,-73.916696,New Construction,304,,
3751,Linden Terrace III,Tenant Selection,Rental,BK,11208,583 Emerald St,BK0505,2023-05-24,2023-07-24,125,9,67,35,14,,9,40,76,,,,5,2,50,5,,,40.668573,-73.858751,New Construction,305,3044960001,3425086
5600,Loden,Tenant Selection,Rental,BK,11225,54 CROWN STREET,BK0901,2024-12-19,2025-02-21,104,34,38,32,,,,42,42,20,,,5,2,20,5,,,40.66722,-73.959667,New Construction,309,3011900029,3330787
5600,Loden,Tenant Selection,Rental,BK,11225,131 Montgomery St,BK0901,2024-12-19,2025-02-21,39,,24,15,,,,18,13,8,,,5,2,20,5,,,40.666394,-73.960151,New Construction,309,3011900029,3330787
5469,Logan Fountain Apartments,Tenant Selection,Rental,BK,11208,265 LOGAN STREET,BK0502,2024-12-12,2025-02-10,68,,18,33,17,,,23,45,,,,5,2,20,5,,,40.679433,-73.877317,New Construction,305,3041547501,3426287
7376,Maison Bond Apartments,Tenant Selection,Rental,BK,11231,335 BOND STREET,BK0601,2026-02-05,2026-03-09,18,,9,9,,,,7,7,4,,,5,2,20,10,,,40.679018,-73.990179,Preservation,306,3004450001,3000000
7118,Marcus Garvey Building G,Tenant Selection,Rental,BK,11212,305 Chester St,BK1602,2025-09-11,2025-11-12,53,,37,2,14,,,,53,,,,5,2,20,5,,,40.664368,-73.910337,New Construction,316,3035600001,3000000
7172,Marcus Garvey C-E,Tenant Selection,Rental,BK,11212,366 Bristol St,BK1602,2025-08-13,2025-10-13,47,4,16,13,14,,,9,38,,,,5,2,20,5,,,40.66201,-73.910719,New Construction,316,,
7172,Marcus Garvey C-E,Tenant Selection,Rental,BK,11212,380 Chester St,BK1602,2025-08-13,2025-10-13,42,,13,17,12,,,7,35,,,,5,2,20,5,,,40.662144,-73.9098,New Construction,316,3035880027,3000000
4903,Mason Gray aka 959 Sterling Place Apartments,Tenant Selection,Rental,BK,11213,959 Sterling Pl,BK0802,2024-07-15,2024-09-13,48,10,31,7,,,,,,,48,,,,,,,,40.672342,-73.946639,New Construction,308,3012427501,3429214
1830,Mother Gaston Hinsdale Homes,Tenant Selection,Owner,BK,11207,668 Vermont St,BK0503,2021-02-18,2021-04-19,1,,,1,,,,,,1,,,5,2,50,5,,,40.662924,-73.891571,New Construction,305,3038410032,3421406
1830,Mother Gaston Hinsdale Homes,Tenant Selection,Owner,BK,11207,21 Malta St,BK0503,2021-02-18,2021-04-19,1,,,1,,,,,,1,,,5,2,50,5,,,40.659821,-73.895858,New Construction,305,3042950072,3421400
1830,Mother Gaston Hinsdale Homes,Tenant Selection,Owner,BK,11233,1633 St Marks Ave,BK1601,2021-02-18,2021-04-19,1,,,,1,,,,,1,,,5,2,50,5,,,40.673183,-73.912845,New Construction,316,3014540066,3429671
1830,Mother Gaston Hinsdale Homes,Tenant Selection,Owner,BK,11212,299 Mother Gaston Blvd,BK1602,2021-02-18,2021-04-19,1,,,1,,,,,,1,,,5,2,50,5,,,40.672034,-73.907461,New Construction,316,3036920006,3427299
1830,Mother Gaston Hinsdale Homes,Tenant Selection,Owner,BK,11233,2164 Dean St,BK1601,2021-02-18,2021-04-19,1,,,,1,,,,,1,,,5,2,50,5,,,40.675008,-73.915778,New Construction,316,3014470014,3429752
1830,Mother Gaston Hinsdale Homes,Tenant Selection,Owner,BK,11233,2178 Dean St,BK1601,2021-02-18,2021-04-19,1,,,,1,,,,,1,,,5,2,50,5,,,40.674988,-73.91545,New Construction,316,3014470020,3000000
1830,Mother Gaston Hinsdale Homes,Tenant Selection,Owner,BK,11212,281 Mother Gaston Blvd,BK1602,2021-02-18,2021-04-19,1,,,,1,,,,,1,,,5,2,50,5,,,40.672443,-73.907565,New Construction,316,3036920012,3427300
1830,Mother Gaston Hinsdale Homes,Tenant Selection,Owner,BK,11207,653 HINSDALE STREET,BK0503,2021-02-18,2021-04-19,1,,,,1,,,,,1,,,5,2,50,5,,,40.658719,-73.897301,New Construction,305,3038670009,3085955
1830,Mother Gaston Hinsdale Homes,Tenant Selection,Owner,BK,11207,666 SNEDIKER AVENUE,BK0503,2021-02-18,2021-04-19,1,,,1,,,,,,1,,,5,2,50,5,,,40.658577,-73.898246,New Construction,305,3038650046,3342538
1830,Mother Gaston Hinsdale Homes,Tenant Selection,Owner,BK,11212,273 MOTHER GASTON BOULEVARD,BK1602,2021-02-18,2021-04-19,1,,,,1,,,,,1,,,5,2,50,5,,,40.672633,-73.907615,New Construction,316,3036920015,3083600
1830,Mother Gaston Hinsdale Homes,Tenant Selection,Owner,BK,11207,1745 LINDEN BOULEVARD,BK0503,2021-02-18,2021-04-19,1,,,1,,,,,,1,,,5,2,50,5,,,40.657561,-73.897829,New Construction,305,3038660068,3429005
1830,Mother Gaston Hinsdale Homes,Tenant Selection,Owner,BK,11207,668 Snediker Ave,BK0503,2021-02-18,2021-04-19,1,,,,1,,,,,1,,,5,2,50,5,,,40.658544,-73.898235,New Construction,305,3038650047,3428515
1830,Mother Gaston Hinsdale Homes,Tenant Selection,Owner,BK,11212,38 Christopher Ave,BK1602,2021-02-18,2021-04-19,1,,,,1,,,,,1,,,5,2,50,5,,,40.672706,-73.906638,New Construction,316,3036920019,3427301
1830,Mother Gaston Hinsdale Homes,Tenant Selection,Owner,BK,11207,642 Hinsdale St,BK0503,2021-02-18,2021-04-19,1,,,,1,,,,,1,,,5,2,50,5,,,40.658949,-73.897384,New Construction,305,3038660041,3427294
1830,Mother Gaston Hinsdale Homes,Tenant Selection,Owner,BK,11207,655 Hinsdale St,BK0503,2021-02-18,2021-04-19,1,,,,1,,,,,1,,,5,2,50,5,,,40.658683,-73.897294,New Construction,305,3038670008,3427293
1830,Mother Gaston Hinsdale Homes,Tenant Selection,Owner,BK,11233,1915 Bergen St,BK1601,2021-02-18,2021-04-19,1,,,,1,,,,,1,,,5,2,50,5,,,40.674352999999996,-73.917823,New Construction,316,3014460056,3000000
1830,Mother Gaston Hinsdale Homes,Tenant Selection,Owner,BK,11207,650 Alabama Ave,BK0503,2021-02-18,2021-04-19,1,,,,1,,,,,1,,,5,2,50,5,,,40.660042,-73.894971,New Construction,305,3042950019,3000000
7245,NEHEMIAH GATEWAY SITE 26A,Tenant Selection,Rental,BK,11239,890 Erskine St,BK0504,2025-09-12,2025-11-12,64,33,31,,,,,64,,,,,5,2,,,,100,40.657328,-73.868777,Preservation,305,3045860926,3000000
5629,One Bell Slip Waiting List,Tenant Selection,Rental,BK,11222,1 BELL SLIP,BK0101,2025-02-04,2025-03-06,125,70,32,23,,,,,42,,83,,5,2,,,,,40.73672,-73.958597,New Construction,301,3024720200,3426466
4623,One Blue Slip Waitlist,Tenant Selection,Rental,BK,11222,1 BLUE SLIP,BK0101,2024-04-01,2024-05-01,101,29,48,22,2,,,,,,101,,,,,,,,40.736165,-73.959012,New Construction,301,3024727503,3418101
7185,One Sunset Apartments,Tenant Selection,Rental,BK,11232,201 25 STREET,BK0702,2025-10-02,2025-12-05,48,,36,11,1,,19,,27,,2,,5,2,20,5,,,40.660189,-73.997527,New Construction,307,3006520001,3000000
3593,Park Affordable Apartments,Tenant Selection,Rental,BK,11219,983 46 STREET,BK1201,2023-07-26,2023-09-25,14,,5,5,4,,,,,14,,,,,,,,,40.641055,-73.99755,New Construction,312,3056130044,3136585
3593,Park Affordable Apartments,Tenant Selection,Rental,BK,11219,914 47 STREET,BK1201,2023-07-26,2023-09-25,22,,1,21,,,,,,22,,,,,,,,,40.641127,-73.999214,New Construction,312,3056250008,3137063
3593,Park Affordable Apartments,Tenant Selection,Rental,BK,11220,864 49 STREET,BK1201,2023-07-26,2023-09-25,50,2,12,30,6,,,,,50,,,,,,,,,40.640863,-74.001794,New Construction,312,3056370032,3137539
3593,Park Affordable Apartments,Tenant Selection,Rental,BK,11219,926 47 STREET,BK1201,2023-07-26,2023-09-25,13,1,4,7,1,,,,,13,,,,,,,,,40.641014,-73.999027,New Construction,312,3056250011,3137064
3593,Park Affordable Apartments,Tenant Selection,Rental,BK,11219,902 47 STREET,BK1201,2023-07-26,2023-09-25,28,,,25,3,,,,,28,,,,,,,,,40.641242,-73.999402,New Construction,312,3056250005,3137062
7005,Paseo on 5th aka 120 5th Avenue Apartments,Tenant Selection,Rental,BK,,55 Paseo Place,,2025-06-24,2025-08-25,36,11,17,8,,,,14,19,3,,,,,20,5,,,,,New Construction,,,
7005,Paseo on 5th aka 120 5th Avenue Apartments,Tenant Selection,Rental,BK,,50 Paseo Place,,2025-06-24,2025-08-25,9,2,3,4,,,,4,4,1,,,,,20,5,,,,,New Construction,,,
5535,Plank Road - Waiting List,Tenant Selection,Rental,BK,11217,662 PACIFIC STREET,BK0801,2025-02-03,2025-03-06,94,24,48,22,,,,,,,94,,,,,,,,40.682164,-73.973492,New Construction,308,3011287505,3428828
6999,Prisma House,Tenant Selection,Rental,BK,11205,126 Sandford St,BK0301,2025-04-29,2025-06-30,30,,24,6,,,,12,12,6,,,5,2,20,5,,,40.695324,-73.953512,New Construction,303,,
6807,Prospect House aka 953 Dean Street Apartments,Tenant Selection,Rental,BK,11238,953 Dean St,BK0802,2025-03-31,2025-05-30,72,11,38,21,2,,,,71,,1,,5,2,20,5,,,40.678176,-73.958301,New Construction,308,3011340096,3000000
7403,Prosper Brooklyn,Tenant Selection,Rental,BK,11238,1042 ATLANTIC AVENUE,BK0802,2026-02-12,2026-04-13,65,14,37,14,,,,49,3,,13,,,,20,10,,,40.680027,-73.959274,New Construction,308,3011250029,3000000
4316,Rheingold Senior Residences,Tenant Selection,Rental,BK,11206,15 Montieth St,BK0401,2024-02-14,2024-04-15,65,26,39,,,,,65,,,,,5,2,,,,100,40.70153,-73.935934,New Construction,304,3031390030,3428524
6866,Riseboro TPT Ten,Tenant Selection,Rental,BK,11221,135 MENAHAN STREET,BK0402,2025-04-15,2025-05-06,4,1,1,1,1,,,,4,,,,5,2,,,,,40.695648,-73.919542,New Construction,304,3033060053,3075660
6866,Riseboro TPT Ten,Tenant Selection,Rental,BK,11221,160 BLEECKER STREET,BK0402,2025-04-15,2025-05-06,4,,3,1,,,,2,2,,,,5,2,,,,,40.696455,-73.919901,New Construction,304,3033060022,3075647
6866,Riseboro TPT Ten,Tenant Selection,Rental,BK,11221,115 LINDEN STREET,BK0402,2025-04-15,2025-05-06,2,1,1,,,,,1,1,,,,5,2,,,,,40.6932,-73.91961,New Construction,304,3033230060,3076110
6866,Riseboro TPT Ten,Tenant Selection,Rental,BK,11237,301 HARMAN STREET,BK0401,2025-04-15,2025-05-06,3,,2,1,,,,2,1,,,,5,2,,,,,40.700072,-73.918721,New Construction,304,3032790048,3074838
6866,Riseboro TPT Ten,Tenant Selection,Rental,BK,11207,230 MOFFAT STREET,BK0402,2025-04-15,2025-05-06,1,,1,,,,,,1,,,,5,2,,,,,40.688638,-73.905318,New Construction,304,3034470033,3080172
4282,Rose Castle Waiting List,Tenant Selection,Rental,BK,11205,31 LITTLE NASSAU STREET,BK0301,2023-12-21,2024-01-22,77,18,20,39,,,,,14,15,48,,,,,,,,40.697906,-73.959591,New Construction,303,3018840040,3054203
3570,Seed Cooperatives - Units Still Available,Tenant Selection,Owner,BK,11233,1900 PARK PLACE,BK1601,2023-04-20,2023-05-22,4,,,4,,,,,4,,,,,,,,,,40.671483,-73.914794,New Construction,316,3014680056,3421943
7130,Serén,Tenant Selection,Rental,BK,11222,16 West St,BK0101,2025-07-23,2025-09-22,35,4,12,19,,,,21,9,,5,,5,2,20,5,,,40.726506,-73.958682,New Construction,301,3025890001,3000000
5290,Shepherd Glenmore,Tenant Selection,Rental,BK,11208,365 Shepherd Ave,BK0502,2024-12-24,2025-02-24,40,15,20,5,,,13,10,17,,,,5,2,20,5,,,40.675765,-73.8812,New Construction,305,3039890001,3000000
3092,Small Homes Rehab - NYCHA Program Cluster III,Tenant Selection,Owner,BK,11205,580 LAFAYETTE AVENUE,BK0301,2022-09-20,2022-11-23,3,,,2,1,,,,,1,,,5,2,50,5,25,,40.689773,-73.952189,New Construction,303,3017880053,3049894
3092,Small Homes Rehab - NYCHA Program Cluster III,Tenant Selection,Owner,BK,11205,110 WAVERLY AVENUE,BK0204,2022-09-20,2022-11-23,3,,,2,1,,,,,1,,,5,2,50,5,25,,40.694462,-73.9681,New Construction,302,3018880177,3054341
3092,Small Homes Rehab - NYCHA Program Cluster III,Tenant Selection,Owner,BK,11205,99 WAVERLY AVENUE,BK0204,2022-09-20,2022-11-23,2,,,2,,,,,,1,,,5,2,50,5,25,,40.694698,-73.968125,New Construction,302,3018890022,3054355
3092,Small Homes Rehab - NYCHA Program Cluster III,Tenant Selection,Owner,BK,11208,305 ATKINS AVENUE,BK0502,2022-09-20,2022-11-23,3,,,2,1,,,,,1,,,5,2,50,5,25,,40.671236,-73.878165,New Construction,305,3040550012,3089899
3092,Small Homes Rehab - NYCHA Program Cluster III,Tenant Selection,Owner,BK,11208,349 BERRIMAN STREET,BK0503,2022-09-20,2022-11-23,2,,,1,1,,,,1,,,,5,2,50,5,25,,40.669779,-73.878756,New Construction,305,3040700021,3090235
6889,Society Brooklyn at Sackett,Tenant Selection,Rental,BK,11231,504 Sackett St,BK0601,2025-04-08,2025-06-09,45,,17,16,12,,,18,18,8,1,,5,2,20,5,,,40.68039,-73.988661,New Construction,306,,
3395,Surf Vets Place - Waiting List,Tenant Selection,Rental,BK,11224,3003 WEST 21 STREET,BK1302,2023-08-04,2023-09-04,52,,27,19,6,,,28,24,,,,5,2,,,,,40.574364,-73.987581,New Construction,313,3070720001,3423863
7127,The Arcadian Apartments,Tenant Selection,Rental,BK,11225,975 Nostrand Ave,BK0901,2025-07-03,2025-09-10,99,47,27,16,9,,,,,,99,,,,,,,,40.66479,-73.950982,New Construction,309,3013090006,3000000
5487,The BAY NYC aka 2971 Shell Road,Tenant Selection,Rental,BK,11224,2971 SHELL ROAD,BK1302,2024-12-17,2025-02-17,57,,28,29,,,,,,,57,,,,,,,,40.580357,-73.976164,New Construction,313,3072690001,3429395
7117,The Baltic Canal,Tenant Selection,Rental,BK,11217,526 BALTIC STREET,BK0601,2025-07-09,2025-09-08,25,1,6,18,,,,10,11,,4,,5,2,20,5,,,40.681949,-73.984399,New Construction,306,3004060018,3395579
7029,The Botanica,Tenant Selection,Rental,BK,11225,931 CARROLL STREET,BK0901,2025-06-12,2025-08-13,55,,27,28,,,,22,22,11,,,5,2,20,5,,,40.668183,-73.959685,New Construction,309,3011880058,3029709
6908,The Brighton,Tenant Selection,Rental,BK,11235,2833 BRIGHTON 3 STREET,BK1303,2025-03-31,2025-04-30,9,2,2,5,,,,,,,9,,,,,,,,40.582226,-73.965587,New Construction,313,3072610032,3421711
7111,The Brook,Tenant Selection,Rental,BK,11201,589 Fulton St,BK0203,2025-06-02,2025-08-01,178,23,127,28,,,,,8,,170,,5,2,20,5,,,40.689238,-73.981765,New Construction,302,3001490014,3000000
3590,The Brooklyn Tower,Tenant Selection,Rental,BK,11201,55 Fleet St,BK0202,2023-03-27,2023-05-30,120,57,44,18,1,,,,,,120,,,,,,,,40.690921,-73.982367,New Construction,302,3001497503,3000000
7152,The Carroll,Tenant Selection,Rental,BK,11231,33 4th St,BK0601,2025-08-28,2025-10-28,23,3,11,9,,,,9,9,,5,,5,2,20,5,,,40.677654,-73.995064,New Construction,306,3004640051,3000000
2667,The Clark -Waitlist,Tenant Selection,Rental,BK,11226,310 CLARKSON AVENUE,BK1701,2022-03-10,2022-04-11,51,18,17,14,2,,,,,,51,,,,,,,,40.65546,-73.949298,New Construction,317,3048370017,3425768
6894,The Dome,Tenant Selection,Rental,BK,11222,237 McGuinness Blvd,BK0101,2025-05-07,2025-07-07,21,5,5,11,,,,,13,,8,,5,2,20,5,,,40.730107,-73.951295,New Construction,301,3025760007,3000000
4908,The Dupont,Tenant Selection,Rental,BK,11222,16 Dupont St,BK0101,2024-07-19,2024-09-18,115,28,29,58,,,,,37,,78,,5,2,20,5,,,40.735419,-73.95985,New Construction,301,3024940006,3000000
7083,The Elliot,Tenant Selection,Rental,BK,11217,151 S Elliott Pl,BK0203,2025-05-20,2025-07-22,20,5,5,10,,,,,20,,,,,,,,,,40.684881,-73.975125,New Construction,302,,
7191,The Everly,Tenant Selection,Rental,BK,11217,180 Ashland Pl,BK0203,2025-08-28,2025-10-28,171,104,52,15,,,,,25,,146,,5,2,20,5,,,40.689356,-73.978567,New Construction,302,3020950026,3000000
7099,The Garrison,Tenant Selection,Rental,BK,11205,151 Carlton Ave,BK0203,2025-06-04,2025-07-03,19,,19,,,,,,,,19,,,,,,,,40.692972,-73.972796,New Construction,302,,
7409,The Garrison Units Still Available,Tenant Selection,Rental,BK,11205,151 Carlton Ave,BK0203,2026-01-15,2026-02-16,15,,15,,,,,,,,15,,,,,,,,40.692972,-73.972796,New Construction,302,,
7274,The Gregory - Units Still Available,Tenant Selection,Rental,BK,11213,991 ST JOHNS PLACE,BK0802,2025-10-06,2025-11-07,2,,,1,1,,,,,,2,,,,,,,,40.671392,-73.945634,New Construction,308,3012490138,3332427
7052,The Hart,Tenant Selection,Rental,BK,11221,1038 Broadway,BK0302,2025-05-13,2025-06-27,18,16,2,,,,,,12,6,,,5,2,20,5,,,40.69544,-73.932524,New Construction,303,3015937502,3000000
4924,The Hartby,Tenant Selection,Rental,BK,11206,788 WILLOUGHBY AVENUE,BK0302,2024-08-12,2024-10-28,62,14,45,3,,,,,,,62,,,,,,,,40.695275,-73.936913,New Construction,303,3015920001,3379533
4124,The Hub - Waiting List,Tenant Selection,Rental,BK,11217,333 SCHERMERHORN STREET,BK0202,2023-09-29,2023-10-30,150,46,85,19,,,,,150,,,,,,,,,,40.687144,-73.981243,New Construction,302,3001670013,3418263
3964,The Posh Waiting List,Tenant Selection,Rental,BK,11223,1941 Coney Island Avenue,BK1501,2023-09-15,2023-10-16,13,3,8,2,,,,,,,13,,,,,,,,40.609893,-73.962353,New Construction,315,3067740001,3182286
7161,The Somerly,Tenant Selection,Rental,BK,11233,48 Somers St,BK1601,2025-07-30,2025-08-29,9,1,7,1,,,,,,,9,,,,,,,,40.678863,-73.910181,New Construction,316,3015420006,3000000
5258,The Welz,Tenant Selection,Rental,BK,11206,159 Boerum St,BK0104,2024-09-19,2024-11-18,49,15,22,12,,,,,33,,16,,,,,,,,40.705955,-73.942317,New Construction,301,3030710040,3000000
7268,The Ysabel aka 77 Woodbine Street,Tenant Selection,Rental,BK,11221,77 Woodbine St,BK0402,2025-10-27,2025-11-18,3,,2,1,,,,,,,3,,,,,,,,40.690877,-73.918379,New Construction,304,3033490038,3000000
5468,Union Channel Apartments,Tenant Selection,Rental,BK,11217,240 3 AVENUE,BK0601,2024-11-04,2025-01-03,58,14,12,29,3,,,23,23,10,2,,5,2,20,5,,,40.678691,-73.985207,New Construction,306,3004330028,3429819
7088,Verdant Fort Greene,Tenant Selection,Rental,BK,11201,240 Willoughby Street,BK0203,2025-06-09,2025-09-18,139,25,69,45,,,,,,,139,,,,,,,,40.691902999999996,-73.97827,Preservation,302,3020880025,3058411
5046,Weeksville Place,Tenant Selection,Rental,BK,11233,1559 Prospect Pl,BK0802,2024-08-27,2024-10-28,36,15,7,14,,,10,13,13,,,,5,2,20,5,,56,40.672925,-73.924479,New Construction,308,3013630090,3428724
4800,Williamsburg Apex,Tenant Selection,Rental,BK,11206,265 Lorimer St,BK0104,2024-05-13,2024-07-12,81,25,49,7,,,,,,,81,,,,,,,,40.704865,-73.947901,New Construction,301,3030760018,3428765
4800,Williamsburg Apex,Tenant Selection,Rental,BK,11206,255 Lorimer St,BK0104,2024-05-13,2024-07-12,20,6,9,5,,,,,,,20,,,,,,,,40.704549,-73.947851,New Construction,301,,
7006,Williamsburg Wharf A1 aka 482 Kent Avenue,Tenant Selection,Rental,BK,11249,482 Kent Ave,BK0102,2025-05-28,2025-07-28,75,24,35,16,,,,,75,,,,5,2,20,5,,,40.707291,-73.968411,New Construction,301,3021340001,3000000
6777,Williamsburg Wharf A2,Tenant Selection,Rental,BK,11249,478 Kent Ave,BK0102,2025-02-12,2025-04-14,26,8,13,5,,,,,,,26,,,,,,,,40.707453,-73.968415,New Construction,301,3021340001,3000000
7237,Williamsburg Wharf A3,Tenant Selection,Rental,BK,11249,470 Kent Ave,BK0102,2025-11-24,2026-01-23,55,15,33,7,,,,,55,,,,5,2,20,10,,,40.707947,-73.968433,New Construction,301,3021340001,3000000
4675,1014 Ogden Avenue Apartments,Tenant Selection,Rental,BX,10452,1014 Ogden Ave,BX0402,2024-04-01,2024-05-03,16,6,10,,,,,,,,16,,,,,,,,40.833391,-73.929107,New Construction,204,2025120005,2000000
5061,1041 Boynton Avenue Apartments,Tenant Selection,Rental,BX,10472,1041 BOYNTON AVENUE,BX0901,2024-07-31,2024-08-21,15,5,10,,,,,,,,15,,,,,,,,40.824883,-73.877367,New Construction,209,2037140048,2129695
7299,1049 Washington Avenue Apartments,Tenant Selection,Rental,BX,10456,1049 Washington Ave,BX0301,2025-11-20,2026-01-23,73,,,73,,,,,,,73,,,,,,,,40.827377,-73.90908400000001,New Construction,203,2023877501,2000000
5205,1073 Summit Avenue - Waiting List,Tenant Selection,Rental,BX,10452,1073 SUMMIT AVENUE,BX0402,2024-10-15,2024-11-18,32,6,9,17,,,,,,32,,,,,,,,,40.835129,-73.92913,New Construction,204,2025260076,2003492
4068,1073 Tiffany Street Apartments,Tenant Selection,Rental,BX,10459,1073 Tiffany St,BX0202,2023-09-21,2023-11-21,13,13,,,,,,,,,13,,,,,,,,40.825197,-73.894862,New Construction,202,2027160048,2130636
6836,1073 Tiffany Street Apartments -  Units Still Available,Tenant Selection,Rental,BX,10459,1073 TIFFANY STREET,BX0202,2025-02-27,2025-03-31,9,9,,,,,,,,,9,,,,,,,,40.825197,-73.894862,New Construction,202,2027160048,2130636
7499,1075 West Farms Road Apartments,Tenant Selection,Rental,BX,10459,1075 West Farms Road,BX0202,2026-04-20,2026-05-11,4,3,1,,,,,,4,,,,,,,,,,40.825487,-73.891129,New Construction,202,2027440043,2000000
7383,1081 Anderson Avenue Apartments,Tenant Selection,Rental,BX,10452,1081 ANDERSON AVENUE,BX0402,2025-12-30,2026-01-21,3,,1,2,,,,,3,,,,,,,,,,40.834193,-73.925723,New Construction,204,2025090022,2129692
7311,1119 Boston Road Apartments,Tenant Selection,Rental,BX,10456,1119 Boston Rd,BX0301,2025-12-11,2026-01-05,9,2,5,2,,,,,9,,,,,,,,,,40.827697,-73.904441,New Construction,203,2026130031,2000000
5349,113 East 184th Street Apartments,Tenant Selection,Rental,BX,10468,113 EAST 184 STREET,BX0503,2024-11-13,2025-01-16,50,27,23,,,,,,,,50,,,,,,,,40.859823,-73.900313,New Construction,205,2031730068,2130525
4955,114 East 198th Street Apartments,Tenant Selection,Rental,BX,10468,114 E 198th St,BX0702,2024-10-07,2024-12-10,20,17,3,,,,,,,,20,,,,,,,,40.870589,-73.891713,New Construction,207,2033150050,2000000
4398,115 West 190th street Apartments,Tenant Selection,Rental,BX,10468,115 W 190th St,BX0701,2024-01-26,2024-02-16,12,1,8,3,,,,,,,12,,,,,,,,40.865596,-73.903819,New Construction,207,2032200115,2129742
4902,1182 Woodycrest  Apartments,Tenant Selection,Rental,BX,10452,1182 WOODYCREST AVENUE,BX0402,2024-11-06,2025-01-07,36,,19,9,8,,,1,27,8,,,5,2,,,,3,40.836723,-73.924835,New Construction,204,2025100003,2003157
5433,120 East 144th Street Apartments,Tenant Selection,Rental,BX,10451,120 E 144th St,BX0401,2024-12-23,2025-02-24,86,3,59,24,,,,,86,,,,5,2,20,5,,,40.816951,-73.929876,New Construction,201,2023440112,2000000
7440,121 Mount Hope Place Apartments,Tenant Selection,Rental,BX,10453,121 Mt Hope Pl,BX0502,2026-02-10,2026-03-04,6,6,,,,,,,6,,,,,,,,,,40.848741,-73.907721,New Construction,205,2028050063,2007633
7408,1256 Shakespeare Avenue,Tenant Selection,Rental,BX,10452,1256 SHAKESPEARE AVENUE,BX0402,2026-01-13,2026-02-04,3,2,1,,,,,,3,,,,,,,,,,40.838602,-73.923004,New Construction,204,2025060081,2091247
3642,1325 Southern Boulevard Apartments,Tenant Selection,Rental,BX,10459,1325 SOUTHERN BOULEVARD,BX0303,2023-08-01,2023-10-02,22,5,10,5,2,,,6,13,3,,,5,2,50,5,,,40.831084,-73.891496,New Construction,203,2029760098,2010494
6909,1353 Castle Hill Avenue Senior Apartments,Tenant Selection,Rental,BX,10462,1353 CASTLE HILL AVENUE,BX0904,2025-10-27,2025-12-18,15,4,7,4,,,,,10,,5,,5,2,20,5,,66,40.835363,-73.852015,New Construction,209,2039350058,2130358
4758,138 Bruckner Boulevard Apartments,Tenant Selection,Rental,BX,10454,138 Bruckner Blvd,BX0101,2024-04-23,2024-07-24,135,8,93,34,,,,,,,135,,,,,,,,40.803902,-73.920534,New Construction,201,2022600010,2129717
7447,1435 East Gunhill Road Apartments,Tenant Selection,Rental,BX,10469,1435 E Gun Hill Rd,BX1202,2026-04-08,2026-04-29,4,,4,,,,,,4,,,,,,,,,,40.869376,-73.844126,New Construction,212,2047620102,2000000
2657,1543 Jesup Avenue Apartments,Tenant Selection,Rental,BX,10452,1543 JESUP AVENUE,BX0403,2022-02-09,2022-03-11,7,2,3,2,,,,,,,7,,,,,,,,40.844563,-73.918476,New Construction,204,2028720230,2008696
7158,1571 Jarvis Avenue Apartments,Tenant Selection,Rental,BX,10461,1571 Jarvis Ave,BX1002,2025-08-04,2025-08-25,5,3,2,,,,,,5,,,,,,,,,,40.844039,-73.82812,Preservation,210,2054010012,2000000
7363,1591 Jesup Avenue Apartments,Tenant Selection,Rental,BX,10452,1591 Jesup Ave,BX0501,2025-12-15,2026-01-08,18,3,11,4,,,,,,,18,,,,,,,,40.845447,-73.918323,New Construction,205,2028720243,2000000
5654,16 Wade Square Apartments,Tenant Selection,Rental,BX,10457,16 Wade Square,BX0602,2025-10-16,2025-12-15,23,5,6,5,6,1,,,,,23,,,,,,,,40.85193,-73.891082,New Construction,206,2030630152,2000000
7539,1686 Davidson Avenue,Tenant Selection,Rental,BX,10453,1686 Davidson Ave,BX0501,2026-05-01,2026-05-21,7,1,2,4,,,,,7,,,,,,,,,,40.84669,-73.914208,New Construction,205,2028610020,2008347
7570,1727 Boston Road Apartments,Tenant Selection,Rental,BX,10460,1727 Boston Road,BX0303,2026-05-22,2026-06-15,19,5,5,9,,,,,19,,,,,,,,,,40.836889,-73.888584,Preservation,203,2029400053,2009881
3951,1739 Grand Avenue Apartments,Tenant Selection,Rental,BX,10453,1739 Grand Ave,BX0501,2023-10-09,2024-01-02,30,7,13,10,,,,,,,30,,,,,,,,40.849536,-73.913312,New Construction,205,2028670086,2129191
3695,1760 Grand Avenue Apartments,Tenant Selection,Rental,BX,10453,1760 GRAND AVENUE,BX0501,2023-04-28,2023-05-26,5,1,1,3,,,,,,,5,,,,,,,,40.849456,-73.913345,New Construction,205,2028670123,2008515
7304,1761 Topping Ave Apartments,Tenant Selection,Rental,BX,10457,1761 Topping Ave,BX0502,2025-11-06,2025-12-08,2,,2,,,,,,2,,,,,,,,,,40.845709,-73.905687,New Construction,205,2027980046,2000000
3739,1791 Marmion Avenue Apartments,Tenant Selection,Rental,BX,10460,1791 MARMION AVENUE,BX0602,2023-05-23,2023-08-30,26,11,9,6,,,,,,,26,,,,,,,,40.840154,-73.889905,New Construction,206,2029520056,2010013
7472,1801 Weeks Avenue Apartments,Tenant Selection,Rental,BX,10457,1801 Weeks Ave,BX0502,2026-03-06,2026-03-27,19,5,4,10,,,,,19,,,,,,,,,,40.84691,-73.907388,New Construction,205,2028260102,2007901
4414,1819 Sedgwick Avenue Apartments,Tenant Selection,Rental,BX,10453,1819 Sedgwick Ave,BX0501,2024-02-02,2024-02-26,8,,8,,,,,,,,8,,,,,,,,40.852598,-73.919352,New Construction,205,2028810023,2129750
4549,1821 Prospect Avenue Apartments,Tenant Selection,Rental,BX,10457,1821 Prospect Ave,BX0602,2024-03-19,2024-05-20,32,31,,1,,,,,,,32,,,,,,,,40.842043,-73.891156,New Construction,206,2029490072,2092145
7269,1824 Anthony Avenue Apartments,Tenant Selection,Rental,BX,10457,1824 Anthony Ave,BX0502,2025-11-03,2026-01-02,39,9,10,20,,,,,,,39,,,,,,,,40.846902,-73.903766,New Construction,205,2028920016,2000000
7187,1840 Harrison Avenue Apartments,Tenant Selection,Rental,BX,10453,1840 Harrison Ave,BX0501,2025-08-06,2025-10-10,53,,1,52,,,,,,,53,,,,,,,,40.851235,-73.913306,New Construction,205,2028690016,2000000
5525,1890 Pelham Parkway Apartments,Tenant Selection,Rental,BX,10461,1890 Pelham Pkwy S,BX1003,2024-11-27,2024-12-19,18,2,3,13,,,,,,,18,,,,,,,,40.855572,-73.829948,New Construction,210,2042510030,2000000
7349,1970 Crotona Avenue Apartments,Tenant Selection,Rental,BX,10457,1970 CROTONA AVENUE,BX0602,2025-12-08,2025-12-30,10,2,6,2,,,,,10,,,,,,,,,,40.845814,-73.890774,New Construction,206,2030920004,2000000
7405,1985 Jerome Avenue Apartments,Tenant Selection,Rental,BX,10453,1985 JEROME AVENUE,BX0501,2026-03-18,2026-05-18,28,,22,6,,,,11,17,,,,5,2,20,10,,,40.85234,-73.908718,New Construction,205,2028630050,2128676
7271,1992 Arthur Avenue Apartments,Tenant Selection,Rental,BX,10457,1992 Arthur Ave,BX0602,2025-09-23,2025-10-15,3,2,1,,,,,,3,,,,,,,,,,40.847251,-73.892857,New Construction,206,2030680064,2000000
5486,2040 McGraw Avenue Apartments,Tenant Selection,Rental,BX,10462,2040 McGraw Ave,BX0904,2024-12-12,2025-01-10,19,,13,6,,,,,,,19,,,,,,,,40.835303,-73.85697,New Construction,209,2039320163,2000000
7367,2043 Webster Avenue Apartments,Tenant Selection,Rental,BX,10457,2043 Webster Ave,BX0502,2025-12-15,2026-01-05,14,6,7,1,,,,,,,14,,,,,,,,40.851138,-73.898884,New Construction,205,2031420065,2000000
7007,2070 Honeywell Avenue Apartments,Tenant Selection,Rental,BX,10460,2070 Honeywell Ave,BX0601,2025-04-10,2025-05-01,17,3,10,4,,,,,,,17,,,,,,,,40.844354,-73.882952,New Construction,206,2031220035,2000000
4268,2072 Anthony Avenue Apartments,Tenant Selection,Rental,BX,10457,2072 ANTHONY AVENUE,BX0502,2023-12-12,2024-02-12,110,29,59,22,,,,,,,110,,,,,,,,40.852746,-73.902001,New Construction,205,2031560049,2129647
5378,2077 Ryer Avenue  Apartments,Tenant Selection,Rental,BX,10457,2077 Ryer Ave,BX0502,2024-10-17,2024-12-19,58,,1,57,,,,,,,58,,,,,,,,40.852507,-73.901029,New Construction,205,2031560057,2000000
4950,208 East Mosholu Parkway South,Tenant Selection,Rental,BX,10458,208 EAST MOSHOLU PARKWAY SOUTH,BX0702,2024-06-24,2024-07-26,18,15,3,,,,,,,,18,,,,,,,,40.873619,-73.883309,New Construction,207,2033090068,2017287
4816,2093 Matthews Avenue Apartments,Tenant Selection,Rental,BX,10462,2093 Matthews Ave,BX1101,2024-05-30,2024-06-21,13,2,9,2,,,,,,,13,,,,,,,,40.853541,-73.862971,New Construction,211,2042930046,2130643
3995,2097 Davidson Avenue Apartments,Tenant Selection,Rental,BX,10453,2097 DAVIDSON AVENUE,BX0501,2023-10-11,2023-11-01,3,1,2,,,,,,,,3,,,,,,,,40.855193,-73.907279,New Construction,205,2031940046,2014180
6958,2104 Ryer Avenue Apartments,Tenant Selection,Rental,BX,10457,2104 Ryer Ave,BX0502,2025-05-01,2025-05-22,17,4,4,9,,,,,,,17,,,,,,,,40.853385,-73.90067,New Construction,205,2031490082,2000000
5578,2123 Glebe Avenue Apartments,Tenant Selection,Rental,BX,10462,2123 Glebe Ave,BX1001,2025-01-09,2025-03-10,50,4,23,23,,,,,,,50,,,,,,,,40.834985,-73.850336,New Construction,210,,
7248,2135 Reeds Mill Lane Apartments,Tenant Selection,Rental,BX,10475,2135 REEDS MILL LANE,BX1202,2025-10-16,2025-11-07,3,,1,2,,,,,3,,,,,,,,,,40.881757,-73.832301,New Construction,212,2052630258,2123651
4953,2136 Matthews Avenue Apartments,Tenant Selection,Rental,BX,10462,2136 Matthews Ave,BX1101,2024-07-18,2024-08-08,5,,3,2,,,,,,,5,,,,,,,,40.855064,-73.862903,New Construction,211,2043230012,2000000
3994,2150 Clinton Ave,Tenant Selection,Rental,BX,10457,2150 Clinton Ave,BX0602,2023-09-29,2023-11-03,19,5,1,13,,,,,,,19,,,,,,,,40.849106,-73.886507,New Construction,206,2030970012,2129653
7289,2164 Hughes Avenue Apartments,Tenant Selection,Rental,BX,10457,2164 Hughes Ave,BX0602,2025-11-05,2025-11-28,7,1,3,3,,,,,7,,,,,,,,,,40.850945,-73.889248,New Construction,206,2030820022,2000000
4730,2183 Morris Avenue Apartments,Tenant Selection,Rental,BX,10453,2183 Morris Ave,BX0503,2024-04-29,2024-07-05,59,7,41,11,,,,,,,59,,,,,,,,40.856003,-73.903272,New Construction,205,2031810042,2000000
7136,2216 Aqueduct Avenue Apartments,Tenant Selection,Rental,BX,10453,2216 Aqueduct Ave,BX0501,2026-01-22,2026-02-12,5,1,2,2,,,,,5,,,,,,,,,,40.858605,-73.907516,New Construction,205,2032080007,2000000
5679,222 Echo Place Apartments,Tenant Selection,Rental,BX,10457,222 ECHO PLACE,BX0502,2025-02-03,2025-02-25,14,6,5,3,,,,,,,14,,,,,,,,40.849728999999996,-73.904695,New Construction,205,2028090017,2129319
4149,2233 Bathgate Avenue Apartments,Tenant Selection,Rental,BX,10457,2233 BATHGATE AVENUE,BX0603,2023-11-09,2023-12-15,3,,3,,,,,,,,3,,,,,,,,40.853808,-73.892565,New Construction,206,2030500088,2129646
7207,2250 Aqueduct Avenue Apartments,Tenant Selection,Rental,BX,10453,2250 Aqueduct Ave,BX0501,2025-11-12,2025-12-03,17,4,,12,1,,,,,,17,,,,,,,,40.858874,-73.907263,New Construction,205,2032080031,2000000
7272,2267 Andrews Avenue North Apartments,Tenant Selection,Rental,BX,10468,2267 ANDREWS AVENUE,BX0701,2025-10-27,2025-11-18,5,2,3,,,,,,5,,,,,,,,,,40.860763,-73.907976,New Construction,207,2032250032,2000000
3759,2279 Barker Avenue Apartments,Tenant Selection,Rental,BX,10467,2279 BARKER AVENUE,BX1104,2023-06-08,2023-08-10,22,6,13,3,,,,,,,22,,,,,,,,40.85954,-73.869506,New Construction,211,2043400075,2049749
7406,2305 Belmont Avenue,Tenant Selection,Rental,BX,10458,2305 BELMONT AVENUE,BX0603,2026-01-22,2026-02-23,4,,3,1,,,,,,,4,,,,,,,,40.852848,-73.887061,Preservation,206,2030870056,2012470
7211,2311 Grand Avenue Apartments,Tenant Selection,Rental,BX,10468,2311 Grand Ave,BX0701,2025-08-27,2025-09-18,5,1,3,1,,,,,5,,,,,,,,,,40.860459,-73.904842,New Construction,207,2032090055,2000000
4658,2311 White Plains Road Apartments,Tenant Selection,Rental,BX,10467,2311 WHITE PLAINS ROAD,BX1104,2024-05-23,2024-06-17,15,3,4,8,,,,,,,15,,,,,,,,40.860468,-73.867519,New Construction,211,2043420094,2129690
7327,233 East 202nd Street Apartments,Tenant Selection,Rental,BX,10458,233 EAST 202 STREET,BX0702,2025-12-17,2026-01-09,9,3,5,1,,,,,9,,,,,,,,,,40.873048,-73.885736,New Construction,207,2033080028,2000000
4277,2330 Cambreleng Avenue Apartments,Tenant Selection,Rental,BX,10458,2330 Cambreleng Ave,BX0603,2023-11-30,2024-02-05,14,3,4,7,,,,,,,14,,,,,,,,40.85345,-73.88577,New Construction,206,2030890018,2000000
4890,234 East 203rd Street Apartments,Tenant Selection,Rental,BX,10458,234 EAST 203 STREET,BX0702,2024-06-27,2024-08-26,20,20,,,,,,,,,20,,,,,,,,40.873657,-73.885352,New Construction,207,2033080017,2130667
2335,2369 & 2377 Hoffman Street,Tenant Selection,Rental,BX,10458,2377 HOFFMAN STREET,BX0603,2021-09-03,2021-10-18,3,,1,2,,,,,,,3,,,,,,,,40.855449,-73.888965,New Construction,206,2030540031,2011669
2335,2369 & 2377 Hoffman Street,Tenant Selection,Rental,BX,10458,2369 HOFFMAN STREET,BX0603,2021-09-03,2021-10-18,3,,1,2,,,,,,,3,,,,,,,,40.855337,-73.889063,New Construction,206,2030540033,2128438
5373,2414 Cambreleng Avenue Apartments,Tenant Selection,Rental,BX,10458,2414 CAMBRELENG AVENUE,BX0603,2024-11-18,2024-12-10,4,,4,,,,,,,,4,,,,,,,,40.854899,-73.885069,New Construction,206,2030900006,2129737
7148,2519 Sedgwick Avenue Apartments,Tenant Selection,Rental,BX,10468,2519 SEDGWICK AVENUE,BX0701,2025-07-28,2025-08-18,8,1,5,2,,,,,8,,,,,,,,,,40.867235,-73.90754,Preservation,207,2032370156,2129760
5246,2528 Grand Avenue Senior,Tenant Selection,Rental,BX,10468,2528 GRAND AVENUE,BX0701,2024-10-03,2024-10-24,19,,9,10,,,,,19,,,,5,2,20,5,,100,40.865215,-73.901429,New Construction,207,2032040015,2129684
1849,27 Buchanan Place,Tenant Selection,Rental,BX,10453,27 Buchanan Pl,BX0501,2020-11-04,2020-11-27,8,2,3,3,,,,,,,8,,,,,,,,40.858099,-73.905388,New Construction,205,2031960066,2128894
2075,2720 Claflin Avenue,Tenant Selection,Rental,BX,10468,2720 CLAFLIN AVENUE,BX0801,2021-03-16,2021-04-06,5,1,1,3,,,,,,,5,,,,,,,,40.869694,-73.901007,New Construction,208,2032480082,2015267
7351,2721 Colden Avenue Apartments,Tenant Selection,Rental,BX,10469,2721 Colden Ave,BX1104,2025-12-15,2026-01-14,13,2,8,3,,,,,13,,,,5,2,20,10,,,40.866003,-73.859608,New Construction,211,2045160046,2000000
4594,2754 Creston Avenue Apartments,Tenant Selection,Rental,BX,10468,2754 Creston Ave,BX0702,2024-03-13,2024-04-15,19,19,,,,,,,,,19,,,,,,,,40.869377,-73.89323,New Construction,207,2033150029,2129723
3130,276 GRAND CONCOURSE APARTMENTS - Units Still Available,Tenant Selection,Rental,BX,10451,276 GRAND CONCOURSE,BX0101,2022-08-15,2022-10-31,31,3,19,9,,,,,,,31,,,,,,,,40.813912,-73.92929,New Construction,201,2023410010,2000999
5042,285 East 163rd Street Apartments,Tenant Selection,Rental,BX,10451,285 E 163rd St,BX0401,2024-08-19,2024-10-21,35,,30,5,,,,,,,35,,,,,,,,40.827048,-73.916857,New Construction,204,2024230048,2129676
3200,2850 Webster Avenue Senior Apartments,Tenant Selection,Rental,BX,10458,2856 Webster Ave,BX0603,2022-11-02,2023-01-03,130,105,25,,,,,130,,,,,5,2,,,,100,40.866723,-73.884546,New Construction,207,2032737501,2130640
7390,2854 Webb Avenue Apartments,Tenant Selection,Rental,BX,10468,2854 Webb Ave,BX0801,2025-12-23,2026-01-13,2,,2,,,,,,2,,,,,,,,,,40.873328,-73.900633,New Construction,208,2032500070,2000000
5427,29 Featherbed Lane Apartments,Tenant Selection,Rental,BX,10452,29 FEATHERBED LANE,BX0501,2026-01-13,2026-03-16,40,8,20,12,,,,16,24,,,,5,2,20,10,,,40.845947,-73.915229,New Construction,205,2028650122,2129190
7509,2951 Wallace Avenue Apartments,Tenant Selection,Rental,BX,10467,2951 Wallace Ave,BX1104,2026-04-07,2026-04-28,8,,4,4,,,,,8,,,,,,,,,,40.869094,-73.864356,Preservation,211,2045480035,2000000
4531,299 East 161st Street Apartments,Tenant Selection,Rental,BX,10451,299 E 161 St,BX0401,2024-03-28,2024-05-28,47,12,25,10,,,,,27,,20,,5,2,50,5,,,40.825306,-73.917575,New Construction,204,2024210049,2130660
4384,3001 Grand Concourse Apartments,Tenant Selection,Rental,BX,10468,3001 Grand Concourse,BX0702,2024-02-01,2024-04-03,43,8,27,8,,,,,,,43,,,,,,,,40.873123,-73.887211,New Construction,207,2033100074,2129739
7460,3030 Colden Avenue Apartments,Tenant Selection,Rental,BX,10469,3030 Colden Ave,BX1104,2026-03-23,2026-04-13,3,,1,2,,,,,3,,,,,,,,,,40.870013,-73.859459,New Construction,212,2045760018,2000000
7247,3044 & 3046 Decatur Avenue Apartments,Tenant Selection,Rental,BX,10467,3044 Decatur Ave,BX0703,2025-09-29,2025-10-29,2,,2,,,,,,2,,,,,,,,,,40.870821,-73.879343,New Construction,207,2033310007,2000000
7247,3044 & 3046 Decatur Avenue Apartments,Tenant Selection,Rental,BX,10467,3046 Decatur Ave,BX0703,2025-09-29,2025-10-29,2,,2,,,,,,2,,,,,,,,,,40.870843,-73.879304,New Construction,207,2033310010,2000000
4967,3055 Sedgwick Avenue Apartments,Tenant Selection,Rental,BX,10468,3055 SEDGWICK AVENUE,BX0801,2024-07-29,2024-08-19,6,,3,3,,,,,,,6,,,,,,,,40.87625,-73.900003,New Construction,208,2032530226,2015567
3889,3073 Barker Avenue Apartments,Tenant Selection,Rental,BX,10467,3073 BARKER AVENUE,BX1201,2023-08-15,2024-02-05,24,7,12,5,,,,,,,24,,,,,,,,40.871024,-73.869349,New Construction,212,2045430027,2054725
7200,3118 Webster Avenue Apartments,Tenant Selection,Rental,BX,10467,3118 Webster Ave,BX0703,2025-09-22,2025-11-21,69,2,27,30,10,,,35,34,,,,5,2,20,5,,,40.8716,-73.876319,New Construction,207,2033570007,2000000
5007,3178 Villa Avenue Apartments,Tenant Selection,Rental,BX,10468,3178 Villa Ave,BX0702,2024-09-19,2024-11-21,21,21,,,,,,,,,21,,,,,,,,40.876554,-73.886873,New Construction,207,2033110035,2130865
5060,3187 Grand Concourse Avenue Apartments,Tenant Selection,Rental,BX,10468,3187 GRAND CONCOURSE,BX0702,2024-08-22,2024-09-13,10,4,6,,,,,,,,10,,,,,,,,40.876341,-73.885774,New Construction,207,2033110068,2128709
7385,3217 Westchester Avenue,Tenant Selection,Rental,BX,10461,3217 WESTCHESTER AVENUE,BX1003,2025-12-22,2026-01-13,11,4,6,1,,,,,11,,,,,,,,,,40.851863,-73.829423,New Construction,210,2042450016,2000000
3225,322 Grand Concourse Apartments,Tenant Selection,Rental,BX,10451,322 Grand Concourse,BX0101,2022-10-05,2022-12-15,25,5,7,13,,,,,25,,,,5,2,50,5,,,40.814571,-73.928878,New Construction,201,2023410031,2130530
7160,33 Bedford Park Boulevard Apartments,Tenant Selection,Rental,BX,10468,33 BEDFORD PARK BOULEVARD,BX0702,2025-08-11,2025-09-02,6,,6,,,,,,,,6,,,,,,,,40.87265,-73.888477,New Construction,207,2033100002,2017303
4837,3327 White Plains Road Apartments,Tenant Selection,Rental,BX,10467,3327 White Plains Rd,BX1201,2024-06-10,2024-07-02,7,1,3,3,,,,,,,7,,,,,,,,40.874054,-73.867083,New Construction,212,2046240049,2130528
5216,3377 Sedgwick Avenue  Apartments,Tenant Selection,Rental,BX,10463,3377 Sedgwick Avenue,BX0801,2024-09-26,2024-10-21,9,2,4,3,,,,,,,9,,,,,,,,40.880474,-73.896666,New Construction,208,2032550055,2129698
4747,3418 Third Avenue Apartments,Tenant Selection,Rental,BX,10456,3418 Third Ave,BX0301,2024-05-15,2024-06-06,13,3,8,2,,,,,,,13,,,,,,,,40.828616,-73.906886,New Construction,203,2026080034,2129677
4306,3470 Fort Independence-Waiting list,Tenant Selection,Rental,BX,10463,3470 FORT INDEPENDENCE STREET,BX0801,2023-11-29,2024-01-08,36,8,9,16,3,,,,12,,24,,,,,,,,40.881728,-73.898845,New Construction,208,2032580120,2130471
7528,3530 Willett Avenue,Tenant Selection,Rental,BX,10467,3530 Willett Ave,BX1201,2026-04-29,2026-05-20,2,,2,,,,,,2,,,,,,,,,,40.878341,-73.867017,New Construction,212,,
7386,3602 Holland Avenue Apartments,Tenant Selection,Rental,BX,10467,3602 HOLLAND AVENUE,BX1201,2025-12-31,2026-01-22,13,12,1,,,,,,,,13,,,,,,,,40.878939,-73.863805,New Construction,212,2046610040,2057803
7180,361 A & B East 194th Street Apartments,Tenant Selection,Rental,BX,10458,361 E 194th St,BX0702,2025-08-21,2025-09-12,4,,4,,,,,,4,,,,,,,,,,40.863775,-73.890669,New Construction,207,2032820063,2000000
6824,3641 Johnson Avenue Apartments,Tenant Selection,Rental,BX,10463,3641 JOHNSON AVENUE,BX0803,2025-03-03,2025-03-24,8,,4,4,,,,,,,8,,,,,,,,40.887695,-73.909439,New Construction,208,2057990059,2129237
4392,3745 Riverdale Avenue Apartments,Tenant Selection,Rental,BX,10463,3745 Riverdale Ave,BX0803,2024-03-26,2024-05-27,27,6,7,14,,,,,,,27,,,,,,,,40.887776,-73.907371,New Construction,208,2057960127,2000000
7100,3815 Carpenter Avenue Apartments,Tenant Selection,Rental,BX,10467,3815 Carpenter Ave,BX1201,2025-06-26,2025-07-18,4,3,1,,,,,,4,,,,,,,,,,40.884943,-73.865423,New Construction,212,2046530022,2000000
7042,3825 Carpenter Avenue Apartments,Tenant Selection,Rental,BX,10467,3825 CARPENTER AVENUE,BX1201,2025-06-11,2025-07-03,3,1,1,1,,,,,3,,,,,,,,,,40.885338,-73.865209,New Construction,212,2046530089,2129752
4587,3831 Carpenter Avenue,Tenant Selection,Rental,BX,10467,3831 Carpenter Ave,BX1201,2024-03-11,2024-04-01,9,3,6,,,,,,,,9,,,,,,,,40.885453,-73.865147,New Construction,212,2046530085,2129652
7550,3846 Bailey Avenue Apartments,Tenant Selection,Rental,BX,10463,3846 Bailey Ave,BX0801,2026-05-19,2026-06-10,7,1,5,1,,,,,7,,,,,,,,,,40.885153,-73.896235,New Construction,208,2032630035,2016003
1671,3941 White Plains  Road,Tenant Selection,Rental,BX,10466,3941 WHITE PLAINS ROAD,BX1201,2024-01-19,2024-02-09,3,,1,1,1,,,,,,3,,,,,,,,40.886862,-73.861004,New Construction,212,2048250004,2062932
4635,414 East 152nd Street Apartments,Tenant Selection,Rental,BX,10455,414 E 152nd St,BX0102,2024-04-08,2024-06-07,25,8,16,1,,,,,,,25,,,,,,,,40.818111,-73.916373,New Construction,201,2023747501,2000000
4815,51 West 174th Street Apartments,Tenant Selection,Rental,BX,10453,51 WEST 174 STREET,BX0501,2024-05-23,2024-06-21,8,8,,,,,,,,,8,,,,,,,,40.847429,-73.915476,New Construction,205,2028660053,2008456
7146,54 Clinton Place Apartments,Tenant Selection,Rental,BX,10453,54 CLINTON PLACE,BX0501,2025-08-06,2025-08-27,3,1,1,1,,,,,3,,,,,,,,,,40.857159,-73.907233,New Construction,205,2032070020,2129753
7391,585 Jackson Avenue Apartments,Tenant Selection,Rental,BX,10455,585 Jackson Ave,BX0102,2026-01-07,2026-01-28,16,9,7,,,,,,16,,,,,,,,,,40.814117,-73.90877,New Construction,201,2026230165,2004422
7441,599 Tinton Avenue  Apartments,Tenant Selection,Rental,BX,10455,599 TINTON AVENUE,BX0102,2026-01-22,2026-02-23,11,,10,1,,,,,11,,,,,,,,,,40.813975,-73.905877,New Construction,201,2026530044,2004672
7267,60 Buchanan Place Apartments,Tenant Selection,Rental,BX,10453,60 Buchanan Pl,BX0501,2025-10-27,2025-11-18,3,3,,,,,,,3,,,,,,,,,,40.858467,-73.906486,New Construction,205,2032080014,2000000
6849,62-66 West Tremont Avenue Apartments,Tenant Selection,Rental,BX,10453,62-66 W Tremont Ave,BX0501,2025-02-19,2025-04-21,67,18,39,9,1,,,8,59,,,,5,2,,,,,40.851486,-73.911777,Preservation,205,2028620008,2008383
7167,66 East 177th Street Apartments,Tenant Selection,Rental,BX,10453,66 E 177th St,BX0502,2025-07-15,2025-08-05,11,4,5,2,,,,,11,,,,,,,,,,40.849804,-73.908732,New Construction,205,2028270044,2000000
2847,661 Manida Street Senior Apartments,Tenant Selection,Rental,BX,10474,661 Manida St,BX0201,2022-06-28,2022-08-30,32,23,9,,,,30,,2,,,,5,2,50,5,,100,40.813221,-73.888075,New Construction,202,2027650206,2130561
5757,686 Eagle Avenue Apartments,Tenant Selection,Rental,BX,10455,686 EAGLE AVENUE,BX0102,2025-03-27,2025-04-28,4,,2,2,,,,,,,4,,,,,,,,40.81767,-73.910286,New Construction,201,2026240029,2098028
5718,712 East 180th Street Apartments,Tenant Selection,Rental,BX,10457,712 East 180th Street,BX0602,2025-08-25,2025-09-16,11,5,3,3,,,,,,,11,,,,,,,,40.847895,-73.888371,New Construction,206,2030950035,2012675
7404,714 Beach Avenue Apartments,Tenant Selection,Rental,BX,10473,714 Beach Ave,BX0902,2025-12-30,2026-01-21,9,,6,2,1,,,,9,,,,,,,,,,40.819469,-73.86346,New Construction,209,2035980012,2000000
4641,714 East 217th Street Apartments,Tenant Selection,Rental,BX,10467,714 EAST 217 STREET,BX1201,2024-04-01,2024-04-22,16,15,1,,,,,,,,16,,,,,,,,40.881926,-73.862873,New Construction,212,2046640061,2057962
7433,715 East 216th Street Apartments,Tenant Selection,Rental,BX,10467,715 E 216th St,BX1201,2026-02-10,2026-03-04,5,2,3,,,,,,5,,,,,,,,,,40.881213,-73.863207,New Construction,212,2046640042,2000000
7205,717 Bartholdi Street Apartments,Tenant Selection,Rental,BX,10467,717 Bartholdi St,BX1201,2025-08-06,2025-08-27,3,,3,,,,,,3,,,,,,,,,,40.874262,-73.866425,New Construction,212,2046290001,2000000
7135,722 Saint Lawrence Avenue Apartments,Tenant Selection,Rental,BX,10473,722 St Lawrence Ave,BX0902,2025-07-17,2025-08-07,4,2,2,,,,,,4,,,,,,,,,,40.820008,-73.864536,New Construction,209,2035970020,2000000
3129,724 Elton Avenue Apartments,Tenant Selection,Rental,BX,10455,724 Elton Ave,BX0102,2022-09-01,2022-09-23,5,4,,1,,,,,,,5,,,,,,,,40.819968,-73.914149,New Construction,201,2023770041,2103478
7368,727 East 215th Street Apartments,Tenant Selection,Rental,BX,10467,727 E 215th St,BX1201,2026-01-05,2026-02-04,3,,3,,,,,,3,,,,,,,,,,40.880302,-73.863462,New Construction,212,2046630085,2057917
7444,773 East 183 Street Apartments,Tenant Selection,Rental,BX,10460,773 E 183rd St,BX0603,2026-03-13,2026-04-03,7,5,2,,,,,,7,,,,,,,,,,40.851373,-73.883359,New Construction,206,2031140041,2000000
5086,773 Grote Street Apartments,Tenant Selection,Rental,BX,10460,773 GROTE STREET,BX0603,2024-09-23,2024-10-15,11,2,3,6,,,,,,,11,,,,,,,,40.850539,-73.883606,New Construction,206,2031130006,2129718
7171,779 Burke Avenue Apartments,Tenant Selection,Rental,BX,10467,779 BURKE AVENUE,BX1201,2025-07-23,2025-08-13,6,3,1,2,,,,,,,6,,,,,,,,40.871394,-73.863939,New Construction,212,2046030025,2056370
7437,779 East 181 Street Apartments,Tenant Selection,Rental,BX,10460,779 E 181st St,BX0602,2026-02-05,2026-02-26,3,,3,,,,,,3,,,,,,,,,,40.84756,-73.88535,New Construction,206,,
7471,788 Fairmount Place Apartments,Tenant Selection,Rental,BX,10460,788 Fairmount Pl,BX0602,2026-03-09,2026-03-31,7,1,,6,,,,,,,7,,,,,,,,40.842741,-73.889138,New Construction,206,2029540021,2000000
5518,790 Allerton Avenue Apartments,Tenant Selection,Rental,BX,10467,790 Allerton Ave,BX1104,2025-01-02,2025-01-24,13,,8,5,,,,,,,13,,,,,,,,40.865492,-73.863883,New Construction,211,2044390081,2000000
5668,811 Elsmere Place Apartments,Tenant Selection,Rental,BX,10460,811 Elsmere Pl,BX0602,2025-04-16,2025-05-07,4,2,1,1,,,,,,,4,,,,,,,,40.843188,-73.888346,New Construction,206,2029560040,2000000
7288,874 Home Street Apartments,Tenant Selection,Rental,BX,10459,874 HOME STREET,BX0202,2025-10-28,2025-11-20,3,1,1,1,,,,,3,,,,,,,,,,40.828113,-73.896455,New Construction,202,2026920036,2127517
3156,909 EAST 229th STREET APARTMENTS,Tenant Selection,Rental,BX,10466,909 EAST 229 STREET,BX1203,2024-02-12,2024-03-05,6,,3,3,,,,,,,6,,,,,,,,40.888619,-73.852551,New Construction,212,2048650044,2064641
4718,943-947 Teller Avenue - Waiting List,Tenant Selection,Owner,BX,10451,943 TELLER AVENUE,BX0401,2024-04-29,2024-05-29,9,,4,1,2,2,,,,9,,,,,,,,,40.826292,-73.915467,Preservation,204,2024220030,2001965
7166,947 College Avenue Apartments,Tenant Selection,Rental,BX,10456,947 College Ave,BX0401,2025-08-04,2025-08-25,11,,5,6,,,,,,,11,,,,,,,,40.827374,-73.915957,New Construction,204,2024230038,2000000
5056,967 East 167th Street Apartments,Tenant Selection,Rental,BX,10459,967 EAST 167 STREET,BX0303,2024-08-15,2024-09-06,4,2,2,,,,,,,,4,,,,,,,,40.826799,-73.891438,New Construction,203,2027450050,2006071
4754,ANDREWS AVENUE SOUTH SENIOR RESIDENCE,Tenant Selection,Rental,BX,10453,1746 ANDREWS AVENUE,BX0501,2024-05-08,2024-07-09,80,56,24,,,,,24,56,,,,5,2,,,,100,40.85037,-73.917222,New Construction,205,2028780183,2129342
2275,Alexander Lofts - Units Still Available,Tenant Selection,Rental,BX,10454,308 EAST 134 STREET,BX0101,2021-07-29,2021-08-30,2,,2,,,,,,,,2,,,,,,,,40.807766,-73.927635,New Construction,201,2023090022,2128911
2275,Alexander Lofts - Units Still Available,Tenant Selection,Rental,BX,10454,141 ALEXANDER AVENUE,BX0101,2021-07-29,2021-08-30,3,,,3,,,,,,,3,,,,,,,,40.807386,-73.927104,New Construction,201,2023090023,2128365
2275,Alexander Lofts - Units Still Available,Tenant Selection,Rental,BX,10454,139 ALEXANDER AVENUE,BX0101,2021-07-29,2021-08-30,3,,3,,,,,,,,3,,,,,,,,40.807359,-73.927122,New Construction,201,2023090024,2130542
2779,Amanda's Cove Waiting List,Tenant Selection,Rental,BX,10469,1186 EAST 214 STREET,BX1201,2022-03-23,2022-04-20,8,,1,5,2,,,,7,1,,,,,,,,,40.87597,-73.851408,New Construction,212,2047080182,2113527
2779,Amanda's Cove Waiting List,Tenant Selection,Rental,BX,10469,2902 ELY AVENUE,BX1202,2022-03-23,2022-04-20,2,,,,2,,,,,2,,,,,,,,,40.869919,-73.835838,New Construction,212,2047960138,2112930
2779,Amanda's Cove Waiting List,Tenant Selection,Rental,BX,10467,3210 OLINVILLE AVENUE,BX1201,2022-03-23,2022-04-20,8,,1,5,2,,,,6,2,,,,,,,,,40.871854,-73.868238,New Construction,212,2045950004,2056207
2779,Amanda's Cove Waiting List,Tenant Selection,Rental,BX,10475,2189 NEW ENGLAND THRUWAY SERVICE ROAD,BX1202,2022-03-23,2022-04-20,2,,,1,1,,,,,2,,,,,,,,,40.881886,-73.830337,New Construction,212,2052630182,2113220
2779,Amanda's Cove Waiting List,Tenant Selection,Rental,BX,10469,3628 EASTCHESTER ROAD,BX1202,2022-03-23,2022-04-20,2,,,,2,,,,,2,,,,,,,,,40.881569,-73.848795,New Construction,212,2049010017,2114600
2779,Amanda's Cove Waiting List,Tenant Selection,Rental,BX,10466,4187 LACONIA AVENUE,BX1203,2022-03-23,2022-04-20,1,,,,1,,,,1,,,,,,,,,,40.889442,-73.846083,New Construction,212,2048790071,2065375
2779,Amanda's Cove Waiting List,Tenant Selection,Rental,BX,10475,2183 NEW ENGLAND THRUWAY SERVICE ROAD,BX1202,2022-03-23,2022-04-20,2,,,1,1,,,,1,1,,,,,,,,,40.881839,-73.830413,New Construction,212,2052630185,2113223
2779,Amanda's Cove Waiting List,Tenant Selection,Rental,BX,10475,2188 REEDS MILL LANE,BX1202,2022-03-23,2022-04-20,3,,,,3,,,,1,2,,,,,,,,,40.882168,-73.83183,New Construction,212,2052630179,2113702
2779,Amanda's Cove Waiting List,Tenant Selection,Rental,BX,10469,3632 EASTCHESTER ROAD,BX1202,2022-03-23,2022-04-20,3,,,,3,,,,,3,,,,,,,,,40.881626,-73.84882,New Construction,212,2049010020,2114602
2779,Amanda's Cove Waiting List,Tenant Selection,Rental,BX,10469,3630 EASTCHESTER ROAD,BX1202,2022-03-23,2022-04-20,3,,1,1,1,,,,1,2,,,,,,,,,40.881596,-73.848806,New Construction,212,2049010018,2114601
2779,Amanda's Cove Waiting List,Tenant Selection,Rental,BX,10469,3227 HONE AVENUE,BX1201,2022-03-23,2022-04-20,3,,,1,2,,,,1,2,,,,,,,,,40.871866,-73.857538,New Construction,212,2046110156,2115171
2779,Amanda's Cove Waiting List,Tenant Selection,Rental,BX,10469,2906 ELY AVENUE,BX1202,2022-03-23,2022-04-20,2,,,,2,,,,,2,,,,,,,,,40.869971,-73.835863,New Construction,212,2047960140,2112931
2779,Amanda's Cove Waiting List,Tenant Selection,Rental,BX,10466,1149 EAST 224 STREET,BX1202,2022-03-23,2022-04-20,2,,,,,2,,,1,1,,,,,,,,,40.882822,-73.847993,New Construction,212,2049030021,2115229
2779,Amanda's Cove Waiting List,Tenant Selection,Rental,BX,10467,3212 OLINVILLE AVENUE,BX1201,2022-03-23,2022-04-20,5,1,2,2,,,,,4,1,,,,,,,,,40.871879,-73.868238,New Construction,212,2045950114,2103652
2779,Amanda's Cove Waiting List,Tenant Selection,Rental,BX,10475,2186 REEDS MILL LANE,BX1202,2022-03-23,2022-04-20,3,,1,,2,,,,2,1,,,,,,,,,40.882116,-73.831992,New Construction,212,2052630178,2113701
2779,Amanda's Cove Waiting List,Tenant Selection,Rental,BX,10469,3471 BRUNER AVENUE,BX1202,2022-03-23,2022-04-20,3,,,,3,,,,1,2,,,,,,,,,40.879399,-73.841749,New Construction,212,2048830126,2112952
2779,Amanda's Cove Waiting List,Tenant Selection,Rental,BX,10469,1184 EAST 214 STREET,BX1201,2022-03-23,2022-04-20,8,,1,5,2,,,,7,1,,,,,,,,,40.875981,-73.851448,New Construction,212,2047080181,2113526
2779,Amanda's Cove Waiting List,Tenant Selection,Rental,BX,10475,2182 REEDS MILL LANE,BX1202,2022-03-23,2022-04-20,3,,1,,2,,,,,3,,,,,,,,,40.882083,-73.832101,New Construction,212,2052630176,2113699
2779,Amanda's Cove Waiting List,Tenant Selection,Rental,BX,10469,3221 HONE AVENUE,BX1201,2022-03-23,2022-04-20,3,,1,,2,,,,2,1,,,,,,,,,40.871789,-73.857542,New Construction,212,2046110159,2115174
2779,Amanda's Cove Waiting List,Tenant Selection,Rental,BX,10469,3225 HONE AVENUE,BX1201,2022-03-23,2022-04-20,3,,1,,2,,,,,3,,,,,,,,,40.871841,-73.857539,New Construction,212,2046110157,2115172
2779,Amanda's Cove Waiting List,Tenant Selection,Rental,BX,10466,1151 EAST 224 STREET,BX1202,2022-03-23,2022-04-20,3,,,,1,2,,,1,2,,,,,,,,,40.882805,-73.847953,New Construction,212,2049030020,2115228
2779,Amanda's Cove Waiting List,Tenant Selection,Rental,BX,10467,3214 OLINVILLE AVENUE,BX1201,2022-03-23,2022-04-20,7,,1,4,2,,,,6,1,,,,,,,,,40.871904,-73.868237,New Construction,212,2045950115,2112898
2779,Amanda's Cove Waiting List,Tenant Selection,Rental,BX,10469,3473 BRUNER AVENUE,BX1202,2022-03-23,2022-04-20,3,,1,,2,,,,1,2,,,,,,,,,40.879418,-73.841759,New Construction,212,2048830125,2112953
2779,Amanda's Cove Waiting List,Tenant Selection,Rental,BX,10467,3612 BARNES AVENUE,BX1201,2022-03-23,2022-04-20,9,4,4,1,,,,,6,3,,,,,,,,,40.878705,-73.861621,New Construction,212,2046720040,2114916
2779,Amanda's Cove Waiting List,Tenant Selection,Rental,BX,10466,1147 EAST 224 STREET,BX1202,2022-03-23,2022-04-20,3,,,,1,2,,,2,1,,,,,,,,,40.882838,-73.848033,New Construction,212,2049030022,2115230
2779,Amanda's Cove Waiting List,Tenant Selection,Rental,BX,10469,3469 BRUNER AVENUE,BX1202,2022-03-23,2022-04-20,3,,,,3,,,,,3,,,,,,,,,40.87938,-73.841738,New Construction,212,2048830227,2112946
2779,Amanda's Cove Waiting List,Tenant Selection,Rental,BX,10469,2904 ELY AVENUE,BX1202,2022-03-23,2022-04-20,2,,,,2,,,,1,1,,,,,,,,,40.869946,-73.835849,New Construction,212,2047960139,2112929
2779,Amanda's Cove Waiting List,Tenant Selection,Rental,BX,10469,3563 BRONXWOOD AVENUE,BX1201,2022-03-23,2022-04-20,3,,,,3,,,,1,2,,,,,,,,,40.877081,-73.859643,New Construction,212,2046710073,2115736
2779,Amanda's Cove Waiting List,Tenant Selection,Rental,BX,10475,2184 REEDS MILL LANE,BX1202,2022-03-23,2022-04-20,3,,1,,2,,,,,3,,,,,,,,,40.882086,-73.832086,New Construction,212,2052630177,2113700
2779,Amanda's Cove Waiting List,Tenant Selection,Rental,BX,10475,2187 NEW ENGLAND THRUWAY SERVICE ROAD,BX1202,2022-03-23,2022-04-20,3,,,,1,2,,,3,,,,,,,,,,40.88187,-73.830362,New Construction,212,2052630183,2113221
2779,Amanda's Cove Waiting List,Tenant Selection,Rental,BX,10469,3217 HONE AVENUE,BX1201,2022-03-23,2022-04-20,3,,1,1,1,,,,1,2,,,,,,,,,40.87174,-73.857542,New Construction,212,2046110160,2115175
2779,Amanda's Cove Waiting List,Tenant Selection,Rental,BX,10469,3561 BRONXWOOD AVENUE,BX1201,2022-03-23,2022-04-20,2,,,1,1,,,,2,,,,,,,,,,40.877054,-73.859657,New Construction,212,2046710075,2115564
2779,Amanda's Cove Waiting List,Tenant Selection,Rental,BX,10469,3475 BRUNER AVENUE,BX1202,2022-03-23,2022-04-20,3,,1,,2,,,,2,1,,,,,,,,,40.879437,-73.84177,New Construction,212,2048830124,2065453
2779,Amanda's Cove Waiting List,Tenant Selection,Rental,BX,10469,1185 EAST 213 STREET,BX1201,2022-03-23,2022-04-20,7,,,6,1,,,,3,4,,,,,,,,,40.875397,-73.851941,New Construction,212,2047080005,2113524
2779,Amanda's Cove Waiting List,Tenant Selection,Rental,BX,10475,2185 NEW ENGLAND THRUWAY SERVICE ROAD,BX1202,2022-03-23,2022-04-20,3,,,,1,2,,,2,1,,,,,,,,,40.881853,-73.830387,New Construction,212,2052630184,2113222
2779,Amanda's Cove Waiting List,Tenant Selection,Rental,BX,10469,3223 HONE AVENUE,BX1201,2022-03-23,2022-04-20,3,,1,,2,,,,1,2,,,,,,,,,40.871817,-73.857539,New Construction,212,2046110158,2115173
2779,Amanda's Cove Waiting List,Tenant Selection,Rental,BX,10469,2900 ELY AVENUE,BX1202,2022-03-23,2022-04-20,2,,,,2,,,,,2,,,,,,,,,40.869894,-73.835827,New Construction,212,2047960137,2112928
2779,Amanda's Cove Waiting List,Tenant Selection,Rental,BX,10469,3219 HONE AVENUE,BX1201,2022-03-23,2022-04-20,2,,1,,1,,,,,2,,,,,,,,,40.871765,-73.857542,New Construction,212,2046110060,2115167
2779,Amanda's Cove Waiting List,Tenant Selection,Rental,BX,10469,1183 EAST 213 STREET,BX1201,2022-03-23,2022-04-20,6,,,6,,,,,5,1,,,,,,,,,40.875405,-73.85197,New Construction,212,2047080008,2113525
2779,Amanda's Cove Waiting List,Tenant Selection,Rental,BX,10466,4183 LACONIA AVENUE,BX1203,2022-03-23,2022-04-20,2,,,,2,,,,2,,,,,,,,,,40.889371,-73.846123,New Construction,212,2048790171,2117227
4218,Arthur Avenue Senior Apartments - Waiting List,Tenant Selection,Rental,BX,10457,600 EAST 179 STREET,BX0602,2024-04-17,2024-05-17,122,48,74,,,,,122,,,,,,,,,,100,40.847915,-73.892263,New Construction,206,2030680069,2129261
5296,Bedford Green House II,Tenant Selection,Rental,BX,10468,2880 JEROME AVENUE,BX0702,2024-10-29,2024-12-30,46,32,9,5,,,16,17,13,,,,5,2,20,5,,,40.87181,-73.89161,New Construction,207,2033190046,2131059
7399,Belle Eden Apartments - Waiting List,Tenant Selection,Rental,BX,10457,690 EAST  182 STREET,BX0602,2025-12-26,2026-02-27,22,,19,3,,,,,22,,,,5,2,,,,,40.850784,-73.887227,Preservation,206,2030830034,2012402
7399,Belle Eden Apartments - Waiting List,Tenant Selection,Rental,BX,10458,751 EAST  187 STREET,BX0603,2025-12-26,2026-02-27,11,,7,4,,,,,11,,,,5,2,,,,,40.853612,-73.88257,Preservation,206,2031150001,2013059
7399,Belle Eden Apartments - Waiting List,Tenant Selection,Rental,BX,10458,737 EAST  187 STREET,BX0603,2025-12-26,2026-02-27,14,,7,7,,,,,14,,,,5,2,,,,,40.853802,-73.883231,Preservation,206,2031040061,2012898
7399,Belle Eden Apartments - Waiting List,Tenant Selection,Rental,BX,10452,1415 WYTHE PLACE,BX0403,2025-12-26,2026-02-27,41,,27,9,5,,,8,26,7,,,5,2,,,,,40.839607,-73.914836,Preservation,204,2028430093,2008104
7399,Belle Eden Apartments - Waiting List,Tenant Selection,Rental,BX,10457,1466 GRAND CONCOURSE,BX0403,2025-12-26,2026-02-27,29,,11,13,5,,,,29,,,,5,2,,,,,40.840612,-73.912796,Preservation,204,2028320040,2007993
5137,Belmont Cove,Tenant Selection,Rental,BX,10457,656 E 176th St,BX0602,2024-08-22,2024-10-21,129,10,69,37,13,,16,38,75,,,,5,2,20,5,,,40.844227,-73.893184,New Construction,206,2029450034,2000000
4200,Betances VI Family Apartments,Tenant Selection,Rental,BX,10455,405 E 146th St,BX0101,2023-12-06,2024-02-13,64,,30,24,10,,9,23,32,,,,5,2,50,5,25,,40.814067,-73.919008,New Construction,201,,
7290,Bronx Park South,Tenant Selection,Rental,BX,10460,872 Bronx Park S,BX0601,2026-02-02,2026-04-03,53,7,27,19,,,,17,36,,,,5,2,20,10,,,40.846991,-73.881657,New Construction,206,2031240067,2013170
5529,Bronx Renewal HELP USA Cluster,Tenant Selection,Rental,BX,10467,3034 HOLLAND AVENUE,BX1201,2025-06-11,2025-07-03,5,,4,1,,,,,5,,,,5,,,,,,40.870144,-73.86524,Preservation,212,2045700019,2055609
5529,Bronx Renewal HELP USA Cluster,Tenant Selection,Rental,BX,10467,3046 HOLLAND AVENUE,BX1201,2025-06-11,2025-07-03,4,,1,3,,,,,4,,,,5,,,,,,40.870215,-73.865236,Preservation,212,2045700023,2055612
5529,Bronx Renewal HELP USA Cluster,Tenant Selection,Rental,BX,10467,3042 HOLLAND AVENUE,BX1201,2025-06-11,2025-07-03,3,,1,2,,,,,3,,,,5,,,,,,40.870193,-73.86524,Preservation,212,2045700022,2055611
5529,Bronx Renewal HELP USA Cluster,Tenant Selection,Rental,BX,10472,1233 WHITE PLAINS ROAD,BX0903,2025-06-11,2025-07-03,7,1,5,1,,,,,7,,,,5,,,,,,40.831489,-73.862073,Preservation,209,2037670074,2024876
6878,Bruckner Heights,Tenant Selection,Rental,BX,10472,2070 Chatterton Ave,BX0903,2025-04-02,2025-06-02,61,11,26,19,5,,10,18,33,,,,5,2,20,5,,,40.827855,-73.853669,Preservation,209,2037970033,2000000
6878,Bruckner Heights,Tenant Selection,Rental,BX,10472,1017 Olmstead Ave,BX0903,2025-04-02,2025-06-02,213,46,90,62,15,,24,68,121,,,,5,2,20,5,,,40.827586,-73.853196,Preservation,209,2037970033,2000000
7210,Bryant Avenue Apartments,Tenant Selection,Rental,BX,10460,1525 Bryant Avenue,BX0303,2025-09-15,2025-10-06,4,,4,,,,,,,,4,,,,,,,,40.833484,-73.88691,New Construction,203,2029960043,2010792
7210,Bryant Avenue Apartments,Tenant Selection,Rental,BX,10460,1527 Bryant Avenue,BX0303,2025-09-15,2025-10-06,4,,4,,,,,,,,4,,,,,,,,40.8335,-73.886899,New Construction,203,2029960043,2010792
7445,COURTLANDT MANOR,Tenant Selection,Rental,BX,10451,784 Courtlandt Ave,BX0102,2026-02-19,2026-03-12,19,2,8,7,2,,5,1,13,,,,5,2,20,10,,,40.822396,-73.916801,New Construction,201,2024040001,2000000
7186,Crotona Belmont Senior Housing,Tenant Selection,Rental,BX,10457,1883 Crotona Ave,BX0602,2025-11-26,2026-01-30,92,48,44,,,,,10,82,,,,5,2,,,,100,40.844007,-73.892342,New Construction,206,2029460042,2000000
5664,Crotona Park West - Waiting List,Tenant Selection,Rental,BX,10456,1465 FULTON AVENUE,BX0302,2025-05-29,2025-06-30,14,,10,3,1,,,5,9,,,,,,,,,,40.836049,-73.900905,Preservation,203,2029270059,2009643
5664,Crotona Park West - Waiting List,Tenant Selection,Rental,BX,10457,1729 FULTON AVENUE,BX0302,2025-05-29,2025-06-30,10,2,6,2,,,,1,9,,,,,,,,,,40.842345,-73.897347,Preservation,203,2029300072,2009668
5664,Crotona Park West - Waiting List,Tenant Selection,Rental,BX,10456,547 ST PAULS PLACE,BX0302,2025-05-29,2025-06-30,14,,8,6,,,,6,8,,,,,,,,,,40.835743,-73.902149,Preservation,203,2029270033,2009639
5664,Crotona Park West - Waiting List,Tenant Selection,Rental,BX,10457,1779 FULTON AVENUE,BX0302,2025-05-29,2025-06-30,14,1,7,3,3,,,9,5,,,,,,,,,,40.843037,-73.896952,Preservation,203,2029300060,2009661
5664,Crotona Park West - Waiting List,Tenant Selection,Rental,BX,10457,1763 FULTON AVENUE,BX0302,2025-05-29,2025-06-30,15,1,5,5,4,,,3,12,,,,,,,,,,40.842814,-73.897079,Preservation,203,2029300065,2009665
5664,Crotona Park West - Waiting List,Tenant Selection,Rental,BX,10457,1591 FULTON AVENUE,BX0302,2025-05-29,2025-06-30,37,,8,24,5,,,13,24,,,,,,,,,,40.838579,-73.899463,Preservation,203,2029290028,2009651
5664,Crotona Park West - Waiting List,Tenant Selection,Rental,BX,10456,1451 CROTONA PLACE,BX0302,2025-05-29,2025-06-30,15,,,15,,,,8,7,,,,,,,,,,40.836267,-73.901563,Preservation,203,2029270031,2009638
5664,Crotona Park West - Waiting List,Tenant Selection,Rental,BX,10457,1573 FULTON AVENUE,BX0302,2025-05-29,2025-06-30,14,,,3,11,,,5,8,1,,,,,,,,,40.838277,-73.89963,Preservation,203,2029290035,2009653
5664,Crotona Park West - Waiting List,Tenant Selection,Rental,BX,10456,1469 FULTON AVENUE,BX0302,2025-05-29,2025-06-30,13,,10,3,,,,4,9,,,,,,,,,,40.836096,-73.900876,Preservation,203,2029270057,2009642
5664,Crotona Park West - Waiting List,Tenant Selection,Rental,BX,10456,1485 FULTON AVENUE,BX0302,2025-05-29,2025-06-30,33,,12,20,1,,,14,19,,,,,,,,,,40.836274,-73.900768,Preservation,203,2029270050,2009641
5664,Crotona Park West - Waiting List,Tenant Selection,Rental,BX,10456,1413 FULTON AVENUE,BX0302,2025-05-29,2025-06-30,24,,13,11,,,,15,9,,,,,,,,,,40.834941,-73.901669,Preservation,203,2029260023,2009628
5664,Crotona Park West - Waiting List,Tenant Selection,Rental,BX,10457,1743 FULTON AVENUE,BX0302,2025-05-29,2025-06-30,40,,25,15,,,,13,27,,,,,,,,,,40.842537,-73.897234,Preservation,203,2029300066,2009666
5664,Crotona Park West - Waiting List,Tenant Selection,Rental,BX,10457,1581 FULTON AVENUE,BX0302,2025-05-29,2025-06-30,35,,5,27,3,,,20,15,,,,,,,,,,40.838411,-73.899557,Preservation,203,2029290031,2009652
5664,Crotona Park West - Waiting List,Tenant Selection,Rental,BX,10457,1775 FULTON AVENUE,BX0302,2025-05-29,2025-06-30,11,,4,4,3,,,4,7,,,,,,,,,,40.842979,-73.896984,Preservation,203,2029300061,2009662
5664,Crotona Park West - Waiting List,Tenant Selection,Rental,BX,10456,1409 FULTON AVENUE,BX0302,2025-05-29,2025-06-30,37,,21,16,,,,14,22,1,,,,,,,,,40.834845,-73.901731,Preservation,203,2029260027,2009629
5664,Crotona Park West - Waiting List,Tenant Selection,Rental,BX,10457,1727 FULTON AVENUE,BX0302,2025-05-29,2025-06-30,17,,3,14,,,,8,9,,,,,,,,,,40.842318,-73.897361,Preservation,203,2029300074,2009669
5664,Crotona Park West - Waiting List,Tenant Selection,Rental,BX,10457,1735 FULTON AVENUE,BX0302,2025-05-29,2025-06-30,33,,21,11,1,,,11,21,1,,,,,,,,,40.842428,-73.8973,Preservation,203,2029300070,2009667
5664,Crotona Park West - Waiting List,Tenant Selection,Rental,BX,10457,1771 FULTON AVENUE,BX0302,2025-05-29,2025-06-30,11,1,2,4,4,,,6,5,,,,,,,,,,40.842924,-73.897017,Preservation,203,2029300062,2009663
5664,Crotona Park West - Waiting List,Tenant Selection,Rental,BX,10457,1605 FULTON AVENUE,BX0302,2025-05-29,2025-06-30,38,,2,36,,,,17,21,,,,,,,,,,40.838815,-73.899333,Preservation,203,2029290024,2009650
5664,Crotona Park West - Waiting List,Tenant Selection,Rental,BX,10457,1767 FULTON AVENUE,BX0302,2025-05-29,2025-06-30,8,,4,2,2,,,3,5,,,,,,,,,,40.842869,-73.897046,Preservation,203,2029300063,2009664
3807,Estela,Tenant Selection,Rental,BX,10451,414 GERARD AVENUE,BX0401,2023-07-13,2023-09-12,62,,38,24,,,,,43,,19,,5,2,50,5,,,40.817116,-73.929962,New Construction,201,2023500001,2001084
3807,Estela,Tenant Selection,Rental,BX,10451,445 GERARD AVENUE,BX0401,2023-07-13,2023-09-12,102,3,71,28,,,,,71,,31,,5,2,50,5,,,40.817398,-73.929872,New Construction,201,2023510012,2129137
7075,FISCHER SENIOR APARTMENTS,Tenant Selection,Rental,BX,10452,97 W 169th St,BX0402,2025-06-23,2025-08-25,25,,25,,,,,25,,,,,,,,,,100,40.839538,-73.923177,New Construction,204,,
3947,Garden Towers Seniors Apartments,Tenant Selection,Rental,BX,10456,1332 Clinton Ave,BX0301,2023-08-03,2023-10-02,45,37,8,,,,,45,,,,,5,2,,,,100,40.832203,-73.900116,New Construction,203,2029340015,2129702
3947,Garden Towers Seniors Apartments,Tenant Selection,Rental,BX,10456,1323 Boston Rd,BX0301,2023-08-03,2023-10-02,59,41,18,,,,,59,,,,,5,2,,,,100,40.831657,-73.89951,New Construction,203,2029340015,2129702
5333,Grand Concourse Apartments,Tenant Selection,Rental,BX,10453,2017 Grand Concourse,BX0502,2025-01-13,2025-03-14,25,6,11,8,,,3,14,,8,,,,2,,,,,40.851716,-73.904197,New Construction,205,2028080090,2000000
7217,Grant TPT Apartments,Tenant Selection,Rental,BX,10456,1113 GRANT AVENUE,BX0401,2026-02-12,2026-03-06,6,,3,3,,,,,6,,,,2,2,20,10,,,40.831437,-73.916252,New Construction,204,2024520029,2002660
7217,Grant TPT Apartments,Tenant Selection,Rental,BX,10456,1033 CAULDWELL AVENUE,BX0301,2026-02-12,2026-03-06,6,,5,1,,,,,6,,,,2,2,20,10,,,40.826021,-73.905744,New Construction,203,2026220052,2004405
7217,Grant TPT Apartments,Tenant Selection,Rental,BX,10456,1211 WASHINGTON AVENUE,BX0302,2026-02-12,2026-03-06,7,,,7,,,,,7,,,,2,2,20,10,,,40.831084,-73.90702,New Construction,203,2023890031,2001603
7366,HAVEN COURT APARTMENTS,Tenant Selection,Rental,BX,10451,290 E 149th St,BX0102,2026-01-14,2026-03-16,29,9,12,8,,,4,,16,9,,,5,2,20,10,,,40.817091,-73.921646,New Construction,201,2023300016,2000000
7366,HAVEN COURT APARTMENTS,Tenant Selection,Rental,BX,10451,299 E 148th St,BX0102,2026-01-14,2026-03-16,100,16,47,37,,,6,32,34,28,,,5,2,20,10,,,40.816422,-73.921986,New Construction,201,2023300016,2000000
5499,Hillside Homes,Tenant Selection,Rental,BX,10463,215 W Kingsbridge Rd,BX0801,2024-11-27,2024-12-19,8,1,3,4,,,,,3,,5,,,,,,,,40.871832,-73.904435,New Construction,208,2032560043,2129754
3258,Home Simpson Apartments,Tenant Selection,Rental,BX,10459,1210 Simpson St,BX0303,2023-04-03,2023-06-30,27,1,11,14,1,,,,27,,,,10,5,50,5,,,40.828963,-73.892887,New Construction,203,2029757501,2130453
7253,Inkwell,Tenant Selection,Rental,BX,10451,586 GERARD AVENUE,BX0401,2025-11-03,2026-01-07,60,,42,18,,,,,40,,20,,5,2,20,5,,,40.820304,-73.928716,New Construction,204,2023530001,2001115
2088,Jerome Avenue Residence,Tenant Selection,Rental,BX,10452,1325 JEROME AVENUE,BX0403,2021-05-12,2021-07-13,101,,35,39,27,,,21,80,,,,5,2,50,6,,,40.838715,-73.918794,New Construction,204,2028567501,2129224
4969,Kings Cottages,Tenant Selection,Rental,BX,10463,229 W Kingsbridge Rd,BX0801,2024-11-13,2024-12-05,12,,12,,,,,,12,,,,,,,,,,40.872362,-73.904442,New Construction,208,2032560048,2129755
7220,La Olazul,Tenant Selection,Rental,BX,10453,1940 Jerome Ave,BX0502,2026-03-09,2026-05-08,37,29,6,2,,,,,37,,,,5,2,20,10,,,40.85113,-73.909771,New Construction,205,2028530012,2000000
4005,Lincoln at Bankside Phase 2,Tenant Selection,Rental,BX,10454,101 Lincoln Ave,BX0101,2023-09-15,2023-11-16,132,38,66,28,,,,,,,132,,,,,,,,40.807149,-73.929969,New Construction,201,2023160001,2130763
7300,MBD New Heights Apartments,Tenant Selection,Rental,BX,10459,1120 BRYANT AVENUE,BX0303,2025-10-30,2025-11-20,5,,1,,4,,,,5,,,,5,2,,,,,40.826953,-73.888854,New Construction,203,2027540061,2006204
7300,MBD New Heights Apartments,Tenant Selection,Rental,BX,10456,1105 TINTON AVENUE,BX0301,2025-10-30,2025-11-20,24,,17,7,,,1,6,17,,,,5,2,,,,,40.826737,-73.901457,New Construction,203,2026610052,2004707
7300,MBD New Heights Apartments,Tenant Selection,Rental,BX,10452,970 ANDERSON AVENUE,BX0402,2025-10-30,2025-11-20,2,,,1,1,,,,2,,,,5,2,,,,,40.831609,-73.927667,New Construction,204,2025040070,2003046
4347,MCCLELLAN APARTMENTS,Tenant Selection,Rental,BX,10452,1160 River Ave,BX0401,2023-12-22,2024-02-22,198,45,93,36,24,,25,63,74,36,,,5,2,50,5,,,40.834619,-73.921932,Preservation,204,2024887501,2130367
3940,Maven Mott Haven Apartments,Tenant Selection,Rental,BX,10451,2413 Third Ave,BX0101,2023-08-23,2023-10-24,60,,46,11,3,,,,,,60,,,,,,,,40.808361,-73.930997,New Construction,201,2023190109,2130650
3299,Mickeys Corner -Waiting List,Tenant Selection,Rental,BX,10467,722 EAST  220 STREET,BX1201,2022-12-12,2023-01-13,8,,6,2,,,,,7,1,,,,,,,,,40.883994,-73.861541,Preservation,212,2046670066,2113872
3299,Mickeys Corner -Waiting List,Tenant Selection,Rental,BX,10469,3250 WICKHAM AVENUE,BX1202,2022-12-12,2023-01-13,2,,,,2,,,,,2,,,,,,,,,40.875382,-73.840525,Preservation,212,2047550066,2121762
3299,Mickeys Corner -Waiting List,Tenant Selection,Rental,BX,10469,3709 LACONIA AVENUE,BX1201,2022-12-12,2023-01-13,1,,,,1,,,,,1,,,,,,,,,40.878251,-73.853301,Preservation,212,2046990001,2114432
3299,Mickeys Corner -Waiting List,Tenant Selection,Rental,BX,10466,848 EAST  228 STREET,BX1201,2022-12-12,2023-01-13,1,,,1,,,,,,1,,,,,,,,,40.888551,-73.855004,Preservation,212,2048520062,2063996
3299,Mickeys Corner -Waiting List,Tenant Selection,Rental,BX,10470,677 EAST  241 STREET,BX1203,2022-12-12,2023-01-13,2,,,1,1,,,,,2,,,,,,,,,40.903748,-73.850991,Preservation,212,2051070054,2071772
3299,Mickeys Corner -Waiting List,Tenant Selection,Rental,BX,10467,720 EAST  220 STREET,BX1201,2022-12-12,2023-01-13,7,,5,2,,,,,5,2,,,,,,,,,40.884008,-73.861581,Preservation,212,2046670065,2113871
3299,Mickeys Corner -Waiting List,Tenant Selection,Rental,BX,10466,748 EAST  227 STREET,BX1201,2022-12-12,2023-01-13,3,,,,3,,,,1,2,,,,,,,,,40.888761,-73.858269,Preservation,212,2048400070,2120062
3299,Mickeys Corner -Waiting List,Tenant Selection,Rental,BX,10469,3248 WICKHAM AVENUE,BX1202,2022-12-12,2023-01-13,2,,,,2,,,,,2,,,,,,,,,40.875349,-73.840507,Preservation,212,2047550065,2121760
3299,Mickeys Corner -Waiting List,Tenant Selection,Rental,BX,10466,4129 SETON AVENUE,BX1203,2022-12-12,2023-01-13,3,,,,3,,,,,3,,,,,,,,,40.8946,-73.838605,Preservation,212,2050280015,2116359
3299,Mickeys Corner -Waiting List,Tenant Selection,Rental,BX,10466,924 EAST  230 STREET,BX1203,2022-12-12,2023-01-13,3,,,1,2,,,,1,2,,,,,,,,,40.889203,-73.851845,Preservation,212,2048650174,2113889
3299,Mickeys Corner -Waiting List,Tenant Selection,Rental,BX,10466,914 EAST  230 STREET,BX1203,2022-12-12,2023-01-13,3,,,1,2,,,,2,1,,,,,,,,,40.889269,-73.852051,Preservation,212,2048650169,2113884
3299,Mickeys Corner -Waiting List,Tenant Selection,Rental,BX,10466,746 EAST  227 STREET,BX1201,2022-12-12,2023-01-13,3,,,1,2,,,,,3,,,,,,,,,40.888774,-73.858309,Preservation,212,2048400069,2117701
5540,Morris University Apartments,Tenant Selection,Rental,BX,10453,1966 UNIVERSITY AVENUE,BX0501,2025-01-06,2025-01-28,1,,,,,1,,,1,,,,,,,,,,40.854275,-73.911849,Preservation,205,2028680121,2008551
5540,Morris University Apartments,Tenant Selection,Rental,BX,10468,2386 MORRIS AVENUE,BX0503,2025-01-06,2025-01-28,1,,,1,,,,,1,,,,,,,,,,40.860414,-73.900551,Preservation,205,2031730001,2013902
7243,Mosholu Concourse Apartments,Tenant Selection,Rental,BX,10458,220 EAST 197 STREET,BX0702,2025-10-06,2025-12-05,32,,24,5,3,,,,32,,,,5,2,,,,,40.869015,-73.89092,New Construction,207,2033040156,2017158
7243,Mosholu Concourse Apartments,Tenant Selection,Rental,BX,10467,15 West Mosholu Parkway North,BX0703,2025-10-06,2025-12-05,23,,17,4,2,,,,23,,,,5,2,,,,,40.881019,-73.884138,New Construction,207,2033240099,2017698
4355,Mt. Hope Walton Apartments,Tenant Selection,Rental,BX,10453,1761 WALTON AVENUE,BX0502,2023-12-15,2024-02-13,86,,52,20,14,,10,25,51,,,,5,2,50,5,,,40.847297,-73.910434,New Construction,205,2028500063,2120490
4418,Norwood Terrace Waiting List,Tenant Selection,Rental,BX,10467,3349 WEBSTER AVENUE,BX0703,2024-07-25,2024-08-26,56,,17,37,2,,,3,53,,,,,,,,,,40.877965,-73.871769,New Construction,207,2033550121,2128753
7482,PENINSULA BUILDING 1B WAITING LIST,Tenant Selection,Rental,BX,10474,720 TIFFANY STREET,BX0201,2026-03-14,2026-04-03,7,2,2,3,,,,,7,,,,,,,,,,40.814593,-73.891324,Preservation,202,2027387501,2130390
3993,Reclaim HDFC -Waiting List,Tenant Selection,Rental,BX,10457,503 EAST  180 STREET,BX0602,2023-08-30,2023-10-02,18,2,9,7,,,,10,8,,,,,,,,,,40.851016,-73.89464,Preservation,206,2030470067,2011510
3993,Reclaim HDFC -Waiting List,Tenant Selection,Rental,BX,10460,824 EAST  181 STREET,BX0602,2023-08-30,2023-10-02,31,2,16,8,5,,,15,16,,,,,,,,,,40.847054,-73.884364,Preservation,206,2031110010,2012996
3993,Reclaim HDFC -Waiting List,Tenant Selection,Rental,BX,10458,308 EAST  183 STREET,BX0503,2023-08-30,2023-10-02,8,,3,5,,,,3,5,,,,,,,,,,40.856665,-73.897777,Preservation,205,2031450021,2013406
3993,Reclaim HDFC -Waiting List,Tenant Selection,Rental,BX,10453,1982 UNIVERSITY AVENUE,BX0501,2023-08-30,2023-10-02,20,,1,14,5,,,7,13,,,,,,,,,,40.854483,-73.911625,Preservation,205,2028680129,2008555
3993,Reclaim HDFC -Waiting List,Tenant Selection,Rental,BX,10458,314 EAST  183 STREET,BX0503,2023-08-30,2023-10-02,8,,3,5,,,,3,5,,,,,,,,,,40.856596,-73.897578,Preservation,205,2031450024,2013408
3993,Reclaim HDFC -Waiting List,Tenant Selection,Rental,BX,10453,2042 GRAND AVENUE,BX0501,2023-08-30,2023-10-02,49,1,7,25,16,,,31,18,,,,,,,,,,40.854174,-73.909225,Preservation,205,2031930001,2014154
3993,Reclaim HDFC -Waiting List,Tenant Selection,Rental,BX,10460,2104 CROTONA PARKWAY,BX0601,2023-08-30,2023-10-02,41,1,20,15,5,,,18,23,,,,,,,,,,40.846008,-73.883957,Preservation,206,2031190029,2013101
3993,Reclaim HDFC -Waiting List,Tenant Selection,Rental,BX,10458,2317 TIEBOUT AVENUE,BX0503,2023-08-30,2023-10-02,51,,28,23,,,,32,19,,,,,,,,,,40.857057,-73.89697,Preservation,205,2031460063,2013443
3993,Reclaim HDFC -Waiting List,Tenant Selection,Rental,BX,10457,2242 VALENTINE AVENUE,BX0503,2023-08-30,2023-10-02,7,,3,4,,,,6,1,,,,,,,,,,40.856171,-73.898428,Preservation,205,2031450012,2013404
3993,Reclaim HDFC -Waiting List,Tenant Selection,Rental,BX,10453,1821 UNIVERSITY AVENUE,BX0501,2023-08-30,2023-10-02,31,1,16,5,9,,,10,21,,,,,,,,,,40.851288,-73.91464,Preservation,205,2028790117,2009097
3092,Small Homes Rehab - NYCHA Program Cluster III,Tenant Selection,Owner,BX,10467,3817 CARPENTER AVENUE,BX1201,2022-09-20,2022-11-23,2,,,,2,,,,,1,,,5,2,50,5,25,,40.884992,-73.865398,New Construction,212,2046530021,2057542
3084,Soundview Cooperatives Phase III,Tenant Selection,Owner,BX,10473,1715 LACOMBE AVENUE,BX0902,2022-11-14,2023-01-13,48,,14,30,4,,,,4,44,,,5,2,50,5,25,,40.814487,-73.865674,New Construction,209,2035150001,2092605
3084,Soundview Cooperatives Phase III,Tenant Selection,Owner,BX,10473,351 Bronx River Ave,BX0902,2022-11-14,2023-01-13,24,,13,3,8,,,,,24,,,5,2,50,5,25,,40.814455,-73.866845,New Construction,209,2035150020,2129205
3295,St. George Gardens-Waiting List,Tenant Selection,Rental,BX,10458,186 St Georges Crescent,BX0702,2022-11-30,2022-12-30,18,4,4,9,1,,,,6,,12,,,,,,,,40.876233,-73.884552,New Construction,207,2033130012,2130744
7003,Stevenson Commons Coop,Tenant Selection,Owner,BX,10473,1847 Seward Ave,BX0902,2025-06-26,2025-08-25,42,,11,22,9,,,,42,,,,5,2,20,5,,,40.819433,-73.861181,New Construction,209,2036000004,2000000
7003,Stevenson Commons Coop,Tenant Selection,Owner,BX,10473,1843 Seward Ave,BX0902,2025-06-26,2025-08-25,16,,,9,7,,,,16,,,,5,2,20,5,,,40.819417,-73.861325,New Construction,209,2036000004,2000000
7218,Stevenson Senior Residences,Tenant Selection,Rental,BX,10473,1841 Seward Avenue,BX0902,2025-10-20,2025-12-19,40,40,,,,,,40,,,,,5,2,,,,100,40.819406,-73.861394,New Construction,209,2036000004,2000000
5079,The Arabella,Tenant Selection,Rental,BX,10458,4720 3 AVENUE,BX0603,2024-08-12,2024-10-11,50,,25,22,3,,,,35,,15,,5,2,20,5,,,40.859417,-73.891128,New Construction,206,2030427501,2129656
5189,The Baronial aka 665 East 183rd Street Apartments,Tenant Selection,Rental,BX,10458,665 EAST 183 STREET,BX0603,2024-08-23,2024-09-13,4,,3,1,,,,,,,4,,,,,,,,40.852395,-73.886885,New Construction,206,2030880054,2012504
7224,The Grant,Tenant Selection,Rental,BX,10452,78 W 170th St,BX0402,2025-08-18,2025-09-18,12,,12,,,,,4,6,,2,,5,2,20,5,,,40.840323,-73.922034,New Construction,204,2025060125,2000000
7498,The Rowan,Tenant Selection,Rental,BX,10463,3870 SEDGWICK AVENUE,BX0702,2026-03-23,2026-04-13,9,,6,3,,,,,9,,,,,,,,,,40.882992,-73.894373,New Construction,208,2032460073,2015232
4803,The Starhill Phase 1,Tenant Selection,Rental,BX,10453,1600 Grand Ave,BX0501,2024-05-31,2024-07-30,125,,35,90,,,13,28,84,,,,5,2,20,5,,,40.84647,-73.916753,New Construction,205,2028650160,2000000
4956,Third At Bankside Waiting List,Tenant Selection,Rental,BX,10451,2385 3 AVENUE,BX0101,2024-07-25,2024-08-26,138,47,49,38,4,,,,,,138,,,,,,,,40.80819,-73.931243,New Construction,201,2023190002,2129132
3586,Third Avenue and East 134th Street,Tenant Selection,Rental,BX,10451,2455 3rd Ave.,BX0101,2023-05-11,2023-08-15,80,33,10,37,,,,,,,80,,,,,,,,40.809093,-73.929837,New Construction,201,2023190038,2129674
5157,Tiebout Residence aka 2385 Tiebout Avenue Apartments,Tenant Selection,Rental,BX,10458,2385 Tiebout Ave,BX0503,2024-09-16,2024-10-07,12,3,9,,,,,,,,12,,,,,,,,40.858991,-73.896117,New Construction,205,2031470030,2131066
2836,Tyler's Bronx - Waiting List,Tenant Selection,Rental,BX,10467,2514 CRUGER AVENUE,BX1104,2022-05-13,2022-06-14,8,,4,4,,,,,4,4,,,,,,,,,40.863942,-73.866377,New Construction,211,2044340011,2117652
2836,Tyler's Bronx - Waiting List,Tenant Selection,Rental,BX,10466,940 EAST 225 STREET,BX1201,2022-05-13,2022-06-14,3,,1,1,1,,,,1,2,,,,,,,,,40.885582,-73.853506,New Construction,212,2048600170,2116629
2836,Tyler's Bronx - Waiting List,Tenant Selection,Rental,BX,10467,717 EAST 220 STREET,BX1201,2022-05-13,2022-06-14,9,2,7,,,,,,8,1,,,,,,,,,40.884049,-73.861657,New Construction,212,2046680042,2117180
2836,Tyler's Bronx - Waiting List,Tenant Selection,Rental,BX,10466,935 EAST 224 STREET,BX1201,2022-05-13,2022-06-14,3,,,,3,,,,,3,,,,,,,,,40.884938,-73.854028,New Construction,212,2048600026,2116631
2836,Tyler's Bronx - Waiting List,Tenant Selection,Rental,BX,10466,621 EAST 231 STREET,BX1203,2022-05-13,2022-06-14,9,3,3,3,,,,,6,3,,,,,,,,,40.89282,-73.860517,New Construction,212,2048340044,2117221
2836,Tyler's Bronx - Waiting List,Tenant Selection,Rental,BX,10466,936 EAST 225 STREET,BX1201,2022-05-13,2022-06-14,3,,1,,2,,,,1,2,,,,,,,,,40.885607,-73.853585,New Construction,212,2048600168,2116627
2836,Tyler's Bronx - Waiting List,Tenant Selection,Rental,BX,10467,2512 CRUGER AVENUE,BX1104,2022-05-13,2022-06-14,8,1,7,,,,,,6,2,,,,,,,,,40.863928,-73.866377,New Construction,211,2044340010,2117653
2836,Tyler's Bronx - Waiting List,Tenant Selection,Rental,BX,10467,736 EAST 220 STREET,BX1201,2022-05-13,2022-06-14,9,2,7,,,,,,5,4,,,,,,,,,40.883903,-73.861256,New Construction,212,2046670074,2117178
2836,Tyler's Bronx - Waiting List,Tenant Selection,Rental,BX,10467,715 EAST 220 STREET,BX1201,2022-05-13,2022-06-14,9,2,2,5,,,,,7,2,,,,,,,,,40.88406,-73.861697,New Construction,212,2046680044,2117181
2836,Tyler's Bronx - Waiting List,Tenant Selection,Rental,BX,10466,4152 CARPENTER AVENUE,BX1203,2022-05-13,2022-06-14,10,4,1,5,,,,,7,3,,,,,,,,,40.893183,-73.860871,New Construction,212,2048340046,2117220
2836,Tyler's Bronx - Waiting List,Tenant Selection,Rental,BX,10467,738 EAST 220 STREET,BX1201,2022-05-13,2022-06-14,9,2,2,5,,,,,7,2,,,,,,,,,40.88389,-73.861212,New Construction,212,2046670075,2117179
2836,Tyler's Bronx - Waiting List,Tenant Selection,Rental,BX,10466,938 EAST 225 STREET,BX1201,2022-05-13,2022-06-14,3,,1,,2,,,,1,2,,,,,,,,,40.885593,-73.853545,New Construction,212,2048600169,2116628
2836,Tyler's Bronx - Waiting List,Tenant Selection,Rental,BX,10466,933 EAST 224 STREET,BX1201,2022-05-13,2022-06-14,3,,,,3,,,,,3,,,,,,,,,40.884949,-73.854064,New Construction,212,2048600027,2116633
2836,Tyler's Bronx - Waiting List,Tenant Selection,Rental,BX,10466,934 EAST 225 STREET,BX1201,2022-05-13,2022-06-14,3,,1,,2,,,,,3,,,,,,,,,40.88562,-73.853625,New Construction,212,2048600167,2116626
4688,Union Avenue Apartments,Tenant Selection,Owner,BX,10455,774 UNION AVENUE,BX0102,2024-06-26,2024-08-26,17,,,11,6,,,,,17,,,,,,,,,40.818266,-73.903519,New Construction,201,2026760036,2004986
4688,Union Avenue Apartments,Tenant Selection,Owner,BX,10459,993 UNION AVENUE,BX0301,2024-06-26,2024-08-26,11,,,2,6,3,,,,11,,,,,,,,,40.823778,-73.90144,New Construction,203,2026690041,2004845
4688,Union Avenue Apartments,Tenant Selection,Owner,BX,10459,995 UNION AVENUE,BX0301,2024-06-26,2024-08-26,14,,,2,5,7,,,,14,,,,,,,,,40.823814,-73.901426,New Construction,203,2026690040,2004844
7432,Urban Horizons 1 Waiting List,Tenant Selection,Rental,BX,10452,50 E 168th St,BX0401,2026-04-06,2026-05-06,83,22,10,36,15,,,35,48,,,,,,,,,,40.836725,-73.919292,Preservation,204,2024800001,2101464
2926,Victory Commons aka Victory Baptist,Tenant Selection,Rental,BX,10459,1007 Union Ave,BX0301,2023-04-12,2023-06-12,79,6,40,26,7,,18,17,44,,,,5,2,50,5,,,40.824022,-73.901339,New Construction,203,2026690080,2129155
7159,WAKEFIELD YARDS,Tenant Selection,Rental,BX,10470,4641 Furman Ave,BX1203,2025-07-25,2025-09-23,212,26,90,81,15,,25,63,124,,,,5,2,20,5,,,40.902254,-73.850188,New Construction,212,2050870001,2000000
5213,Wakefield Grace Senior Apartments,Tenant Selection,Rental,BX,10470,4750 White Plains Rd,BX1203,2024-11-12,2025-01-13,50,49,1,,,,,7,43,,,,5,2,,,,,40.904834,-73.849625,New Construction,212,2051130031,2000000
5521,Whitlock Point Phase I,Tenant Selection,Rental,BX,10459,1001 Whitlock Ave,BX0202,2025-02-06,2025-04-07,222,50,88,72,12,,30,61,131,,,,5,2,20,5,,,40.823427,-73.887057,New Construction,202,2027560085,2000000
4466,10 Hallets Point - Waiting List,Tenant Selection,Rental,QN,11102,26-01 1 STREET,QN0102,2024-03-11,2024-04-10,81,6,50,24,1,,,,81,,,,5,2,,,,,40.776834,-73.9355,New Construction,401,4009157501,4617681
4721,101-07 91st Street Apartments,Tenant Selection,Rental,QN,11416,101-07 91st St,QN0904,2024-06-03,2024-06-25,4,,4,,,,,,,,4,,,,,,,,40.683051,-73.849289,New Construction,409,4090980001,4000000
3567,104-08 Northern Blvd Apartments,Tenant Selection,Rental,QN,11368,104-08 NORTHERN BOULEVARD,QN0303,2023-04-06,2023-05-08,3,,3,,,,,,,,3,,,,,,,,40.757691,-73.864432,New Construction,403,4017190003,4042651
7526,105-18 Northern Boulevard Apartments,Tenant Selection,Rental,QN,11368,105-18 NORTHERN BOULEVARD,QN0303,2026-05-06,2026-05-28,3,,2,1,,,,,,,3,,,,,,,,40.757726,-73.863464,Preservation,403,4017200008,4042689
5286,11-24 31st Drive Aprtments,Tenant Selection,Rental,QN,11106,11-24 31st Dr,QN0102,2024-09-30,2024-10-29,16,9,7,,,,,,,,16,,,,,,,,40.768375,-73.935317,New Construction,401,4005020019,4624695
4928,12-19 31st Drive Apartments,Tenant Selection,Rental,QN,11106,12-19 31st drive,QN0102,2024-07-08,2024-07-29,6,,2,4,,,,,,,6,,,,,,,,40.767754,-73.934007,New Construction,401,4005180003,4620881
2567,130-24 Liberty Avenue Apartment,Tenant Selection,Rental,QN,11419,130-24 LIBERTY AVENUE,QN1001,2022-01-03,2022-02-16,3,,1,2,,,,,,,3,,,,,,,,40.689737,-73.815302,New Construction,410,4095900008,4441638
3367,133-28 220TH Street Apartments,Tenant Selection,Rental,QN,11413,13328 220th St,QN1305,2022-12-21,2023-03-01,3,,,3,,,,,,,3,,,,,,,,40.679414,-73.748859,New Construction,413,4129580112,4623562
3722,134-16 36 Road Apartments,Tenant Selection,Rental,QN,11354,133-33 36th Rd,QN0707,2023-05-05,2023-06-01,8,1,5,2,,,,,,,8,,,,,,,,40.761174,-73.834658,New Construction,407,4049680024,4112214
2985,134-19 Blossom Avenue Apartments,Tenant Selection,Rental,QN,11355,134-19 BLOSSOM AVENUE,QN0707,2022-07-08,2022-08-01,3,,,3,,,,,,,3,,,,,,,,40.752802,-73.828763,New Construction,407,4051230089,4115417
2901,134-40 Blossom Ave Apartments,Tenant Selection,Rental,QN,11355,134-40 BLOSSOM AVENUE,QN0707,2022-07-08,2022-08-01,3,,,3,,,,,,,3,,,,,,,,40.7529,-73.828453,New Construction,407,4051240028,4115449
5037,14-09 31st Avenue Apartments,Tenant Selection,Rental,QN,11106,14-09 31st Ave,QN0102,2024-08-12,2024-09-03,3,,3,,,,,,,,3,,,,,,,,40.768054,-73.931527,New Construction,401,4005340021,4621023
7254,14-41 Broadway Apartments,Tenant Selection,Rental,QN,11106,14-41 Broadway,QN0102,2025-11-17,2025-12-09,9,2,2,5,,,,,,,9,,,,,,,,40.765706,-73.93254,New Construction,401,4005310007,4000000
7082,143-26 84th Road Apartments,Tenant Selection,Rental,QN,11432,151-07 84th Rd,QN0805,2025-08-14,2025-09-05,13,3,8,2,,,,,,,13,,,,,,,,40.713259,-73.808282,New Construction,408,4097500017,4208750
7213,150-11 41st Avenue Apartments,Tenant Selection,Rental,QN,11354,150-11 41st Ave,QN0704,2025-08-04,2025-09-03,3,,2,1,,,,,,,3,,,,,,,,40.762923,-73.813478,New Construction,407,4050340012,4000000
5519,163-16 89th Avenue Apartments,Tenant Selection,Rental,QN,11432,163-16 89th Ave,QN1201,2024-12-09,2024-12-31,3,,2,,1,,,,,,3,,,,,,,,40.707115,-73.797959,New Construction,412,4097930056,4000000
2867,164-11 Highland Ave Apartments,Tenant Selection,Rental,QN,11432,164-11 HIGHLAND AVENUE,QN0805,2022-06-21,2022-07-14,4,,1,3,,,,,,,4,,,,,,,,40.710351,-73.799605,New Construction,408,4098460010,4210624
7465,166-13 91st Avenue Apartments,Tenant Selection,Rental,QN,11432,166-11 91st Ave,QN1201,2026-04-20,2026-05-11,9,2,3,4,,,,,8,,1,,5,2,20,10,,,40.706612,-73.794321,New Construction,412,4097960047,4000000
7448,169-30 90th Avenue Apartments,Tenant Selection,Rental,QN,11432,169-17 90th Avenue,QN1201,2026-02-17,2026-03-10,16,2,6,8,,,,,,,16,,,,,,,,40.708478,-73.791409,Preservation,412,4098030006,4000000
7429,18-15 Linden Street - Units Still Available,Tenant Selection,Rental,QN,11385,18-15 Linden St,QN0502,2026-02-03,2026-03-06,1,,,1,,,,,,,1,,,,,,,,40.704015,-73.908852,New Construction,405,4034390052,4602514
5105,18-15 Linden Street Apartments,Tenant Selection,Rental,QN,11385,18-15 Linden St,QN0502,2024-09-17,2024-10-08,3,,1,2,,,,,,,3,,,,,,,,40.704015,-73.908852,New Construction,405,4034390052,4602514
4873,18-26 Redfern Avenue Apartments,Tenant Selection,Rental,QN,,18- 26 Redfern Ave,,2024-07-25,2024-09-24,58,37,9,12,,,,,58,,,,5,2,20,5,,,,,New Construction,,,
7431,183-03 Hillside Avenue Apartments,Tenant Selection,Rental,QN,11432,183-03 Hillside Ave.,QN0804,2026-02-02,2026-02-24,14,4,10,,,,,,,,14,,,,,,,,40.713889,-73.77873,New Construction,408,4099500064,4000000
5305,2-20 Malt Drive Apartments,Tenant Selection,Rental,QN,,2 20 Malt Dr,,2024-10-24,2024-12-30,173,61,64,48,,,,,,,173,,,,,,,,,,New Construction,,,
5543,2-21 Malt Drive Apartments,Tenant Selection,Rental,QN,,2 21 Malt Dr,,2025-01-21,2025-05-16,244,75,103,66,,,,,,,244,,,,,,,,,,New Construction,,,
5753,20 & 30 Halletts Point Apartments,Tenant Selection,Rental,QN,11102,2602 1st St,QN0102,2025-03-17,2025-05-16,41,10,11,20,,,,,,41,,,,,,,,,40.776821,-73.935533,New Construction,401,4009160010,4618772
5140,21-11 31st Avenue Apartments,Tenant Selection,Rental,QN,11106,21-11 31st Ave,QN0102,2024-09-03,2024-11-04,43,,43,,,,,,36,,7,,5,2,20,5,,,40.767238,-73.929646,New Construction,401,4005510012,4619364
6810,214-33 41st Avenue Apartments,Tenant Selection,Rental,QN,11361,21433 41st Avenue,QN1102,2025-02-24,2025-03-20,5,,4,1,,,,,,,5,,,,,,,,40.763701,-73.770396,New Construction,411,4062880035,4623899
7292,214-33 41st Avenue Apartments - Units Still Available,Tenant Selection,Rental,QN,11361,214-33 41 AVENUE,QN1102,2025-10-06,2025-11-07,2,,2,,,,,,,,2,,,,,,,,40.763701,-73.770396,Preservation,411,4062880035,4623899
7043,229 Beach 14th Street Apartments,Tenant Selection,Rental,QN,11691,229 Beach 14th St,QN1401,2025-05-13,2025-09-25,5,,,5,,,,,,,5,,,,,,,,40.596048,-73.748218,New Construction,414,4156270036,4000000
4106,241-15 Northern Boulevard Senior Apartments,Tenant Selection,Rental,QN,11363,241-15 Northern Blvd,QN1103,2024-01-22,2024-02-12,17,3,8,6,,,,,16,,1,,,,50,,,95,40.765059,-73.745305,New Construction,411,4080920039,4000000
7412,25-01 Queens Plaza North - Units Still Available,Tenant Selection,Rental,QN,11101,41-34 27 STREET,QN0105,2026-02-04,2026-03-30,80,2,77,1,,,,,,,80,,,,,,,,40.751349,-73.938777,Preservation,401,4004150004,4624843
5678,25-01 Queens Plaza North Apartments,Tenant Selection,Rental,QN,11101,4134 27th Street,QN0105,2025-02-10,2025-04-11,126,3,107,16,,,,,,,126,,,,,,,,40.751349,-73.938777,New Construction,401,4004150004,4624843
7275,25-13 23rd Street Apartments,Tenant Selection,Rental,QN,11102,25-13 23 STREET,QN0103,2025-09-29,2025-10-21,4,2,2,,,,,,,,4,,,,,,,,40.773155,-73.923373,New Construction,401,4008720039,4019090
7249,25-14 21st Street Apartments,Tenant Selection,Rental,QN,11102,25-14 21st St,QN0102,2025-10-14,2025-11-05,2,,2,,,,,,2,,,,,,,,,,40.774259,-73.924314,New Construction,401,4008880046,4000000
7455,25-16 37th Avenue Apartments,Tenant Selection,Rental,QN,11101,25-16 37th Ave,QN0105,2026-03-11,2026-04-01,12,1,8,3,,,,,,,12,,,,,,,,40.756874,-73.93453,New Construction,401,4003680022,4000000
7110,26-18 4th Street Apartments,Tenant Selection,Rental,QN,11102,26-18 4 STREET,QN0102,2025-06-12,2025-07-03,5,,5,,,,,,5,,,,,,,,,,40.77576,-73.93284,Preservation,401,4009100029,4620927
5631,26-38 Jackson Avenue Apartments,Tenant Selection,Rental,QN,11101,26-32 JACKSON AVENUE,QN0201,2025-02-18,2025-04-21,109,27,27,37,18,,,,12,33,64,,5,2,20,5,,,40.747551,-73.94113,New Construction,402,4002670021,4620885
5184,27-01 Jackson Avenue Apartments,Tenant Selection,Rental,QN,11101,27-01 JACKSON AVENUE,QN0201,2024-08-26,2024-10-25,41,6,10,25,,,,,7,16,18,,5,2,20,5,,,40.747685,-73.940805,New Construction,402,4004320021,4620935
3135,27-15 27th Street Apartments,Tenant Selection,Rental,QN,11102,27-15 27 STREET,QN0103,2023-10-20,2023-11-10,3,,3,,,,,,,,3,,,,,,,,40.769446,-73.923269,New Construction,401,4005750040,4006903
4109,27-23 27th Street Apartments,Tenant Selection,Rental,QN,11102,27-23 27 STREET,QN0103,2023-11-01,2023-11-22,3,1,2,,,,,,,,3,,,,,,,,40.769353,-73.923344,New Construction,401,4005750037,4006900
5403,27-51 Jackson Avenue Apartments,Tenant Selection,Rental,QN,11101,27-51 Jackson Ave,QN0201,2024-12-23,2025-02-21,23,3,13,7,,,,,,,23,,,,,,,,40.748132,-73.939588,New Construction,402,4004320003,4000000
5579,28-08 38th Avenue Apartments,Tenant Selection,Rental,QN,11101,28-08 38 AVENUE,QN0105,2025-02-10,2025-03-04,15,1,6,8,,,,,,,15,,,,,,,,40.754922,-73.934179,New Construction,401,4003850009,4004659
4655,28-57 45th Street,Tenant Selection,Rental,QN,11103,28-57 45 STREET,QN0104,2024-04-08,2024-04-29,3,,1,2,,,,,,,3,,,,,,,,40.763299,-73.909941,New Construction,401,4007190003,4620904
7316,30-43 31st Street,Tenant Selection,Rental,QN,11102,30-43 31 STREET,QN0103,2026-03-09,2026-03-30,6,,3,3,,,,,,,6,,,,,,,,40.765916,-73.922168,New Construction,401,4006150018,4624081
7143,30-85 31st Street Apartments,Tenant Selection,Rental,QN,11102,30-85 31 STREET,QN0103,2025-07-24,2025-08-14,6,1,5,,,,,,,,6,,,,,,,,40.764786,-73.92309,New Construction,401,4006150002,4008464
7328,31-11 28 Road Apartments,Tenant Selection,Rental,QN,11102,31-11 28th Rd,QN0103,2025-11-18,2025-12-09,3,,3,,,,,,,,3,,,,,,,,40.767902,-73.920032,New Construction,401,4006190044,4000000
3806,32-18 Union Street Apartments,Tenant Selection,Rental,QN,11354,3218 Union Street,QN0707,2023-08-11,2023-09-15,3,,3,,,,,,,,3,,,,,,,,40.768683,-73.826708,New Construction,407,4049540035,4112058
5686,32-24 Steinway Street Apartments,Tenant Selection,Rental,QN,11103,32-24 STEINWAY STREET,QN0104,2025-02-18,2025-03-11,3,,3,,,,,,,,3,,,,,,,,40.758404,-73.919473,New Construction,401,4006560047,4010414
4650,34-21 109th Street,Tenant Selection,Rental,QN,11368,34-21 109 STREET,QN0303,2024-04-01,2024-04-22,2,,1,1,,,,,,,2,,,,,,,,40.756129,-73.859569,New Construction,403,4017530115,4043689
5442,34-31 9th Street Apartments,Tenant Selection,Rental,QN,11106,34-34 9 STREET,QN0105,2024-11-25,2024-12-17,2,,,2,,,,,,,2,,,,,,,,40.764302,-73.939999,New Construction,401,4003230014,4003826
5542,35-15 146th Street Apartments,Tenant Selection,Rental,QN,11354,35-15 146th St,QN0704,2025-05-15,2025-06-06,16,7,,9,,,,,,,16,,,,,,,,40.765869,-73.820835,New Construction,407,4050040008,4000000
5068,36-22 31 Street Astoria Apartments,Tenant Selection,Rental,QN,11106,36-22 31st St,QN0105,2024-11-18,2024-12-09,3,1,2,,,,,,,,3,,,,,,,,40.756092,-73.930164,New Construction,401,4005990040,4625161
4736,36-26 172nd Street Apartments,Tenant Selection,Rental,QN,11358,36-26 172nd Street,QN0704,2024-04-18,2024-05-10,2,,,2,,,,,,,2,,,,,,,,40.762772,-73.794235,New Construction,407,4053020115,4119922
7192,37-18 Broadway Apartments,Tenant Selection,Rental,QN,11103,37-18 Broadway,QN0103,2025-09-11,2025-10-02,5,1,2,2,,,,,,,5,,,,,,,,40.759613,-73.920381,New Construction,401,4006550040,4000000
7093,37-42 30th Street Apartments,Tenant Selection,Rental,QN,11101,37-42 30th St,QN0105,2025-06-16,2025-08-05,19,,9,10,,,,,,,19,,,,,,,,40.754861,-73.932266,New Construction,401,4003710038,4000000
5520,38-03 31st Street Apartments,Tenant Selection,Rental,QN,11101,38-03 31st Street,QN0105,2025-01-22,2025-02-12,3,,3,,,,,,,,3,,,,,,,,40.753604,-73.932159,New Construction,401,4003820015,4004595
7512,38-16 Crescent Street Apartments,Tenant Selection,Rental,QN,11101,38-16 Crescent St,QN0105,2026-04-15,2026-05-06,3,,3,,,,,,3,,,,,,,,,,40.755525,-73.936066,New Construction,401,4003880018,4000000
7168,39-20 214th Place Apartment,Tenant Selection,Rental,QN,11361,39-20 214th Pl,QN1102,2025-08-28,2025-09-29,3,,1,2,,,,,,,3,,,,,,,,40.765334,-73.769877,New Construction,411,4062420026,4000000
3402,41-25 149th Place,Tenant Selection,Rental,QN,11355,42-41 149th Pl,QN0705,2023-04-17,2023-05-08,3,,,3,,,,,,,3,,,,,,,,40.759618,-73.813499,New Construction,407,,
3619,42-17 48th Avenue Apartments,Tenant Selection,Rental,QN,11377,42-17 48th Ave,QN0202,2023-03-31,2023-04-27,3,,2,1,,,,,,,3,,,,,,,,40.739685,-73.922635,New Construction,402,4001750027,4000000
4595,42-61 Saull Street Apartments,Tenant Selection,Rental,QN,11355,42-61 Saull St,QN0707,2024-03-21,2024-04-11,3,,1,2,,,,,,,3,,,,,,,,40.752921,-73.829492,New Construction,407,4051230098,4620890
4566,43-15 63rd Street Apartments,Tenant Selection,Rental,QN,11377,43-15 63rd St,QN0203,2024-03-06,2024-03-28,3,,1,2,,,,,,,3,,,,,,,,40.742002,-73.90225,New Construction,402,4013400009,4623654
3338,43-17 & 43-19 108 Street Apartments,Tenant Selection,Rental,QN,11368,43-17 108 STREET,QN0402,2022-11-22,2022-12-14,3,,3,,,,,,,,3,,,,,,,,40.748529,-73.857622,New Construction,404,4019990066,4000000
3338,43-17 & 43-19 108 Street Apartments,Tenant Selection,Rental,QN,11368,43-19 108th St,QN0402,2022-11-22,2022-12-14,3,,3,,,,,,,,3,,,,,,,,40.748521,-73.857615,New Construction,404,4019990065,4000000
7156,43-25 52nd Street Apartments,Tenant Selection,Rental,QN,11377,41-43 52 STREET,QN0202,2025-07-28,2025-08-18,15,3,4,8,,,,6,6,3,,,5,2,20,5,,,40.745581,-73.912181,New Construction,402,4013150030,4030769
4927,43-34 53rd Street Apartments,Tenant Selection,Rental,QN,11377,43-34 53rd St,QN0202,2024-06-12,2024-07-03,8,,8,,,,,,,,8,,,,,,,,40.743725,-73.911674,New Construction,402,4013210041,4000000
7096,45-07 45th Street Apartments,Tenant Selection,Rental,QN,11104,4502 Queens Blvd,QN0202,2025-07-24,2025-08-14,19,,15,4,,,,,13,,6,,5,2,20,5,,,40.74324,-73.919477,New Construction,402,4001640011,4000000
1927,45-07 48th Avenue Apartments,Tenant Selection,Rental,QN,11377,45-07 48 AVENUE,QN0202,2021-04-16,2021-05-07,4,,2,2,,,,,,,4,,,,,,,,40.739406,-73.920214,New Construction,402,4001707501,4623240
5043,45-17 Davis Street Apartments,Tenant Selection,Rental,QN,11101,45-17 Davis St,QN0201,2024-08-05,2024-10-04,37,8,10,19,,,,,,,37,,,,,,,,40.745242,-73.94526,New Construction,402,4000850013,4000000
4189,45-57 Davis Street Apartments - Waiting List,Tenant Selection,Rental,QN,11101,45-57 DAVIS STREET,QN0201,2023-10-31,2023-11-30,48,12,23,12,1,,,,,,48,,,,,,,,40.744259,-73.944615,New Construction,402,4000850030,4000715
6841,46-06 11th Street Apartments,Tenant Selection,Rental,QN,11101,46-06 11 STREET,QN0201,2025-07-14,2025-08-04,18,,12,6,,,,,,,18,,,,,,,,40.746205,-73.950388,New Construction,402,4000480025,4435522
2218,460 Seneca Avenue Apartments,Tenant Selection,Rental,QN,11385,460 SENECA AVENUE,QN0502,2021-06-25,2021-07-19,3,,3,,,,,,,,3,,,,,,,,40.706115,-73.9133,New Construction,405,4034320036,4621009
1977,5 Pointz LIC,Tenant Selection,Rental,QN,11101,22-44 JACKSON AVENUE,QN0201,2021-02-24,2021-06-08,337,78,180,77,2,,,,,,337,,,,,,,,40.74564,-73.94609,New Construction,402,4000867501,4596913
4762,5-22 49th Avenue  Apartments,Tenant Selection,Rental,QN,11101,5-22 49th Ave,QN0201,2024-05-23,2024-07-05,9,,4,5,,,,,,,9,,,,,,,,40.743795,-73.95585,New Construction,402,4000320035,4623858
4588,53-10 102nd Street,Tenant Selection,Rental,QN,11368,53-10 102nd St,QN0402,2024-03-25,2024-04-15,3,,2,1,,,,,,,3,,,,,,,,40.741214,-73.859207,New Construction,404,4019380018,4621036
5502,55-04 & 55-06 102nd Street Apartments,Tenant Selection,Rental,QN,11368,52-55 102nd St,QN0402,2024-12-17,2025-01-07,3,,2,1,,,,,,,3,,,,,,,,40.741596,-73.859574,New Construction,404,,
5502,55-04 & 55-06 102nd Street Apartments,Tenant Selection,Rental,QN,11368,55-04 102nd St,QN0402,2024-12-17,2025-01-07,3,,2,1,,,,,,,3,,,,,,,,40.740065,-73.857864,New Construction,404,4019390045,4000000
6800,5714A & 5714B Granger Street Apartments,Tenant Selection,Rental,QN,11368,5714A Granger St,QN0402,2025-03-17,2025-04-07,2,,2,,,,,,,,2,,,,,,,,40.739153,-73.85709,New Construction,404,4019500042,4000000
6800,5714A & 5714B Granger Street Apartments,Tenant Selection,Rental,QN,11368,5714B Granger St,QN0402,2025-03-17,2025-04-07,2,,2,,,,,,,,2,,,,,,,,40.739153,-73.85709,New Construction,404,4019500042,4000000
4503,58-12 & 58-14 Granger Street Apartments,Tenant Selection,Rental,QN,11368,58-12 GRANGER STREET,QN0402,2024-02-15,2024-03-20,2,,1,,1,,,,,,2,,,,,,,,40.738442,-73.854876,New Construction,404,4019570012,4624348
4503,58-12 & 58-14 Granger Street Apartments,Tenant Selection,Rental,QN,11368,58-14 GRANGER STREET,QN0402,2024-02-15,2024-03-20,2,,1,,1,,,,,,2,,,,,,,,40.738433,-73.854854,New Construction,404,4019570013,4624347
4430,63-16 102nd Street Apartments,Tenant Selection,Rental,QN,11374,63-16 102nd St,QN0602,2024-01-12,2024-02-05,4,,2,2,,,,,,,4,,,,,,,,40.733196,-73.854898,New Construction,406,4021100037,4596370
6803,63-68 Austin Street Apartments,Tenant Selection,Rental,QN,11374,63-68 AUSTIN STREET,QN0601,2025-03-26,2025-05-27,24,,14,10,,,,,19,,5,,5,2,20,5,,,40.727204,-73.863642,New Construction,406,4031040016,4072830
7305,64-08 Wetherole Street Apartments,Tenant Selection,Rental,QN,11374,64-08 Wetherole St,QN0601,2025-11-13,2025-12-05,8,2,5,1,,,,,,,8,,,,,,,,40.72737,-73.861917,New Construction,406,4030960074,4000000
3541,71-82 Parsons Blvd Apartments,Tenant Selection,Rental,QN,11366,79-71 Parsons Blvd,QN0802,2023-05-09,2023-07-10,29,2,19,8,,,,,24,,5,,5,2,50,5,,82,40.720216,-73.809117,New Construction,408,,
5465,72-01 Queens Boulevard Apartments,Tenant Selection,Rental,QN,11377,72-01 QUEENS BOULEVARD,QN0401,2024-11-21,2025-01-23,110,20,44,38,8,,,,65,,45,,5,2,20,5,,,40.739401,-73.891208,New Construction,402,4013520125,4620900
7439,75-42 Grand Central Parkway,Tenant Selection,Rental,QN,11375,75-42 Grand Central Pkwy,QN0602,2026-02-11,2026-03-05,3,,2,1,,,,,,,3,,,,,,,,40.7188,-73.834226,Preservation,406,4022650103,4052774
4329,81-07 Kew Gardens Road Apartments,Tenant Selection,Rental,QN,11415,81-07 Kew Gardens Rd,QN0901,2023-12-13,2024-01-12,16,,11,5,,,,,,,16,,,,,,,,40.712925,-73.829706,New Construction,409,4033587502,4000000
7370,83-07 Queens Boulevard Apartments,Tenant Selection,Rental,QN,11373,83-07 Queens Blvd,QN0401,2025-12-08,2025-12-30,16,,14,2,,,,,,,16,,,,,,,,40.737271,-73.879943,New Construction,404,4015420016,4000000
5067,83-61 116th Street Apartments,Tenant Selection,Rental,QN,11418,83-61 116th St,QN0901,2024-07-24,2024-08-14,9,1,4,4,,,,,,,9,,,,,,,,40.704642,-73.835877,New Construction,409,4033210177,4624022
7344,86-05 Britton Avenue Apartments,Tenant Selection,Rental,QN,11373,86-05 Britton Ave,QN0401,2025-11-20,2025-12-11,3,,1,2,,,,,3,,,,,,,,,,40.746551,-73.879745,New Construction,404,4015030048,4000000
7261,86-15 60th Road Apartments,Tenant Selection,Rental,QN,11373,86-15 60 ROAD,QN0601,2025-10-16,2025-11-07,3,,3,,,,,,,,3,,,,,,,,40.730253,-73.872782,New Construction,406,4028740035,4065247
5350,87-34 124th Street Apartments,Tenant Selection,Rental,QN,11418,87-34 124 STREET,QN0902,2024-10-24,2024-11-15,4,,2,2,,,,,,,4,,,,,,,,40.699887,-73.826137,New Construction,409,4093320020,4196020
7453,87-57 150th Street AKA 150-02 Hillside Avenue Apartments,Tenant Selection,Rental,QN,11435,87-57 150th Street,QN1201,2026-03-05,2026-03-27,18,,12,6,,,,,,,18,,,,,,,,40.706564,-73.806545,New Construction,412,4096970008,4000000
7125,88-30 54th Avenue Apartments,Tenant Selection,Rental,QN,11373,88-30 54th Ave,QN0401,2025-07-17,2025-08-07,3,,3,,,,,,,,3,,,,,,,,40.737065,-73.874916,New Construction,404,4018400011,4000000
7487,89-61 162nd Apartments,Tenant Selection,Rental,QN,11432,89-61 162nd St,QN1201,2026-03-10,2026-04-01,18,,9,9,,,,,14,4,,,,,20,10,,,40.705331,-73.798304,New Construction,412,4097610014,4208879
3127,9-24 Main Avenue,Tenant Selection,Rental,QN,11102,9-24 MAIN AVENUE,QN0102,2022-10-03,2023-01-03,10,,5,5,,,,,,,10,,,,,,,,40.771997,-73.933136,New Construction,401,4005070025,4619618
7126,94-15 Sutphin Boulevard Apartments,Tenant Selection,Rental,QN,11435,94-15 Sutphin Blvd,QN1201,2025-06-18,2025-08-18,90,27,45,17,1,,,,90,,,,5,2,20,5,,,40.698868,-73.806824,New Construction,412,4099990001,4000000
2772,95-01 37th Avenue Apartments,Tenant Selection,Rental,QN,11372,35-63 95th St,QN0301,2022-04-26,2022-05-17,14,,7,7,,,,,,,14,,,,,,,,40.752749,-73.872534,New Construction,403,4014697502,4623589
4327,95-01 37th Avenue Apartments Waitlist,Tenant Selection,Rental,QN,11372,35-63 95 STREET,QN0301,2024-01-19,2024-02-19,14,,7,7,,,,,,,14,,,,,,,,40.752749,-73.872534,New Construction,403,4014697502,4623589
4619,95-25 Waltham Street Apartments,Tenant Selection,Rental,QN,11435,95-25 Waltham St,QN1201,2025-02-27,2025-04-28,22,3,14,5,,,,,22,,,,5,2,20,5,,,40.697908,-73.807191,New Construction,412,4100260034,4620992
7321,96-11 37th Avenue Apartments,Tenant Selection,Rental,QN,11368,96-11 37 AVENUE,QN0303,2025-12-02,2025-12-23,4,,2,2,,,,,4,,,,,,,,,,40.751608,-73.870648,New Construction,403,4017370030,4625412
5689,ASTORIA TOWERS II,Tenant Selection,Rental,QN,11369,32-14 111th St,QN0302,2025-03-06,2025-05-05,73,36,37,,,,,73,,,,,5,2,,,,,40.759403,-73.85918,New Construction,403,4017040012,4000000
5411,AURA,Tenant Selection,Rental,QN,11101,23-10 42nd Rd,QN0201,2024-11-22,2025-02-04,72,25,34,13,,,,,,,72,,,,,,,,40.750555,-73.942664,New Construction,402,4004280019,4624033
7418,AURA - Units Still Available,Tenant Selection,Rental,QN,11101,23-10 42 ROAD,QN0201,2026-01-12,2026-02-25,27,21,6,,,,,,,,27,,,,,,,,40.750555,-73.942664,Preservation,402,4004280019,4624033
7097,Altara Senior Apartments,Tenant Selection,Rental,QN,11363,44-14 DOUGLASTON PARKWAY,QN1103,2025-06-24,2025-07-24,15,4,8,3,,,,,14,,1,,5,2,20,5,,93,40.766209,-73.745283,New Construction,411,4080920025,4542820
3492,Amana Astoria - Units Still Available,Tenant Selection,Rental,QN,11102,28-16 21 STREET,QN0102,2023-02-24,2023-03-17,4,,3,1,,,,,,,4,,,,,,,,40.770772,-73.927119,New Construction,401,4005380046,4617126
5214,Amara,Tenant Selection,Rental,QN,11106,31-90 29 STREET,QN0103,2024-09-25,2024-11-27,28,5,16,7,,,,,,,28,,,,,,,,40.7629,-73.926861,New Construction,401,4005790001,4624439
4844,Aries Astoria,Tenant Selection,Rental,QN,11106,31-18 30 STREET,QN0103,2024-05-30,2024-06-21,5,,4,1,,,,,,,5,,,,,,,,40.764101,-73.924776,New Construction,401,4005880048,4007487
7467,Astoria Cove Phase 1(A),Tenant Selection,Rental,QN,11102,4-34 26th Ave,QN0102,2026-04-02,2026-06-02,42,10,11,21,,,,,26,,16,,5,2,20,10,,,40.776048,-73.932284,New Construction,401,4009090035,4000000
7467,Astoria Cove Phase 1(A),Tenant Selection,Rental,QN,11102,442 26th Ave,QN0102,2026-04-02,2026-06-02,33,5,17,11,,,,,19,,14,,5,2,20,10,,,40.776048,-73.93228,New Construction,401,4009080012,4020640
7147,Astoria Point,Tenant Selection,Rental,QN,11102,21-07 Astoria Blvd,QN0103,2025-09-02,2025-11-03,21,3,7,11,,,,,,,21,,,,,,,,40.772138,-73.92563,New Construction,401,4008840057,4000000
2698,Astoria West - 11-37 31st Avenue,Tenant Selection,Rental,QN,11106,11-37 31st Ave,QN0102,2022-03-18,2022-05-19,36,,28,8,,,,,,,36,,,,,,,,40.769245,-73.934496,New Construction,401,4005040003,4619106
4155,Astoria West Waitlist,Tenant Selection,Rental,QN,11106,11-37 31 AVENUE,QN0102,2023-11-24,2023-12-26,36,,28,8,,,,,,,36,,,,,,,,40.769245,-73.934496,New Construction,401,4005040003,4619106
2525,BEACH 21ST APARTMENTS,Tenant Selection,Rental,QN,11691,10-47 Beach 21st St,QN1401,2021-12-10,2022-02-10,200,30,77,63,30,,,88,22,90,,,5,2,50,5,,,40.603358,-73.753866,New Construction,414,4157050069,4622929
5740,Baisley Pond Park Residences,Tenant Selection,Rental,QN,11436,144-02 135th Ave,QN1203,2025-03-20,2025-05-19,125,108,13,4,,,,29,96,,,,5,2,20,5,,,40.668035,-73.795035,Preservation,412,4120990036,4000000
7246,Beach Channel House,Tenant Selection,Rental,QN,11692,60-14 Beach Channel Dr,QN1402,2025-09-22,2025-11-24,37,9,8,20,,,,,,,37,,,,,,,,40.593697,-73.79005,New Construction,414,4160130001,4000000
6892,CORE NYC,Tenant Selection,Rental,QN,11374,98-10 63rd Rd,QN0601,2025-04-16,2025-06-16,78,21,27,30,,,,,,,78,,,,,,,,40.732079,-73.858674,New Construction,406,4020980005,4000000
7452,Cove 41,Tenant Selection,Rental,QN,11355,132-55 41 Road,QN0707,2026-02-17,2026-03-10,3,,1,2,,,,,,,3,,,,,,,,40.756043,-73.832307,New Construction,407,4050390038,4114189
4040,Dutch House Apartments - Units Still Available,Tenant Selection,Rental,QN,11101,37-05 30 STREET,QN0105,2023-09-06,2023-10-10,28,12,16,,,,,,,,28,,,,,,,,40.755179,-73.93198,New Construction,401,4003727501,4623388
6862,Eagle Loft Collection Phase 2,Tenant Selection,Rental,QN,11101,43-14 Queens St,QN0201,2025-04-14,2025-06-13,91,75,16,,,,,,,,91,,,,,,,,40.747075,-73.939149,New Construction,402,4002660027,4621008
6962,Edgemere Commons B1,Tenant Selection,Rental,QN,11691,5119 Beach Channel Dr,QN1402,2025-04-30,2025-06-30,189,7,114,62,6,,35,71,83,,,,5,2,20,5,,,40.595204,-73.782638,Preservation,414,4158430001,4000000
7225,Grace's Place Senior Apartments,Tenant Selection,Rental,QN,11691,13-04 Nameoke Ave,QN1401,2025-10-27,2025-12-30,56,56,,,,,,56,,,,,5,2,,,,100,40.60659,-73.750419,New Construction,414,4155350001,4000000
4166,Habitat Net Zero Homes,Tenant Selection,Owner,QN,11429,214-13 Hollis Ave,QN1303,2023-10-23,2023-12-26,1,,,,1,,,,,1,,,5,2,50,5,25,,40.709854,-73.744016,New Construction,413,4110990076,4000000
4166,Habitat Net Zero Homes,Tenant Selection,Owner,QN,11436,117-11 143rd St,QN1203,2023-10-23,2023-12-26,1,,,,,1,,,,1,,,5,2,50,5,25,,40.678762,-73.798034,New Construction,412,4120170049,4000000
4166,Habitat Net Zero Homes,Tenant Selection,Owner,QN,11429,111-50 Witthoff Ave,QN1303,2023-10-23,2023-12-26,1,,,1,,,,,1,,,,5,2,50,5,25,,40.706547,-73.743033,New Construction,413,4111270044,4000000
4166,Habitat Net Zero Homes,Tenant Selection,Owner,QN,11412,198-16 116 AVENUE,QN1205,2023-10-23,2023-12-26,1,,,,,1,,,1,,,,5,2,50,5,25,,40.695543,-73.754406,New Construction,412,4110700147,4000000
4166,Habitat Net Zero Homes,Tenant Selection,Owner,QN,11436,142-06 FOCH BOULEVARD,QN1203,2023-10-23,2023-12-26,1,,,,1,,,,1,,,,5,2,50,5,25,,40.67875,-73.799426,New Construction,412,4120140003,4260618
4166,Habitat Net Zero Homes,Tenant Selection,Owner,QN,11429,106-10 215th St,QN1303,2023-10-23,2023-12-26,1,,,,,1,,,,1,,,5,2,50,5,25,,40.710561,-73.74346800000001,New Construction,413,4110990062,4000000
4166,Habitat Net Zero Homes,Tenant Selection,Owner,QN,11429,214-15 Hollis Ave,QN1303,2023-10-23,2023-12-26,1,,,,1,,,,,1,,,5,2,50,5,25,,40.709884,-73.743871,New Construction,413,4110990076,4000000
4166,Habitat Net Zero Homes,Tenant Selection,Owner,QN,11420,133-24 135 PLACE,QN1001,2023-10-23,2023-12-26,1,,,,1,,,,1,,,,5,2,50,5,25,,40.66879,-73.802653,New Construction,410,4117950068,4256344
4166,Habitat Net Zero Homes,Tenant Selection,Owner,QN,11420,114-11 130 STREET,QN1001,2023-10-23,2023-12-26,1,,,,,1,,,,1,,,5,2,50,5,25,,40.680889,-73.811415,New Construction,410,4116560067,4251748
4166,Habitat Net Zero Homes,Tenant Selection,Owner,QN,11411,209-26 Nashville Blvd,QN1304,2023-10-23,2023-12-26,1,,,,1,,,,,1,,,5,2,50,5,25,,40.698553,-73.743792,New Construction,413,4110550021,4000000
4166,Habitat Net Zero Homes,Tenant Selection,Owner,QN,11412,202-06 116 AVENUE,QN1205,2023-10-23,2023-12-26,1,,,,,1,,,1,,,,5,2,50,5,25,,40.696469,-73.750883,New Construction,412,4110740054,4000000
4166,Habitat Net Zero Homes,Tenant Selection,Owner,QN,11423,99-19 194th St,QN1206,2023-10-23,2023-12-26,1,,,,1,,,,1,,,,5,2,50,5,25,,40.709992,-73.765102,New Construction,412,4108410001,4000000
4166,Habitat Net Zero Homes,Tenant Selection,Owner,QN,11420,126-01 116th Ave,QN1001,2023-10-23,2023-12-26,1,,,1,,,,,,1,,,5,2,50,5,25,,40.677051,-73.812475,New Construction,410,4116700040,4000000
5395,Hearthstone,Tenant Selection,Rental,QN,11101,34-35 44th St,QN0104,2024-11-12,2025-01-14,90,,59,31,,,,36,36,16,2,,5,2,20,5,,,40.754212,-73.918442,New Construction,401,4007040001,4620991
5313,Jasper Hunter's Point Apartments,Tenant Selection,Rental,QN,11101,2-33 50th Ave,QN0201,2024-10-21,2024-12-21,150,17,90,41,2,,,,,,150,,,,,,,,40.743499,-73.95808,New Construction,402,4000170001,4625206
5382,Lumen LIC Apartments,Tenant Selection,Rental,QN,11101,23-15 44th Rd,QN0201,2024-10-31,2024-12-30,282,56,117,99,10,,,,,,282,,,,,,,,40.748365,-73.944557,New Construction,402,4004360001,4619459
7067,NORTHEASTERN TOWERS ANNEX Senior - Waiting List,Tenant Selection,Rental,QN,11434,131-10 Guy R Brewer Blvd,QN1204,2025-05-16,2025-06-15,102,37,65,,,,,102,,,,,5,2,,,,100,40.675567,-73.777343,Preservation,412,4122770001,4266168
7283,Nova Astoria,Tenant Selection,Rental,QN,11106,11-14 35th Ave,QN0105,2025-12-10,2026-02-09,50,,25,25,,,,,19,25,6,,,,20,10,,,40.762753000000004,-73.93869,New Construction,401,4003310027,4000000
5558,Pianist Senior - Units Still Available,Tenant Selection,Rental,QN,11102,3-11 27 AVENUE,QN0102,2025-01-27,2025-02-27,13,3,,10,,,,,13,,,,5,,,,,100,40.77497,-73.934166,Preservation,401,4009107501,4020675
3306,Pianist Senior 26-46 4th Street Apartments,Tenant Selection,Rental,QN,11102,3-3 27th Ave,QN0102,2023-07-27,2023-09-25,24,5,6,13,,,,,24,,,,5,2,50,5,,100,40.774992,-73.934242,New Construction,401,,
7358,ROCKAWAY VILLAGE APARTMENTS PHASE 5,Tenant Selection,Rental,QN,11691,1523 Village Lane,QN1401,2025-12-10,2026-02-09,120,17,30,61,12,,13,38,69,,,,5,2,20,10,,,40.607227,-73.751828,New Construction,414,4155370100,4000000
7358,ROCKAWAY VILLAGE APARTMENTS PHASE 5,Tenant Selection,Rental,QN,11691,1518 Village Lane,QN1401,2025-12-10,2026-02-09,205,,51,127,27,,26,68,111,,,,5,2,20,10,,,40.607257,-73.751839,New Construction,414,4155370065,4000000
2546,Roosevelt Apartments Phase II,Tenant Selection,Rental,QN,11368,108-60 ROOSEVELT AVENUE,QN0402,2022-01-28,2022-04-14,3,,,3,,,,,,,3,,,,,,,,40.750858,-73.858263,New Construction,404,4019967504,4619693
2546,Roosevelt Apartments Phase II,Tenant Selection,Rental,QN,11368,108-58 Roosevelt Ave,QN0402,2022-01-28,2022-04-14,3,,,3,,,,,,,3,,,,,,,,40.750855,-73.858266,New Construction,404,4019960033,4619692
2546,Roosevelt Apartments Phase II,Tenant Selection,Rental,QN,11368,108-40 ROOSEVELT AVENUE,QN0402,2022-01-28,2022-04-14,3,,,3,,,,,,,3,,,,,,,,40.750852,-73.858281,New Construction,404,4019960025,4307718
2546,Roosevelt Apartments Phase II,Tenant Selection,Rental,QN,11368,108-42 Roosevelt Ave,QN0402,2022-01-28,2022-04-14,3,,,3,,,,,,,3,,,,,,,,40.750852,-73.858281,New Construction,404,4019960026,4619687
2546,Roosevelt Apartments Phase II,Tenant Selection,Rental,QN,11368,108-46 Roosevelt Ave,QN0402,2022-01-28,2022-04-14,6,,,6,,,,,,,6,,,,,,,,40.750852,-73.858277,New Construction,404,4019960027,4619688
2546,Roosevelt Apartments Phase II,Tenant Selection,Rental,QN,11368,108-50 Roosevelt Ave,QN0402,2022-01-28,2022-04-14,6,,,6,,,,,,,6,,,,,,,,40.750855,-73.858274,New Construction,404,4019967503,4620702
2546,Roosevelt Apartments Phase II,Tenant Selection,Rental,QN,,108-54 108-54,,2022-01-28,2022-04-14,3,,,3,,,,,,,3,,,,,,,,,,New Construction,,,
5603,Roosevelt Parc - Waiting List,Tenant Selection,Rental,QN,11372,37-46 72 STREET,QN0401,2025-02-03,2025-03-06,47,15,19,9,4,,,,,,47,,,,,,,,40.747525,-73.893776,Preservation,403,4012827501,4618758
7230,Ruby Square,Tenant Selection,Rental,QN,11432,166-20 JAMAICA AVENUE,QN1201,2025-09-29,2025-11-28,185,1,137,47,,,,,93,,92,,5,2,20,5,,,40.705905,-73.793721,New Construction,412,4101560007,4216246
3092,Small Homes Rehab - NYCHA Program Cluster III,Tenant Selection,Owner,QN,11429,113-44 SPRINGFIELD BOULEVARD,QN1304,2022-09-20,2022-11-23,1,,,,,1,,,1,,,,5,2,50,5,25,,40.702787,-73.740746,New Construction,413,4111340046,4240073
3092,Small Homes Rehab - NYCHA Program Cluster III,Tenant Selection,Owner,QN,11434,118-35 153 STREET,QN1203,2022-09-20,2022-11-23,1,,,1,,,,,1,,,,5,2,50,5,25,,40.680341,-73.789369,New Construction,412,4122080005,4265039
3092,Small Homes Rehab - NYCHA Program Cluster III,Tenant Selection,Owner,QN,11434,114-22 166 STREET,QN1203,2022-09-20,2022-11-23,1,,,,1,,,,1,,,,5,2,50,5,25,,40.689502,-73.782994,New Construction,412,4123290038,4267054
3092,Small Homes Rehab - NYCHA Program Cluster III,Tenant Selection,Owner,QN,11434,146-23 176 STREET,QN1306,2022-09-20,2022-11-23,1,,,1,,,,,1,,,,5,2,50,5,25,,40.661752,-73.770069,New Construction,413,4133060180,4285427
3092,Small Homes Rehab - NYCHA Program Cluster III,Tenant Selection,Owner,QN,11435,144-29 105 AVENUE,QN1201,2022-09-20,2022-11-23,2,,,,2,,,,,1,,,5,2,50,5,25,,40.692244,-73.807741,New Construction,412,4100430019,4214792
3092,Small Homes Rehab - NYCHA Program Cluster III,Tenant Selection,Owner,QN,11434,144-23 166 STREET,QN1306,2022-09-20,2022-11-23,1,,,1,,,,,1,,,,5,2,50,5,25,,40.665609,-73.777395,New Construction,413,4132720054,4284945
3092,Small Homes Rehab - NYCHA Program Cluster III,Tenant Selection,Owner,QN,11411,119-12 219 STREET,QN1304,2022-09-20,2022-11-23,1,,,,1,,,,1,,,,5,2,50,5,25,,40.691835,-73.74288,New Construction,413,4127780128,4275406
3092,Small Homes Rehab - NYCHA Program Cluster III,Tenant Selection,Owner,QN,11413,185-10 141 AVENUE,QN1204,2022-09-20,2022-11-23,1,,,,1,,,,,1,,,5,2,50,5,25,,40.670979,-73.758779,New Construction,412,4130570050,4280842
3092,Small Homes Rehab - NYCHA Program Cluster III,Tenant Selection,Owner,QN,11691,231 FERNSIDE PLACE,QN1401,2022-09-20,2022-11-23,1,,,,1,,,,1,,,,5,2,50,5,25,,40.596062,-73.757523,New Construction,414,4157820054,4301314
3092,Small Homes Rehab - NYCHA Program Cluster III,Tenant Selection,Owner,QN,11692,69-33 BAYFIELD AVENUE,QN1402,2022-09-20,2022-11-23,1,,,,1,,,,1,,,,5,2,50,5,25,,40.598853,-73.79970900000001,New Construction,414,4160450015,4302902
3092,Small Homes Rehab - NYCHA Program Cluster III,Tenant Selection,Owner,QN,11435,143-03 105 AVENUE,QN1202,2022-09-20,2022-11-23,1,,,,1,,,,,1,,,5,2,50,5,25,,40.69154,-73.808568,New Construction,412,4100410120,4214750
3092,Small Homes Rehab - NYCHA Program Cluster III,Tenant Selection,Owner,QN,11433,171-40 105 AVENUE,QN1202,2022-09-20,2022-11-23,1,,,,1,,,,,1,,,5,2,50,5,25,,40.702116,-73.785373,New Construction,412,4102410027,4218258
5648,THE YELLOWSTONE - Units Still Available,Tenant Selection,Rental,QN,11375,73-65 Yellowstone Blvd,QN0602,2025-02-06,2025-03-10,7,,1,6,,,,,,,7,,,,,,,,40.717535,-73.857096,New Construction,406,,
3930,The 88 aka 153-10 88th Avenue Apartments,Tenant Selection,Rental,QN,11432,153-10 JAMAICA AVENUE,QN1201,2023-10-18,2024-01-17,67,18,35,14,,,,,44,,23,,5,2,50,5,,,40.702807,-73.802023,New Construction,412,4100970010,4315254
7177,The Aedan,Tenant Selection,Rental,QN,11102,30-33 29th St,QN0103,2025-08-26,2025-09-17,7,,4,3,,,,,7,,,,,,,,,,40.766781,-73.923676,New Construction,401,4005920012,4000000
2693,The Ariel at 44-46 Purves Street,Tenant Selection,Rental,QN,11101,44-46 PURVES STREET,QN0201,2022-04-11,2022-05-02,15,3,11,1,,,,,,,15,,,,,,,,40.746717,-73.941018,New Construction,402,4002680031,4607819
7379,The Hana,Tenant Selection,Rental,QN,11361,45-10 215th Place,QN1102,2026-01-07,2026-01-29,12,6,5,1,,,,,,,12,,,,,,,,40.760054,-73.766445,New Construction,411,4073340070,4000000
4568,The Haru Apartments at 138-25 Barclay Avenue,Tenant Selection,Rental,QN,11355,138-25 Barclay Ave,QN0707,2024-04-02,2024-05-01,15,1,6,8,,,,,,,15,,,,,,,,40.758262,-73.827147,New Construction,407,4050440074,4620984
2324,The Kira Apartments,Tenant Selection,Rental,QN,11432,153-19 JAMAICA AVENUE,QN1201,2021-10-13,2021-12-14,69,37,32,,,,,,69,,,,5,2,50,5,,,40.702843,-73.801961,New Construction,412,4097547501,4619413
7371,The Lumina Apartments,Tenant Selection,Rental,QN,11372,33-25 Junction Blvd,QN0303,2025-12-24,2026-01-23,5,,3,2,,,,,5,,,,,,,,,,40.756247,-73.873343,New Construction,403,4017100065,4000000
3222,The Marathon Building - 31-07 38th Avenue,Tenant Selection,Rental,QN,11101,31-07 38 AVENUE,QN0105,2022-10-07,2022-11-14,4,,2,1,1,,,,,,4,,,,,,,,40.753713,-73.931866,New Construction,401,4003730002,4436763
5049,The Monarch,Tenant Selection,Rental,QN,11433,163-05 ARCHER AVENUE,QN1201,2024-09-03,2024-11-04,182,,150,32,,,,,30,,152,,5,2,20,5,,,40.703405,-73.795698,New Construction,412,4101510075,4623723
5138,The Northern II Apartments,Tenant Selection,Rental,QN,11101,38-27 32 STREET,QN0105,2024-08-26,2024-10-28,39,5,26,8,,,,,25,,14,,5,2,20,5,,,40.75301,-73.931538,New Construction,401,4003810030,4004589
5138,The Northern II Apartments,Tenant Selection,Rental,QN,11101,38-38 32nd St,QN0105,2024-08-26,2024-10-28,20,3,13,4,,,,,12,,8,,5,2,20,5,,,40.752928,-73.931632,New Construction,401,4003820029,4537917
7352,The Orchard,Tenant Selection,Rental,QN,11101,42-06 Orchard St,QN0201,2025-11-26,2026-01-28,248,81,107,55,5,,,,,,248,,,,,,,,40.74817,-73.938805,New Construction,402,4002650013,4000000
3646,The Ridgewood Apartments,Tenant Selection,Rental,QN,11385,1607 Woodbine St,QN0502,2023-07-12,2023-09-11,40,,37,3,,,,,,,40,,,,,,,,40.699838,-73.909594,New Construction,405,4034450027,4624518
5130,The Vordonia Towers,Tenant Selection,Rental,QN,11106,34-46 VERNON BOULEVARD,QN0105,2024-11-07,2025-01-09,112,22,72,18,,,,,22,,90,,,,,,,,40.764494,-73.94093,New Construction,401,4003227501,4540366
5341,Trylon Tower Apartments,Tenant Selection,Rental,QN,11374,98-81 Queens Blvd,QN0602,2024-11-26,2025-01-27,43,,33,9,1,,,17,19,7,,,5,2,20,5,,,40.727612,-73.855473,New Construction,406,4021050001,4000000
4192,Vida aka 43-15 52nd Street Apartments,Tenant Selection,Rental,QN,11377,43-15 52nd St,QN0202,2023-11-24,2024-01-22,23,,13,10,,,,9,9,3,2,,5,2,50,5,,,40.743792,-73.912547,New Construction,402,4013210016,4000000
4303,Vista65 (97-12 65th Road),Tenant Selection,Rental,QN,11374,97-12 65 ROAD,QN0602,2023-12-05,2024-02-05,56,16,31,9,,,,,,,56,,,,,,,,40.727901,-73.858503,New Construction,406,4030867501,4619386
7173,Vleigh 77,Tenant Selection,Rental,QN,11367,77-63 Vleigh Pl,QN0801,2025-09-29,2025-12-04,24,6,4,14,,,,,20,,4,,5,2,20,5,,,40.719822,-73.820616,New Construction,408,4066307501,4000000
7378,WILLETS POINT COMMONS,Tenant Selection,Rental,QN,11368,126-55 39th Avenue,QN0707,2025-12-12,2026-02-25,291,86,142,40,23,,23,39,65,137,27,,5,2,20,10,,,40.756726,-73.841343,New Construction,407,4018330135,4624493
7378,WILLETS POINT COMMONS,Tenant Selection,Rental,QN,11368,126-43 39th Avenue,QN0707,2025-12-12,2026-02-25,456,96,239,74,47,,37,60,104,202,53,,5,2,20,10,,,40.756613,-73.841394,New Construction,407,4018330130,4624494
3868,Ways Reef Apartments at 26-19 2nd Street,Tenant Selection,Rental,QN,11102,26-19 2 STREET,QN0102,2023-07-24,2023-08-14,8,,7,1,,,,,,,8,,,,,,,,40.776365,-73.934728,New Construction,401,4009140008,4020682
7320,Woodhaven Blvd. Apartments,Tenant Selection,Rental,QN,11374,68-19 Woodhaven Blvd,QN0601,2025-11-14,2026-01-13,101,25,46,30,,,21,22,35,23,,,5,2,20,5,,,40.715093,-73.860193,Preservation,406,4031480002,4000000
3449,Woodside Central,Tenant Selection,Rental,QN,11377,46-09 69th St,QN0203,2023-03-21,2023-05-22,89,23,48,18,,,,,89,,,,5,2,50,5,,,40.739858,-73.895856,New Construction,402,4024320009,4623448
3449,Woodside Central,Tenant Selection,Rental,QN,11377,46-10 70th St,QN0203,2023-03-21,2023-05-22,55,16,28,11,,,,,55,,,,5,2,50,5,,,40.739613,-73.894214,New Construction,402,4024327502,4623447
4997,Belmont Daniel LP Waiting List,Tenant Selection,Rental,SI,10301,101 DANIEL LOW TERRACE,SI0101,2024-07-31,2024-08-30,59,,35,15,9,,,,41,18,,,,,,,,,40.642429,-74.080981,New Construction,501,5000200008,5108464
4997,Belmont Daniel LP Waiting List,Tenant Selection,Rental,SI,10301,100 BELMONT PLACE,SI0101,2024-07-31,2024-08-30,59,3,34,15,7,,,,42,17,,,,,,,,,40.642636,-74.079663,New Construction,501,5000200008,5112989
2240,Buckingham House - Waiting List,Tenant Selection,Rental,SI,10302,2044 RICHMOND TERRACE,SI0106,2021-09-02,2021-10-04,14,14,,,,,,14,,,,,5,,,,,,40.640368,-74.131298,New Construction,501,5010030014,5023696
5390,Lighthouse Point,Tenant Selection,Rental,SI,10301,35R Bay St,SI0101,2024-11-14,2025-01-16,30,6,17,7,,,,12,12,,6,,5,2,20,5,,,40.6415,-74.075734,New Construction,501,,
7423,Lighthouse Point - Units Still Available,Tenant Selection,Rental,SI,10301,35R Bay St,SI0101,2026-02-03,2026-03-06,5,,,5,,,,,,,5,,,,,,,,40.6415,-74.075734,New Construction,501,,
5039,Seaview Estates- Waiting List,Tenant Selection,Rental,SI,10301,201 HAMILTON AVENUE,SI0101,2024-08-01,2024-09-02,77,20,35,21,1,,,,8,69,,,,,,,,,40.645161,-74.083968,Preservation,501,5000220070,5112216
5039,Seaview Estates- Waiting List,Tenant Selection,Rental,SI,10301,217 HAMILTON AVENUE,SI0101,2024-08-01,2024-09-02,79,5,55,17,2,,,,13,66,,,,,,,,,40.645345,-74.08447,Preservation,501,5000220070,5112217
5039,Seaview Estates- Waiting List,Tenant Selection,Rental,SI,10301,90 ST MARKS PLACE,SI0101,2024-08-01,2024-09-02,78,9,47,20,2,,,,12,66,,,,,,,,,40.646479,-74.083271,Preservation,501,5000220070,5112219
5039,Seaview Estates- Waiting List,Tenant Selection,Rental,SI,10301,80 ST MARKS PLACE,SI0101,2024-08-01,2024-09-02,80,9,53,17,1,,,,11,69,,,,,,,,,40.646539,-74.083509,Preservation,501,5000220070,5112218
4424,The Pearl aka 475 Bay Street Apartments,Tenant Selection,Rental,SI,10304,475 Bay St,SI0102,2024-02-21,2024-04-22,131,,43,55,33,,,,131,,,,5,2,50,5,,2,40.630517,-74.076637,New Construction,501,5004887501,5172149
4597,Water's Edge,Tenant Selection,Rental,SI,10301,5 Stuyvesant Pl,SI0101,2024-07-24,2024-09-23,23,3,17,3,,,,,,,23,,,,,,,,40.645958,-74.078625,New Construction,501,,
2778,407 East 117th Street,Closed,Rental,MN,10035,407 EAST 117 STREET,MN1102,2022-04-28,2022-05-20,4,1,,3,,,,,,,4,,,,,,,,40.796505,-73.934473,New Construction,111,1017110006,1090547
1732,1035 Cortelyou Road Apartments,Closed,Rental,BK,11218,1035 CORTELYOU ROAD,BK1402,2020-09-23,2020-10-15,3,,,3,,,,,,,3,,,,,,,,40.639418,-73.968451,New Construction,314,3051417502,3118198
2253,1068 Fulton Street - Waiting List,Closed,Rental,BK,11238,1068 FULTON STREET,BK0301,2021-08-06,2021-10-08,13,,6,7,,,,,,,13,,,,,,,,40.68164,-73.958137,New Construction,303,3020160012,3422360
3303,1079 Lafayette Avenue Apartments,Closed,Rental,BK,11221,1079 LAFAYETTE AVENUE,BK0302,2022-11-25,2023-01-03,7,1,,6,,,,,,,7,,,,,,,,40.692454,-73.929019,New Construction,303,3016080045,3399412
2220,1121 36th Street Apartments,Closed,Rental,BK,11218,1121 36 STREET,BK1203,2021-06-29,2021-07-21,2,,,,2,,,,,,2,,,,,,,,40.644266,-73.987842,New Construction,312,3053027501,3429344
1672,1259 51st Street,Closed,Rental,BK,11219,1259 51 STREET,BK1202,2020-09-03,2020-09-25,3,,,3,,,,,,,3,,,,,,,,40.634369,-73.994041,New Construction,312,3056480053,3138051
1715,1337 Gates Avenue,Closed,Rental,BK,11221,1337 GATES AVENUE,BK0402,2020-08-13,2020-09-03,5,2,1,1,1,,,,,,5,,,,,,,,40.694996,-73.916679,New Construction,304,3033330040,3076295
1797,148 Bleecker Street Apartment,Closed,Rental,BK,11221,148 BLEECKER STREET,BK0402,2020-10-13,2020-11-04,8,1,3,4,,,,,,,8,,,,,,,,40.69625,-73.920104,New Construction,304,3033060018,3325707
1928,1533 East 19th Street,Closed,Rental,BK,11230,1533 EAST 19 STREET,BK1403,2021-02-18,2021-03-11,17,1,14,2,,,,,,,17,,,,,,,,40.612556,-73.955115,New Construction,314,3067660092,3426444
1686,1609 Voorhies Avenue Apartments,Closed,Rental,BK,11235,1609 VOORHIES AVENUE,BK1503,2020-08-27,2020-09-23,3,,,3,,,,,,,3,,,,,,,,40.585845,-73.952764,New Construction,315,3074590146,3204947
5728,1615 Cedar Street Apartments,Closed,Rental,BK,11230,1615 Cedar St,BK1403,2025-02-10,2025-03-04,13,,6,7,,,,,,,13,,,,,,,,40.617492,-73.95875,New Construction,314,3067450014,3000000
2030,1634 Church Avenue Apartments,Closed,Rental,BK,11226,1634 Church Ave,BK1401,2021-02-03,2021-02-25,14,,6,8,,,,,,,14,,,,,,,,40.648856,-73.964536,New Construction,314,3050977501,3426423
1738,1780 Sheepshead Bay Road,Closed,Rental,BK,11235,1780 Sheepshead Bay Rd,BK1503,2020-10-02,2020-10-26,7,1,2,4,,,,,,,7,,,,,,,,40.584173,-73.950811,New Construction,315,3087717503,3426699
2135,200 Clifton Place Apartments,Closed,Rental,BK,11216,200 CLIFTON PLACE,BK0301,2021-04-28,2021-05-19,3,,,3,,,,,,,3,,,,,,,,40.688551,-73.956312,New Construction,303,3019540009,3425979
1814,2502 & 2506 Newkirk Avenue,Closed,Rental,BK,11226,2506 NEWKIRK AVENUE,BK1701,2020-10-29,2020-11-23,3,,,3,,,,,,,3,,,,,,,,40.639695,-73.953025,New Construction,317,3052120042,3428880
1814,2502 & 2506 Newkirk Avenue,Closed,Rental,BK,11226,2502 Newkirk Ave,BK1701,2020-10-29,2020-11-23,3,,,3,,,,,,,3,,,,,,,,40.639693,-73.953054,New Construction,317,3052120041,3428879
6882,268 Sullivan Place Apartments,Closed,Rental,BK,11225,268 Sullivan Pl,BK0901,2025-03-17,2025-04-07,12,,6,6,,,,,,,12,,,,,,,,40.664601,-73.9522,New Construction,309,3013080026,3000000
1875,283 Powers Street Apartments,Closed,Rental,BK,11211,283 POWERS STREET,BK0104,2021-01-26,2021-02-17,6,,4,2,,,,,,,6,,,,,,,,40.713215,-73.93831,New Construction,301,3029210001,3070431
1762,312 Devoe Street Apartments,Closed,Rental,BK,11211,312 DEVOE STREET,BK0104,2020-09-23,2020-10-15,7,,3,4,,,,,,,7,,,,,,,,40.713833,-73.937974,New Construction,301,3029210012,3070434
1926,352 Rutland Road Apartments,Closed,Rental,BK,11225,352 Rutland Rd,BK0902,2021-02-08,2021-03-02,2,,2,,,,,,,,2,,,,,,,,40.659486,-73.949068,New Construction,309,3048090024,3428537
1667,380 Grove Street Apartments,Closed,Rental,BK,11237,380 GROVE STREET,BK0401,2020-09-21,2020-10-12,12,2,6,4,,,,,,,12,,,,,,,,40.700371,-73.913715,New Construction,304,3033280026,3076177
1846,3915 14th Avenue,Closed,Rental,BK,11218,3915 14 AVENUE,BK1202,2020-11-05,2020-11-30,3,,,,3,,,,,,3,,,,,,,,40.639152,-73.984225,New Construction,312,3053467501,3124934
2282,44 Kent Street Apartments - Waiting List,Closed,Rental,BK,11222,44 KENT STREET,BK0101,2021-08-19,2021-10-08,13,3,3,7,,,,,,,13,,,,,,,,40.730388,-73.959748,New Construction,301,3025560058,3399250
1727,50 Clarkson Avenue Apartments,Closed,Rental,BK,11226,50 Clarkson Ave,BK1401,2020-09-21,2020-11-23,28,2,17,9,,,,,,,28,,,,,,,,40.654931,-73.958067,New Construction,314,3050640036,3425069
1703,58 Greenpoint Avenue Apartments,Closed,Rental,BK,11222,58 GREENPOINT AVENUE,BK0101,2020-09-17,2020-10-08,5,,5,,,,,,,,5,,,,,,,,40.729773,-73.95863,New Construction,301,3025620010,3064788
1777,61 Schaefer Street Apartments,Closed,Rental,BK,11207,61 SCHAEFER STREET,BK0402,2020-09-16,2020-10-07,3,,3,,,,,,,,3,,,,,,,,40.686282,-73.911173,New Construction,304,3034210059,3079223
1854,61 Troutman Street,Closed,Rental,BK,11206,61 Troutman St,BK0401,2020-12-11,2021-01-04,3,,3,,,,,,,,3,,,,,,,,40.698519,-73.931713,New Construction,304,3031710053,3424255
1678,65 Woodbine Street Apartments,Closed,Rental,BK,11221,65 WOODBINE STREET,BK0402,2020-09-14,2020-10-05,3,,3,,,,,,,,3,,,,,,,,40.690625,-73.918628,New Construction,304,3033490045,3076576
2988,709 Empire Boulevard Apartments,Closed,Rental,BK,11213,709 EMPIRE BOULEVARD,BK0901,2022-07-14,2022-08-04,4,,4,,,,,,,,4,,,,,,,,40.663832,-73.938442,New Construction,309,3014220061,3038367
1719,810 Fulton Street Apartments Phase II,Closed,Rental,BK,11238,810 FULTON STREET,BK0204,2020-08-20,2020-10-21,37,11,18,8,,,,,,,37,,,,,,,,40.684141,-73.969046,New Construction,302,3020097501,3426518
2222,855 Dekalb Avenue - Units Still Available,Closed,Rental,BK,11221,855 DEKALB AVENUE,BK0302,2021-07-09,2021-08-23,6,,,6,,,,,,,6,,,,,,,,40.692459,-73.942004,New Construction,303,3017770062,3425613
1769,875 Dekalb Avenue - Units Still Available,Closed,Rental,BK,11221,875 DEKALB AVENUE,BK0302,2020-09-14,2020-10-15,6,,1,5,,,,,,,6,,,,,,,,40.692516,-73.941488,New Construction,303,3017770054,3418329
3355,885 Rogers Avenue Waiting List,Closed,Rental,BK,11226,885 ROGERS AVENUE,BK1701,2022-11-30,2023-01-05,32,7,9,16,,,,,,,32,,,,,,,,40.648643,-73.952244,New Construction,317,3051117501,3117397
2232,922 Dekalb Avenue Apartments,Closed,Rental,BK,11221,922 DEKALB AVENUE,BK0302,2021-07-12,2021-09-15,3,,3,,,,,,,,3,,,,,,,,40.692806,-73.938841,New Construction,303,3016010014,3043211
6827,Cantilever House,Closed,Rental,BK,11206,21 GARDEN STREET,BK0401,2025-03-13,2025-04-03,15,,12,3,,,,,11,,4,,5,2,20,5,,,40.701149,-73.937651,New Construction,304,3031380013,3326077
1856,Gloria Willoughby - Units Still Available,Closed,Rental,BK,11237,1127 WILLOUGHBY AVENUE,BK0401,2020-11-12,2020-12-14,8,,3,5,,,,,,,8,,,,,,,,40.701696,-73.92533,New Construction,304,3031970042,3429706
2639,Otto Greenpoint Apartments Waiting List,Closed,Rental,BK,11222,211 MCGUINNESS BOULEVARD,BK0101,2022-02-11,2022-03-14,60,7,43,10,,,,,,,60,,,,,,,,40.729525,-73.95097,New Construction,301,3025767501,3379800
4432,The Vitagraph - Waiting List,Closed,Rental,BK,11230,1277 EAST 14 STREET,BK1403,2024-03-11,2024-04-23,91,,45,46,,,,,,,91,,,,,,,,40.618481,-73.961062,New Construction,314,3067350080,3426593
5632,130 East 177th Street Apartments,Closed,Rental,BX,10453,130 EAST 177 STREET,BX0502,2025-03-31,2025-04-15,24,10,12,2,,,,,,,24,,,,,,,,40.849542,-73.907413,New Construction,205,2028050048,2007628
5682,1351 Jerome Avenue Apartments,Closed,Rental,BX,10452,1351 PLAZA DRIVE,BX0403,2025-01-28,2025-03-31,98,1,96,1,,,,4,1,,93,,5,2,20,5,,,40.839368,-73.918501,New Construction,204,2028560011,2008287
3854,1818 Prospect Avenue Apartments,Closed,Rental,BX,10457,1818 PROSPECT AVENUE,BX0602,2023-07-11,2023-08-01,5,,,,5,,,,,,5,,,,,,,,40.841944,-73.891232,New Construction,206,2029530006,2128688
1798,2265 Hughes Avenue Apartment,Closed,Rental,BX,10457,2265 HUGHES AVENUE,BX0603,2020-11-20,2020-12-14,5,,,5,,,,,,,5,,,,,,,,40.852454,-73.888229,New Construction,206,2030710055,2012094
2997,2434 Bronx Park East Apartments,Closed,Rental,BX,10467,2434 BRONX PARK EAST,BX1104,2022-07-11,2022-08-01,18,4,11,3,,,,,,,18,,,,,,,,40.862138,-73.870516,New Construction,211,2044240020,2051219
6811,40 Bruckner Boulevard Apartments - Units Still Available,Closed,Rental,BX,10454,40 BRUCKNER BOULEVARD,BX0101,2025-03-06,2025-04-07,9,,,9,,,,,,,9,,,,,,,,40.806681,-73.92713,New Construction,201,2022950051,2129670
3599,883 Bryant Avenue Senior Apartments,Closed,Rental,BX,10474,883 Bryant Ave,BX0201,2023-04-24,2023-11-01,40,40,,,,,,,40,,,,5,2,50,5,,100,40.819546,-73.886861,New Construction,202,2027610107,2000000
2996,903 Eagle Avenue,Closed,Rental,BX,10456,903 Eagle Ave,BX0301,2022-07-15,2022-08-05,3,1,2,,,,,,,,3,,,,,,,,40.822667,-73.908231,New Construction,203,2026200045,2130438
7287,El Hogar aka Comunilife Tiebout,Closed,Rental,BX,10458,2444 Tiebout Ave.,BX0503,2025-10-27,2025-12-29,32,27,5,,,,,32,,,,,5,2,,,,100,40.860335,-73.895537,New Construction,205,2030220054,2000000
2163,Washington Manor Apartments,Closed,Rental,BX,10457,1969 WASHINGTON AVENUE,BX0602,2021-05-03,2021-06-01,9,,6,3,,,,,9,,,,5,2,50,5,,,40.848647,-73.897167,New Construction,206,2030350044,2128923
1760,22-22 Steinway Street - Units Still Available,Closed,Rental,QN,11105,22-22 Steinway St,QN0101,2020-09-25,2020-10-19,2,,2,,,,,,,,2,,,,,,,,40.772316000000004,-73.90673,New Construction,401,4008050041,4617838
1841,27-15 Astoria Boulevard Apartments,Closed,Rental,QN,11102,27-15 ASTORIA BOULEVARD,QN0103,2020-11-17,2020-12-09,6,,6,,,,,,,,6,,,,,,,,40.770927,-73.921259,New Construction,401,4008390017,4619947
5756,31-61 Vernon Boulevard Apartments,Closed,Rental,QN,11106,31-61 Vernon Blvd,QN0102,2025-02-10,2025-03-04,16,2,14,,,,,,,,16,,,,,,,,40.76798,-73.935895,New Construction,401,4005020005,4000000
2884,33-19 103 Street Apartments,Closed,Rental,QN,11368,33-19 103 STREET,QN0303,2022-11-17,2022-12-08,2,,1,,1,,,,,,2,,,,,,,,40.757133,-73.865573,New Construction,403,4017180069,4042646
1745,74-10 Broadway Apartments,Closed,Rental,QN,11373,74-10 Broadway,QN0401,2020-09-08,2020-09-29,3,,,3,,,,,,,3,,,,,,,,40.746543,-73.891168,New Construction,404,4014857502,4618361
1832,Centennial Astoria Apartments,Closed,Rental,QN,11106,14-53 31 AVENUE,QN0102,2020-11-12,2020-12-04,14,,9,5,,,,,,,14,,,,,,,,40.767576,-73.930419,New Construction,401,4005340001,4595613
3934,THE YELLOW STONE APARTMENTS,Closed,Rental,QN,11375,73-65 Yellowstone Blvd,QN0602,2023-09-07,2023-11-06,0,,,,,,,,,,,,,,,,,,40.717535,-73.857096,New Construction,406,,
2007,1 Union Square South Apartments,All Units Filled,Rental,MN,10003,1 Union Square South,MN0202,2021-03-12,2021-04-12,12,3,8,1,,,,,,,12,,,,,,,,40.733979,-73.989897,Preservation,102,1005650021,1087083
3939,101 Macombs Place Apartments,All Units Filled,Rental,MN,10039,101 MACOMBS PLACE,MN1002,2023-07-21,2023-08-28,9,,7,2,,,,,,,9,,,,,,,,40.827809,-73.935425,New Construction,110,1020400023,1060632
2421,101 West End Avenue,All Units Filled,Rental,MN,10023,101 West End Ave,MN0701,2021-11-24,2022-01-27,26,5,19,2,,,,,,,26,,,,,,,,40.775065,-73.988634,New Construction,107,1011710062,1085785
2447,102 Charlton Street Apartments,All Units Filled,Rental,MN,10014,102 Charlton St,MN0201,2021-12-10,2022-01-04,17,10,6,1,,,,7,9,,1,,5,2,50,5,,,40.727395,-74.008125,New Construction,102,1005970050,1090693
2256,107 West 105th Street HDFC,All Units Filled,Owner,MN,10025,107 WEST 105 STREET,MN0703,2021-07-30,2021-08-30,6,,,6,,,,,,6,,,,,,,,,40.798698,-73.963654,New Construction,107,1018600027,1055933
3231,110 West 123rd Street Apartments,All Units Filled,Rental,MN,10027,110 WEST 123 STREET,MN1001,2022-10-20,2022-11-30,2,,,2,,,,,,,2,,,,,,,,40.806744,-73.947102,New Construction,110,1019070040,1057739
2321,111 Varick Street Apartments,All Units Filled,Rental,MN,10013,111 VARICK STREET,MN0201,2021-09-24,2021-11-23,30,8,15,7,,,,,25,,5,,5,2,50,5,,,40.724526,-74.006361,New Construction,102,1005780071,1090671
4946,140 Riverside Blvd Apartments Waiting List,All Units Filled,Rental,MN,10069,140 RIVERSIDE BOULEVARD,MN0701,2024-07-18,2024-08-19,7,4,2,1,,,,,7,,,,,,,,,,40.777269,-73.988915,New Construction,107,1011710133,1086066
2014,1402 York Avenue Cooperatives,All Units Filled,Owner,MN,10021,1402 YORK AVENUE,MN0801,2021-04-29,2021-06-29,10,10,,,,,,,10,,,,5,2,50,5,,,40.768529,-73.952512,New Construction,108,1014867501,1046294
3026,1516 Park Avenue Apartments,All Units Filled,Rental,MN,10029,1516 Park Ave,MN1101,2022-07-18,2022-09-30,18,6,9,3,,,,,,,18,,,,,,,,40.796182,-73.945973,New Construction,111,1016160036,1051619
2235,152 East 116th Street HDFC - Units Still Available,All Units Filled,Owner,MN,10029,152 EAST 116 STREET,MN1102,2021-08-19,2021-10-21,7,,,7,,,,,,7,,,,2,,,,,40.79843,-73.941186,Preservation,111,1016430051,1052261
3879,1650 Madison Avenue Apartments,All Units Filled,Rental,MN,10029,1650 MADISON AVENUE,MN1101,2023-07-07,2023-08-28,7,,7,,,,,,,,7,,,,,,,,40.796128,-73.947681,New Construction,111,1016157502,1051605
2708,167-171 Chrystie Street Apartments,All Units Filled,Rental,MN,10002,167 Chrystie St,MN0302,2022-03-24,2022-05-23,20,8,10,2,,,,8,8,,4,,5,2,50,5,,,40.720791,-73.992485,New Construction,103,1004250030,1090824
1756,168 East 100 Street Apartment,All Units Filled,Rental,MN,10029,168 EAST 100 STREET,MN1101,2020-09-23,2020-10-15,5,,5,,,,,,,,5,,,,,,,,40.788144,-73.948406,New Construction,111,1016270042,1090703
4003,168 West 136th Street Apartments,All Units Filled,Rental,MN,10030,168 W 136th St,MN1002,2023-09-07,2023-10-16,9,,8,1,,,,,,,9,,,,,,,,40.815514,-73.942142,New Construction,110,1019200057,1091040
2675,173 Morningside Avenue - Units Still Available,All Units Filled,Rental,MN,10027,173 MORNINGSIDE AVENUE,MN0902,2022-03-14,2022-04-13,1,,,1,,,,,,,1,,,,,,,,40.812494,-73.953243,New Construction,109,1019530062,1090564
2876,1998 Second Avenue Apartments,All Units Filled,Rental,MN,10029,1998 2nd Ave,MN1101,2022-05-12,2022-08-12,51,13,25,10,3,,,,,,51,,,,,,,,40.788616,-73.943899,New Construction,111,1016740049,1052673
7276,2183 3rd Avenue Apartments - Units Available,All Units Filled,Rental,MN,10035,2183 3 AVENUE,MN1102,2025-09-18,2025-10-20,2,1,,1,,,,,2,,,,,,,,,,40.79998,-73.938508,New Construction,111,1017840002,1088905
3374,221 East 117th Street Apartments,All Units Filled,Rental,MN,10035,221 E 117th St,MN1102,2023-01-17,2023-02-07,4,,4,,,,,,,,4,,,,,,,,40.798358,-73.93886,New Construction,111,1016670011,1091581
1806,222 East 44th Street Phase II,All Units Filled,Rental,MN,10017,222 E 44th St,MN0603,2020-10-01,2020-10-23,16,8,7,1,,,,,,16,,,,,,,,,40.751768,-73.972822,New Construction,106,1013177501,1089960
3235,224 West 124th Street Apartments,All Units Filled,Rental,MN,10027,224 W 124th St,MN1001,2022-10-12,2022-12-15,51,12,13,26,,,,,,,51,,,,,,,,40.808694,-73.949796,New Construction,110,1019290057,1091647
1815,225 West 28th Street Apartments,All Units Filled,Rental,MN,10001,225 W 28th St,MN0501,2021-02-02,2021-04-05,35,4,24,5,2,,2,,33,,,,5,2,50,5,,,40.747629,-73.994265,New Construction,105,1007780025,1090815
2333,2269 1st Avenue Apartments,All Units Filled,Rental,MN,10035,2269 1 AVENUE,MN1102,2021-10-26,2022-01-15,27,7,16,4,,,,,,,27,,,,,,,,40.796382,-73.935145,New Construction,111,1016880030,1052963
2226,232 East 54th Street Apartments,All Units Filled,Rental,MN,10022,230 E 54th St,MN0604,2021-06-29,2021-08-30,40,18,19,3,,,,,13,,27,,5,2,50,5,,,40.757967,-73.968106,New Construction,106,1013270033,1000000
2066,2494 Amsterdam Avenue Apartment,All Units Filled,Rental,MN,10033,2494 AMSTERDAM AVENUE,MN1202,2021-04-16,2021-05-07,3,1,2,,,,,,3,,,,5,2,50,5,,,40.849712,-73.929773,New Construction,112,1021550089,1090762
5332,250 West 96th Street Condominium,All Units Filled,Owner,MN,10025,2555 BROADWAY,MN0702,2024-12-16,2025-01-17,1,,1,,,,,,1,,,,5,,20,5,,,40.794451,-73.971945,New Construction,107,1012437504,1091732
2411,251 West 117th Street - Unit Still Available,All Units Filled,Rental,MN,10026,251 W 117th St,MN1001,2021-12-10,2022-01-03,6,6,,,,,,,,,6,,,,,,,,40.804623,-73.953725,New Construction,110,1019230016,1090103
3085,2750-2754 Frederick Douglas Boulevard Apartments,All Units Filled,Rental,MN,10039,2754 Frederick Douglass Blvd,MN1002,2022-08-08,2022-09-12,4,,4,,,,,,,,4,,,,,,,,40.823706,-73.941268,New Construction,110,1020320003,1091005
3085,2750-2754 Frederick Douglas Boulevard Apartments,All Units Filled,Rental,MN,10039,2750 8 AVENUE,MN1002,2022-08-08,2022-09-12,5,,3,2,,,,,,,5,,,,,,,,40.823599,-73.941348,New Construction,110,1020320001,1060495
3893,280 West 24th Street Senior Apartments,All Units Filled,Rental,MN,10011,278 8th Ave,MN0401,2023-08-25,2023-10-26,48,13,24,10,1,,,19,25,,4,,5,2,50,5,,90,40.745848,-73.998069,New Construction,104,1007730001,1091035
3448,282 Grand Street Apartment,All Units Filled,Rental,MN,10002,282 Grand St,MN0302,2023-01-23,2023-02-13,8,,8,,,,,,3,,5,,,,,,,,40.717766,-73.992551,New Construction,103,1004180051,1091810
2001,3 West 128th Street - Units Still Available,All Units Filled,Rental,MN,10027,3 WEST 128 STREET,MN1002,2021-02-04,2021-03-08,2,,2,,,,,,,,2,,,,,,,,40.808558,-73.941368,New Construction,110,1017260132,1089812
3597,300 East 39th Apartments,All Units Filled,Rental,MN,10016,300 EAST 39 STREET,MN0603,2023-05-25,2023-06-15,13,2,10,1,,,,,,,13,,,,,,,,40.747862,-73.973481,New Construction,106,1009440045,1081685
2790,320 West 135th Street Apartments,All Units Filled,Rental,MN,10030,320 W 135th St,MN1002,2022-04-07,2022-05-16,6,,3,3,,,,,,,6,,,,,,,,40.816771,-73.94721,New Construction,110,1019590054,1089809
1978,345 East 94th Street Apartments,All Units Filled,Rental,MN,10128,345 EAST 94 STREET,MN0803,2021-02-09,2021-03-11,11,5,6,,,,,,,11,,,,,,,,,40.782486,-73.946934,New Construction,108,1015570025,1087329
4540,351 East 10th Street Apartments,All Units Filled,Rental,MN,10009,351 EAST 10 STREET,MN0303,2024-03-07,2024-04-05,11,2,6,3,,,,,3,,8,,,,,,,,40.726671,-73.979417,New Construction,103,1003930059,1091774
3817,37 Hillside Senior Apartments,All Units Filled,Rental,MN,10040,37 Hillside Ave,MN1202,2023-06-28,2023-08-28,56,41,15,,,,,56,,,,,5,2,,,,100,40.858536,-73.929601,New Construction,112,1021707501,1091669
1700,42 East 132nd Street Apartments,All Units Filled,Rental,MN,10037,42 EAST 132 STREET,MN1102,2020-08-25,2020-09-16,3,,2,1,,,,,3,,,,,,50,5,,,40.809994,-73.937003,New Construction,111,1017560048,1089943
4332,420 West 42nd Street Apartments,All Units Filled,Rental,MN,10036,420 WEST 42 STREET,MN0402,2024-03-11,2024-04-02,14,1,9,4,,,,,,,14,,,,,,,,40.7588,-73.993535,New Construction,104,1010517501,1087184
2603,44 West 128th Street Apartment,All Units Filled,Rental,MN,10027,44 WEST 128 STREET,MN1002,2022-03-11,2022-04-04,3,2,1,,,,,,,,3,,,,,,,,40.808929,-73.942296,New Construction,110,1017250057,1090347
3633,440 E 115th Street Apartments,All Units Filled,Rental,MN,10029,440 EAST 115 STREET,MN1102,2023-04-20,2023-05-11,5,1,1,3,,,,,,,5,,,,,,,,40.794897,-73.93493,New Construction,111,1017080033,1090220
1924,465 West 163 Street,All Units Filled,Rental,MN,10032,465 W 163rd St,MN1201,2021-01-20,2021-02-10,5,2,3,,,,,,,,5,,,,,,,,40.836213,-73.938633,New Construction,112,1021100104,1090982
1914,508 West 134th Street,All Units Filled,Owner,MN,10031,508 WEST 134 STREET,MN0902,2021-01-13,2021-02-16,4,,,1,3,,,,,4,,,,,,,,,40.81853,-73.953448,Preservation,109,1019870041,1059745
3573,509 Third Avenue Apartments,All Units Filled,Rental,MN,10016,509 3rd Ave,MN0603,2023-04-24,2023-06-26,58,18,29,11,,,,23,23,,12,,5,2,50,5,,,40.745881,-73.977996,New Construction,106,1009150002,1091666
5417,563 west 170th Street Apartments,All Units Filled,Rental,MN,10032,563 WEST 170 STREET,MN1201,2024-12-09,2024-12-31,8,,4,4,,,,,,,8,,,,,,,,40.84191,-73.938021,New Construction,112,1021270026,1089165
2889,601 West 29th Street Apartments,All Units Filled,Rental,MN,10001,601 W 29th St,MN0401,2022-06-08,2022-08-09,235,38,159,38,,,,94,94,47,,,5,2,50,5,,,40.752825,-74.004681,New Construction,104,1006750012,1091671
2925,61-63 Pitt Street Apartments,All Units Filled,Rental,MN,10002,61 Pitt St,MN0302,2022-05-20,2022-06-13,18,3,12,3,,,,,6,,12,,,,,,,,40.717877,-73.982724,New Construction,103,1003430062,1004083
3229,64 NORFOLK SENIOR HOUSING,All Units Filled,Rental,MN,10002,60 NORFOLK STREET,MN0302,2022-09-30,2022-12-05,86,60,26,,,,,48,38,,,,5,2,50,5,,100,40.717121,-73.988013,New Construction,103,1003467504,1091637
2074,650 West 42nd Street Apartments,All Units Filled,Rental,MN,10036,650 WEST 42 STREET,MN0401,2021-04-29,2021-06-29,47,13,28,6,,,,,,,47,,,,,,,,40.761551,-74.000069,New Construction,104,1010890001,1085803
4328,699 East 6th Street Apartments,All Units Filled,Rental,MN,10009,699 E 6th St,MN0303,2023-12-14,2024-01-08,3,,2,1,,,,,1,,2,,,,,,,,40.723427,-73.979075,New Construction,103,1003760001,1091013
2288,7 Dey Street,All Units Filled,Rental,MN,10007,7 Dey St,MN0101,2021-09-03,2021-11-18,63,25,30,8,,,,,21,,42,,,,,,,,40.710624,-74.009955,New Construction,101,1000637501,1090952
2750,7-9 East 30th Street Apartments,All Units Filled,Rental,MN,10016,7 E 30th St,MN0501,2022-06-09,2022-07-01,15,8,7,,,,,,5,,10,,5,2,50,5,,,40.745685,-73.985813,New Construction,105,1008600008,1090601
4077,703 West 171st street Apartments,All Units Filled,Rental,MN,10032,703 WEST 171 STREET,MN1201,2023-10-27,2023-11-20,3,,2,1,,,,,3,,,,,,,,,,40.844146,-73.941351,New Construction,112,1021390199,1089587
2115,981 Amsterdam Avenue HDFC,All Units Filled,Owner,MN,10025,981 AMSTERDAM AVENUE,MN0703,2021-07-30,2021-08-30,2,,,2,,,,,,2,,,,,,,,,40.801832,-73.964679,New Construction,107,1018630001,1055996
2230,Balton Commons,All Units Filled,Rental,MN,10027,267 W 126th St,MN1002,2021-08-05,2021-10-01,32,10,11,9,2,,11,,14,7,,,5,2,50,5,,,40.810409,-73.949628,New Construction,110,1019327501,1091580
1674,CHARLIE WEST 505 WEST 43rd STREET,All Units Filled,Owner,MN,10036,505 WEST 43 STREET,MN0402,2021-04-08,2021-05-10,9,,4,5,,,,,9,,,,5,2,50,5,,,40.760634,-73.995748,New Construction,104,1010727501,1090720
1907,CLOTH Amsterdam,All Units Filled,Rental,MN,10032,2185 AMSTERDAM AVENUE,MN1201,2021-01-11,2021-02-02,3,3,,,,,,3,,,,,,,,,,,40.840085,-73.936743,New Construction,112,1021120014,1062675
1907,CLOTH Amsterdam,All Units Filled,Rental,MN,10030,2488 7 AVENUE,MN1002,2021-01-11,2021-02-02,5,,1,4,,,,1,4,,,,,,,,,,40.821307,-73.93933,New Construction,110,1020300033,1060458
1907,CLOTH Amsterdam,All Units Filled,Rental,MN,10039,2794 8 AVENUE,MN1002,2021-01-11,2021-02-02,3,,1,,2,,,2,1,,,,,,,,,,40.825021,-73.940306,New Construction,110,1020340003,1060550
1907,CLOTH Amsterdam,All Units Filled,Rental,MN,10032,2110 AMSTERDAM AVENUE,MN1201,2021-01-11,2021-02-02,4,3,,1,,,,3,1,,,,,,,,,,40.837711,-73.938498,New Construction,112,1021210037,1062896
2301,East Village aka 302 East 2nd Street,All Units Filled,Rental,MN,10009,302 E 2nd St,MN0303,2021-10-18,2021-12-20,36,8,17,11,,,5,9,7,,15,,5,2,50,5,,,40.720081,-73.979203,New Construction,103,1003727503,1091579
3568,Gemma Gramercy 200 East 23rd Street,All Units Filled,Rental,MN,10010,202 E 23rd St,MN0602,2023-05-31,2023-07-31,28,16,7,5,,,,11,11,,6,,5,2,50,5,,,40.738669,-73.982784,New Construction,106,1009030057,1091675
1698,HORIZON HDFC,All Units Filled,Owner,MN,10031,600 WEST 148 STREET,MN0903,2020-08-13,2020-10-13,15,,,15,,,,,3,,12,,,,50,5,,,40.828417,-73.949228,New Construction,109,1020947503,1083034
2799,Lyra at 555 West 38th Street,All Units Filled,Rental,MN,10018,555 W 38th St,MN0401,2022-06-15,2022-09-06,177,80,78,19,,,,,59,,118,,,,,,,,40.758062,-73.999527,New Construction,104,1007100001,1091000
4976,Marcus Garvey Apartments,All Units Filled,Rental,MN,10027,224 WEST  124 STREET,MN1001,2024-07-31,2024-09-30,117,30,43,44,,,,43,74,,,,5,2,20,5,,,40.808694,-73.949796,Preservation,110,1019290057,1091647
1831,One Columbus Place,All Units Filled,Rental,MN,10019,1 Columbus Pl,MN0701,2020-10-20,2020-11-18,6,3,3,,,,,,,,6,,,,,,,,40.768916,-73.985,New Construction,104,1010680003,1085140
2959,One East Harlem Residences,All Units Filled,Rental,MN,10035,2319 3 AVENUE,MN1102,2022-05-27,2022-08-01,268,75,63,116,14,,,101,,74,93,,5,2,50,5,,,40.804262,-73.935383,New Construction,111,1017907501,1054682
2161,Parker West 214 West 72nd Street Apartments,All Units Filled,Rental,MN,10023,214 WEST 72 STREET,MN0701,2021-08-03,2021-08-24,1,,,,1,,,,1,,,,100,100,100,100,,,40.779041,-73.982665,New Construction,107,1011637504,1030422
2271,Riverton Square - Waiting List,All Units Filled,Rental,MN,,2225 Madison Ave,,2021-07-30,2021-08-30,1,,1,,,,,,1,,,,,,,,,,,,Preservation,,,
2271,Riverton Square - Waiting List,All Units Filled,Rental,MN,10037,2171 Madison Ave,MN1102,2021-07-30,2021-08-30,7,,3,4,,,,,,,7,,,,,,,,40.812628,-73.935613,Preservation,111,1017600101,1082614
2271,Riverton Square - Waiting List,All Units Filled,Rental,MN,10037,45 EAST 135 STREET,MN1102,2021-07-30,2021-08-30,6,,4,2,,,,,2,,4,,,,,,,,40.811838,-73.935437,Preservation,111,1017600101,1082615
2271,Riverton Square - Waiting List,All Units Filled,Rental,MN,10037,2181 Madison Ave,MN1102,2021-07-30,2021-08-30,9,,2,7,,,,,2,,7,,,,,,,,40.812628,-73.935613,Preservation,111,1017600101,1082614
2271,Riverton Square - Waiting List,All Units Filled,Rental,MN,10037,2156 MADISON AVENUE,MN1102,2021-07-30,2021-08-30,32,,20,12,,,,,13,,19,,,,,,,,40.812626,-73.935884,Preservation,111,1017600001,1081105
3399,Ruby,All Units Filled,Rental,MN,10001,241 WEST 28 STREET,MN0501,2023-01-31,2023-03-27,144,58,75,10,1,,,,96,,48,,5,2,50,5,,,40.747769,-73.99459,New Construction,105,1007780018,1014254
4290,SENDERO VERDE PHASE II,All Units Filled,Rental,MN,10029,50 E 112th St,MN1101,2023-12-11,2024-03-11,276,75,131,53,17,,35,51,69,121,,,5,2,50,5,,,40.797129,-73.945972,Preservation,111,1016177503,1090697
2294,Sendero Verde Phase I,All Units Filled,Rental,MN,10029,75 E 111th St,MN1101,2021-12-27,2022-02-25,85,20,38,27,,,25,18,39,3,,,5,2,50,5,,,40.79636,-73.946114,New Construction,111,1016177502,1091648
2294,Sendero Verde Phase I,All Units Filled,Rental,MN,10029,60 E 112th St,MN1101,2021-12-27,2022-02-25,239,68,77,58,36,,47,54,111,27,,,5,2,50,5,,,40.796931,-73.945507,New Construction,111,1016177502,1091648
3561,Sunrose Tower Apartments,All Units Filled,Rental,MN,10031,620 W 153 St,MN0903,2023-03-22,2023-09-30,72,18,18,36,,,,,,,72,,,,,,,,40.831834,-73.947661,New Construction,109,1020990017,1091769
4382,The Clinton,All Units Filled,Rental,MN,10036,520 WEST 48 STREET,MN0402,2023-12-13,2024-02-05,6,6,,,,,,,,,6,,,,,,,,40.763941,-73.993939,New Construction,104,1010760043,1087113
3898,The Eliza,All Units Filled,Rental,MN,10034,4790 Broadway,MN1203,2023-08-15,2023-10-13,138,34,59,38,7,,17,35,86,,,,5,2,50,5,,,40.865947,-73.926075,New Construction,112,1022337501,1091724
3562,The Lyric,All Units Filled,Rental,MN,10025,255 WEST 94 STREET,MN0702,2023-03-23,2023-04-13,15,5,9,1,,,,,,,15,,,,,,,,40.793595,-73.973289,New Construction,107,1012420010,1081057
3377,The Reserve aka 212 East 125th Street Apartments,All Units Filled,Rental,MN,10035,212 E 125th St,MN1102,2023-05-25,2023-07-24,34,8,9,17,,,,,28,,6,,5,2,50,5,,,40.803469,-73.935294,New Construction,111,1017890045,1091703
4534,The Sierra Chelsea,All Units Filled,Rental,MN,10011,130 WEST 15 STREET,MN0401,2024-04-22,2024-05-13,11,11,,,,,,,,,11,,,,,,,,40.738519,-73.997492,New Construction,104,1007907502,1080572
3489,The Suffolk Apartments,All Units Filled,Rental,MN,10002,55 Suffolk St,MN0302,2023-02-10,2023-04-12,95,32,42,20,1,,,76,,19,,,5,2,50,5,,,40.71695,-73.987158,New Construction,103,1003467505,1091600
3615,The Tate Apartments,All Units Filled,Rental,MN,10011,535 WEST 23 STREET,MN0401,2023-04-28,2023-05-19,16,8,7,1,,,,,,,16,,,,,,,,40.748241,-74.005453,New Construction,104,1006950015,1012347
3800,The Westminster,All Units Filled,Rental,MN,10011,180 WEST 20 STREET,MN0401,2023-08-22,2023-09-12,13,4,8,1,,,,,,,13,,,,,,,,40.74206,-73.996629,New Construction,104,1007950001,1086049
1836,Uptown 6,All Units Filled,Rental,MN,10030,120 WEST 139 STREET,MN1002,2020-12-16,2021-02-16,13,7,,6,,,,,13,,,,,2,,,,,40.817226,-73.940367,Preservation,110,1020070047,1060041
1836,Uptown 6,All Units Filled,Rental,MN,10030,118 WEST 139 STREET,MN1002,2020-12-16,2021-02-16,1,,,,1,,,,1,,,,,2,,,,,40.817195,-73.940298,Preservation,110,1020070046,1060040
1836,Uptown 6,All Units Filled,Rental,MN,10030,122 WEST 139 STREET,MN1002,2020-12-16,2021-02-16,12,7,,5,,,,,12,,,,,2,,,,,40.817253,-73.940436,Preservation,110,1020070048,1060042
1836,Uptown 6,All Units Filled,Rental,MN,10026,281 WEST 118 STREET,MN1001,2020-12-16,2021-02-16,3,1,1,1,,,,,3,,,,,2,,,,,40.805446,-73.953728,Preservation,110,1019240104,1058438
1836,Uptown 6,All Units Filled,Rental,MN,10037,30 WEST 132 STREET,MN1002,2020-12-16,2021-02-16,2,,,,,2,,,2,,,,,2,,,,,40.811316,-73.940145,Preservation,110,1017290049,1053860
1836,Uptown 6,All Units Filled,Rental,MN,10026,123 WEST 112 STREET,MN1001,2020-12-16,2021-02-16,1,,,,1,,,,1,,,,,2,,,,,40.800110000000004,-73.953071,Preservation,110,1018220015,1054981
2116,WSFSSH AT WEST 108,All Units Filled,Rental,MN,10025,145 W 108th St,MN0703,2021-04-19,2021-06-18,79,,53,18,8,,10,,69,,,,5,2,50,5,,,40.801173,-73.963393,New Construction,107,1018637501,1090749
2105,1 Boerum Place Apartments,All Units Filled,Rental,BK,11201,1 BOERUM PLACE,BK0202,2021-05-13,2021-08-03,42,10,11,21,,,,,,,42,,,,,,,,40.69202,-73.989041,New Construction,302,3001530003,3000417
2356,1 Flatbush Avenue - Units Still Available,All Units Filled,Rental,BK,11217,1 FLATBUSH AVENUE,BK0203,2022-03-17,2022-04-18,2,1,,1,,,,,,2,,,,,,,,,40.688357,-73.980565,New Construction,302,3021067503,3424472
3452,1 Sullivan Place Senior Apartments,All Units Filled,Rental,BK,11225,1 Sullivan Pl,BK0901,2023-05-19,2023-06-09,6,2,2,2,,,,,6,,,,5,2,50,5,,100,40.66408,-73.960992,New Construction,309,3011920095,3429588
2576,10 Monteith Street Waiting List,All Units Filled,Rental,BK,11206,10 MONTIETH STREET,BK0401,2022-01-04,2022-02-07,100,32,54,14,,,,,100,,,,,,,,,,40.701357,-73.936496,New Construction,304,3031410001,3426398
2741,100 Lenox Road Apartments,All Units Filled,Rental,BK,11226,100 LENOX ROAD,BK1401,2022-03-15,2022-05-16,29,5,15,9,,,,,,,29,,,,,,,,40.653739,-73.956659,New Construction,314,3050830050,3253056
3655,1001 Bushwick Avenue Apartments,All Units Filled,Rental,BK,11221,1001 Bushwick Ave,BK0402,2023-05-16,2023-06-20,11,,5,6,,,,,,,11,,,,,,,,40.691761,-73.922099,New Construction,304,3033220001,3429085
3213,101 Varet Street Apartments,All Units Filled,Rental,BK,11206,101 VARET STREET,BK0104,2022-09-26,2022-10-18,3,2,1,,,,,,,,3,,,,,,,,40.703174,-73.941371,New Construction,301,3031060029,3071522
3400,1010 Pacific Street Apartments,All Units Filled,Rental,BK,11238,1010 PACIFIC STREET,BK0802,2023-01-20,2023-03-21,53,5,39,9,,,,,52,,1,,5,2,50,5,,,40.679289,-73.959743,New Construction,308,3011330032,3428849
4500,1015 Atlantic Avenue Apartments,All Units Filled,Rental,BK,11238,1013-1015 Atlantic Ave,BK0301,2024-02-08,2024-03-01,12,4,4,4,,,,,,,12,,,,,,,,40.67998,-73.958967,New Construction,302,3020190051,3000000
2330,1016 East 13th Street,All Units Filled,Rental,BK,11230,1016 EAST 13 STREET,BK1403,2021-10-19,2021-11-25,3,,1,,2,,,,,,3,,,,,,,,40.624345,-73.963141,New Construction,314,3067147501,3179875
3300,103 Schenectady Avenue Apartments,All Units Filled,Rental,BK,11213,103 Schenectady Ave,BK0802,2022-11-04,2022-11-25,3,,3,,,,,,,,3,,,,,,,,40.67567,-73.933244,New Construction,308,3013480006,3429081
2303,1035 Cortelyou Road - Units Still Available,All Units Filled,Rental,BK,11218,1035 CORTELYOU ROAD,BK1402,2021-08-11,2021-10-13,1,,,1,,,,,,,1,,,,,,,,40.639418,-73.968451,New Construction,314,3051417502,3118198
5393,1038 Jefferson Avenue Apartments,All Units Filled,Rental,BK,11221,1038 JEFFERSON AVENUE,BK0402,2024-11-18,2024-12-10,2,,,2,,,,,,,2,,,,,,,,40.68739,-73.917085,New Construction,304,3033870014,3400905
7174,104 Frost Street Apartments,All Units Filled,Rental,BK,11211,104 Frost St,BK0104,2025-08-04,2025-09-03,6,,6,,,,,,,,6,,,,,,,,40.717858,-73.947187,New Construction,301,3027380013,3000000
2283,104 Linden Boulevard - Units Still Available,All Units Filled,Rental,BK,11226,104 LINDEN BOULEVARD,BK1701,2021-08-06,2021-09-07,3,3,,,,,,,,,3,,,,,,,,40.652369,-73.954782,New Construction,317,3050870021,3116747
2136,1044 Bedford Avenue Apartment - Units Still Available,All Units Filled,Rental,BK,11205,1044 BEDFORD AVENUE,BK0301,2021-04-14,2021-05-14,5,,4,1,,,,,,,5,,,,,,,,40.68922,-73.955089,New Construction,303,3019500033,3426102
3257,1050 Bedford Avenue Apartments,All Units Filled,Rental,BK,11205,1050 BEDFORD AVENUE,BK0301,2022-10-07,2022-10-31,3,1,2,,,,,,,,3,,,,,,,,40.68905,-73.955053,New Construction,303,3019500036,3055688
2132,1056 Manhattan Avenue Apartments,All Units Filled,Rental,BK,11222,1056 MANHATTAN AVENUE,BK0101,2021-06-09,2021-08-09,27,2,23,2,,,,,18,,9,,5,2,50,5,,,40.734827,-73.955008,New Construction,301,3025050005,3428568
3285,108 Downing Street,All Units Filled,Rental,BK,11238,108 Downing St,BK0301,2023-01-06,2023-02-15,15,4,7,4,,,,,10,5,,,5,2,50,5,,,40.682514,-73.960675,New Construction,302,3019917501,3426850
2216,1089 President Street Apartments,All Units Filled,Rental,BK,11225,1089 PRESIDENT STREET,BK0901,2021-06-24,2021-08-25,55,12,30,12,1,,4,12,39,,,,5,2,50,5,,,40.668297,-73.954613,New Construction,309,3012747501,3427017
2198,1098 Madison Street - Units Still Available,All Units Filled,Rental,BK,11221,1098 MADISON STREET,BK0402,2021-06-17,2021-08-02,2,,2,,,,,,,,2,,,,,,,,40.691732,-73.916341,New Construction,304,3033680018,3077017
3609,11 Lewis Avenue Apartments,All Units Filled,Rental,BK,11206,11 Lewis Ave,BK0302,2023-04-20,2023-05-11,4,4,,,,,,,,,4,,,,,,,,40.697617,-73.937982,New Construction,303,3015820002,3427315
3069,1101 President Street Apartments,All Units Filled,Rental,BK,11225,1101 PRESIDENT STREET,BK0901,2022-07-20,2022-09-19,160,28,96,22,14,,21,38,101,,,,5,2,50,5,,,40.668277,-73.954267,New Construction,309,3012747501,3427018
3065,1104 Bedford Avenue Apartments,All Units Filled,Rental,BK,11216,1104 Bedford Ave,BK0301,2022-08-04,2022-08-26,10,3,6,1,,,,,6,,4,,5,2,50,5,,,40.686942,-73.954636,New Construction,303,3019710028,3425776
3013,1110 DeKalb Avenue Apartments,All Units Filled,Rental,BK,11221,1110 DEKALB AVENUE,BK0302,2022-10-14,2022-11-04,9,1,8,,,,,,,,9,,,,,,,,40.693808,-73.930121,New Construction,303,3016040019,3332197
2877,1111 Foster Avenue Apartments,All Units Filled,Rental,BK,11230,1039 CONEY ISLAND AVENUE,BK1402,2022-05-26,2022-06-20,18,4,8,4,2,,,,,,18,,,,,,,,40.632454,-73.966811,New Construction,314,3052327501,3382135
4259,1111 Foster Waitlist,All Units Filled,Rental,BK,11230,1039 CONEY ISLAND AVENUE,BK1402,2023-11-03,2023-12-04,18,4,8,4,2,,,,,,18,,,,,,,,40.632454,-73.966811,New Construction,314,3052327501,3382135
2439,1111 Fulton Street Apartments,All Units Filled,Rental,BK,11238,1111 FULTON STREET,BK0301,2021-11-29,2022-01-10,6,2,2,2,,,,,,,6,,,,,,,,40.681429,-73.957037,New Construction,303,3019970060,3399785
2564,1120 St Johns Place Apartments,All Units Filled,Rental,BK,11213,1120 St Johns Pl,BK0802,2022-03-18,2022-06-15,23,6,11,6,,,,,,,23,,,,,,,,40.671134,-73.941251,New Construction,308,3012580016,3428850
2878,1121 36th Street - Units Still Available,All Units Filled,Rental,BK,11218,1121 36 STREET,BK1203,2022-04-20,2022-05-20,2,,,,2,,,,,,2,,,,,,,,40.644266,-73.987842,New Construction,312,3053027501,3429344
2912,115 Park Avenue Apartments,All Units Filled,Rental,BK,11205,115 PARK AVENUE,BK0203,2022-05-17,2022-06-07,3,1,1,1,,,,,,,3,,,,,,,,40.6963,-73.975084,New Construction,302,3020290056,3057966
2542,1153 Broadway Apartments,All Units Filled,Rental,BK,11221,1153 BROADWAY,BK0401,2022-01-05,2022-01-28,5,,2,3,,,,,,,5,,,,,,,,40.693134,-73.92843,New Construction,304,3032527502,3074002
3259,1200 & 1202 Decatur Street Apartments,All Units Filled,Rental,BK,11207,1202 Decatur Street,BK0402,2022-10-20,2022-11-14,3,,2,1,,,,,,,3,,,,,,,,40.688997,-73.907308,New Construction,304,3034350015,3326359
3259,1200 & 1202 Decatur Street Apartments,All Units Filled,Rental,BK,11207,1200 Decatur Street,BK0402,2022-10-20,2022-11-14,3,,2,1,,,,,,,3,,,,,,,,40.688964,-73.90734,New Construction,304,3034350013,3079741
1734,1214 Greene Avenue,All Units Filled,Rental,BK,11221,1214 Greene Ave,BK0402,2020-08-19,2020-09-10,3,,1,2,,,,,,,3,,,,,,,,40.695439,-73.922073,New Construction,304,3032960041,3426531
3565,1216 Pacific Street - Putnam Cluster,All Units Filled,Rental,BK,11216,1216 PACIFIC STREET,BK0802,2023-07-28,2023-08-18,5,1,4,,,,,,,5,,,5,2,50,5,,,40.677746,-73.951376,New Construction,308,3012060020,3029989
2784,1223 Putnam Avenue Apartments,All Units Filled,Rental,BK,11221,1223 PUTNAM AVENUE,BK0402,2022-03-17,2022-04-14,6,,3,3,,,,,,,6,,,,,,,,40.691331,-73.915584,New Construction,304,3033680055,3077043
1885,1225 42nd Street,All Units Filled,Rental,BK,11219,1225 42 STREET,BK1202,2020-12-14,2021-01-06,2,,,2,,,,,,,2,,,,,,,,40.639855,-73.989529,New Construction,312,3055930060,3135707
2364,1225 42nd Street Apartments - Units still available,All Units Filled,Rental,BK,11219,1225 42 STREET,BK1202,2021-12-17,2022-01-11,1,,,1,,,,,,,1,,,,,,,,40.639855,-73.989529,New Construction,312,3055930060,3135707
7098,1229 Eastern Parkway Apartments,All Units Filled,Rental,BK,11213,1229 Eastern Pkwy,BK0802,2025-06-02,2025-07-07,17,,12,5,,,,,,,17,,,,,,,,40.668609000000004,-73.927454,New Construction,308,3013920073,3000000
2823,1232 50th Street Apartments,All Units Filled,Rental,BK,11219,1232 50 STREET,BK1202,2022-04-08,2022-05-04,3,,,3,,,,,,,3,,,,,,,,40.635264,-73.994041,New Construction,312,3056480020,3138035
3423,124 Withers Street Apartments,All Units Filled,Rental,BK,11211,124 WITHERS STREET,BK0104,2023-02-06,2023-06-05,5,,5,,,,,,,,5,,,,,,,,40.717139,-73.947101,New Construction,301,3027430020,3068278
2630,1245 Bedford Avenue,All Units Filled,Rental,BK,11216,1245 BEDFORD AVENUE,BK0301,2022-02-18,2022-03-14,9,,4,5,,,,,,,9,,,,,,,,40.680576,-73.953346,New Construction,303,3018607501,3053705
2171,1255 Bedford Avenue Apartments-Units Still Available,All Units Filled,Rental,BK,11216,1255 BEDFORD AVENUE,BK0301,2021-04-29,2021-06-01,2,,2,,,,,,,,2,,,,,,,,40.680145,-73.95326,New Construction,303,3018600005,3053704
2227,1259 51st Street - Units Still Available,All Units Filled,Rental,BK,11219,1259 51 STREET,BK1202,2021-06-24,2021-07-26,1,,,1,,,,,,,1,,,,,,,,40.634369,-73.994041,New Construction,312,3056480053,3138051
2767,1259 Bedford Avenue Apartments,All Units Filled,Rental,BK,11216,1259 Bedford Ave,BK0301,2022-03-29,2022-05-09,14,6,6,2,,,,,,,14,,,,,,,,40.680016,-73.953235,New Construction,303,3018607502,3429001
1792,1266 Ocean Parkway Apartments - Units Still Available,All Units Filled,Rental,BK,11230,1266 OCEAN PARKWAY,BK1204,2020-10-21,2020-11-23,3,,,3,,,,,,,3,,,,,,,,40.617918,-73.969296,New Construction,312,3065410035,3171719
3548,130 Hope Street Apartments,All Units Filled,Rental,BK,11211,130 Hope St,BK0102,2023-03-17,2023-05-24,43,8,22,10,3,,,,,,43,,,,,,,,40.712207,-73.953118,New Construction,301,3023860007,3428907
5407,1367 Eastern Parkway Apartments,All Units Filled,Rental,BK,11233,1367 Eastern Pkwy,BK0802,2024-11-06,2025-01-08,30,6,24,,,,,,,,30,,,,,,,,40.668409,-73.923269,New Construction,308,3013930051,3000000
3365,1376 Dekalb Avenue Apartments,All Units Filled,Rental,BK,11221,1376 DeKalb Ave,BK0401,2023-03-17,2023-04-07,3,,3,,,,,,,,3,,,,,,,,40.699242,-73.924197,New Construction,304,3032450027,3429016
1894,1381 Bergen Street Apartments,All Units Filled,Rental,BK,11213,1381 BERGEN STREET,BK0802,2021-01-21,2021-02-11,3,,,3,,,,,,,3,,,,,,,,40.675383,-73.936853,New Construction,308,3013460001,3035752
3803,139 15th Street Apartments,All Units Filled,Rental,BK,11215,139 15 STREET,BK0601,2024-03-28,2024-04-19,3,,3,,,,,,,,3,,,,,,,,40.667032,-73.992329,New Construction,306,3010400051,3425920
3072,1399 Myrtle Avenue Apartments,All Units Filled,Rental,BK,11237,1399 MYRTLE AVENUE,BK0401,2022-08-19,2022-09-12,15,2,10,3,,,,,,,15,,,,,,,,40.698575,-73.920653,New Construction,304,3032787502,3418366
2683,14 Duffield Street Apartments,All Units Filled,Rental,BK,11201,14 DUFFIELD STREET,BK0202,2022-02-09,2022-04-30,4,,3,1,,,,,,,4,,,,,,,,40.69797,-73.984031,New Construction,302,3001080019,3000191
2535,1405 Herkimer Street Apartments,All Units Filled,Rental,BK,11233,1405 HERKIMER STREET,BK1601,2021-12-13,2022-01-12,3,,,1,2,,,,,,3,,,,,,,,40.677309,-73.906823,New Construction,316,3015530037,3042292
2292,1407 Flatbush Avenue Apartments,All Units Filled,Rental,BK,11210,1407 Flatbush Ave,BK1401,2021-08-27,2021-09-20,7,,3,4,,,,,,,7,,,,,,,,40.636409,-73.951431,New Construction,314,3052287501,3428820
1720,141 Woodbine Street Apartments,All Units Filled,Rental,BK,11221,141 WOODBINE STREET,BK0402,2020-09-24,2020-10-16,3,,3,,,,,,,,3,,,,,,,,40.692473,-73.916809,New Construction,304,3033500040,3076597
4246,1417 Avenue J Apartments,All Units Filled,Rental,BK,11230,1417 AVENUE J,BK1403,2023-11-21,2023-12-13,6,,5,1,,,,,,,6,,,,,,,,40.625116,-73.962074,New Construction,314,3067077501,3179617
1999,142 Lenox Road,All Units Filled,Rental,BK,11226,142 LENOX ROAD,BK1701,2021-02-04,2021-02-26,5,1,,4,,,,,,,5,,,,,,,,40.653856,-73.954709,New Construction,317,3050840034,3116646
3823,142 Richards Street - Units Still Available,All Units Filled,Rental,BK,11231,142 RICHARDS STREET,BK0601,2023-08-03,2023-09-05,4,,3,1,,,,,,,4,,,,,,,,40.677267,-74.0103,New Construction,306,3005560024,3426417
2568,142 Richards Street Apartments,All Units Filled,Rental,BK,11231,142 Richards St,BK0601,2022-02-10,2022-03-31,6,,3,3,,,,,,,6,,,,,,,,40.677267,-74.0103,New Construction,306,3005560024,3426417
2318,143 Woodbine Street - Units Still Available,All Units Filled,Rental,BK,11221,143 WOODBINE STREET,BK0402,2021-08-09,2021-09-09,3,,3,,,,,,,,3,,,,,,,,40.692509,-73.916772,New Construction,304,3033500039,3076596
3636,1457 Flatbush Avenue Apartments,All Units Filled,Rental,BK,11210,1457 Flatbush Ave,BK1401,2023-05-10,2023-07-10,22,6,16,,,,,,16,,6,,5,2,50,5,,,40.634773,-73.949721,New Construction,314,3052517501,3427317
2942,1463 New York Avenue Apartments,All Units Filled,Rental,BK,11210,1463 New York Ave,BK1702,2023-01-26,2023-02-16,6,,3,3,,,,,,,6,,,,,,,,40.637282,-73.945201,New Construction,317,3049970017,3428816
3068,1477 Greene Avenue Apartments,All Units Filled,Rental,BK,11237,1477 Greene Ave,BK0401,2022-07-25,2022-08-16,3,,1,2,,,,,,,3,,,,,,,,40.702787,-73.914859,New Construction,304,3032910038,3421819
2228,1489 & 1495 Brooklyn Avenue - Units still available,All Units Filled,Rental,BK,11210,1495 Brooklyn Ave,BK1702,2021-06-16,2021-07-19,3,,,3,,,,,,,3,,,,,,,,40.637017,-73.942283,New Construction,317,3050000009,3424479
2851,15 Bridge Park Drive - Units Still Available,All Units Filled,Rental,BK,11201,15 Bridge Park Dr,BK0201,2022-05-27,2022-06-29,4,4,,,,,,,,,4,,,,,,,,40.692396,-74.000454,New Construction,302,3002450025,3424597
3228,150 Bayard Street Apartments,All Units Filled,Rental,BK,11222,150 Bayard St,BK0101,2022-11-03,2023-01-10,14,3,4,7,,,,,8,,6,,5,2,50,5,,,40.720004,-73.94628,New Construction,301,3027240018,3426087
2286,150 Lenox Road Apartments,All Units Filled,Rental,BK,11226,150 LENOX ROAD,BK1701,2021-08-03,2021-09-20,13,,,13,,,,,,,13,,,,,,,,40.653867,-73.954518,New Construction,317,3050840036,3116648
1931,151 Somers Street Condominiums - Units Still Available,All Units Filled,Owner,BK,11233,151 SOMERS STREET,BK1601,2021-03-03,2021-05-03,2,1,1,,,,,,2,,,,5,2,50,5,,,40.679263,-73.906809,New Construction,316,3015407503,3413909
4271,1515 Surf Avenue Apartments,All Units Filled,Rental,BK,11224,2925 W 16th St,BK1302,2024-01-12,2024-03-20,139,,129,10,,,,,93,,46,,5,2,50,5,,,40.576318,-73.983607,New Construction,313,3070630012,3429056
1699,1520 Fulton Street Apartments,All Units Filled,Rental,BK,11216,1520 FULTON STREET,BK0302,2020-09-24,2020-10-16,15,,7,8,,,,,,,15,,,,,,,,40.679862,-73.939953,New Construction,303,3018640014,3425135
2079,1528 Bergen Street Apartments,All Units Filled,Rental,BK,11213,1528 BERGEN STREET,BK0802,2021-04-26,2021-05-17,3,,2,1,,,,,,,3,,,,,,,,40.675139,-73.93253,New Construction,308,3013540016,3035839
2504,1533 East 19th Street- Units Still Available,All Units Filled,Rental,BK,11230,1533 EAST 19 STREET,BK1403,2021-11-22,2021-12-22,17,1,14,2,,,,,,,17,,,,,,,,40.612556,-73.955115,New Construction,314,3067660092,3426444
3011,"1537, 1539, 1541 Dean Street Apartments",All Units Filled,Rental,BK,11213,1541 Dean St,BK0802,2022-07-27,2022-08-25,3,,1,2,,,,,,,3,,,,,,,,40.676179,-73.93692,New Construction,308,3013407505,3427320
3011,"1537, 1539, 1541 Dean Street Apartments",All Units Filled,Rental,BK,11213,1539 Dean St,BK0802,2022-07-27,2022-08-25,3,,1,2,,,,,,,3,,,,,,,,40.676182,-73.936971,New Construction,308,3013407506,3035659
3011,"1537, 1539, 1541 Dean Street Apartments",All Units Filled,Rental,BK,11213,1537 Dean St,BK0802,2022-07-27,2022-08-25,3,,1,2,,,,,,,3,,,,,,,,40.676185,-73.937021,New Construction,308,3013407504,3429138
4752,154 Lenox Road Apartments,All Units Filled,Rental,BK,11226,154 Lenox Rd,BK1701,2024-04-16,2024-05-07,13,,6,7,,,,,,,13,,,,,,,,40.653873,-73.954424,New Construction,317,3050840038,3000000
2682,1540 Park Place Apartments,All Units Filled,Rental,BK,11213,1540 PARK PLACE,BK0802,2022-04-01,2022-04-22,3,,3,,,,,,,,3,,,,,,,,40.672116,-73.926387,New Construction,308,3013740032,3036608
4961,1543 Bergen Street,All Units Filled,Rental,BK,11213,1543 Bergen St,BK0802,2024-08-01,2024-08-22,3,,2,1,,,,,,,3,,,,,,,,40.675148,-73.932354,New Construction,308,3013480077,3428835
2080,1545 Bergen Street Apartments,All Units Filled,Rental,BK,11213,1545 Bergen St,BK0802,2021-04-16,2021-05-07,3,,2,1,,,,,,,3,,,,,,,,40.675142,-73.932296,New Construction,308,3013480076,3425550
2102,16 Bartlett Street,All Units Filled,Owner,BK,11206,16 BARTLETT STREET,BK0103,2021-04-21,2021-05-21,2,,,2,,,,,2,,,,5,2,50,5,,,40.700671,-73.947151,New Construction,301,3022727502,3422361
3058,160 Clarkson Avenue Apartments,All Units Filled,Rental,BK,11226,160 Clarkson Ave,BK1701,2022-08-15,2022-10-31,26,,18,8,,,,,,,26,,,,,,,,40.655146,-73.95453499999999,New Construction,317,3050650039,3116233
2361,1600 East 19 Street- Units Still Available,All Units Filled,Rental,BK,11230,1600 EAST 19 STREET,BK1403,2021-10-01,2021-11-01,7,,3,4,,,,,,,7,,,,,,,,40.611348,-73.954907,New Construction,314,3067657503,3425902
2315,1603 Lincoln Place Apartments - Unit Still Available,All Units Filled,Rental,BK,11233,1603 LINCOLN PLACE,BK0802,2021-08-27,2021-09-27,1,1,,,,,,,,,1,,,,,,,,40.669342,-73.923643,New Construction,308,3013870064,3037224
2327,1609 Voorhies Avenue - Units Still Available,All Units Filled,Rental,BK,11235,1609 VOORHIES AVENUE,BK1503,2021-09-07,2021-10-07,3,,,3,,,,,,,3,,,,,,,,40.585845,-73.952764,New Construction,315,3074590146,3204947
4611,161 Meserole Avenue Apartments,All Units Filled,Rental,BK,11222,161 Meserole Ave,BK0101,2024-03-18,2024-04-08,9,,,9,,,,,,,9,,,,,,,,40.727908,-73.950275,New Construction,301,3025990025,3429761
1785,1626 & 1630 Brooklyn Avenue,All Units Filled,Rental,BK,11210,1630 Brooklyn Ave,BK1702,2020-09-04,2020-09-28,3,,3,,,,,,,,3,,,,,,,,40.633292,-73.941908,New Construction,317,3075630059,3426664
1785,1626 & 1630 Brooklyn Avenue,All Units Filled,Rental,BK,11210,1626 Brooklyn Ave,BK1702,2020-09-04,2020-09-28,3,,3,,,,,,,,3,,,,,,,,40.633363,-73.941915,New Construction,317,3075630058,3425739
2254,1626 & 1630 Brooklyn Avenue - Units Still Available,All Units Filled,Rental,BK,11210,1630 Brooklyn Ave,BK1702,2021-07-15,2021-08-16,3,,3,,,,,,,,3,,,,,,,,40.633292,-73.941908,New Construction,317,3075630059,3426664
2254,1626 & 1630 Brooklyn Avenue - Units Still Available,All Units Filled,Rental,BK,11210,1626 Brooklyn Ave,BK1702,2021-07-15,2021-08-16,3,,3,,,,,,,,3,,,,,,,,40.633363,-73.941915,New Construction,317,3075630058,3425739
4556,1629 Brooklyn Avenue Apartments,All Units Filled,Rental,BK,11210,1629 Brooklyn Ave,BK1702,2024-02-16,2024-03-08,7,,,7,,,,,,,7,,,,,,,,40.633292,-73.941886,New Construction,317,3075640026,3427373
2363,1634 Church Avenue - Units Still Available,All Units Filled,Rental,BK,11226,1634 Church Ave,BK1401,2021-09-28,2021-11-15,4,,4,,,,,,,,4,,,,,,,,40.648856,-73.964536,New Construction,314,3050977501,3426423
5041,1634 aka 1640 Flatbush Avenue Apartments,All Units Filled,Rental,BK,11210,1634 Flatbush Ave,BK1401,2024-08-07,2024-10-07,45,9,19,17,,,,18,26,,1,,5,2,20,5,,,40.630546,-73.945264,New Construction,314,3075770060,3428953
1789,165 Stockholm Street,All Units Filled,Rental,BK,11237,165 Stockholm St,BK0401,2020-09-25,2020-10-19,2,,2,,,,,,,,2,,,,,,,,40.699603,-73.9227,New Construction,304,3032467501,3402017
2776,1669 East 19th Street Apartments,All Units Filled,Rental,BK,11229,1669 E 19th St,BK1502,2022-04-06,2022-05-30,9,3,3,3,,,,,,,9,,,,,,,,40.609366,-73.954512,New Construction,315,3067820059,3426569
3320,167 Malcolm X Boulevard Apartments,All Units Filled,Rental,BK,11221,167 Malcolm X Blvd,BK0302,2022-11-01,2022-11-23,3,3,,,,,,,,,3,,,,,,,,40.687531,-73.929961,New Construction,303,3016420006,3429147
5574,1700 Jerome Avenue Apartments,All Units Filled,Rental,BK,11235,1700 JEROME AVENUE,BK1503,2024-12-30,2025-01-22,11,1,7,3,,,,,,,11,,,,,,,,40.5873,-73.952133,New Construction,315,3074620067,3429709
2645,1709 Park Place - Units Still Available,All Units Filled,Rental,BK,11233,1709 Park Pl,BK1601,2022-03-24,2022-09-30,3,,3,,,,,,,,3,,,,,,,,40.67183,-73.920857,New Construction,316,3014620058,3429472
2067,171 Linden Blvd - Units Still Available,All Units Filled,Rental,BK,11226,171 LINDEN BOULEVARD,BK1701,2021-03-09,2021-04-08,3,,2,1,,,,,,,3,,,,,,,,40.65253,-73.952036,New Construction,317,3050850094,3116695
4519,1716 East 54th Street Apartments,All Units Filled,Rental,BK,11234,1716 EAST 54 STREET,BK1801,2024-02-22,2024-03-14,4,,,4,,,,,,,4,,,,,,,,40.615785,-73.922653,New Construction,318,3084930061,3239752
2803,173 Johnson Avenue Apartments,All Units Filled,Rental,BK,11206,173 Johnson Ave,BK0104,2022-04-06,2022-06-01,16,4,4,8,,,,,,,16,,,,,,,,40.706581,-73.943344,New Construction,301,3030610025,3427259
2749,1730 OCEAN AVENUE APARTMENTS,All Units Filled,Rental,BK,11230,1730 Ocean Ave,BK1403,2022-03-15,2022-04-06,11,3,8,,,,,,,,11,,,,,,,,40.619805,-73.955283,New Construction,314,3067390057,3428965
1963,177 & 185 Veronica Place,All Units Filled,Rental,BK,11226,177 VERONICA PLACE,BK1701,2021-02-25,2021-03-18,3,,1,2,,,,,,,3,,,,,,,,40.645808,-73.952606,New Construction,317,3051370040,3117975
1963,177 & 185 Veronica Place,All Units Filled,Rental,BK,11226,185 VERONICA PLACE,BK1701,2021-02-25,2021-03-18,3,,1,2,,,,,,,3,,,,,,,,40.645662,-73.952596,New Construction,317,3051370037,3117972
2929,1780 Sheepshead Bay- Units Still Available,All Units Filled,Rental,BK,11235,1780 SHEEPSHEAD BAY ROAD,BK1503,2022-06-13,2022-07-15,3,,,3,,,,,,,3,,,,,,,,40.584173,-73.950811,New Construction,315,3087717503,3426699
3674,18 Monitor Street Apartments,All Units Filled,Rental,BK,11222,18 Monitor St,BK0104,2024-08-26,2024-09-17,5,,2,3,,,,,,,5,,,,,,,,40.719717,-73.941627,New Construction,301,3028330033,3000000
3261,180 Throop Avenue Apartments,All Units Filled,Rental,BK,11206,180 Throop Ave,BK0301,2022-11-01,2022-12-15,10,,,10,,,,,,,10,,,,,,,,40.698858,-73.944087,New Construction,303,3017320019,3428572
1764,1801 Broadway Apartments,All Units Filled,Rental,BK,11207,1801 BROADWAY,BK0402,2020-09-15,2020-10-06,13,2,4,7,,,,,,,13,,,,,,,,40.681883,-73.908641,New Construction,304,3034567501,3080287
1718,182 Jefferson Street Apartments,All Units Filled,Rental,BK,11206,182 JEFFERSON STREET,BK0401,2020-09-04,2020-09-28,3,,1,2,,,,,,,3,,,,,,,,40.701325,-73.929179,New Construction,304,3031730016,3319556
2225,183 Covert Street - Waiting List,All Units Filled,Rental,BK,11207,183 Covert St.,BK0402,2021-07-01,2021-08-02,3,,3,,,,,,,,3,,,,,,,,40.689797,-73.908893,New Construction,304,3034170044,3414225
2092,186 Greenpoint Avenue - Units Still Available,All Units Filled,Rental,BK,11222,186 GREENPOINT AVENUE,BK0101,2021-04-15,2021-05-17,3,1,,2,,,,,,,3,,,,,,,,40.730311,-73.95295,New Construction,301,3025750005,3065149
3581,187 20th Street Apartments,All Units Filled,Rental,BK,11232,187 20 STREET,BK0702,2023-03-31,2023-05-12,3,,3,,,,,,,,3,,,,,,,,40.662884,-73.994456,New Construction,307,3006370076,3388089
2880,188 Humboldt Street Waitlist Lottery,All Units Filled,Rental,BK,11206,188 HUMBOLDT STREET,BK0104,2022-04-14,2022-05-16,5,1,1,3,,,,,,,5,,,,,,,,40.70776,-73.941551,New Construction,301,3030547504,3426421
2293,18A Bleecker Street - Units Still Available,All Units Filled,Rental,BK,11221,18A BLEECKER STREET,BK0402,2021-08-09,2021-09-09,2,,2,,,,,,,,2,,,,,,,,40.693095,-73.923198,New Construction,304,3033040007,3075588
3292,1921 ATLANTIC APARTMENTS,All Units Filled,Rental,BK,11233,1921 Atlantic Ave,BK1601,2022-11-04,2023-01-04,199,40,64,53,42,,24,58,117,,,,5,2,50,5,,,40.676877,-73.920408,New Construction,303,3015577501,3000000
4527,194 Buffalo Avenue Apartments,All Units Filled,Rental,BK,11213,194 Buffalo Ave,BK0802,2024-03-13,2024-05-31,3,,3,,,,,,,,3,,,,,,,,40.672536,-73.925211,New Construction,308,3013680050,3000000
4554,1946 Ocean Avenue Apartments,All Units Filled,Rental,BK,11230,1946 OCEAN AVENUE,BK1403,2024-05-22,2024-06-26,15,,2,13,,,,,,,15,,,,,,,,40.614586,-73.9543,New Construction,314,3067570038,3000000
3361,195 Herzl Street Apartments,All Units Filled,Rental,BK,11212,195 Herzl St,BK1602,2022-12-16,2023-01-12,3,,3,,,,,,,,3,,,,,,,,40.665383,-73.914496,New Construction,316,3035390005,3428689
5496,195 Humboldt Street Apartments,All Units Filled,Rental,BK,11206,195 Humboldt St,BK0104,2024-12-09,2024-12-30,3,,,2,1,,,,,,3,,,,,,,,40.708337,-73.941669,New Construction,301,3030440025,3000000
2334,196 Willoughby Street Apartments,All Units Filled,Rental,BK,11201,196 Willoughby St,BK0203,2022-01-18,2022-03-21,143,45,71,27,,,,,,,143,,,,,,,,40.69195,-73.97996499999999,New Construction,302,3020857502,3426373
3384,200 Montague Street Apartments,All Units Filled,Rental,BK,11201,200 MONTAGUE STREET,BK0201,2023-02-01,2023-04-03,38,8,18,8,4,,,,1,,37,,5,2,50,5,,,40.693903,-73.991129,New Construction,302,3002500039,3002107
3283,2001 Nostrand Avenue Apartments,All Units Filled,Rental,BK,11210,2001 Nostrand Ave.,BK1702,2022-11-04,2022-12-06,16,,11,5,,,,,,,16,,,,,,,,40.63691,-73.948073,New Construction,317,3049947501,3426361
3324,2057 Strauss Street Apartments,All Units Filled,Rental,BK,11212,2057 STRAUSS STREET,BK1602,2022-12-09,2022-12-30,3,,3,,,,,,,,3,,,,,,,,40.663786,-73.915042,New Construction,316,3035550007,3429436
4280,209 North 11th Street Apartments,All Units Filled,Rental,BK,11211,209 NORTH 11 STREET,BK0102,2023-12-06,2024-01-11,16,,16,,,,,,,,16,,,,,,,,40.718846,-73.953402,New Construction,301,3022920029,3429695
2713,209 Troy Avenue Apartments - Units Still Available,All Units Filled,Rental,BK,11213,209 TROY AVENUE,BK0802,2022-02-11,2022-03-14,3,,,3,,,,,,,3,,,,,,,,40.672301,-73.936358,New Construction,308,3013710007,3036409
3391,21 Meserole Street Apartments,All Units Filled,Rental,BK,11206,21 MESEROLE STREET,BK0104,2022-12-27,2023-01-18,8,,7,1,,,,,,,8,,,,,,,,40.707493,-73.949518,New Construction,301,3030400044,3427297
4017,210 Clarkson Avenue Apartments,All Units Filled,Rental,BK,11226,210 Clarkson Ave,BK1701,2023-10-30,2024-01-18,40,,29,11,,,,,,,40,,,,,,,,40.655272,-73.952477,New Construction,317,3050660011,3427328
2978,22 Chapel Street Apartments,All Units Filled,Rental,BK,11201,22 CHAPEL STREET,BK0202,2022-06-28,2022-09-16,55,23,16,14,2,,,,,,55,,,,,,,,40.697243,-73.986217,New Construction,302,3001197501,3000208
7215,22 Frost Street Apartments,All Units Filled,Rental,BK,11211,22 Frost St,BK0102,2025-08-18,2025-09-23,5,2,2,1,,,,,,,5,,,,,,,,40.717468,-73.951185,New Construction,301,3027360014,3000000
2602,2203 Clarendon Road Apartments,All Units Filled,Rental,BK,11226,2203 Clarendon Rd,BK1401,2022-02-01,2022-02-24,7,,1,5,1,,,,,,7,,,,,,,,40.642787,-73.956273,New Construction,314,3051660051,3425803
1767,222 Johnson Avenue Apartments,All Units Filled,Rental,BK,11206,222 JOHNSON AVENUE,BK0104,2020-09-16,2020-11-17,35,6,19,10,,,,,24,,11,,,,,,,,40.706865,-73.940202,New Construction,301,3030720040,3425084
4028,2264 Atlantic Avenue Apartments,All Units Filled,Rental,BK,11233,2264 ATLANTIC AVENUE,BK1601,2023-09-20,2023-10-12,3,,1,2,,,,,,,3,,,,,,,,40.676307,-73.910444,New Construction,316,3014350010,3428754
1993,2266 Pacific Street,All Units Filled,Rental,BK,11233,2266 PACIFIC STREET,BK1601,2021-02-12,2021-03-08,3,1,1,1,,,,,,,3,,,,,,,,40.675445,-73.909436,New Construction,316,3014420036,3428881
2313,23 West Street aka 40 Oak Street Apartments,All Units Filled,Rental,BK,11222,23 West St,BK0101,2022-01-25,2022-04-04,205,43,54,108,,,,,205,,,,5,2,50,5,,,40.726998,-73.958805,New Construction,301,3025700050,3425624
3846,230 Boerum Street Apartments,All Units Filled,Rental,BK,11206,230 BOERUM STREET,BK0104,2023-06-26,2023-08-17,3,,3,,,,,,,,3,,,,,,,,40.706337,-73.938194,New Construction,301,3030820019,3325886
3654,2316 Clarendon Road Apartments,All Units Filled,Rental,BK,11226,2316 CLARENDON ROAD,BK1401,2023-05-11,2023-06-26,5,,2,3,,,,,,,5,,,,,,,,40.642836,-73.955239,New Construction,314,3051890007,3119670
2175,2337 Bedford Avenue,All Units Filled,Rental,BK,11226,2337 BEDFORD AVENUE,BK1701,2021-05-07,2021-06-22,9,,6,3,,,,,,,9,,,,,,,,40.646816,-73.955654,New Construction,317,3051270066,3117745
7364,2339 Nostrand Avenue Units Still Available,All Units Filled,Rental,BK,11210,2339 NOSTRAND AVENUE,BK1801,2026-01-08,2026-02-09,1,,1,,,,,,,,1,,,,,,,,40.627775,-73.947053,New Construction,318,3075940016,3429878
4458,236 Berry Street Apartments,All Units Filled,Rental,BK,11249,236 Berry St,BK0102,2024-02-05,2024-03-15,15,,15,,,,,,,,15,,,,,,,,40.715293,-73.962596,New Construction,301,,
1855,24 Wilson Avenue,All Units Filled,Rental,BK,11237,24 Wilson Ave,BK0401,2020-11-16,2020-12-08,5,,5,,,,,,,,5,,,,,,,,40.703214,-73.930158,New Construction,304,3031540033,3428612
2907,2442 Ocean Avenue Waiting List,All Units Filled,Rental,BK,11229,2442 Ocean Avenue,BK1502,2022-06-08,2022-07-08,32,8,13,11,,,,,,,32,,,,,,,,40.602281,-73.951968,New Construction,315,3072980045,3426041
3861,2454 East 15th Street Apartments,All Units Filled,Rental,BK,11235,2454 EAST 15 STREET,BK1503,2023-10-11,2023-11-20,3,,2,1,,,,,,,3,,,,,,,,40.591069,-73.954942,New Construction,315,3074160028,3254241
2452,2484 Bedford Avenue,All Units Filled,Rental,BK,11226,2484 Bedford Ave,BK1401,2021-12-06,2021-12-28,8,,,8,,,,,,,8,,,,,,,,40.643121,-73.954561,New Construction,314,3051670045,3428925
2147,249 North 5 Street aka 70 Havemeyer Street,All Units Filled,Rental,BK,11211,70 HAVEMEYER STREET,BK0102,2021-04-26,2021-05-27,15,3,4,8,,,,,,,15,,,,,,,,40.714414,-73.954978,New Construction,301,3023380027,3062268
2090,250 Lenox Road - Units Still Available,All Units Filled,Rental,BK,11226,250 LENOX ROAD,BK1701,2021-03-16,2021-04-15,7,4,3,,,,,,,,7,,,,,,,,40.654064,-73.951235,New Construction,317,3050850040,3426540
5289,250 Winthrop Street Senior Apartments,All Units Filled,Rental,BK,11225,250 Winthrop St,BK0902,2024-10-15,2024-12-17,27,12,15,,,,,,27,,,,5,2,20,5,,100,40.65699,-73.951809,New Construction,309,3050500023,3428842
2290,2502 & 2506 Newkirk Avenue - Units Still Available,All Units Filled,Rental,BK,11226,2506 NEWKIRK AVENUE,BK1701,2021-08-10,2021-09-10,3,,,3,,,,,,,3,,,,,,,,40.639695,-73.953025,New Construction,317,3052120042,3428880
2290,2502 & 2506 Newkirk Avenue - Units Still Available,All Units Filled,Rental,BK,11226,2502 NEWKIRK AVENUE,BK1701,2021-08-10,2021-09-10,1,,,1,,,,,,,1,,,,,,,,40.639693,-73.953054,New Construction,317,3052120041,3428879
2752,2524 Albemarle Road Apartments,All Units Filled,Rental,BK,11226,2524 ALBEMARLE ROAD,BK1701,2022-03-24,2022-04-25,2,,2,,,,,,,,2,,,,,,,,40.64796,-73.953416,New Construction,317,3051280006,3426579
4044,253 Clarkson Avenue Apartments,All Units Filled,Rental,BK,11226,253 CLARKSON AVENUE,BK1701,2023-09-28,2023-10-20,3,3,,,,,,,,,3,,,,,,,,40.655351,-73.951443,New Construction,309,3050570074,3116081
5367,"258, 260, 262 Rockaway Avenue Apartments",All Units Filled,Rental,BK,11233,262 ROCKAWAY AVENUE,BK1601,2024-11-07,2025-01-09,7,,7,,,,,,,,7,,,,,,,,40.674233,-73.911139,New Construction,316,3014480039,3429833
5367,"258, 260, 262 Rockaway Avenue Apartments",All Units Filled,Rental,BK,11233,260 ROCKAWAY AVENUE,BK1601,2024-11-07,2025-01-09,7,,7,,,,,,,,7,,,,,,,,40.674301,-73.911132,New Construction,316,3014480038,3429189
5367,"258, 260, 262 Rockaway Avenue Apartments",All Units Filled,Rental,BK,11233,258 ROCKAWAY AVENUE,BK1601,2024-11-07,2025-01-09,7,,7,,,,,,,,7,,,,,,,,40.67437,-73.911124,New Construction,316,3014480037,3429202
2046,26 Lawton Street,All Units Filled,Rental,BK,11221,26 LAWTON STREET,BK0401,2021-02-24,2021-03-17,3,,3,,,,,,,,3,,,,,,,,40.6954,-73.930447,New Construction,304,3032290010,3073414
2246,26 Quincy Street Apartments,All Units Filled,Rental,BK,11238,26 Quincy St,BK0204,2021-07-21,2021-10-01,13,3,7,3,,,,,,,13,,,,,,,,40.685843,-73.960269,New Construction,302,3019720010,3429057
1677,260 Gold Street Apartments,All Units Filled,Rental,BK,11201,260 GOLD STREET,BK0202,2020-11-10,2021-01-13,86,14,46,22,4,,,,,,86,,,,,,,,40.696652,-73.983184,New Construction,302,3001210003,3000220
2194,260 Knickerbocker Avenue - Units Still Available,All Units Filled,Rental,BK,11237,260 KNICKERBOCKER AVENUE,BK0401,2021-05-28,2021-07-18,12,,4,8,,,,,,,12,,,,,,,,40.7025,-73.924853,New Construction,304,3031970034,3072742
2319,263 East 9th Street Apartments,All Units Filled,Rental,BK,11218,263 EAST 9 STREET,BK1203,2021-08-23,2021-09-14,2,,,2,,,,,,,2,,,,,,,,40.642259,-73.970438,New Construction,312,3053610055,3125656
1852,2633 Ocean Avenue Apartments,All Units Filled,Rental,BK,11229,2633 Ocean Ave,BK1503,2020-12-16,2021-01-25,18,8,4,6,,,,,,,18,,,,,,,,40.597167,-73.950977,New Construction,315,3073817501,3398245
1953,2655 East 23rd Street Apartments,All Units Filled,Rental,BK,11235,2655 EAST 23 STREET,BK1503,2021-01-20,2021-02-10,4,1,3,,,,,,,,4,,,,,,,,40.587495,-73.946534,New Construction,315,3074680076,3205174
2597,266 Kent Avenue Apartments,All Units Filled,Rental,BK,11249,266 KENT AVENUE,BK0102,2021-12-30,2022-04-18,89,28,36,25,,,,,33,,56,,5,2,50,5,,,40.71587,-73.966257,New Construction,301,3024147501,3425049
3244,269 Wallabout Street Apartments,All Units Filled,Rental,BK,11206,269 Wallabout Street,BK0103,2022-11-10,2023-01-09,77,,27,24,15,11,,40,22,15,,,5,2,50,5,,,40.701421,-73.949029,New Construction,301,3022497504,3428594
4840,27 Brighton 11 Street  Apartments,All Units Filled,Rental,BK,11235,27 Brighton 11th St,BK1303,2024-05-20,2024-06-10,5,,3,1,1,,,,,,5,,,,,,,,40.581674,-73.956468,New Construction,313,3087117501,3000000
4708,27 Montrose Avenue Apartments,All Units Filled,Rental,BK,11206,27 Montrose Ave,BK0104,2024-04-11,2024-06-10,3,,3,,,,,,,,3,,,,,,,,40.706779,-73.94909,New Construction,301,3030490042,3427461
3317,2733 E 12th St Apartments,All Units Filled,Rental,BK,11235,2733 E 12th St,BK1503,2022-12-05,2022-12-27,14,2,8,4,,,,,,,14,,,,,,,,40.58431,-73.957438,New Construction,315,3087640004,3428732
2788,2735 East 13th Street Apartments,All Units Filled,Rental,BK,11235,2735 E 13th St,BK1503,2022-05-19,2022-06-09,6,,6,,,,,,,,6,,,,,,,,40.584592,-73.955591,New Construction,315,3087667501,3426528
1964,2741 Fulton Street Apartments,All Units Filled,Rental,BK,11207,2741 FULTON STREET,BK0501,2021-01-15,2021-02-08,3,,1,2,,,,,,,3,,,,,,,,40.678008,-73.893425,New Construction,305,3036640052,3083220
1983,2746 Fulton Street Apartments - Units Still Available,All Units Filled,Rental,BK,11207,2746 FULTON STREET,BK0502,2021-01-15,2021-02-15,1,,,1,,,,,,,1,,,,,,,,40.677791,-73.89323,New Construction,305,3036740016,3083379
2269,2746 Fulton Street Units Still Available,All Units Filled,Rental,BK,11207,2746 FULTON STREET,BK0502,2021-07-30,2021-08-30,1,,,1,,,,,,,1,,,,,,,,40.677791,-73.89323,New Construction,305,3036740016,3083379
4764,2767 Atlantic Avenue Apartments,All Units Filled,Rental,BK,11207,2767 ATLANTIC AVENUE,BK0502,2024-06-03,2024-06-24,13,2,4,7,,,,5,5,,3,,5,2,20,5,,,40.676311,-73.892029,New Construction,305,3039460045,3427363
3984,277 Throop Avenue Apartments,All Units Filled,Rental,BK,11206,277 THROOP AVENUE,BK0302,2023-10-17,2023-12-12,3,,2,1,,,,,,,3,,,,,,,,40.694142,-73.943149,New Construction,303,3017690004,3426271
3643,28 Bartlett Street Apartments,All Units Filled,Rental,BK,11206,28 Bartlett St,BK0103,2023-04-28,2023-05-30,4,,,,4,,,,,,4,,,,,,,,40.700871,-73.946844,New Construction,301,3022720006,3429096
2725,280 20th Street Apartments,All Units Filled,Rental,BK,11215,276 20th St,BK0702,2022-04-04,2022-06-08,8,,4,4,,,,,,,8,,,,,,,,40.661306,-73.991854,New Construction,307,3008910026,3324563
3824,2801 Tilden Avenue Apartments,All Units Filled,Rental,BK,11226,2801 TILDEN AVENUE,BK1701,2023-06-12,2023-07-05,4,,2,2,,,,,,,4,,,,,,,,40.646825,-73.950919,New Construction,317,3051300125,3117838
2642,2809 Clarendon Road Apartments,All Units Filled,Rental,BK,11226,2809 Clarendon Rd,BK1701,2022-02-01,2022-02-24,5,,3,2,,,,,,,5,,,,,,,,40.643147,-73.950472,New Construction,317,3051720037,3428841
3714,2809 SNYDER AVENUE APARTMENTS - Units Still Available,All Units Filled,Rental,BK,11226,2809 SNYDER AVENUE,BK1701,2023-05-17,2023-06-07,1,,,1,,,,,,,1,,,,,,,,40.648854,-73.951098,New Construction,317,3051080061,3426127
3118,2817 Atlantic Avenue Apartments,All Units Filled,Rental,BK,11207,2817 ATLANTIC AVENUE,BK0502,2022-09-19,2022-10-12,14,,2,9,3,,,7,7,,,,5,2,50,5,,,40.676641,-73.89019,New Construction,305,3039480043,3087808
1819,2848 West 15th Street Apartments,All Units Filled,Rental,BK,11224,2848 WEST 15 STREET,BK1302,2021-01-20,2021-02-10,6,,3,3,,,,,,,6,,,,,,,,40.578025,-73.982883,New Construction,313,3070220028,3256856
2536,2873 West 17th Street Apartments,All Units Filled,Rental,BK,11224,2873 WEST 17 STREET,BK1302,2022-03-14,2022-04-05,5,,4,1,,,,,,,5,,,,,,,,40.577403,-73.98491,New Construction,313,3070217501,3336538
2465,288 Willoughby Avenue Apartments,All Units Filled,Rental,BK,11205,288 Willoughby Ave,BK0301,2021-11-22,2021-12-22,4,,4,,,,,,,,4,,,,,,,,40.692557,-73.959544,New Construction,303,3019250029,3426205
4071,2882 86th Street Apartment,All Units Filled,Rental,BK,11223,2882 86th St,BK1501,2023-10-25,2023-12-01,2,,,2,,,,,,,2,,,,,,,,40.591331,-73.976319,New Construction,313,3071670128,3429074
3746,290 Linden Boulevard Apartments,All Units Filled,Rental,BK,11226,290 LINDEN BOULEVARD,BK1701,2023-05-23,2023-06-23,10,5,5,,,,,,,,10,,,,,,,,40.652709,-73.948392,New Construction,317,3048680031,3428811
2425,2955 Brighton 5th Street Apartments,All Units Filled,Rental,BK,11235,2955 Brighton 5th St,BK1303,2021-11-03,2021-11-26,6,,2,4,,,,,,,6,,,,,,,,40.57975,-73.96323,New Construction,313,3086650525,3244441
2386,30 East 29th Street Apartments,All Units Filled,Rental,BK,11226,30 EAST 29 STREET,BK1701,2021-10-15,2021-11-21,3,,3,,,,,,,,3,,,,,,,,40.647657,-73.950223,New Construction,317,3051300015,3117830
2490,30 Kent Street Apartments,All Units Filled,Rental,BK,11222,30 KENT STREET,BK0101,2021-12-21,2022-02-19,24,8,6,10,,,,,6,,18,,5,2,50,5,,,40.73035,-73.960149,New Construction,301,3025560045,3336994
5176,303 Wythe Avenue Apartments,All Units Filled,Rental,BK,11249,303 WYTHE AVENUE,BK0102,2024-09-05,2024-10-03,7,1,2,4,,,,,,,7,,,,,,,,40.714613,-73.964984,New Construction,301,3024040001,3062893
3097,305 KINGSLAND AVENUE APARTMENTS,All Units Filled,Rental,BK,11222,305 Kingsland Ave,BK0101,2022-08-05,2022-09-06,3,1,2,,,,,,,,3,,,,,,,,40.726966,-73.941873,New Construction,301,3026570017,3426118
3270,308 Linden Boulevard Apartments,All Units Filled,Rental,BK,11226,308 Linden Blvd,BK1701,2022-10-31,2022-11-21,4,2,,2,,,,,,,4,,,,,,,,40.652731,-73.947967,New Construction,317,3048680039,3429121
1706,31 Ainslie Street Apartments,All Units Filled,Rental,BK,11211,31 AINSLIE STREET,BK0102,2020-08-04,2020-08-25,15,3,4,8,,,,,15,,,,5,2,50,5,,,40.713047,-73.953255,New Construction,301,3023710050,3418393
2501,310 Livingston Street Apartments,All Units Filled,Rental,BK,11217,308 LIVINGSTON STREET,BK0202,2022-01-26,2022-04-01,48,,41,7,,,,,9,,39,,5,2,50,5,,,40.68827,-73.982252,New Construction,302,3001660025,3429273
3728,311 Franklin Avenue Apartments,All Units Filled,Rental,BK,11238,311 Franklin Ave,BK0301,2023-05-05,2023-05-25,3,,,3,,,,,,,3,,,,,,,,40.688897,-73.957173,New Construction,303,3019500005,3424967
1847,312 Broadway,All Units Filled,Rental,BK,11211,312 Broadway,BK0103,2020-11-13,2020-12-07,8,2,4,2,,,,,,,8,,,,,,,,40.708338,-73.95768,New Construction,301,3021427501,3426089
2531,312 Broadway - Units Still Available,All Units Filled,Rental,BK,11211,312 BROADWAY,BK0103,2021-12-15,2022-01-18,2,2,,,,,,,,,2,,,,,,,,40.708338,-73.95768,New Construction,301,3021427501,3426089
2144,314 Troutman Street Apartments,All Units Filled,Rental,BK,11237,314 TROUTMAN STREET,BK0401,2021-08-02,2021-09-01,2,,2,,,,,,,2,,,,,,,,,40.704271,-73.925118,New Construction,304,3031870024,3072556
3761,317 Franklin Avenue Apartments,All Units Filled,Rental,BK,11238,317 Franklin Ave,BK0301,2023-06-21,2023-07-12,5,,2,3,,,,,,,5,,,,,,,,40.688705,-73.957148,New Construction,303,3019500003,3429800
4289,318-322 East 32nd Street Apartments,All Units Filled,Rental,BK,11226,318 E 32nd St,BK1702,2023-11-30,2023-12-21,4,,2,,2,,,,,,4,,,,,,,,40.642723,-73.9468,New Construction,317,3049480014,3427352
2438,319 South 4th Street,All Units Filled,Rental,BK,11211,319 S 4th St,BK0102,2021-11-10,2021-12-06,3,,1,2,,,,,,,3,,,,,,,,40.70904,-73.955076,New Construction,301,3024360022,3428785
2278,325 Gates Avenue - Units Still Available,All Units Filled,Rental,BK,11216,325 GATES AVENUE,BK0301,2021-08-04,2021-11-01,7,4,,3,,,,,,,7,,,,,,,,40.68586,-73.953782,New Construction,303,3018070001,3050817
1770,325 Lafayette Avenue - Units Still Available,All Units Filled,Rental,BK,11238,325 LAFAYETTE AVENUE,BK0204,2020-10-26,2020-11-30,13,13,,,,,,,,,13,,,,,,,,40.688594,-73.962568,New Construction,302,3019337501,3055380
6852,326 Rockaway Avenue Apartments,All Units Filled,Rental,BK,11212,326 Rockaway Ave,BK1602,2025-03-06,2025-05-05,85,3,54,20,8,,,51,34,,,,5,2,20,5,,,40.671905,-73.911308,New Construction,316,3034990025,3427388
2983,328 21st Street Apartments,All Units Filled,Rental,BK,11215,328 21 STREET,BK0702,2022-07-22,2022-08-22,2,,2,,,,,,,,2,,,,,,,,40.659418,-73.99024,New Construction,307,3008980023,3017564
1930,329 Broadway Apartments,All Units Filled,Rental,BK,11211,329 Broadway,BK0102,2021-01-21,2021-02-11,19,1,14,3,1,,,,,,19,,,,,,,,40.707973,-73.956588,New Construction,301,3024627502,3425870
4598,33 Franklin Street Apartments,All Units Filled,Rental,BK,11222,33 Franklin St,BK0101,2024-03-19,2024-05-20,24,3,18,3,,,,,16,,8,,5,2,50,5,,,40.726413,-73.957344,New Construction,301,3025890013,3065237
2827,332 East 28th Street Apartments,All Units Filled,Rental,BK,11226,332 EAST 28 STREET,BK1701,2022-05-06,2022-05-31,2,,1,1,,,,,,,2,,,,,,,,40.642258,-73.950584,New Construction,317,3051930020,3119917
4207,333 Linden Blvd. Apartments-Units Still Available,All Units Filled,Rental,BK,11226,333 Linden Blvd,BK1701,2023-11-13,2023-12-15,3,,,3,,,,,,,3,,,,,,,,40.65278,-73.947358,New Construction,317,3048530075,3429233
2131,336 & 338 East 28th Street - Units Still Available,All Units Filled,Rental,BK,11226,336 EAST 28 STREET,BK1701,2021-05-05,2021-06-22,2,,2,,,,,,,,2,,,,,,,,40.642192,-73.950577,New Construction,317,3051930021,3119918
2131,336 & 338 East 28th Street - Units Still Available,All Units Filled,Rental,BK,11226,338 EAST 28 STREET,BK1701,2021-05-05,2021-06-22,0,,,,,,,,,,,,,,,,,,40.642159,-73.950573,New Construction,317,3051930022,3426404
4497,340 Lenox Road Apartments,All Units Filled,Rental,BK,11226,340 Lenox Rd,BK1701,2024-03-11,2024-04-01,14,4,10,,,,,,,,14,,,,,,,,40.654252,-73.948268,New Construction,317,3048530041,3429424
2178,348 Nostrand Avenue - Units Still Available,All Units Filled,Rental,BK,11216,348 NOSTRAND AVENUE,BK0301,2021-05-19,2021-06-21,2,,2,,,,,,,,2,,,,,,,,40.687832,-73.951073,New Construction,303,3017970059,3426326
2673,3506 - 3508 Farragut Road - Units Still Available,All Units Filled,Rental,BK,11210,3506 Farragut Rd,BK1702,2022-02-14,2022-03-25,3,,3,,,,,,,,3,,,,,,,,40.636567,-73.943033,New Construction,317,3050100040,3426573
2673,3506 - 3508 Farragut Road - Units Still Available,All Units Filled,Rental,BK,11210,3508 Farragut Rd,BK1702,2022-02-14,2022-03-25,3,,3,,,,,,,,3,,,,,,,,40.63657,-73.943018,New Construction,317,3050100041,3426572
2651,3512 - 3514 Farragut Road Apartments,All Units Filled,Rental,BK,11210,3514 Farragut Rd,BK1702,2022-01-19,2022-03-01,3,,3,,,,,,,,3,,,,,,,,40.636573,-73.942975,New Construction,317,3050100043,3425529
2651,3512 - 3514 Farragut Road Apartments,All Units Filled,Rental,BK,11210,3512 Farragut Rd,BK1702,2022-01-19,2022-03-01,3,,3,,,,,,,,3,,,,,,,,40.63657,-73.942989,New Construction,317,3050100042,3425627
4273,352 Meeker Avenue Apartments,All Units Filled,Rental,BK,11211,352 Meeker Ave,BK0104,2023-11-30,2024-01-02,9,,9,,,,,,,,9,,,,,,,,40.717639,-73.947895,New Construction,301,3027380010,3429036
3226,353 Miller Avenue Apartments,All Units Filled,Rental,BK,11207,353 Miller Ave,BK0502,2022-10-07,2022-11-30,5,,2,3,,,,,,,5,,,,,,,,40.672163,-73.891095,New Construction,305,3040090015,3425941
2461,37 Herkimer Street,All Units Filled,Rental,BK,11216,37 Herkimer St,BK0301,2021-11-26,2022-01-03,2,,2,,,,,,,,2,,,,,,,,40.679766,-73.951832,New Construction,303,3018600085,3425800
2189,37 Montrose Avenue - Re-Rental,All Units Filled,Rental,BK,11206,37 MONTROSE AVENUE,BK0104,2021-06-08,2021-07-09,3,,3,,,,,,,,3,,,,,,,,40.706811,-73.948751,New Construction,301,3030490037,3071055
1804,371 Stockholm Street Apartments - Units Still Available,All Units Filled,Rental,BK,11237,371 STOCKHOLM STREET,BK0401,2020-10-20,2020-11-23,9,,,9,,,,,,,9,,,,,,,,40.704609,-73.917753,New Construction,304,3032490035,3414373
4016,375 Dean Street Apartments,All Units Filled,Rental,BK,11217,375 Dean St,BK0602,2023-11-28,2024-02-05,36,7,24,5,,,,29,1,5,1,,5,2,50,5,,,40.682925,-73.978634,New Construction,306,3009280001,3429236
3652,375 Lefferts Avenue Apartments,All Units Filled,Rental,BK,11225,375 Lefferts Ave,BK0902,2023-04-17,2023-05-08,13,3,10,,,,,,,,13,,,,,,,,40.662483,-73.948878,New Construction,309,3013210050,3429150
2155,379 Harman Street - Units Still Available,All Units Filled,Rental,BK,11237,379 HARMAN STREET,BK0401,2021-05-04,2021-06-18,4,,3,1,,,,,,,4,,,,,,,,40.701641,-73.917179,New Construction,304,3032800052,3424183
2249,38 Stratford Road Apartments,All Units Filled,Rental,BK,11218,38 Stratford Rd,BK1402,2021-07-27,2021-08-17,5,,3,2,,,,,,,5,,,,,,,,40.647943,-73.969499,New Construction,314,3050710022,3428920
1994,383 12th Street Apartments,All Units Filled,Rental,BK,11215,383 12 STREET,BK0602,2021-05-07,2021-06-22,3,,3,,,,,,,,3,,,,,,,,40.665573,-73.984057,New Construction,306,3010240063,3023038
2424,385 Harman Street Apartments,All Units Filled,Rental,BK,11237,385 Harman St,BK0401,2021-10-12,2021-11-25,3,,3,,,,,,,,3,,,,,,,,40.701729,-73.917093,New Construction,304,3032800049,3074867
4907,388 Vernon Avenue Apartments,All Units Filled,Rental,BK,11206,388 VERNON AVENUE,BK0302,2024-06-17,2024-07-08,3,,3,,,,,,,,3,,,,,,,,40.696172,-73.935647,New Construction,303,3015890035,3394657
5489,3914 15th Avenue Apartments,All Units Filled,Rental,BK,11218,3914 15th Ave,BK1202,2024-11-25,2024-12-26,13,,6,7,,,,,,,13,,,,,,,,40.637832,-73.982042,New Construction,312,3053460043,3000000
2208,3915 14th Avenue-  Still Units Available,All Units Filled,Rental,BK,11218,3915 14 AVENUE,BK1202,2021-06-17,2021-07-19,1,,,,1,,,,,,1,,,,,,,,40.639152,-73.984225,New Construction,312,3053467501,3124934
2970,396 Shepherd Avenue Apartments,All Units Filled,Rental,BK,11208,396 Shepherd Ave,BK0502,2022-06-16,2022-07-11,3,,3,,,,,,,,3,,,,,,,,40.674829,-73.880989,New Construction,305,3040040022,3428642
4310,4023 10th Avenue Apartments,All Units Filled,Rental,BK,11219,4023 10 AVENUE,BK1201,2023-12-14,2024-01-08,3,,1,2,,,,,,,3,,,,,,,,40.643885,-73.993658,New Construction,312,3055870002,3426644
1712,410 East 28th Street Apartments,All Units Filled,Rental,BK,11226,410 EAST 28 STREET,BK1701,2020-09-15,2020-10-06,3,,,3,,,,,,,3,,,,,,,,40.640487,-73.950394,New Construction,317,3052140013,3120436
1862,410 Tompkins - Units Still Available,All Units Filled,Rental,BK,11216,410 Tompkins Ave,BK0301,2020-11-13,2020-12-14,3,2,1,,,,,,,,3,,,,,,,,40.68313,-73.94388000000001,New Construction,303,3018397502,3425716
2483,417 Manhattan Avenue,All Units Filled,Rental,BK,11222,417 MANHATTAN AVENUE,BK0101,2021-11-17,2021-12-09,3,,2,1,,,,,,,3,,,,,,,,40.719176,-73.946898,New Construction,301,3027230029,3067908
2245,420 Gates Avenue Apartments,All Units Filled,Rental,BK,11216,420 Gates Ave,BK0301,2021-07-12,2021-08-24,14,9,4,1,,,,,,,14,,,,,,,,40.686339,-73.949477,New Construction,303,3018130018,3429028
3600,422 East 31 Street,All Units Filled,Rental,BK,11226,422 EAST 31 STREET,BK1701,2023-04-03,2023-05-24,3,,1,2,,,,,,,3,,,,,,,,40.640426,-73.947494,New Construction,317,3049640016,3428876
3420,426 Manhattan Avenue Apartments,All Units Filled,Rental,BK,11222,426 MANHATTAN AVENUE,BK0101,2023-01-13,2023-02-03,10,1,6,1,2,,,,,,10,,,,,,,,40.719132,-73.946862,New Construction,301,3027240001,3429439
2211,428 Wythe Avenue Apartments,All Units Filled,Rental,BK,11249,428 WYTHE AVENUE,BK0102,2021-06-28,2021-07-20,12,,10,1,1,,,,,,12,,,,,,,,40.71121,-73.966534,New Construction,301,3024697503,3063648
3675,438 Union Avenue Apartments,All Units Filled,Rental,BK,11211,438 UNION AVENUE,BK0102,2023-05-11,2023-06-16,4,,4,,,,,,,,4,,,,,,,,40.713455,-73.951519,New Construction,301,3027610005,3068769
2219,445 Vanderbilt Avenue Apartments,All Units Filled,Rental,BK,11238,445 Vanderbilt Ave,BK0204,2021-06-28,2021-08-10,13,3,7,3,,,,,,,13,,,,,,,,40.685022000000004,-73.968205,New Construction,302,3019600011,3428934
4564,45 Lenox Road Apartments,All Units Filled,Rental,BK,11226,45 LENOX ROAD,BK1401,2024-04-15,2024-05-17,14,1,10,3,,,,,,,14,,,,,,,,40.653676,-73.957928,New Construction,314,3050640097,3116214
1890,456 Avenue P - Units Still Available,All Units Filled,Rental,BK,11223,456 AVENUE P,BK1501,2020-12-22,2021-01-25,6,,3,3,,,,,,,6,,,,,,,,40.609078,-73.970575,New Construction,315,3066357501,3425639
1857,46 Melrose Street,All Units Filled,Rental,BK,11206,46 MELROSE STREET,BK0401,2020-11-10,2020-12-03,3,,3,,,,,,,,3,,,,,,,,40.698285,-73.935147,New Construction,304,3031600023,3426313
3457,46 Stockholm Street Apartments,All Units Filled,Rental,BK,11221,46 Stockholm St,BK0401,2023-01-18,2023-02-08,2,,1,1,,,,,,,2,,,,,,,,40.696204,-73.926003,New Construction,304,3032540011,3428829
3191,461 Alabama Avenue Apartments,All Units Filled,Rental,BK,11207,461 Alabama Ave,BK0503,2022-10-28,2022-11-10,19,9,9,1,,,,3,16,,,,5,,50,5,,,40.664864,-73.896964,New Construction,305,3038030006,3429520
4532,4622 Fort Hamilton Street Apartments,All Units Filled,Rental,BK,11219,4266 Fort Hamilton Pkwy,BK1201,2024-02-16,2024-03-15,5,,5,,,,,,,,5,,,,,,,,40.641437,-73.9931,New Construction,312,,
3064,4623 5th Avenue Apartments,All Units Filled,Rental,BK,11220,4623 5 AVENUE,BK0703,2022-08-15,2022-09-20,2,,,2,,,,,,,2,,,,,,,,40.64717,-74.008159,New Construction,307,3007570001,3011888
2819,48 Bleecker Street Apartments,All Units Filled,Rental,BK,11221,48 Bleecker St,BK0402,2022-04-28,2022-06-03,3,,1,2,,,,,,,3,,,,,,,,40.694072,-73.922245,New Construction,304,3033050012,3428946
1702,48 Jefferson Street Apartments,All Units Filled,Rental,BK,11206,48 JEFFERSON STREET,BK0401,2020-09-10,2020-10-01,3,,3,,,,,,,,3,,,,,,,,40.698646,-73.933228,New Construction,304,3031710013,3072195
2936,485 East 28th Street Apartments,All Units Filled,Rental,BK,11226,485 E 28th St,BK1701,2022-08-19,2022-09-12,6,,3,3,,,,,,,6,,,,,,,,40.638906,-73.950204,New Construction,317,3052150070,3428814
4334,488 Marcus Garvey Boulevard  Apartments,All Units Filled,Rental,BK,11216,488 MARCUS GARVEY BOULEVARD,BK0302,2023-12-06,2023-12-27,6,,6,,,,,,,,6,,,,,,,,40.680204,-73.937501,New Construction,303,3018590029,3430002
3829,493-495 Myrtle Avenue Apartments,All Units Filled,Rental,BK,11205,493 MYRTLE AVENUE,BK0204,2023-07-28,2023-08-18,7,3,4,,,,,,4,,3,,5,2,50,5,,,40.693495,-73.965327,New Construction,302,3018917502,3429221
3825,494 Manhattan Avenue,All Units Filled,Rental,BK,11222,494 MANHATTAN AVENUE,BK0101,2023-06-26,2023-07-18,7,1,2,4,,,,,,,7,,,,,,,,40.72073,-73.948217,New Construction,301,3027130001,3429035
2162,495 St. Johns Place - Units Still Available,All Units Filled,Rental,BK,11238,495 St Johns Pl,BK0801,2021-04-15,2021-05-17,4,1,1,2,,,,,,,4,,,,,,,,40.673325,-73.961646,New Construction,308,3011740049,3426362
4092,5 Withers Street Apartments,All Units Filled,Rental,BK,11211,5 WITHERS STREET,BK0102,2023-11-02,2023-12-04,7,,5,2,,,,,,,7,,,,,,,,40.716615,-73.952466,New Construction,301,3023070022,3429469
2437,50 Clarkson Avenue - Units Still Available,All Units Filled,Rental,BK,11226,50 Clarkson Ave,BK1401,2021-11-01,2021-12-31,14,,7,7,,,,,,,14,,,,,,,,40.654931,-73.958067,New Construction,314,3050640036,3425069
2775,50 Nevins Street Apartments,All Units Filled,Rental,BK,11217,50 NEVINS STREET,BK0202,2022-03-21,2022-05-20,50,41,,7,2,,,,50,,,,5,2,50,5,,,40.687196,-73.981921,New Construction,302,3001727501,3000556
2195,50 PENN,All Units Filled,Rental,BK,11207,2628 FULTON STREET,BK0502,2021-06-10,2021-08-09,175,35,75,47,18,,22,66,87,,,,5,2,50,5,,,40.677123,-73.897742,New Construction,305,3036697501,3000000
4510,50 Varet Street,All Units Filled,Rental,BK,11206,50 Varet St,BK0104,2024-04-01,2024-04-22,11,3,6,2,,,,,,,11,,,,,,,,40.703007,-73.942914,New Construction,301,3031137502,3000000
4136,505 State Street,All Units Filled,Rental,BK,11217,100 Flatbush Ave,BK0202,2023-10-10,2023-12-11,45,5,32,6,2,,,18,18,9,,,5,2,50,5,,,40.685511,-73.978525,New Construction,302,3001747502,3429537
1721,51 and 55 Veronica Place,All Units Filled,Rental,BK,11226,51 Veronica Pl,BK1701,2020-09-30,2020-10-22,3,,3,,,,,,,,3,,,,,,,,40.649253,-73.952845,New Construction,317,3051070093,3425585
1721,51 and 55 Veronica Place,All Units Filled,Rental,BK,11226,55 Veronica Pl,BK1701,2020-09-30,2020-10-22,3,,3,,,,,,,,3,,,,,,,,40.649164999999996,-73.952838,New Construction,317,3051070091,3425586
3928,514 Herkimer Street Apartments,All Units Filled,Rental,BK,11213,514 HERKIMER STREET,BK0302,2023-08-09,2023-08-30,5,,5,,,,,,,,5,,,,,,,,40.678919,-73.936482,New Construction,303,3017050039,3048075
7089,514 Maple Street Apartments,All Units Filled,Rental,BK,11225,514 MAPLE STREET,BK0902,2025-05-19,2025-06-16,3,,1,,2,,,,,,3,,,,,,,,40.66124,-73.943826,New Construction,309,3047980028,3106775
1779,522 Grand Street Apartments,All Units Filled,Rental,BK,11211,522 GRAND STREET,BK0102,2021-02-09,2021-03-03,3,,3,,,,,,,,3,,,,,,,,40.711023,-73.950338,New Construction,301,3027857502,3338204
1711,535 Grand Street Apartments,All Units Filled,Rental,BK,11211,535 GRAND STREET,BK0102,2020-08-25,2020-09-16,3,,,3,,,,,,,3,,,,,,,,40.711077,-73.949931,New Construction,301,3027797503,3069330
3924,540 Graham Apartments,All Units Filled,Rental,BK,11222,540 Graham Ave,BK0101,2023-08-04,2023-09-01,8,1,7,,,,,,,,8,,,,,,,,40.721575,-73.947008,New Construction,301,3027010001,3426408
3036,540 Waverly Avenue Apartments,All Units Filled,Rental,BK,11238,540 WAVERLY AVENUE,BK0204,2022-10-21,2023-01-03,41,9,20,12,,,,,34,,7,,5,2,50,5,,,40.681997,-73.96564,New Construction,302,3020110060,3428888
2150,545 St. Marks Avenue Apartments,All Units Filled,Rental,BK,11216,545 ST MARKS AVENUE,BK0802,2021-05-03,2021-05-24,3,,3,,,,,,,,3,,,,,,,,40.675831,-73.955549,New Construction,308,3012170083,3030630
2756,55 Summit Street Cooperatives,All Units Filled,Owner,BK,11231,55 Summit St,BK0601,2023-03-10,2023-03-31,5,1,,4,,,,,5,,,,5,5,50,5,,,40.682617,-74.004766,New Construction,306,3003520150,3428631
2279,550 Prospect Place Apartment,All Units Filled,Rental,BK,11238,550 Prospect Pl,BK0802,2021-07-20,2021-08-16,13,1,10,2,,,,,,,13,,,,,,,,40.67547,-73.958437,New Construction,308,3011630023,3428528
2156,555 Grand Street - Units Still Available,All Units Filled,Rental,BK,11211,555 GRAND STREET,BK0102,2021-04-27,2021-05-27,2,,,2,,,,,,,2,,,,,,,,40.711124,-73.949429,New Construction,301,3027790031,3069322
2372,555 Waverly Avenue Apartments Phase II - Units Still Available,All Units Filled,Rental,BK,11238,555 Waverly Ave,BK0204,2021-09-27,2021-10-27,13,5,7,1,,,,,,,13,,,,,,,,40.681854,-73.965593,New Construction,302,3020120001,3425692
2008,56 Ainslie Street Apartments,All Units Filled,Rental,BK,11211,56 AINSLIE STREET,BK0102,2021-04-20,2021-05-11,9,1,8,,,,,,5,,4,,5,2,50,5,,,40.712838,-73.952721,New Construction,301,3023740016,3062539
5243,56 East 21st Street Apartments,All Units Filled,Rental,BK,11226,56 East 21st Street,BK1401,2024-09-12,2024-10-17,6,,6,,,,,,,,6,,,,,,,,40.6532,-73.960555,New Construction,314,3050620059,3116150
2257,567 Ocean Parkway Apartments,All Units Filled,Rental,BK,11218,567 OCEAN PARKWAY,BK1203,2021-10-05,2021-10-27,11,2,8,1,,,,,,,11,,,,,,,,40.63467,-73.972448,New Construction,312,3054000074,3425052
1665,570 Nostrand Avenue,All Units Filled,Rental,BK,11216,570 NOSTRAND AVENUE,BK0301,2020-08-12,2020-09-02,8,2,2,4,,,,,,,8,,,,,,,,40.679235,-73.949634,New Construction,303,3018650062,3332258
3337,571 Ocean Parkway Apartments,All Units Filled,Rental,BK,11218,571 Ocean Pkwy,BK1203,2022-11-30,2022-12-22,9,,9,,,,,,,,9,,,,,,,,40.634605,-73.972434,New Construction,312,3054000072,3428970
3387,576 Lenox Road Apartments,All Units Filled,Rental,BK,11203,576 LENOX ROAD,BK1703,2023-01-09,2023-06-01,3,,1,2,,,,,,,3,,,,,,,,40.654815,-73.939031,New Construction,317,3048620004,3108299
2126,577 3rd Avenue Apartments,All Units Filled,Rental,BK,11215,577 3 AVENUE,BK0601,2021-04-09,2021-04-30,6,2,2,2,,,,,,,6,,,,,,,,40.667616,-73.994218,New Construction,307,3010460007,3023839
2229,58 Palmetto Street Apartments,All Units Filled,Rental,BK,11221,58 Palmetto St,BK0402,2021-06-30,2021-07-22,9,,6,3,,,,,,,9,,,,,,,,40.69079,-73.919605,New Construction,304,3033490011,3427253
3738,58 Vanderbilt Avenue aka 205 Park Avenue Apartments,All Units Filled,Rental,BK,11205,205 Park Ave,BK0203,2023-06-16,2023-08-15,23,9,10,4,,,,9,9,5,,,5,2,50,5,,,40.696148,-73.970901,New Construction,302,3020337503,3428621
3767,584 4th Avenue Apartments,All Units Filled,Rental,BK,11215,584 4 AVENUE,BK0601,2023-06-07,2023-08-01,14,1,10,3,,,,,,,14,,,,,,,,40.665827,-73.992513,New Construction,307,3010510039,3024085
1880,586 & 596 East 32nd Street Apartments,All Units Filled,Rental,BK,11210,596 E 32nd St,BK1702,2020-12-14,2021-01-06,3,,3,,,,,,,,3,,,,,,,,40.636563,-73.946142,New Construction,317,3049950002,3426560
1880,586 & 596 East 32nd Street Apartments,All Units Filled,Rental,BK,11210,586 E 32nd St,BK1702,2020-12-14,2021-01-06,3,,3,,,,,,,,3,,,,,,,,40.63664,-73.946153,New Construction,317,3049950001,3426559
4107,5920 Bay Parkway Apartments,All Units Filled,Rental,BK,11204,5920 Bay Pkwy,BK1204,2023-11-17,2023-12-11,14,3,4,7,,,,,2,3,9,,5,2,50,5,,,40.617124,-73.978035,New Construction,312,3055157502,3000000
2543,595 New York Avenue Apartments,All Units Filled,Rental,BK,11203,595 New York Ave,BK0902,2021-12-20,2022-01-12,5,,3,2,,,,,,,5,,,,,,,,40.659966,-73.94763,New Construction,309,3048020001,3106949
3614,596 Metropolitan Avenue Apartments,All Units Filled,Rental,BK,11211,596 METROPOLITAN AVENUE,BK0104,2023-05-19,2023-06-12,4,,4,,,,,,,,4,,,,,,,,40.714093,-73.94898,New Construction,301,3027620005,3322912
3169,597 Marcy Avenue Apartments,All Units Filled,Rental,BK,11206,597 Marcy Ave,BK0301,2022-09-30,2022-11-07,7,1,3,3,,,,,4,,3,,5,2,50,5,,,40.694529,-73.949027,New Construction,303,3017597501,3426256
4657,60 Cedar Street Apartments,All Units Filled,Rental,BK,11221,60 Cedar St,BK0401,2024-04-10,2024-06-10,42,10,11,21,,,,,,,42,,,,,,,,40.69721,-73.927329,New Construction,304,3032320005,3429267
1946,605 Hart Street Apartments,All Units Filled,Rental,BK,11221,605 HART STREET,BK0401,2021-01-22,2021-02-12,9,,8,1,,,,,9,,,,,,,,,,40.697964999999996,-73.927599,New Construction,304,3032177501,3421763
1946,605 Hart Street Apartments,All Units Filled,Rental,BK,11221,118 SUYDAM STREET,BK0401,2021-01-22,2021-02-12,8,,,8,,,,,1,,7,,,,,,,,40.698363,-73.928324,New Construction,304,3032177501,3421763
4518,61 Delmonico Place Apartments,All Units Filled,Rental,BK,11206,61 DELMONICO PLACE,BK0301,2024-02-09,2024-03-15,3,,3,,,,,,,,3,,,,,,,,40.698411,-73.945234,New Construction,303,3017320001,3428846
7222,61 Metropolitan Avenue,All Units Filled,Rental,BK,11249,61 METROPOLITAN AVENUE,BK0102,2025-09-22,2025-10-14,8,,8,,,,,,5,,3,,5,2,20,5,,,40.717294,-73.964309,New Construction,301,3023570029,3335731
2087,61 Schaefer Street Apartments - Units Still Available,All Units Filled,Rental,BK,11207,61 SCHAEFER STREET,BK0402,2021-04-02,2021-05-03,3,,3,,,,,,,,3,,,,,,,,40.686282,-73.911173,New Construction,304,3034210059,3079223
4925,62 Martense Street Apartments,All Units Filled,Rental,BK,11226,62 Martense St,BK1401,2024-08-20,2024-09-11,3,,2,1,,,,,,,3,,,,,,,,40.65131,-73.956909,New Construction,314,3050890131,3429414
2848,625 Driggs Avenue Apartments,All Units Filled,Rental,BK,11211,625 Driggs Ave,BK0102,2022-04-27,2022-05-18,6,2,2,2,,,,,4,,2,,2,5,50,5,,,40.715286,-73.958303,New Construction,301,3023537503,3427241
3467,627 Franklin Avenue Apartments,All Units Filled,Rental,BK,11238,627 Franklin Ave,BK0802,2023-01-26,2023-02-16,3,,,3,,,,,,,3,,,,,,,,40.677031,-73.95566,New Construction,308,3012110003,3429055
3147,63 Lewis Avenue,All Units Filled,Rental,BK,11206,63 Lewis Ave,BK0302,2022-09-06,2022-10-11,5,,5,,,,,,,,5,,,,,,,,40.69553,-73.937537,New Construction,303,3015890006,3429578
4182,630 Grand Street Apartments,All Units Filled,Rental,BK,11211,630 Grand St,BK0104,2023-11-01,2023-11-22,6,,6,,,,,,,,6,,,,,,,,40.711356,-73.946843,New Construction,301,3027870010,3000000
2323,633 Marcy Avenue - Units Still Available,All Units Filled,Rental,BK,11206,633 MARCY AVENUE,BK0301,2021-08-23,2021-10-01,6,,3,3,,,,,,,6,,,,,,,,40.692917,-73.948707,New Construction,303,3017710005,3425662
2610,64  Scholes Street Senior Housing,All Units Filled,Rental,BK,11206,64 Scholes St,BK0104,2022-04-21,2022-06-21,44,44,,,,,,,44,,,,5,2,50,5,,100,40.708378,-73.947584,New Construction,301,3030410009,3426365
3621,641 East 28th Street Apartments,All Units Filled,Rental,BK,11210,641 E 28th St,BK1401,2023-05-01,2023-05-22,12,1,8,3,,,,,6,,6,,5,2,50,5,,,40.635571,-73.94985,New Construction,314,3052510014,3121675
1934,648 Midwood Street Apartments,All Units Filled,Rental,BK,11203,648 MIDWOOD STREET,BK0902,2021-01-11,2021-02-02,3,,1,2,,,,,,,3,,,,,,,,40.660824,-73.939072,New Construction,309,3048050014,3107093
4861,649 Hart Street Apartments,All Units Filled,Rental,BK,11221,649 HART STREET,BK0401,2024-05-30,2024-06-20,12,2,6,4,,,,,,,12,,,,,,,,40.69853,-73.926668,New Construction,304,3032170034,3073106
5129,65 4th Avenue Apartments,All Units Filled,Rental,BK,11217,65 4th Ave,BK0602,2024-08-21,2024-09-19,9,,9,,,,,,,,9,,,,,,,,40.682242,-73.97977,New Construction,306,3009320007,3000000
2242,65 Graham Avenue Apartments - Units Still Available,All Units Filled,Rental,BK,11206,65 GRAHAM AVENUE,BK0104,2021-07-27,2021-08-26,3,,,3,,,,,,,3,,,,,,,,40.703869,-73.942643,New Construction,301,3030960025,3325956
2259,65 Woodbine Street Apartments - Units Still Available,All Units Filled,Rental,BK,11221,65 WOODBINE STREET,BK0402,2021-07-21,2021-10-08,3,,3,,,,,,,,3,,,,,,,,40.690625,-73.918628,New Construction,304,3033490045,3076576
2855,658 Driggs Avenue Apartments,All Units Filled,Rental,BK,11211,658 Driggs Ave,BK0102,2022-05-09,2022-05-31,6,1,2,3,,,,,3,,3,,2,5,50,5,,,40.714663,-73.959,New Construction,301,3023667501,3424751
1872,66 LINDEN STREET,All Units Filled,Rental,BK,11221,66 LINDEN STREET,BK0402,2020-11-27,2020-12-18,3,,3,,,,,,,,3,,,,,,,,40.691892,-73.92087,New Construction,304,3033310005,3076239
2477,668 Bushwick Avenue Apartments,All Units Filled,Rental,BK,11221,668 Bushwick Ave,BK0401,2021-11-26,2021-12-17,15,,11,4,,,,,,,15,,,,,,,,40.697218,-73.932111,New Construction,304,3031940024,3426440
5304,679 Marcy Avenue Apartments,All Units Filled,Rental,BK,11216,679 Marcy Ave,BK0301,2024-09-12,2024-10-11,3,,3,,,,,,,,3,,,,,,,,40.69115,-73.948355,New Construction,303,3017800002,3000000
3041,68 Gold Street Apartments,All Units Filled,Rental,BK,11201,68 Gold St,BK0202,2022-07-25,2022-08-31,18,3,6,9,,,,,,,18,,,,,,,,40.702864,-73.982764,New Construction,302,3000420024,3428900
4177,681 Dumont Avenue Apartments,All Units Filled,Rental,BK,11207,681 DUMONT AVENUE,BK0502,2023-11-17,2023-12-11,2,,,2,,,,,,,2,,,,,,,,40.666423,-73.893652,New Construction,305,3037890054,3401198
4340,689 Franklin Avenue Apartments,All Units Filled,Rental,BK,11238,689 Franklin Ave,BK0802,2023-12-14,2024-01-11,3,,2,1,,,,,,,3,,,,,,,,40.674915,-73.956422,New Construction,308,3012310014,3426347
7324,69 Hope Street Apartments,All Units Filled,Rental,BK,11211,69 HOPE STREET,BK0102,2025-11-17,2025-12-08,6,6,,,,,,,,,6,,,,,,,,40.713053,-73.955408,New Construction,301,3023690037,3426934
3151,6915 15th Avenue Apartments,All Units Filled,Rental,BK,11228,6915 15 AVENUE,BK1101,2023-05-15,2023-06-09,6,,4,,2,,,,,,6,,,,,,,,40.620826,-73.999701,New Construction,311,3061580001,3156583
7201,694 Rutland Road Apartments,All Units Filled,Rental,BK,11203,694 Rutland Rd,BK0902,2025-08-18,2025-09-18,3,,1,2,,,,,,,3,,,,,,,,40.660186,-73.93775,New Construction,309,3048130031,3000000
5533,70 Eckford Street aka 257 Driggs Avenue Apartments,All Units Filled,Rental,BK,11222,257 DRIGGS AVENUE,BK0101,2024-12-12,2025-01-03,6,1,1,4,,,,,,,6,,,,,,,,40.722662,-73.948013,New Construction,301,3026990009,3067546
2154,703 Hart Street - Units Still Available,All Units Filled,Rental,BK,11221,703 HART STREET,BK0401,2021-04-22,2021-05-24,4,,3,1,,,,,,,4,,,,,,,,40.699259,-73.925373,New Construction,304,3032180047,3421832
2866,720 Liberty Avenue Apartments,All Units Filled,Rental,BK,11208,720 LIBERTY AVENUE,BK0502,2022-05-26,2022-07-01,3,,,3,,,,,,,3,,,,,,,,40.676382,-73.883088,New Construction,305,3039870010,3088675
1837,722 Hinsdale Street Apartments,All Units Filled,Rental,BK,11207,722 Hinsdale St,BK0503,2020-11-10,2020-12-03,3,,1,2,,,,,,,3,,,,,,,,40.656816,-73.896836,New Construction,305,3038740040,3429119
2205,735 Fenimore Street Apartments,All Units Filled,Rental,BK,11203,735 Fenimore St,BK0902,2021-06-17,2021-07-09,2,,1,1,,,,,,,2,,,,,,,,40.659481,-73.93792,New Construction,309,3048130055,3426232
3119,737 Fenimore Street Apartments,All Units Filled,Rental,BK,11203,737 Fenimore St,BK0902,2022-08-04,2022-09-06,2,,2,,,,,,,,2,,,,,,,,40.659484,-73.937888,New Construction,309,3048130054,3428948
3771,74 North 1st Street Apartments,All Units Filled,Rental,BK,11249,74 NORTH 1 STREET,BK0102,2023-06-23,2023-07-14,17,1,16,,,,,,11,,6,,5,2,50,5,,,40.716484,-73.964172,New Construction,301,3023780021,3429536
5544,747 Bedford Avenue Apartments,All Units Filled,Rental,BK,11205,747 Bedford Ave,BK0301,2024-12-18,2025-01-10,7,,,7,,,,,,,7,,,,,,,,40.698136,-73.956839,New Construction,303,3017150021,3427462
3997,75 McGuinness Boulevard,All Units Filled,Rental,BK,11222,75 McGuinness Blvd,BK0101,2023-08-24,2023-09-18,7,,4,3,,,,,,,7,,,,,,,,40.725212,-73.948509,New Construction,301,3026490024,3000000
4361,763 Park Avenue Apartments,All Units Filled,Rental,BK,11206,763 PARK AVENUE,BK0301,2024-02-09,2024-03-18,3,,,3,,,,,,,3,,,,,,,,40.698136,-73.944805,New Construction,303,3017320136,3429283
1929,770 & 774 Lexington Avenue Apartments,All Units Filled,Rental,BK,11221,774 LEXINGTON AVENUE,BK0302,2021-02-04,2021-03-31,3,,1,2,,,,,,,3,,,,,,,,40.690252,-73.928495,New Construction,303,3016270036,3426468
2062,776 Franklin Avenue Apartments,All Units Filled,Rental,BK,11238,776 FRANKLIN AVENUE,BK0802,2021-03-05,2021-03-26,3,,,3,,,,,,,3,,,,,,,,40.671978,-73.957509,New Construction,308,3011787503,3029599
4463,779 Flatbush Avenue Apartments,All Units Filled,Rental,BK,11226,779 FLATBUSH AVENUE,BK1401,2024-03-06,2024-03-27,6,,6,,,,,,,,6,,,,,,,,40.653853,-73.959495,New Construction,314,3050640001,3328167
2941,781 Fountain Avenue Apartments,All Units Filled,Rental,BK,11208,781 FOUNTAIN AVENUE,BK0505,2022-05-20,2022-06-13,3,1,2,,,,,,,,3,,,,,,,,40.661208,-73.867753,New Construction,305,3045650074,3390867
1755,782 New York Avenue Apartments,All Units Filled,Rental,BK,11203,782 NEW YORK AVENUE,BK1701,2020-09-01,2020-09-23,12,,8,4,,,,,,,12,,,,,,,,40.654792,-73.94709,New Construction,317,3048370065,3426836
1776,79 Truxton Street Apartment,All Units Filled,Rental,BK,11233,79 TRUXTON STREET,BK1601,2021-08-19,2021-09-10,3,,3,,,,,,,,3,,,,,,,,40.678563,-73.906403,New Construction,316,3015430060,3423889
4366,80 Linden Boulevard Apartments,All Units Filled,Rental,BK,11226,80 Linden Blvd,BK1701,2024-01-17,2024-02-21,14,,8,6,,,,,,,14,,,,,,,,40.652336,-73.955452,New Construction,317,3050870008,3429835
2887,802 Howard Avenue Apartments,All Units Filled,Rental,BK,11212,802 HOWARD AVENUE,BK1704,2022-06-02,2022-07-25,3,,3,,,,,,,,3,,,,,,,,40.662203,-73.918584,New Construction,316,3035650042,3081797
2395,804 Jefferson Avenue Apartments Units Still Available,All Units Filled,Rental,BK,11221,804 JEFFERSON AVENUE,BK0302,2021-10-12,2021-11-15,1,,,1,,,,,,,1,,,,,,,,40.686139,-73.925138,New Construction,303,3016580024,3426246
3977,811 Lexington Avenue Senior Residences,All Units Filled,Rental,BK,11221,811 LEXINGTON AVENUE,BK0302,2023-09-08,2023-11-09,43,43,,,,,,43,,,,,5,2,,,,100,40.690269,-73.928498,New Construction,303,3016227502,3044163
3493,82 4th Avenue Apartments,All Units Filled,Rental,BK,11217,82 4th Ave,BK0601,2023-02-17,2023-05-15,9,,9,,,,,,,,9,,,,,,,,40.682028,-73.979936,New Construction,302,3003890041,3429634
5370,822 60th Street Apartments,All Units Filled,Rental,BK,11220,822 60 STREET,BK0703,2024-10-29,2024-11-20,4,,1,2,1,,,,,,4,,,,,,,,40.63508,-74.008888,New Construction,312,3057147504,3428742
2527,825 Dekalb Avenue Apartments,All Units Filled,Rental,BK,11221,825 Dekalb Ave,BK0301,2021-12-22,2022-02-22,12,,12,,,,,,,,12,,,,,,,,40.692286,-73.943493,New Construction,303,3017767504,3424850
1822,834 Pacific Street,All Units Filled,Rental,BK,11238,834 PACIFIC STREET,BK0801,2020-11-05,2021-01-08,34,18,13,2,1,,,,,,34,,,,,,,,40.680762,-73.966791,New Construction,308,3011300011,3428702
3617,85-87 Herkimer Street Apartments,All Units Filled,Rental,BK,11216,85 Herkimer St,BK0301,2023-04-24,2023-05-30,2,,1,1,,,,,,,2,,,,,,,,40.679705,-73.950726,New Construction,303,3018600066,3323684
3617,85-87 Herkimer Street Apartments,All Units Filled,Rental,BK,11216,87 Herkimer St,BK0301,2023-04-24,2023-05-30,2,,1,1,,,,,,,2,,,,,,,,40.679705,-73.950679,New Construction,303,3018600064,3323683
1874,855 Dekalb Avenue Apartment,All Units Filled,Rental,BK,11221,855 DEKALB AVENUE,BK0302,2020-12-04,2020-12-28,6,,,6,,,,,,,6,,,,,,,,40.692459,-73.942004,New Construction,303,3017770062,3425613
3744,865 Rogers Avenue Apartments,All Units Filled,Rental,BK,11226,865 Rogers Ave,BK1701,2023-05-25,2023-06-16,8,1,5,2,,,,,,,8,,,,,,,,40.649335,-73.952316,New Construction,317,3051080011,3429174
2585,874 Willoughby Avenue Apartments,All Units Filled,Rental,BK,11221,874 WILLOUGHBY AVENUE,BK0302,2022-02-15,2022-04-18,28,,18,10,,,,,19,,9,,5,2,50,2,,,40.695665,-73.93357,New Construction,303,3015930023,3423327
3321,875 4th Avenue Apartments,All Units Filled,Rental,BK,11232,875 4 AVENUE,BK0702,2022-12-22,2023-02-20,45,6,29,10,,,,,27,,18,,5,2,50,5,,,40.656237,-74.002408,New Construction,307,3006810001,3010094
2972,88 Linden Boulevard Apartments,All Units Filled,Rental,BK,11226,88 LINDEN BOULEVARD,BK1701,2022-06-15,2022-08-16,20,2,13,4,1,,,,,,20,,,,,,,,40.652347,-73.955229,New Construction,317,3050870014,3116743
4904,88 North 1st Street Apartments,All Units Filled,Rental,BK,11249,88 N 1st St,BK0102,2024-06-03,2024-07-01,14,11,3,,,,,,,,14,,,,,,,,40.716105,-73.963393,New Construction,301,3023790009,3000000
4356,88 Tompkins Avenue Apartments,All Units Filled,Rental,BK,11206,88 TOMPKINS AVENUE,BK0301,2023-12-29,2024-01-23,17,,6,11,,,,,13,,4,,5,2,50,5,,,40.696419,-73.946494,New Construction,303,3017470030,3048525
1795,881 Erskine Street aka Fountain Seaview B3 Apartments,All Units Filled,Rental,BK,11239,881 Erskine St,BK0504,2020-11-24,2021-01-27,114,22,49,21,22,,15,15,84,,,,5,5,50,5,,,40.657051,-73.868395,New Construction,305,3045860204,3424570
2822,881 LEXINGTON AVENUE APARTMENTS,All Units Filled,Rental,BK,11221,881 LEXINGTON AVENUE,BK0302,2022-05-06,2022-05-31,8,1,7,,,,,,,,8,,,,,,,,40.690591,-73.925707,New Construction,303,3016230057,3337964
1751,885 Rogers Plaza,All Units Filled,Rental,BK,11226,885 ROGERS AVENUE,BK1701,2020-12-04,2021-02-05,32,7,9,16,,,,,,,32,,,,,,,,40.648643,-73.952244,New Construction,317,3051117501,3117397
1961,898 Bushwick Avenue Apartments,All Units Filled,Rental,BK,11221,898 BUSHWICK AVENUE,BK0402,2021-01-19,2021-02-09,3,,1,2,,,,,,,3,,,,,,,,40.693396,-73.925116,New Construction,304,3032730038,3074662
4710,90 Liberty Avenue Apartments,All Units Filled,Rental,BK,11212,90 LIBERTY AVENUE,BK1602,2024-05-09,2024-05-30,3,,1,2,,,,,,,3,,,,,,,,40.672781,-73.90737,New Construction,316,3036920016,3425974
2760,90 SANDS APARTMENTS,All Units Filled,Rental,BK,11201,90 SANDS STREET,BK0202,2022-04-03,2022-07-01,185,98,87,,,,9,9,18,149,,,5,2,50,5,,,40.70007,-73.987219,New Construction,302,3000870009,3000179
1853,91 Franklin Avenue Apartments,All Units Filled,Rental,BK,11205,91 Franklin Ave,BK0301,2020-11-18,2020-12-10,3,,1,,2,,,,,,3,,,,,,,,40.69605,-73.958319,New Construction,303,3018990024,3425883
2759,912 Broadway Apartments,All Units Filled,Rental,BK,11206,912 Broadway,BK0302,2022-06-17,2022-08-18,25,,12,13,,,,,,,25,,,,,,,,40.697561,-73.936305,New Construction,303,3015847501,3398091
4065,912 Broadway Apartments - Unit Still Available,All Units Filled,Rental,BK,11206,912 BROADWAY,BK0302,2023-09-22,2023-10-23,4,,,4,,,,,,,4,,,,,,,,40.697561,-73.936305,New Construction,303,3015847501,3398091
4363,923 Broadway Apartments,All Units Filled,Rental,BK,11206,923 BROADWAY,BK0401,2023-12-07,2024-01-08,3,,,3,,,,,,,3,,,,,,,,40.697476,-73.936111,New Construction,304,3031500001,3071866
4906,93 Gerry Street Apartments,All Units Filled,Rental,BK,11206,93 Gerry St,BK0103,2024-06-03,2024-06-24,2,,,,2,,,,,,2,,,,,,,,40.70178,-73.946973,New Construction,301,3022660039,3000000
2252,933 Rogers Avenue Apartments,All Units Filled,Rental,BK,11226,933 ROGERS AVENUE,BK1701,2021-07-07,2021-07-28,10,2,2,6,,,,,,,10,,,,,,,,40.647479,-73.952119,New Construction,317,3051290041,3117824
2358,937 Rogers Avenue,All Units Filled,Rental,BK,11226,937 ROGERS AVENUE,BK1701,2021-10-20,2021-11-12,8,,2,6,,,,,,,8,,,,,,,,40.6474,-73.952112,New Construction,317,3051290040,3117823
2072,948 & 954 Herkimer Street Apartments,All Units Filled,Rental,BK,11233,948 Herkimer St,BK0302,2021-03-18,2021-04-08,2,,2,,,,,,,,2,,,,,,,,40.678133,-73.922173,New Construction,303,3017140016,3424924
2072,948 & 954 Herkimer Street Apartments,All Units Filled,Rental,BK,11233,954 HERKIMER STREET,BK0302,2021-03-18,2021-04-08,2,,2,,,,,,,,2,,,,,,,,40.678125,-73.921986,New Construction,303,3017140017,3048270
5264,951 Bedford Avenue Apartments,All Units Filled,Rental,BK,11205,951 Bedford Ave,BK0301,2024-09-09,2024-10-01,6,,,6,,,,,,,6,,,,,,,,40.691619,-73.955542,New Construction,303,3017620009,3000000
3216,961 Madison Street  Apartments - Units Still Available,All Units Filled,Rental,BK,11221,961 MADISON STREET,BK0402,2022-10-13,2022-11-15,2,,1,,1,,,,,,2,,,,,,,,40.688767,-73.91928,New Construction,304,3033570060,3342327
3476,963 Atlantic Avenue Apartments,All Units Filled,Rental,BK,11238,963 ATLANTIC AVENUE,BK0301,2023-03-31,2023-05-31,38,8,23,7,,,,,23,,15,,5,2,50,5,,,40.680263,-73.960337,New Construction,302,3020190080,3429692
3727,97 Varet Street Apartments,All Units Filled,Rental,BK,11206,97 Varet St,BK0104,2023-05-24,2023-06-15,3,,,3,,,,,,,3,,,,,,,,40.70316,-73.941504,New Construction,301,3031060031,3429676
1787,975 Liberty Avenue Apartments,All Units Filled,Rental,BK,11208,975 Liberty Ave,BK0505,2020-09-11,2020-10-02,13,,6,7,,,,5,5,,3,,5,2,50,5,,,40.677769,-73.873593,New Construction,305,3041570032,3428771
3086,"99, 101 & 103 Grove Street",All Units Filled,Rental,BK,11221,103 Grove St,BK0402,2022-09-13,2022-10-21,3,,3,,,,,,,,3,,,,,,,,40.693459,-73.920525,New Construction,304,3033140075,3425722
3086,"99, 101 & 103 Grove Street",All Units Filled,Rental,BK,11221,101 Grove St,BK0402,2022-09-13,2022-10-21,3,,3,,,,,,,,3,,,,,,,,40.693423,-73.920558,New Construction,304,3033140078,3428721
3086,"99, 101 & 103 Grove Street",All Units Filled,Rental,BK,11221,99 Grove St,BK0402,2022-09-13,2022-10-21,3,,3,,,,,,,,3,,,,,,,,40.693385,-73.920594,New Construction,304,3033140080,3428720
3793,ATLANTIC CHESTNUT PHASE I,All Units Filled,Rental,BK,11208,250 EUCLID AVENUE,BK0501,2023-06-18,2023-08-16,341,34,142,114,51,,40,101,200,,,,5,2,50,5,,,40.68235,-73.873927,New Construction,305,3041437501,3428606
4181,Amnia AKA 131 Concord Street,All Units Filled,Rental,BK,11201,127-131 Concord St,BK0202,2023-11-24,2024-01-22,22,4,7,11,,,,,,,22,,,,,,,,40.697666,-73.986282,New Construction,302,3001070048,3000000
4269,Arris Grand,All Units Filled,Rental,BK,11238,445 Grand Ave,BK0301,2023-11-28,2024-02-05,34,1,25,8,,,,,20,,14,,5,2,50,5,,,40.682179,-73.961558,New Construction,302,3020157501,3429717
1851,BPHN Senior Residences 1488 New York Avenue,All Units Filled,Rental,BK,11210,1488 NEW YORK AVENUE,BK1702,2020-11-25,2021-02-05,58,58,,,,,,58,,,,,5,2,,,,100,40.636835,-73.945176,New Construction,317,3049967501,3336201
2486,BROOKLYN CROSSING 18th SIXTH AVENUE APARTMENTS,All Units Filled,Rental,BK,11217,18 6th Ave,BK0602,2022-01-10,2022-03-14,258,79,134,45,,,,,,,258,,,,,,,,40.68251,-73.973885,New Construction,302,3011187502,3426300
2357,Bushwick and Evergreen - Waiting List,All Units Filled,Rental,BK,11221,889 BUSHWICK AVENUE,BK0402,2021-09-29,2021-10-29,6,,6,,,,,,,,6,,,,,,,,40.693525,-73.925314,New Construction,304,3032740101,3400817
2357,Bushwick and Evergreen - Waiting List,All Units Filled,Rental,BK,11221,340 EVERGREEN AVENUE,BK0402,2021-09-29,2021-10-29,61,16,11,34,,,,,,,61,,,,,,,,40.694752,-73.924833,New Construction,304,3032740002,3400818
2241,CATON FLATS,All Units Filled,Rental,BK,11226,800 FLATBUSH AVENUE,BK1401,2021-06-25,2021-08-25,254,64,97,53,40,,,27,37,63,127,,5,2,50,5,,,40.653312,-73.959413,New Construction,314,3050637501,3397264
2671,CHESTNUT COMMONS APARTMENTS,All Units Filled,Rental,BK,11208,110 Dinsmore Pl,BK0501,2022-02-01,2022-04-02,219,22,62,87,48,,49,115,55,,,,5,2,50,5,,,40.681427,-73.875399,New Construction,305,3041427501,3426244
4175,CONEY ISLAND PHASE 2,All Units Filled,Rental,BK,11224,2938 WEST 16 STREET,BK1302,2023-11-06,2024-01-05,299,73,79,124,23,,37,94,129,39,,,5,2,50,5,,,40.576181,-73.983599,New Construction,313,3070627501,3329341
2204,CONEY ISLAND PHASE I,All Units Filled,Rental,BK,11224,2943 W 20th St,BK1302,2021-06-16,2021-08-16,209,49,71,53,36,,26,30,106,38,9,,5,2,50,5,,,40.57572,-73.986753,New Construction,313,3070607501,3426189
2204,CONEY ISLAND PHASE I,All Units Filled,Rental,BK,11224,2926 WEST 19 STREET,BK1302,2021-06-16,2021-08-16,191,53,86,51,1,,19,59,71,29,13,,5,2,50,5,,,40.576052,-73.985756,New Construction,313,3070607501,3426189
5386,Comunilife Woodhull II,All Units Filled,Rental,BK,11206,171 Throop Ave,BK0302,2025-01-06,2025-01-28,19,11,8,,,,8,,11,,,,5,2,20,5,,,40.698685,-73.944029,New Construction,303,3017230003,3000000
4470,Dean Street - Small Homes Rehab NYCHA,All Units Filled,Owner,BK,11216,1214 DEAN STREET,BK0802,2024-02-09,2024-03-20,1,,,,,1,,,,1,,,,,,,,,40.676814,-73.948904,New Construction,308,3012130016,3030361
1965,Debevoise Senior Housing,All Units Filled,Rental,BK,11206,40 DEBEVOISE STREET,BK0104,2021-03-19,2021-05-25,44,26,18,,,,,44,,,,,,,,,,100,40.701719,-73.941311,New Construction,301,3031277501,3395434
2127,EBENEZER PLAZA PHASE 1 NORTH,All Units Filled,Rental,BK,11212,96 NEW LOTS AVENUE,BK1602,2021-04-09,2021-06-08,106,11,51,19,25,,18,24,64,,,,5,2,50,5,,,40.657993,-73.901703,New Construction,316,3038627501,3327047
3314,East New York Cluster Apartments,All Units Filled,Rental,BK,11207,581 Belmont Ave,BK0502,2022-10-25,2022-11-25,12,,8,4,,,2,4,6,,,,5,2,50,5,,,40.671759,-73.887944,New Construction,305,3040120032,3428581
3314,East New York Cluster Apartments,All Units Filled,Rental,BK,11207,221 Vermont St,BK0502,2022-10-25,2022-11-25,9,,4,5,,,,1,8,,,,5,2,50,5,,,40.674309,-73.894494,New Construction,305,3037060012,3428580
3314,East New York Cluster Apartments,All Units Filled,Rental,BK,11208,190 Essex St,BK0501,2022-10-25,2022-11-25,15,,9,6,,,4,2,9,,,,5,2,50,5,,,40.679859,-73.882732,New Construction,305,3039560059,3428583
4438,Euclid Glenmore Apartments,All Units Filled,Rental,BK,11208,437 Euclid Ave,BK0505,2024-02-15,2024-04-16,53,,14,32,7,,7,33,13,,,,5,2,50,5,,27,40.676444,-73.87216,New Construction,305,3042147501,3428526
2685,Evergreen Gardens - Waiting List,All Units Filled,Rental,BK,11206,123 MELROSE STREET,BK0401,2022-03-28,2022-04-27,94,37,37,20,,,,,94,,,,,,,,,,40.699546,-73.933007,New Construction,304,3031520048,3426367
2685,Evergreen Gardens - Waiting List,All Units Filled,Rental,BK,11206,54 NOLL STREET,BK0401,2022-03-28,2022-04-27,89,19,52,18,,,,,89,,,,,,,,,,40.700554,-73.934214,New Construction,304,3031520001,3418158
2297,FAC Sunset Park- 372 51st Street,All Units Filled,Rental,BK,11220,372 51 STREET,BK0702,2021-11-09,2022-01-13,40,9,11,10,10,,,18,22,,,,5,2,50,2,,,40.6463,-74.013823,New Construction,307,3007987501,3013507
1775,Glassworks Apartments - Units Still Available,All Units Filled,Rental,BK,11237,336 HIMROD STREET,BK0401,2020-09-21,2020-10-12,3,1,1,1,,,,,,,3,,,,,,,,40.702314,-73.917665,New Construction,304,3032807503,3326367
2444,Glassworks Waiting List,All Units Filled,Rental,BK,11237,336 Himrod St,BK0401,2021-12-23,2022-01-24,19,3,6,10,,,,,,,19,,,,,,,,40.702314,-73.917665,New Construction,304,3032807503,3326367
3741,H1H2 APARTMENTS,All Units Filled,Rental,BK,11222,35 Commercial St,BK0101,2023-05-31,2023-07-31,316,79,79,158,,,66,68,111,71,,,5,2,50,5,,,40.736593,-73.957951,New Construction,301,3024727504,3428687
4325,HANSON PLACE COMMUNITY PLAZA,All Units Filled,Rental,BK,11217,142 S Portland Ave,BK0203,2023-12-14,2024-02-14,87,14,47,17,9,,,25,19,,43,,5,2,50,5,,,40.684941,-73.974173,Preservation,302,3020030037,3427387
3863,HELP ONE BUILDING A,All Units Filled,Rental,BK,11207,273 Snediker Ave,BK0502,2023-07-12,2023-09-11,72,39,28,5,,,,18,54,,,,5,2,50,5,,,40.668282,-73.900704,New Construction,305,3037667501,3429179
1681,Harry T. Nance Apartments,All Units Filled,Rental,BK,11233,1860 EASTERN PARKWAY,BK1601,2021-03-04,2021-05-03,55,15,21,12,7,,6,15,34,,,,5,2,50,5,,,40.675822,-73.908126,New Construction,316,3014367501,3337899
3157,LINDEN TERRACE II,All Units Filled,Rental,BK,11208,573 Emerald St,BK0505,2022-09-14,2022-11-14,128,8,69,38,13,,14,36,78,,,,5,2,50,5,,,40.668754,-73.858798,New Construction,305,3044960015,3425087
5727,Longview,All Units Filled,Rental,BK,11215,380 4th Ave,BK0601,2025-02-25,2025-04-28,50,,35,15,,,,20,20,10,,,5,2,20,5,,,40.67268,-73.986791,New Construction,306,3009800077,3000000
1826,NEHEMIAH SPRING CREEK 4B-2,All Units Filled,Rental,BK,11239,129 Gateway Dr,BK0504,2020-10-28,2020-12-31,6,,,6,,,,3,3,,,,5,2,50,5,,37,40.652864,-73.877042,Preservation,305,3044520155,3421884
1826,NEHEMIAH SPRING CREEK 4B-2,All Units Filled,Rental,BK,11239,1123 Ashford St,BK0504,2020-10-28,2020-12-31,6,1,1,4,,,,1,5,,,,5,2,50,5,,37,40.654354,-73.874747,Preservation,305,3044520464,3421919
1826,NEHEMIAH SPRING CREEK 4B-2,All Units Filled,Rental,BK,11239,1111 Ashford St,BK0504,2020-10-28,2020-12-31,6,,1,5,,,,3,3,,,,5,2,50,5,,37,40.654766,-73.875056,New Construction,305,3044520440,3421909
1826,NEHEMIAH SPRING CREEK 4B-2,All Units Filled,Rental,BK,11239,1117 Ashford St,BK0504,2020-10-28,2020-12-31,8,,1,7,,,,,,8,,,5,2,50,5,,37,40.654560000000004,-73.874902,New Construction,305,3044520467,3421922
1826,NEHEMIAH SPRING CREEK 4B-2,All Units Filled,Rental,BK,11239,516 Schroeders Ave,BK0504,2020-10-28,2020-12-31,79,,79,,,,60,19,,,,,5,2,50,5,,37,40.654753,-73.87324,New Construction,305,3044520423,3421908
1826,NEHEMIAH SPRING CREEK 4B-2,All Units Filled,Rental,BK,11239,401 SCHROEDERS AVENUE,BK0504,2020-10-28,2020-12-31,6,,1,5,,,,3,3,,,,5,2,50,5,,37,40.653215,-73.876886,New Construction,305,3044520224,3421891
1826,NEHEMIAH SPRING CREEK 4B-2,All Units Filled,Rental,BK,11239,498 Schroeders Ave,BK0504,2020-10-28,2020-12-31,8,,1,7,,,,,,8,,,5,2,50,5,,37,40.654559,-73.873702,New Construction,305,3044520417,3421904
1826,NEHEMIAH SPRING CREEK 4B-2,All Units Filled,Rental,BK,11239,502 Schroeders Ave,BK0504,2020-10-28,2020-12-31,6,,1,5,,,,3,3,,,,5,2,50,5,,37,40.6546,-73.873601,New Construction,305,3044520419,3421906
1826,NEHEMIAH SPRING CREEK 4B-2,All Units Filled,Rental,BK,11239,392 Schroeders Ave,BK0504,2020-10-28,2020-12-31,7,,,1,6,,,3,4,,,,5,2,50,5,,37,40.653182,-73.876919,Preservation,305,3044520157,3421886
1826,NEHEMIAH SPRING CREEK 4B-2,All Units Filled,Rental,BK,11239,1115 Ashford St,BK0504,2020-10-28,2020-12-31,6,,1,5,,,,2,4,,,,5,2,50,5,,37,40.654629,-73.874952,New Construction,305,3044520468,3421923
1826,NEHEMIAH SPRING CREEK 4B-2,All Units Filled,Rental,BK,11239,504 Schroeders Ave,BK0504,2020-10-28,2020-12-31,8,,,1,7,,,,,8,,,5,2,50,5,,37,40.654622,-73.873546,New Construction,305,3044520420,3421907
1826,NEHEMIAH SPRING CREEK 4B-2,All Units Filled,Rental,BK,11239,127 Gateway Dr,BK0504,2020-10-28,2020-12-31,8,,1,7,,,,,,8,,,5,2,50,5,,37,40.652877,-73.877056,Preservation,305,3044520156,3421885
1826,NEHEMIAH SPRING CREEK 4B-2,All Units Filled,Rental,BK,11239,1121 Ashford St,BK0504,2020-10-28,2020-12-31,5,,,5,,,,2,3,,,,5,2,50,5,,37,40.654423,-73.874797,New Construction,305,3044520465,3421920
1826,NEHEMIAH SPRING CREEK 4B-2,All Units Filled,Rental,BK,11239,400 Schroeders Ave,BK0504,2020-10-28,2020-12-31,8,1,1,6,,,,,,8,,,5,2,50,5,,37,40.653245,-73.876778,Preservation,305,3044520160,3421889
1826,NEHEMIAH SPRING CREEK 4B-2,All Units Filled,Rental,BK,11239,398 Schroeders Ave,BK0504,2020-10-28,2020-12-31,5,,,5,,,,3,2,,,,5,2,50,5,,37,40.653228,-73.876814,Preservation,305,3044520159,3421888
1826,NEHEMIAH SPRING CREEK 4B-2,All Units Filled,Rental,BK,11239,389 Schroeders Ave,BK0504,2020-10-28,2020-12-31,8,1,1,6,,,,,,8,,,5,2,50,5,,37,40.653105,-73.877135,Preservation,305,3044520225,3421892
1826,NEHEMIAH SPRING CREEK 4B-2,All Units Filled,Rental,BK,11239,1113 Ashford St,BK0504,2020-10-28,2020-12-31,8,,1,7,,,,,,8,,,5,2,50,5,,37,40.654698,-73.875006,New Construction,305,3044520469,3421924
1826,NEHEMIAH SPRING CREEK 4B-2,All Units Filled,Rental,BK,11239,1119 Ashford St,BK0504,2020-10-28,2020-12-31,8,,1,7,,,,,,8,,,5,2,50,5,,37,40.654492,-73.874851,New Construction,305,3044520466,3421921
1826,NEHEMIAH SPRING CREEK 4B-2,All Units Filled,Rental,BK,11239,402 Schroeders Ave,BK0504,2020-10-28,2020-12-31,6,,1,5,,,,2,4,,,,5,2,50,5,,37,40.653258,-73.876746,Preservation,305,3044520161,3421890
1826,NEHEMIAH SPRING CREEK 4B-2,All Units Filled,Rental,BK,11239,396 Schroeders Ave,BK0504,2020-10-28,2020-12-31,6,,1,5,,,,1,5,,,,5,2,50,5,,37,40.653215,-73.876847,Preservation,305,3044520158,3421887
1826,NEHEMIAH SPRING CREEK 4B-2,All Units Filled,Rental,BK,11239,500 Schroeders Ave,BK0504,2020-10-28,2020-12-31,6,,,6,,,,3,3,,,,5,2,50,5,,37,40.654581,-73.873651,Preservation,305,3044520418,3421905
4654,NEHEMIAH SPRING CREEK PHASE 4C,All Units Filled,Rental,BK,11239,435 Vandalia Avenue,BK0504,2024-03-28,2024-05-28,7,,1,6,,,,,7,,,,5,2,50,5,,,40.654559,-73.876304,Preservation,305,3044520112,3426788
4654,NEHEMIAH SPRING CREEK PHASE 4C,All Units Filled,Rental,BK,11239,465 Vandalia Avenue,BK0504,2024-03-28,2024-05-28,8,,,1,7,,,,8,,,,5,2,50,5,,,40.654857,-73.875308,Preservation,305,3044520121,3426796
4654,NEHEMIAH SPRING CREEK PHASE 4C,All Units Filled,Rental,BK,11239,451 Vandalia Avenue,BK0504,2024-03-28,2024-05-28,5,1,1,3,,,3,2,,,,,5,2,50,5,,,40.654679,-73.87573,Preservation,305,3044520115,3426791
4654,NEHEMIAH SPRING CREEK PHASE 4C,All Units Filled,Rental,BK,11239,455 Vandalia Avenue,BK0504,2024-03-28,2024-05-28,8,,1,7,,,,,8,,,,5,2,50,5,,,40.654723,-73.875604,Preservation,305,3044520116,3426792
4654,NEHEMIAH SPRING CREEK PHASE 4C,All Units Filled,Rental,BK,11239,406 Vandalia Avenue,BK0504,2024-03-28,2024-05-28,8,1,1,6,,,,,8,,,,5,2,50,5,,,40.654560000000004,-73.877097,Preservation,305,3044520204,3000000
4654,NEHEMIAH SPRING CREEK PHASE 4C,All Units Filled,Rental,BK,11239,408 Vandalia Avenue,BK0504,2024-03-28,2024-05-28,5,1,1,3,,,2,3,,,,,5,2,50,5,,,40.654546,-73.876992,Preservation,305,3044520205,3426064
4654,NEHEMIAH SPRING CREEK PHASE 4C,All Units Filled,Rental,BK,11239,416 Vandalia Avenue,BK0504,2024-03-28,2024-05-28,5,,1,4,,,1,4,,,,,5,2,50,5,,,40.654529,-73.87652,Preservation,305,3044520250,3000000
4654,NEHEMIAH SPRING CREEK PHASE 4C,All Units Filled,Rental,BK,11239,412 Vandalia Avenue,BK0504,2024-03-28,2024-05-28,6,,,6,,,2,4,,,,,5,2,50,5,,,40.654532,-73.876776,Preservation,305,3044520207,3000000
4654,NEHEMIAH SPRING CREEK PHASE 4C,All Units Filled,Rental,BK,11239,441 Vandalia Avenue,BK0504,2024-03-28,2024-05-28,8,1,1,6,,,,,8,,,,5,2,50,5,,,40.654575,-73.876195,Preservation,305,3044520114,3426790
4654,NEHEMIAH SPRING CREEK PHASE 4C,All Units Filled,Rental,BK,11239,414 Vandalia Avenue,BK0504,2024-03-28,2024-05-28,8,1,1,6,,,,,8,,,,5,2,50,5,,,40.654526,-73.876642,Preservation,305,3044520249,3000000
4654,NEHEMIAH SPRING CREEK PHASE 4C,All Units Filled,Rental,BK,11239,457 Vandalia Avenue,BK0504,2024-03-28,2024-05-28,6,,1,5,,,3,3,,,,,5,2,50,5,,,40.654748,-73.875543,Preservation,305,3044520117,3426793
4654,NEHEMIAH SPRING CREEK PHASE 4C,All Units Filled,Rental,BK,11239,91 Gateway Drive,BK0504,2024-03-28,2024-05-28,8,,1,7,,,,,8,,,,5,2,50,5,,,40.653899,-73.877757,Preservation,305,3044520228,3426067
4654,NEHEMIAH SPRING CREEK PHASE 4C,All Units Filled,Rental,BK,11239,71 Gateway Drive,BK0504,2024-03-28,2024-05-28,8,,,1,7,,,,8,,,,5,2,50,5,,,40.654333,-73.877782,Preservation,305,3044520237,3430034
4654,NEHEMIAH SPRING CREEK PHASE 4C,All Units Filled,Rental,BK,11239,79 Gateway Drive,BK0504,2024-03-28,2024-05-28,8,,1,7,,,,8,,,,,5,2,50,5,,,40.65416,-73.877789,Preservation,305,3044520234,3426074
4654,NEHEMIAH SPRING CREEK PHASE 4C,All Units Filled,Rental,BK,11239,89 Gateway Drive,BK0504,2024-03-28,2024-05-28,5,,,5,,,,5,,,,,5,2,50,5,,,40.653943,-73.877768,Preservation,305,3044520229,3426068
4654,NEHEMIAH SPRING CREEK PHASE 4C,All Units Filled,Rental,BK,11239,85 Gateway Drive,BK0504,2024-03-28,2024-05-28,5,,1,4,,,1,4,,,,,5,2,50,5,,,40.654028,-73.877779,Preservation,305,3044520231,3426078
4654,NEHEMIAH SPRING CREEK PHASE 4C,All Units Filled,Rental,BK,11239,93 Gateway Drive,BK0504,2024-03-28,2024-05-28,5,,,5,,,3,2,,,,,5,2,50,5,,,40.653858,-73.877747,Preservation,305,3044520227,3426065
4654,NEHEMIAH SPRING CREEK PHASE 4C,All Units Filled,Rental,BK,11239,87 Gateway Drive,BK0504,2024-03-28,2024-05-28,8,1,1,6,,,,,8,,,,5,2,50,5,,,40.653987,-73.877775,Preservation,305,3044520230,3426076
4654,NEHEMIAH SPRING CREEK PHASE 4C,All Units Filled,Rental,BK,11239,83 Gateway Drive,BK0504,2024-03-28,2024-05-28,8,,1,7,,,,,8,,,,5,2,50,5,,,40.654072,-73.877782,Preservation,305,3044520232,3426079
4654,NEHEMIAH SPRING CREEK PHASE 4C,All Units Filled,Rental,BK,11239,410 Vandalia Avenue,BK0504,2024-03-28,2024-05-28,8,,1,7,,,,,8,,,,5,2,50,5,,,40.654538,-73.876884,Preservation,305,3044520206,3000000
4654,NEHEMIAH SPRING CREEK PHASE 4C,All Units Filled,Rental,BK,11239,422 Vandalia Avenue,BK0504,2024-03-28,2024-05-28,8,,,1,7,,5,3,,,,,5,2,50,5,,,40.654564,-73.876152,Preservation,305,3044520252,3000000
4654,NEHEMIAH SPRING CREEK PHASE 4C,All Units Filled,Rental,BK,11239,459 Vandalia Avenue,BK0504,2024-03-28,2024-05-28,8,1,1,6,,,,,8,,,,5,2,50,5,,,40.654772,-73.875482,Preservation,305,3044520118,3426794
4654,NEHEMIAH SPRING CREEK PHASE 4C,All Units Filled,Rental,BK,11239,81 Gateway Drive,BK0504,2024-03-28,2024-05-28,6,,1,5,,,3,3,,,,,5,2,50,5,,,40.654116,-73.877786,Preservation,305,3044520233,3426075
4654,NEHEMIAH SPRING CREEK PHASE 4C,All Units Filled,Rental,BK,11239,95 Gateway Drive,BK0504,2024-03-28,2024-05-28,8,,1,7,,,,,8,,,,5,2,50,5,,,40.653814,-73.877736,Preservation,305,3044520226,3426066
4654,NEHEMIAH SPRING CREEK PHASE 4C,All Units Filled,Rental,BK,11239,437 Vandalia Avenue,BK0504,2024-03-28,2024-05-28,4,,,4,,,,4,,,,,5,2,50,5,,,40.654564,-73.876268,Preservation,305,3044520113,3426789
4654,NEHEMIAH SPRING CREEK PHASE 4C,All Units Filled,Rental,BK,11239,418 Vandalia Avenue,BK0504,2024-03-28,2024-05-28,8,,1,7,,,,,8,,,,5,2,50,5,,,40.654534,-73.876397,Preservation,305,3044520251,3000000
4654,NEHEMIAH SPRING CREEK PHASE 4C,All Units Filled,Rental,BK,11239,461 Vandalia Avenue,BK0504,2024-03-28,2024-05-28,4,,,4,,,1,3,,,,,5,2,50,5,,,40.6548,-73.875424,Preservation,305,3044520119,3426795
4654,NEHEMIAH SPRING CREEK PHASE 4C,All Units Filled,Rental,BK,11239,77 Gateway Drive,BK0504,2024-03-28,2024-05-28,4,,,4,,,2,2,,,,,5,2,50,5,,,40.654204,-73.877789,Preservation,305,3044520236,3426077
2655,One Bell Slip Apartments,All Units Filled,Rental,BK,11222,1 Bell Slip,BK0101,2022-02-17,2022-04-19,125,70,32,23,,,,,42,,83,,5,2,50,5,,,40.73672,-73.958597,New Construction,301,3024720200,3426466
1723,One Blue Slip,All Units Filled,Rental,BK,11222,1 Blue Slip,BK0101,2020-08-18,2020-10-19,101,29,48,22,2,,,,,,101,,,,,,,,40.736165,-73.959012,New Construction,301,3024727503,3418101
2865,One Blue Slip - Units Still Available,All Units Filled,Rental,BK,11222,1 Blue Slip,BK0101,2022-05-04,2022-06-22,33,17,13,3,,,,,,,33,,,,,,,,40.736165,-73.959012,New Construction,301,3024727503,3418101
3558,Pacific Park Apartments,All Units Filled,Rental,BK,11238,595 DEAN STREET,BK0801,2023-05-01,2023-08-15,240,99,93,48,,,,,,,240,,,,,,,,40.680653,-73.970133,New Construction,308,3011297503,3428601
3428,Parish House,All Units Filled,Rental,BK,11205,230 Classon Ave,BK0204,2023-02-27,2023-04-28,42,,36,6,,,,,,,42,,,,,,,,40.692769,-73.960824,New Construction,302,3019090047,3000000
2392,Plank Road Apartments,All Units Filled,Rental,BK,11217,662 Pacific St,BK0801,2021-11-15,2022-01-18,94,24,48,22,,,,,,,94,,,,,,,,40.682164,-73.973492,New Construction,308,3011287505,3428828
2391,Raven Hall,All Units Filled,Rental,BK,11224,2006 SURF AVENUE,BK1302,2021-10-19,2021-12-20,138,39,65,15,19,,,22,94,22,,,5,2,50,5,,,40.57482,-73.986829,New Construction,313,3070727501,3424222
2577,Rose Castle,All Units Filled,Rental,BK,11205,33 Little Nassau St,BK0301,2021-12-21,2022-02-17,59,,20,39,,,6,,7,14,32,,5,2,50,5,,,40.697914,-73.95953,New Construction,303,3018840040,3054203
1805,Sea Breeze Tower,All Units Filled,Rental,BK,11224,271 SEA BREEZE AVENUE,BK1302,2020-09-29,2020-12-02,34,7,12,11,4,,,,,,34,,,,,,,,40.575929,-73.971926,New Construction,313,,
2874,Sea Breeze Tower - Units Still Available,All Units Filled,Rental,BK,11224,271 SEA BREEZE AVENUE,BK1302,2022-05-11,2022-06-13,6,2,4,,,,,,,,6,,,,,,,,40.575929,-73.971926,New Construction,313,,
3560,Simba Simbi Seniors,All Units Filled,Rental,BK,11212,381 Chester St,BK1602,2023-03-27,2023-05-26,108,52,56,,,,,108,,,,,5,2,,,,100,40.662111,-73.909767,New Construction,316,3035890021,3428736
6867,Society Brooklyn at DeGraw,All Units Filled,Rental,BK,11217,500 Degraw St,BK0601,2025-03-27,2025-05-27,88,10,54,24,,,,35,35,18,,,5,2,20,5,,,40.680967,-73.98807,New Construction,306,3004240001,3000000
3335,Sunset Ridge Senior Apartments,All Units Filled,Rental,BK,11220,6309 4th Ave,BK0703,2023-01-16,2023-03-17,57,36,21,,,,,57,,,,,15,8,,,,100,40.639017,-74.020307,New Construction,307,3058097501,3429067
3525,THE ATRIUM AT SUMNER SENIOR HOUSING,All Units Filled,Rental,BK,11206,57 Marcus Garvey Blvd,BK0302,2023-04-02,2023-06-01,118,98,20,,,,,118,,,,,5,2,,,33,100,40.697473,-73.940921,Preservation,303,3015800010,3428961
4921,THROOP CORNERS,All Units Filled,Rental,BK,11206,88 Throop Ave,BK0103,2024-06-21,2024-08-20,125,25,56,12,17,15,14,28,83,,,,5,2,50,5,,,40.702032,-73.946078,New Construction,301,3022690025,3000000
1988,The Astra,All Units Filled,Rental,BK,11221,645 Gates Ave,BK0302,2021-02-11,2021-04-12,89,14,41,22,12,,,18,,27,44,,5,2,50,5,,,40.687345,-73.940865,New Construction,303,3018110070,3429039
4465,The Axel aka 550 Clinton Avenue,All Units Filled,Rental,BK,11238,550 CLINTON AVENUE,BK0204,2024-01-11,2024-02-05,6,2,2,2,,,,,4,,2,,5,2,50,5,,,40.682036,-73.966617,New Construction,302,3020107504,3000000
2139,The Cascade G,All Units Filled,Rental,BK,11206,869 Myrtle Ave,BK0301,2021-05-28,2021-07-29,44,3,7,22,12,,,,44,,,,5,2,50,5,,,40.695549,-73.947786,New Construction,303,3017470054,3426037
1739,The Crown,All Units Filled,Rental,BK,11235,524 Ocean View Ave,BK1303,2020-09-15,2020-10-06,9,,5,4,,,,,,,9,,,,,,,,40.579489,-73.96255,New Construction,313,3086750076,3421742
2580,The Crown - Units Still Available,All Units Filled,Rental,BK,11235,524 Ocean View Ave,BK1303,2021-12-20,2022-01-31,8,,5,3,,,,,,,8,,,,,,,,40.579489,-73.96255,New Construction,313,3086750076,3421742
3004,The Deermar,All Units Filled,Rental,BK,11215,262 9 STREET,BK0602,2022-07-07,2022-09-08,22,5,10,7,,,,,,,22,,,,,,,,40.670062,-73.988133,New Construction,306,3010100010,3330874
2811,The Dime-Units Still Available,All Units Filled,Rental,BK,11211,251 S 5th St,BK0102,2022-05-11,2022-06-03,17,5,12,,,,,,,,17,,,,,,,,40.709489,-73.95865,New Construction,301,3024477501,3000000
2614,The Ensemble - Waiting List,All Units Filled,Rental,BK,11203,824 EAST NEW YORK AVENUE,BK0902,2022-03-25,2022-04-25,28,6,19,3,,,,,,,28,,,,,,,,40.662499,-73.935567,New Construction,309,3048060077,3107130
2029,The Garnet,All Units Filled,Rental,BK,11213,1620 Fulton St,BK0302,2021-02-08,2021-04-09,94,24,42,28,,,,21,,23,50,,5,2,50,5,,,40.679648,-73.936048,New Construction,303,3016990033,3426584
3860,The Grand Pacific Apartments,All Units Filled,Rental,BK,11238,985 Pacific St,BK0802,2023-08-14,2023-09-05,18,3,9,6,,,,7,7,,4,,5,2,50,5,,,40.679566,-73.960979,New Construction,308,3011257501,3000000
4485,The Gregory,All Units Filled,Rental,BK,11213,991 ST JOHNS PLACE,BK0802,2024-01-31,2024-02-22,12,3,3,4,2,,,,,,12,,,,,,,,40.671392,-73.945634,New Construction,308,3012490138,3332427
2388,The Lois - Units Still Available,All Units Filled,Rental,BK,11226,350 CLARKSON AVENUE,BK1701,2021-11-08,2021-12-20,52,15,23,12,2,,,,,,52,,,,,,,,40.655517,-73.94835,New Construction,317,3048370027,3426069
4756,The MC aka 1100 Myrtle Avenue Apartments,All Units Filled,Rental,BK,11206,1100 MYRTLE AVENUE,BK0302,2024-05-23,2024-07-23,70,8,53,9,,,,,38,,32,,5,2,20,5,,,40.696809,-73.936674,New Construction,303,3015867501,3427349
3709,The Paxton Apartments,All Units Filled,Rental,BK,11201,540 FULTON STREET,BK0202,2023-05-12,2023-07-12,89,39,29,17,4,,,,18,,71,,5,2,50,5,,,40.689011,-73.981228,New Construction,302,3001617502,3424477
2260,The Posh at 1941 Coney Island Avenue,All Units Filled,Rental,BK,11223,1941 CONEY ISLAND AVENUE,BK1501,2021-07-28,2021-10-15,13,3,8,2,,,,,,,13,,,,,,,,40.609893,-73.962353,New Construction,315,3067740001,3182286
3215,The Vitagraph Units Still Available,All Units Filled,Rental,BK,11230,1277 EAST 14 STREET,BK1403,2022-10-05,2022-12-05,23,,13,10,,,,,,,23,,,,,,,,40.618481,-73.961062,New Construction,314,3067350080,3426593
3996,Tower 77,All Units Filled,Rental,BK,11222,87 Commercial St,BK0101,2023-09-22,2023-11-27,88,19,32,27,10,,,,37,12,39,,5,2,50,5,,,40.73763,-73.956106,New Construction,301,3024720410,3428897
3996,Tower 77,All Units Filled,Rental,BK,11222,85 Commercial St,BK0101,2023-09-22,2023-11-27,72,18,18,27,9,,,20,48,1,3,,5,2,50,5,,,40.7376,-73.95616,New Construction,301,3024720410,3428896
3996,Tower 77,All Units Filled,Rental,BK,11222,77 Commercial St,BK0101,2023-09-22,2023-11-27,70,17,18,35,,,,,21,21,28,,5,2,50,5,,,40.737474,-73.95637,New Construction,301,3024720410,3428895
2224,Two Blue Slip,All Units Filled,Rental,BK,11222,2 Blue Slip,BK0101,2021-06-30,2021-09-15,127,35,65,25,2,,,,,,127,,,,,,,,40.736157,-73.95903,New Construction,301,3024720050,3428938
1877,VAN DYKE III,All Units Filled,Rental,BK,11212,405 Dumont Ave,BK1602,2020-12-03,2021-02-01,125,18,52,33,22,,18,36,71,,,,5,2,50,5,25,,40.664846,-73.904371,New Construction,316,3037770002,3424502
2601,Vital Brookdale,All Units Filled,Rental,BK,11212,535 E 98th St,BK1602,2022-02-01,2022-04-05,117,20,33,58,6,,,29,88,,,,5,2,50,5,,,40.655992,-73.912879,New Construction,316,3036200005,3428749
4494,1009 Nelson Avenue Apartments,All Units Filled,Rental,BX,10452,1009 NELSON AVENUE,BX0402,2024-02-14,2024-03-06,5,5,,,,,,,,,5,,,,,,,,40.833078,-73.928518,New Construction,204,2025120004,2130524
2097,101 Bruckner Blvd,All Units Filled,Rental,BX,10454,101 Bruckner Blvd,BX0101,2021-03-22,2021-04-12,17,1,16,,,,,,,,17,,,,,,,,40.805265,-73.923722,New Construction,201,2022780070,2129129
1839,1027 Reverend James Polite Avenue Apartments,All Units Filled,Rental,BX,10459,1027 REV JAMES A POLITE AVENUE,BX0202,2020-10-28,2020-11-20,6,1,4,1,,,,,,,6,,,,,,,,40.82416,-73.898878,New Construction,202,2026910042,2005247
4051,1042 Longfellow Avenue Apartments,All Units Filled,Rental,BX,10459,1042 LONGFELLOW AVENUE,BX0202,2023-10-11,2023-11-01,4,,2,1,1,,,,,4,,,5,2,50,5,,,40.824416,-73.887695,New Construction,202,2027560071,2006263
2604,1073 Summit Avenue Apartments,All Units Filled,Rental,BX,10452,1073 SUMMIT AVENUE,BX0402,2022-02-11,2022-04-14,32,6,9,17,,,,,,32,,,,,,,,,40.835129,-73.92913,New Construction,204,2025260076,2003492
2049,1074 Washington Avenue Apartments Senior Housing,All Units Filled,Rental,BX,10456,1074 Washington Ave,BX0301,2021-03-26,2021-05-25,96,63,33,,,,,96,,,,,5,2,,,,100,40.827874,-73.908787,New Construction,203,2023700016,2129119
4639,1095 Summit Avenue Apartments AKA 180 West 166th Street,All Units Filled,Rental,BX,10452,1095 SUMMIT AVENUE,BX0402,2024-03-25,2024-04-16,9,,8,1,,,,,,,9,,,,,,,,40.835625,-73.928851,New Construction,204,2025260064,2130623
4512,1120 Nelson Avenue Apartments,All Units Filled,Rental,BX,10452,1120 Nelson Ave,BX0402,2024-02-16,2024-03-08,14,13,1,,,,,,,,14,,,,,,,,40.835665,-73.926752,New Construction,204,2025130043,2000000
3814,1135 Teller Avenue Apartments,All Units Filled,Rental,BX,10456,1135 Teller Ave,BX0401,2023-06-30,2023-08-29,43,,28,15,,,,,,,43,,,,,,,,40.830698,-73.912549,New Construction,204,2024340070,2128881
4386,1140 Grant Avenue Apartments,All Units Filled,Rental,BX,10456,1140 GRANT AVENUE,BX0401,2024-01-05,2024-04-24,15,,5,2,8,,,,,,15,,,,,,,,40.831784999999996,-73.916024,New Construction,204,2024490014,2002572
4699,1148 Washington Avenue Apartments,All Units Filled,Rental,BX,10456,1148 WASHINGTON AVENUE,BX0301,2024-04-29,2024-05-28,8,2,6,,,,,,,,8,,,,,,,,40.828897,-73.908226,New Construction,203,2023710022,2001293
3535,1169 River Avenue Apartments,All Units Filled,Rental,BX,10452,1169 RIVER AVENUE,BX0401,2023-03-21,2023-05-22,96,44,28,7,17,,,,96,,,,5,2,50,5,,,40.83483,-73.921831,New Construction,204,2024967501,2130521
3204,1182 Ogden Apartments,All Units Filled,Rental,BX,10452,1182 Ogden Ave,BX0402,2023-08-22,2023-09-12,7,,7,,,,,,,,7,,,,,,,,40.837427,-73.926818,New Construction,204,2025160007,2130639
3976,1230 Prospect Avenue Apartments,All Units Filled,Rental,BX,10459,1230 Prospect Ave,BX0202,2023-08-25,2023-12-01,6,2,3,1,,,,,,,6,,,,,,,,40.82699,-73.898566,New Construction,202,2026930022,2129160
4014,1258 Shakespeare Avenue Apartments,All Units Filled,Rental,BX,10452,1258 Shakespeare Ave,BX0402,2023-08-31,2023-10-06,19,,19,,,,,,,,19,,,,,,,,40.83877,-73.922903,New Construction,204,2025060082,2130883
2768,1329 Morris Avenue Apartments,All Units Filled,Rental,BX,10456,1329 Morris Ave,BX0403,2022-03-28,2022-04-19,7,3,3,1,,,,,,,7,,,,,,,,40.83636,-73.912288,New Construction,204,2028160058,2130582
2493,1362 Arnow Avenue Apartment,All Units Filled,Rental,BX,10469,1362 Arnow Ave,BX1103,2022-01-20,2022-02-28,4,,2,2,,,,,,,4,,,,,,,,40.867516,-73.846593,New Construction,211,2045300036,2130451
2510,140 West Fordham Road,All Units Filled,Rental,BX,10468,140 W Fordham Rd,BX0701,2021-12-14,2022-01-05,18,2,14,2,,,,,,18,,,,,,,,,40.862792999999996,-73.907062,New Construction,207,2032250108,2130515
4198,1429 East Gunhill Road Apartments,All Units Filled,Rental,BX,10469,1429 E Gun Hill Rd,BX1202,2023-11-16,2023-12-28,5,,4,1,,,,,,,5,,,,,,,,40.869472,-73.844307,New Construction,212,2047620105,2130628
3836,1462 Southern Boulevard,All Units Filled,Rental,BX,10460,1462 SOUTHERN BOULEVARD,BX0303,2023-07-26,2023-08-16,3,,3,,,,,,,,3,,,,,,,,40.832689,-73.890535,New Construction,203,2029810002,2010569
2351,1492 Bryant Avenue Apartments,All Units Filled,Rental,BX,10460,1492 BRYANT AVENUE,BX0303,2021-09-16,2021-10-07,4,2,2,,,,,,,,4,,,,,,,,40.832559,-73.887435,New Construction,203,2030000017,2117998
7137,1550 White Plains Road Apartments,All Units Filled,Rental,BX,10462,1550 WHITE PLAINS ROAD,BX0904,2025-07-16,2025-08-06,8,,6,2,,,,,8,,,,,,,,,,40.839341,-73.863803,New Construction,209,2039370022,2114062
2523,1559 White Plains Road Apartments,All Units Filled,Rental,BX,10462,1559 White Plains Rd,BX0901,2021-12-17,2022-01-10,3,,1,2,,,,,,,3,,,,,,,,40.839453,-73.863846,New Construction,209,2039230015,2129061
3185,1686 Weeks Avenue Apartments,All Units Filled,Rental,BX,10457,1686 WEEKS AVENUE,BX0403,2022-10-27,2022-11-17,5,1,4,,,,,,,,5,,,,,,,,40.844045,-73.907616,New Construction,204,2027920030,2007362
2203,1728 Townsend Avenue Apartments,All Units Filled,Rental,BX,10453,1728 TOWNSEND AVENUE,BX0502,2021-06-11,2021-07-02,7,3,4,,,,,,,,7,,,,,,,,40.846922,-73.911743,New Construction,205,2028490063,2129185
2276,1755 WATSON AVE LLC,All Units Filled,Rental,BX,10472,1755 WATSON AVENUE,BX0901,2021-08-05,2021-10-04,283,74,117,71,21,,33,81,75,94,,,5,2,50,5,,,40.827537,-73.867455,New Construction,209,2037517501,2024208
4981,1777 Weeks Avenue Apartments,All Units Filled,Rental,BX,10457,1775 Weeks Avenue,BX0502,2024-07-25,2024-08-15,14,6,8,,,,,,,,14,,,,,,,,40.846169,-73.907454,New Construction,205,2027967501,2000000
1726,186 East 205th Street Apartments,All Units Filled,Rental,BX,10458,186 E 205th St,BX0702,2021-09-29,2021-10-21,19,5,9,5,,,,,,,19,,,,,,,,40.875017,-73.884601,New Construction,207,2033110114,2129445
1922,1893 Crotona Avenue Apartments,All Units Filled,Rental,BX,10457,1893 CROTONA AVENUE,BX0602,2021-02-03,2021-02-25,9,2,5,2,,,,,,,9,,,,,,,,40.844171,-73.892197,New Construction,206,2029460040,2009903
2314,1973 Daly Avenue Apartments,All Units Filled,Rental,BX,10460,1973 Daly Ave,BX0601,2021-09-08,2021-11-08,47,24,14,9,,,,,47,,,,5,2,,,,,40.842214,-73.883573,New Construction,206,2031217501,2130434
2882,1985 Honeywell Avenue,All Units Filled,Rental,BX,10460,1985 Honeywell Ave,BX0601,2022-05-27,2022-06-21,10,2,6,2,,,,,,,10,,,,,,,,40.842761,-73.884339,New Construction,206,2031210021,2129637
3120,2. Mt. Hope Place Apartments,All Units Filled,Rental,BX,10453,2 MT HOPE PLACE,BX0502,2022-08-29,2022-10-31,43,9,21,10,3,,,17,17,6,3,,5,2,50,5,,,40.849361,-73.910872,New Construction,205,2028517501,2099635
1840,2001 Arthur Avenue Apartments,All Units Filled,Rental,BX,10457,2001 ARTHUR AVENUE,BX0602,2020-12-17,2021-01-11,14,,8,6,,,,,,,14,,,,,,,,40.847394,-73.892799,New Construction,206,2030680033,2094641
2073,2004 Davidson Avenue Apartments - Units Still Available,All Units Filled,Rental,BX,10453,2004 DAVIDSON AVENUE,BX0501,2021-03-19,2021-04-19,11,,3,8,,,,,7,,4,,,,,,,,40.852895,-73.909328,New Construction,205,2028630011,2124649
4256,2008 Crotona Avenue Apartments,All Units Filled,Rental,BX,10457,2008 CROTONA AVENUE,BX0602,2024-01-26,2024-02-16,3,,1,2,,,,,,,3,,,,,,,,40.846933,-73.889836,New Construction,206,2030950006,2012657
1908,2010 Walton Avenue,All Units Filled,Rental,BX,10453,2010 WALTON AVENUE,BX0502,2021-02-12,2021-03-08,13,4,7,2,,,,,,,13,,,,,,,,40.852537,-73.907293,New Construction,205,2028290034,2007943
2306,2015 Vyse Avenue Apartments,All Units Filled,Rental,BX,10460,2015 VYSE AVENUE,BX0601,2021-11-05,2021-11-28,9,,4,5,,,,,,,9,,,,,,,,40.842358,-73.881867,New Construction,206,2031270023,2128795
2652,2026 Walton Avenue,All Units Filled,Rental,BX,10453,2026 WALTON AVENUE,BX0502,2022-01-19,2022-02-14,13,4,7,2,,,,,,,13,,,,,,,,40.85283,-73.907025,New Construction,205,2028290040,2007945
2533,2065 & 2067 Ryer Avenue Apartments,All Units Filled,Rental,BX,10457,2065 RYER AVENUE,BX0502,2022-02-23,2022-04-25,20,6,14,,,,,,,,20,,,,,,,,40.852175,-73.901116,New Construction,205,2031560063,2130448
2533,2065 & 2067 Ryer Avenue Apartments,All Units Filled,Rental,BX,10457,2067 RYER AVENUE,BX0502,2022-02-23,2022-04-25,20,7,7,6,,,,,,,20,,,,,,,,40.852232,-73.901102,New Construction,205,2031560062,2130449
3175,2109 Tiebout Avenue Apartments,All Units Filled,Rental,BX,10457,2109 TIEBOUT AVENUE,BX0502,2022-10-07,2022-11-02,5,2,1,2,,,,,,,5,,,,,,,,40.853095,-73.89874,New Construction,205,2031440032,2013364
2530,2110 Hughes Avenue Apartments,All Units Filled,Rental,BX,10457,2110 Hughes Ave,BX0602,2021-12-13,2022-01-12,3,,3,,,,,,,,3,,,,,,,,40.849398,-73.890168,New Construction,206,2030810006,2127264
2045,2115 Burr Avenue Apartments,All Units Filled,Rental,BX,10461,2115 BURR AVENUE,BX1003,2021-02-24,2021-03-17,7,,3,4,,,,,,,7,,,,,,,,40.854968,-73.828171,New Construction,210,2042520023,2047830
4565,2175 Davidson Ave Apartments,All Units Filled,Rental,BX,10453,2175 Davidson Ave,BX0501,2024-03-13,2024-04-03,6,6,,,,,,,,,6,,,,,,,,40.856771,-73.906051,New Construction,205,2031950032,2000000
2287,2265 Hughes Avenue - Unit Still Available,All Units Filled,Rental,BX,10457,2265 HUGHES AVENUE,BX0603,2021-07-22,2021-10-08,3,,,3,,,,,,,3,,,,,,,,40.852454,-73.888229,New Construction,206,2030710055,2012094
4495,2270 Bronx Park East Apartments,All Units Filled,Rental,BX,10467,2270 Bronx Pk E,BX1104,2024-02-09,2024-03-01,10,2,5,3,,,,,,,10,,,,,,,,40.859399,-73.870811,New Construction,211,2043400006,2129683
1828,2278 Bronx Park East,All Units Filled,Rental,BX,10467,2278 Bronx Park E,BX1104,2020-10-27,2020-11-19,10,2,5,3,,,,,,,10,,,,,,,,40.8595,-73.8708,New Construction,211,2043400008,2130350
3088,2311 Andrews Avenue Apartments,All Units Filled,Rental,BX,10468,2311 Andrews Ave N,BX0701,2022-09-07,2022-09-28,4,1,2,1,,,,,,,4,,,,,,,,40.861608,-73.907223,New Construction,207,2032250131,2130538
1884,2317 Cambreleng Avenue Apartments,All Units Filled,Rental,BX,10458,2317 CAMBRELENG AVENUE,BX0603,2020-12-29,2021-03-02,24,7,14,3,,,,,,24,,,,,,,,,40.853182,-73.885925,New Construction,206,2030880039,2129513
3242,2321 Belmont Ave Apartments,All Units Filled,Rental,BX,10458,2321 BELMONT AVENUE,BX0603,2022-09-27,2022-10-28,13,,6,7,,,,,,,13,,,,,,,,40.85329,-73.88684,New Construction,206,2030870022,2012457
3009,2333 Beaumont Avenue Apartments,All Units Filled,Rental,BX,10458,2333 BEAUMONT AVENUE,BX0603,2022-07-26,2022-08-24,4,4,,,,,,,,,4,,,,,,,,40.853101,-73.885,New Construction,206,2030890049,2012525
2692,2381 & 2383 Lorillard Place,All Units Filled,Rental,BX,10458,2383 Lorillard Pl,BX0603,2022-03-02,2022-04-07,3,,3,,,,,,,,3,,,,,,,,40.8559,-73.889684,New Construction,206,2030550020,2128558
2692,2381 & 2383 Lorillard Place,All Units Filled,Rental,BX,10458,2381 Lorillard Pl,BX0603,2022-03-02,2022-04-07,3,,3,,,,,,,,3,,,,,,,,40.855867,-73.88971599999999,New Construction,206,2030550021,2130467
5563,2423 Barker Avenue Apartments,All Units Filled,Rental,BX,10467,2423 Barker Ave,BX1104,2025-03-18,2025-04-08,12,1,8,2,1,,,,,,12,,,,,,,,40.861955,-73.869429,New Construction,211,2044240048,2000000
5687,2428 Bronx Park East Apartments,All Units Filled,Rental,BX,10467,2428 Bronx Pk E,BX1104,2025-03-19,2025-04-09,12,2,8,2,,,,,,,12,,,,,,,,40.862058,-73.87052,New Construction,211,2044240017,2000000
4819,2438 Lyvere Gardens Apartments,All Units Filled,Rental,BX,10461,2438 LYVERE STREET,BX1001,2024-06-04,2024-06-26,14,2,11,1,,,,,,,14,,,,,,,,40.842175,-73.852195,New Construction,210,2039970046,2042240
3523,2441 Crotona Avenue Apartments,All Units Filled,Rental,BX,10458,2441 Crotona Ave,BX0603,2023-04-21,2023-06-20,25,5,18,1,1,,,,,,25,,,,,,,,40.855034,-73.883074,New Construction,206,2031050041,2130595
1771,2490 3rd Avenue Apartments,All Units Filled,Rental,BX,10454,2490 3rd Ave,BX0101,2020-09-29,2020-10-21,9,2,5,2,,,,,,,9,,,,,,,,40.810009,-73.928637,New Construction,201,2023187501,2130381
2304,2490 3rd Avenue Apartments - Units Still Available,All Units Filled,Rental,BX,10454,2490 3rd Ave.,BX0101,2021-10-18,2021-11-19,4,2,2,,,,,,,,4,,,,,,,,40.810009,-73.928637,New Construction,201,2023187501,2130381
5036,2532 Grand Avenue Apartments,All Units Filled,Rental,BX,10468,2532 GRAND AVENUE,BX0701,2024-08-01,2024-08-22,15,5,10,,,,,,,,15,,,,,,,,40.865273,-73.901386,New Construction,207,2032040019,2129685
3624,2588 - 2590 Heath Avenue Apartments,All Units Filled,Rental,BX,10463,2590 HEATH AVENUE,BX0701,2023-06-01,2023-08-07,3,,3,,,,,,,,3,,,,,,,,40.869015,-73.907003,New Construction,207,2032370062,2015133
3624,2588 - 2590 Heath Avenue Apartments,All Units Filled,Rental,BX,10463,2588 HEATH AVENUE,BX0701,2023-06-01,2023-08-07,3,,,3,,,,,,,3,,,,,,,,40.868999,-73.907024,New Construction,207,2032370060,2129236
4782,2621 Grand Avenue Apartments,All Units Filled,Rental,BX,10468,2621 GRAND AVENUE,BX0701,2024-06-03,2024-06-25,11,2,9,,,,,,,,11,,,,,,,,40.867135,-73.900002,New Construction,207,2032150044,2129696
2065,2625 Grand Avenue Apartments,All Units Filled,Rental,BX,10468,2625 GRAND AVENUE,BX0701,2021-03-11,2021-04-01,6,1,2,3,,,,,,,6,,,,,,,,40.867209,-73.899944,New Construction,207,2032150042,2014682
2250,2692 Creston Avenue,All Units Filled,Rental,BX,10468,2692 Creston Ave,BX0702,2021-07-20,2021-08-10,4,,2,2,,,,,,,4,,,,,,,,40.867537,-73.894755,New Construction,207,2033140023,2128768
2190,27 East 198th Street Apartments,All Units Filled,Rental,BX,10468,27 EAST 198 STREET,BX0702,2021-06-09,2021-06-30,14,3,10,1,,,,,,,14,,,,,,,,40.871127,-73.892591,New Construction,207,2033190021,2017580
2043,2724 Heath Avenue Apartments,All Units Filled,Rental,BX,10463,2724 HEATH AVENUE,BX0701,2021-04-15,2021-06-11,28,8,17,3,,,,,,28,,,,,,,,,40.871655,-73.905321,New Construction,207,2032400028,2120058
2196,276 Grand Concourse Apartments,All Units Filled,Rental,BX,10451,276 GRAND CONCOURSE,BX0101,2021-06-30,2021-11-01,65,10,36,15,4,,,,,,65,,,,,,,,40.813912,-73.92929,New Construction,201,2023410010,2000999
2539,2779 & 2781 University Avenue Apartments,All Units Filled,Rental,BX,10468,2779 University Ave,BX0801,2021-12-08,2022-02-15,3,,3,,,,,,,,3,,,,,,,,40.870917,-73.899421,New Construction,208,2032490105,2130576
2539,2779 & 2781 University Avenue Apartments,All Units Filled,Rental,BX,10468,2781 University Ave,BX0801,2021-12-08,2022-02-15,3,,3,,,,,,,,3,,,,,,,,40.870966,-73.899403,New Construction,208,2032490104,2129474
2562,2851 University Avenue Apartments,All Units Filled,Rental,BX,10468,2851 UNIVERSITY AVENUE,BX0801,2022-11-09,2022-11-30,6,2,3,1,,,,,,,6,,,,,,,,40.87258,-73.898891,New Construction,208,2032500139,2015429
4385,286 East 163rd Street Apartments,All Units Filled,Rental,BX,10451,286 E 163rd St,BX0401,2024-01-05,2024-02-05,6,1,2,3,,,,,,,6,,,,,,,,40.827054,-73.916937,New Construction,204,2024220015,2129701
1959,2885 Marion Avenue aka Bronxview Apartments,All Units Filled,Rental,BX,10458,2885 Marion Ave,BX0702,2021-02-19,2021-04-20,101,,14,65,22,,,12,33,56,,,5,2,50,5,,,40.868482,-73.88506,New Construction,207,2032917501,2128914
2845,29 Evelyn Place Apartments,All Units Filled,Rental,BX,10468,29 EVELYN PLACE,BX0701,2022-06-09,2022-07-01,4,2,1,1,,,,,,,4,,,,,,,,40.859451,-73.90476,New Construction,207,2031980045,2088424
4422,2976 Third Avenue Apartments,All Units Filled,Rental,BX,10455,2976 Third Ave,BX0102,2024-02-16,2024-04-17,21,7,10,4,,,,,,,21,,,,,,,,40.818601,-73.914368,New Construction,201,2023630012,2130806
2831,3013 Eastchester Road Apartments,All Units Filled,Rental,BX,10469,3013 EASTCHESTER ROAD,BX1202,2022-04-18,2022-05-09,6,,6,,,,,,,,6,,,,,,,,40.869736,-73.842845,New Construction,212,2047620092,2061801
3551,3029 and 3031 Bronxwood Avenue,All Units Filled,Rental,BX,10469,3029 Bronxwood Ave,BX1104,2023-03-13,2023-04-18,3,,3,,,,,,,,3,,,,,,,,40.870068,-73.861429,New Construction,212,2045730138,2130396
3551,3029 and 3031 Bronxwood Avenue,All Units Filled,Rental,BX,10469,3031 BRONXWOOD AVENUE,BX1104,2023-03-13,2023-04-18,3,1,2,,,,,,,,3,,,,,,,,40.870087,-73.861429,New Construction,212,2045730038,2055725
2895,304 East 134th street Apartments,All Units Filled,Rental,BX,10454,304 E 134th St,BX0101,2022-06-06,2022-07-15,7,,7,,,,,,,,7,,,,,,,,40.807812,-73.927743,New Construction,201,2023090020,2130461
2932,305 East 165th Street Senior Housing,All Units Filled,Rental,BX,10456,305 E 165th St,BX0401,2022-08-15,2022-11-01,37,9,25,3,,,,,24,,13,,5,2,50,5,,65,40.828867,-73.91512,New Construction,204,2024330036,2130497
5078,3056 Decatur Avenue Apartments,All Units Filled,Rental,BX,10467,3056 Decatur Ave,BX0703,2024-09-09,2024-09-30,3,,3,,,,,,,,3,,,,,,,,40.870949,-73.879105,New Construction,207,2033310019,2130590
2896,310 Grand Concourse Apartments,All Units Filled,Rental,BX,10451,310 Grand Concourse,BX0101,2022-06-24,2022-08-24,24,4,7,13,,,,,24,,,,5,2,50,5,,,40.814206,-73.929098,New Construction,201,2023410028,2130531
4472,3103 Sedgwick Avenue Apartments,All Units Filled,Rental,BX,10463,3103 Sedgwick Ave,BX0801,2024-03-01,2024-03-22,13,,,12,1,,,,,,13,,,,,,,,40.876766,-73.899398,New Construction,208,2032540072,2130725
2058,3214 Cruger Avenue,All Units Filled,Rental,BX,10467,3214 CRUGER AVENUE,BX1201,2021-02-22,2021-03-15,3,,3,,,,,,,,3,,,,,,,,40.871929,-73.866133,New Construction,212,2045970013,2128433
2312,3315 & 3317 Parkside Place,All Units Filled,Rental,BX,10467,3317 PARKSIDE PLACE,BX0703,2021-10-06,2021-10-28,3,,3,,,,,,,,3,,,,,,,,40.876637,-73.872481,New Construction,207,2033550150,2018619
2312,3315 & 3317 Parkside Place,All Units Filled,Rental,BX,10467,3315 Parkside Pl,BX0703,2021-10-06,2021-10-28,3,,1,2,,,,,,,3,,,,,,,,40.87658,-73.87252,New Construction,207,2033550250,2128978
3656,3436 Kingsbridge Avenue Apartments,All Units Filled,Rental,BX,10463,3436 KINGSBRIDGE AVENUE,BX0802,2023-05-02,2023-05-23,12,3,3,6,,,,,,,12,,,,,,,,40.882783,-73.903645,New Construction,208,2057600123,2083687
1708,3500 Park Avenue Apartments,All Units Filled,Rental,BX,10456,3500 Park Ave,BX0302,2020-07-30,2020-08-31,45,15,,30,,,,8,37,,,,5,2,50,5,,17,40.831359,-73.908259,New Construction,203,2023890020,2129140
2586,3508 Tryon Avenue Apartments,All Units Filled,Rental,BX,10467,3508 TRYON AVENUE,BX0703,2022-01-13,2022-02-21,8,,4,4,,,,,,,8,,,,,,,,40.880583,-73.876661,New Construction,207,2033440084,2018281
4154,3525 Bruckner Boulevard Apartments,All Units Filled,Rental,BX,10461,3525 Bruckner Blvd,BX1003,2023-10-11,2023-11-01,3,1,2,,,,,,,,3,,,,,,,,40.847408,-73.827222,New Construction,210,2041780021,2130895
2460,3531 Bruckner Boulevard Apartments,All Units Filled,Rental,BX,10461,3531 BRUCKNER BOULEVARD,BX1003,2022-01-04,2022-01-27,9,2,4,3,,,,,,,9,,,,,,,,40.847488,-73.827273,New Construction,210,2041780018,2046334
5175,3545 White Plains Roads Apartment,All Units Filled,Rental,BX,10467,3545 White Plains Rd,BX1201,2024-09-05,2024-09-26,6,,4,2,,,,,,,6,,,,,,,,40.878666,-73.865714,New Construction,212,2046430048,2129759
1940,3554 Carlisle Place,All Units Filled,Rental,BX,10467,3554 CARLISLE PLACE,BX1201,2021-01-04,2021-01-26,4,1,2,1,,,,,,,4,,,,,,,,40.877928,-73.863282,New Construction,212,2046600044,2057758
3878,360 East 184th Street Apartments,All Units Filled,Rental,BX,10458,360 E 184th St,BX0503,2023-07-18,2023-08-14,4,1,2,1,,,,,,,4,,,,,,,,40.857673,-73.895602,New Construction,205,2031430281,2129657
3848,363 East 145th street Apartments,All Units Filled,Rental,BX,10454,363 EAST 145 STREET,BX0101,2023-08-02,2023-08-23,3,,3,,,,,,,,3,,,,,,,,40.813975,-73.920721,New Construction,201,2023070030,2000667
2429,363 East 197th Street Apartments,All Units Filled,Rental,BX,10458,363 E 197th St,BX0702,2021-12-14,2022-01-06,6,4,2,,,,,,,,6,,,,,,,,40.866034,-73.888026,New Construction,207,2032830104,2016537
4751,3633 Kingsbridge Avenue Apartments,All Units Filled,Rental,BX,10463,3633 Kingsbridge Ave,BX0802,2024-05-02,2024-05-23,3,,3,,,,,,,,3,,,,,,,,40.884601,-73.901733,New Construction,208,2057660882,2130979
5331,372 East 194th Street Apartments,All Units Filled,Rental,BX,10458,372 EAST 194 STREET,BX0701,2024-09-26,2024-10-16,7,,6,1,,,,,,,7,,,,,,,,40.86361,-73.890419,New Construction,207,2032760031,2016341
2918,3827 Carpenter Avenue,All Units Filled,Rental,BX,10467,3827 Carpenter Ave,BX1201,2022-06-10,2022-07-05,5,2,3,,,,,,,,5,,,,,,,,40.885377,-73.865191,New Construction,212,2046530087,2130642
3194,3836-3838 Carpenter Avenue,All Units Filled,Rental,BX,10467,3838 Carpenter Ave,BX1201,2023-02-06,2023-02-27,3,,1,2,,,,,,,3,,,,,,,,40.885582,-73.865053,New Construction,212,2046550008,2129464
3194,3836-3838 Carpenter Avenue,All Units Filled,Rental,BX,10467,3836 CARPENTER AVENUE,BX1201,2023-02-06,2023-02-27,3,1,2,,,,,,,,3,,,,,,,,40.885541,-73.865075,New Construction,212,2046550006,2057608
4100,3893 Waldo Avenue AKA 55 Dash Place Apartments,All Units Filled,Rental,BX,10463,55 Dash Pl,BX0803,2023-10-23,2023-11-15,5,,5,,,,,,,,5,,,,,,,,40.889556999999996,-73.903896,New Construction,208,2057787501,2130922
4879,3991 Saxon Avenue Apartments,All Units Filled,Rental,BX,10463,3991 Saxon Ave,BX0801,2024-06-06,2024-07-15,17,4,1,8,4,,,,,,17,,,,,,,,40.883991,-73.889301,New Construction,208,2032520152,2129741
4009,40 Bruckner Boulevard Apartments,All Units Filled,Rental,BX,10454,40 Bruckner Blvd,BX0101,2023-08-28,2023-11-06,110,16,54,40,,,,,,,110,,,,,,,,40.806681,-73.92713,New Construction,201,2022950051,2129670
3550,4180 Carpenter Avenue Apartments,All Units Filled,Rental,BX,10466,4180 Carpenter Ave,BX1203,2023-06-21,2023-09-05,28,1,23,4,,,,,,,28,,,,,,,,40.893808,-73.86053,New Construction,212,2048350045,2000000
2684,425 GRAND CONCOURSE APARTMENTS,All Units Filled,Rental,BX,10451,425 Grand Concourse,BX0401,2022-02-10,2022-04-11,248,41,82,84,41,,28,55,55,41,69,,5,2,50,5,,,40.817142,-73.927957,Preservation,201,2023467501,2129044
3008,4435 White Plain Road Apartments,All Units Filled,Rental,BX,10470,4435 White Plains Rd,BX1203,2023-02-17,2023-04-17,27,11,15,1,,,,,,,27,,,,,,,,40.899163,-73.853714,New Construction,212,2050690045,2129638
3885,477 Gerard Avenue Apartments,All Units Filled,Rental,BX,10451,477 Gerard Ave,BX0401,2023-08-23,2023-10-24,20,,10,10,,,,,,,20,,,,,,,,40.818051,-73.929614,New Construction,201,2023510022,2129457
2201,516-518 East 147th Street Apartments,All Units Filled,Rental,BX,10455,516 E 147th St,BX0101,2021-06-11,2021-07-02,3,,3,,,,,,,,3,,,,,,,,40.813364,-73.914985,New Construction,201,2022720109,2129125
2201,516-518 East 147th Street Apartments,All Units Filled,Rental,BX,10455,518 E 147th St,BX0101,2021-06-11,2021-07-02,3,,3,,,,,,,,3,,,,,,,,40.813345,-73.914931,New Construction,201,2022720110,2129008
2428,531 Tinton Avenue,All Units Filled,Rental,BX,10455,531 Tinton Ave,BX0101,2021-10-18,2021-11-16,11,3,5,3,,,,,,,11,,,,,,,,40.812265,-73.906486,New Construction,201,2025810030,2130535
3794,577 East 161st Street,All Units Filled,Rental,BX,10456,577 E 161 St,BX0301,2023-06-16,2023-07-10,4,2,1,1,,,,,,,4,,,,,,,,40.822283,-73.908806,New Construction,203,2026200053,2130585
1943,582 East 138 Street Apartments,All Units Filled,Rental,BX,10454,582 E 138th St,BX0101,2021-03-02,2021-03-23,2,,1,1,,,,,,,2,,,,,,,,40.806551,-73.916872,New Construction,201,2025507501,2129612
1879,629 East 222nd Street Apartments,All Units Filled,Rental,BX,10467,629 EAST 222 STREET,BX1201,2020-12-16,2021-01-08,3,,3,,,,,,,,3,,,,,,,,40.886451,-73.863981,New Construction,212,2048240041,2062900
2917,6327 Broadway Apartments,All Units Filled,Rental,BX,10471,6327 Broadway,BX0803,2022-07-07,2022-09-08,27,,23,4,,,,,,,27,,,,,,,,40.899256,-73.897158,New Construction,208,2058353055,2130558
3243,637 East 176th Street Apartments,All Units Filled,Rental,BX,10457,637 EAST 176 STREET,BX0602,2022-10-24,2022-11-16,14,2,8,4,,,,,,,14,,,,,,,,40.844576,-73.893747,New Construction,206,2029470052,2129322
2860,6375 Broadway Apartments,All Units Filled,Rental,BX,10471,6375 Broadway,BX0803,2022-05-26,2022-07-28,23,4,16,3,,,,,,,23,,,,,,,,40.901704,-73.896738,New Construction,208,2058411944,2130500
2596,639 East 224th Street,All Units Filled,Rental,BX,10466,639 EAST 224 STREET,BX1201,2022-01-27,2022-03-01,3,1,2,,,,,,,,3,,,,,,,,40.887726,-73.862792,New Construction,212,2048260037,2062991
2366,65 Buchanan Place Apartments,All Units Filled,Rental,BX,10453,65 Buchanan Pl,BX0501,2021-10-08,2021-11-01,7,,7,,,,,,,,7,,,,,,,,40.858508,-73.906547,New Construction,205,2032080053,2128732
3596,659 East 222nd Street Apartments,All Units Filled,Rental,BX,10467,659 E 222nd St,BX1201,2023-04-05,2023-04-26,3,1,2,,,,,,,,3,,,,,,,,40.886192,-73.863179,New Construction,212,2048240025,2130470
4514,710 East 215th Street Apartments,All Units Filled,Rental,BX,10467,710-714 East 215th Street,BX1201,2024-02-05,2024-04-09,15,14,1,,,,,,,,15,,,,,,,,40.880358,-73.863751,New Construction,212,2046620008,2087306
3734,739 East Gun Hill Road Apartments,All Units Filled,Rental,BX,10467,739 E Gun Hill Rd,BX1201,2023-06-14,2023-08-16,41,9,11,17,4,,,,,,41,,,,,,,,40.876931,-73.864991,New Construction,212,2046570001,2129693
6798,751 Crotona Park North Apartments,All Units Filled,Rental,BX,10457,751 Crotona Park N,BX0602,2025-02-06,2025-02-28,4,3,1,,,,,,,,4,,,,,,,,40.841262,-73.892513,New Construction,206,2029480050,2129775
2272,761 East 233rd Street Apartments,All Units Filled,Rental,BX,10466,773 E 233rd St,BX1203,2021-08-24,2021-10-25,35,4,28,3,,,,,,35,,,,,,,,,40.892668,-73.855067,New Construction,212,2049970001,2130380
5439,767 East 232nd Street Apartments,All Units Filled,Rental,BX,10466,767 E 232nd St,BX1203,2024-11-18,2024-12-10,9,6,3,,,,,,,,9,,,,,,,,40.892078,-73.855585,New Construction,212,,
2541,781 Elsmere Place Apartments,All Units Filled,Rental,BX,10460,781 Elsmere Pl,BX0602,2021-12-22,2022-01-14,8,1,7,,,,,,,,8,,,,,,,,40.843444,-73.88887,New Construction,206,2029560052,2130571
3549,841a Morris Park Avenue Apartments,All Units Filled,Rental,BX,10462,841 Morris Park Ave,BX1101,2023-04-17,2023-05-08,3,,3,,,,,,,,3,,,,,,,,40.846252,-73.861204,New Construction,211,,
3089,855 East 167th street,All Units Filled,Rental,BX,10459,855 EAST 167 STREET,BX0202,2022-08-23,2022-09-16,9,,4,5,,,,,,,9,,,,,,,,40.826212,-73.897823,New Construction,202,2026920079,2005292
1761,857 Hornaday Place Apartments,All Units Filled,Rental,BX,10460,857 Hornaday Pl,BX0601,2020-09-22,2020-10-14,5,1,1,3,,,,,,,5,,,,,,,,40.846835,-73.882647,New Construction,206,2031190048,2128755
4112,911 Bryant Avenue Apartments,All Units Filled,Rental,BX,10474,911 Bryant Ave,BX0201,2023-10-19,2023-11-28,2,,2,,,,,,,,2,,,,,,,,40.820131,-73.887015,New Construction,202,2027610096,2130553
3218,915 Elsmere Place Senior Apartments,All Units Filled,Rental,BX,10460,915 Elsmere Pl,BX0601,2022-10-31,2023-01-13,39,10,27,2,,,,,27,,12,,5,2,50,5,,70,40.84159,-73.8851,New Construction,206,2029850064,2130498
3858,92 West 169th Street Apartments,All Units Filled,Rental,BX,10452,92 W 169th St,BX0402,2023-09-25,2023-10-17,12,6,4,2,,,,,,,12,,,,,,,,40.839533,-73.923209,New Construction,204,2025170028,2127053
3763,94 East 208th Street Apartments,All Units Filled,Rental,BX,10467,94 E 208th St,BX0703,2023-06-02,2023-07-06,7,,7,,,,,,,,7,,,,,,,,40.878503,-73.881691,New Construction,207,2033260034,2017730
2009,972 Washington Avenue Apartments,All Units Filled,Rental,BX,10456,972 WASHINGTON AVENUE,BX0301,2021-04-26,2021-06-25,41,41,,,,,,,41,,,,5,2,50,5,,,40.825487,-73.910106,New Construction,203,2023680012,2001224
2551,980 WESTCHESTER APARTMENTS,All Units Filled,Rental,BX,10459,980 Westchester Ave,BX0202,2021-12-10,2022-02-10,119,16,64,22,17,,20,40,59,,,,5,2,50,5,,,40.823204,-73.894731,New Construction,202,2027147501,2129168
2724,990 Woodycrest Avenue Apartments,All Units Filled,Rental,BX,10452,990 Woodycrest Ave,BX0402,2022-04-01,2022-05-17,8,2,2,4,,,,,,,8,,,,,,,,40.832279,-73.928259,New Construction,204,2025070018,2130514
1923,Andrews Avenue Apartments,All Units Filled,Rental,BX,10453,1641 ANDREWS AVENUE,BX0501,2021-02-19,2021-03-22,21,1,11,7,1,1,,,,21,,,,2,,,,,40.848236,-73.919411,Preservation,205,2028780061,2009001
1818,Arthur Avenue Senior Apartments,All Units Filled,Rental,BX,10457,600 E 179th St,BX0602,2020-11-12,2021-01-14,122,48,74,,,,19,103,,,,,,,,,,100,40.847915,-73.892263,New Construction,206,2030680069,2129261
2223,Austin 147,All Units Filled,Rental,BX,10455,880 EAST 147 STREET,BX0101,2021-06-29,2021-07-21,16,1,4,11,,,,10,6,,,,5,2,50,5,,,40.810326,-73.904325,New Construction,201,2026007502,2004081
2213,BETANCES SENIOR RESIDENCE,All Units Filled,Rental,BX,10454,445 E 142nd St,BX0101,2021-06-10,2021-08-09,78,57,21,,,,,78,,,,,5,2,,,33,100,40.811114,-73.919734,New Construction,201,2022870026,2129390
1870,Beck Street Co-ops - Units Still Available,All Units Filled,Owner,BX,10455,748 BECK STREET,BX0202,2020-12-10,2021-01-11,4,,,,,4,,,,4,,,,,,,,,40.816157,-73.898897,Preservation,202,2027070042,2005521
2202,Bedford 203 HDFC,All Units Filled,Rental,BX,10458,211 E 203rd St,BX0702,2021-09-14,2021-11-15,41,2,21,18,,,,21,20,,,,5,2,40,5,,35,40.873849,-73.886085,New Construction,207,2033090039,2129250
3663,Bronx Point Phase 1,All Units Filled,Rental,BX,10451,575 Exterior Street,BX0401,2023-05-01,2023-06-30,432,84,150,107,91,,81,108,162,81,,,5,2,50,5,,,40.820374,-73.930681,New Construction,204,2023567501,2129393
3154,Brook Avenue Apartments,All Units Filled,Rental,BX,10451,740 Brook Ave,BX0102,2022-10-27,2022-12-27,42,9,15,11,7,,6,14,19,3,,,5,2,50,5,,,40.820013,-73.912017,New Construction,201,2023607502,2129384
3650,CASA CELINA SENIOR,All Units Filled,Rental,BX,10472,1810 WATSON AVENUE,BX0901,2023-05-01,2023-06-30,134,106,28,,,,,134,,,,,5,2,,,34,100,40.827858,-73.864953,New Construction,209,2037300001,2102921
3518,COMPASS SIX RESIDENCES,All Units Filled,Rental,BX,10460,1923 W Farms Rd,BX0601,2023-03-07,2023-05-08,156,20,78,39,19,,32,53,71,,,,5,2,50,5,,,40.83877,-73.880999,New Construction,206,2030167503,2010971
2821,COMUNILIFE THIRD AVENUE - EL BORINQUEN,All Units Filled,Rental,BX,10456,3401 3 AVENUE,BX0301,2022-06-03,2022-08-05,57,34,23,,,,,29,28,,,,5,2,50,5,,20,40.828457,-73.906973,New Construction,203,2023710052,2001305
2492,Cyrus Place Apartments,All Units Filled,Rental,BX,10458,4697 3rd Ave.,BX0603,2022-01-12,2022-03-16,44,6,16,16,6,,4,12,28,,,,5,2,50,5,,,40.85869,-73.891129,New Construction,206,2030417501,2129313
5374,Geel Webster Avenue Apartments,All Units Filled,Rental,BX,10467,3095 WEBSTER AVENUE,BX0703,2025-02-05,2025-04-07,45,19,18,8,,,,24,21,,,,5,2,20,5,,,40.870821,-73.877377,New Construction,207,2033310053,2129719
2450,JEROME AVENUE APARTMENTS,All Units Filled,Rental,BX,10453,1769 Jerome Ave,BX0501,2021-11-19,2022-01-18,60,22,5,29,4,,,,60,,,,5,2,50,5,,,40.848423,-73.911846,New Construction,205,2028617501,2130601
4835,Kelly Residentials aka 1034 Kelly Street Apartments,All Units Filled,Rental,BX,10459,1034 Kelly St,BX0202,2024-05-16,2024-06-06,3,1,2,,,,,,,,3,,,,,,,,40.824473,-73.895828,New Construction,202,2027160002,2000000
3445,Lincoln At Bankside,All Units Filled,Rental,BX,10454,101 Lincoln Ave,BX0101,2023-02-22,2023-04-25,145,19,72,43,11,,,,,,145,,,,,,,,40.807149,-73.929969,New Construction,201,2023160001,2130763
1888,METCALF AVENUE APARTMENTS,All Units Filled,Rental,BX,10472,1230 METCALF AVENUE,BX0901,2020-12-10,2021-02-08,223,25,94,83,21,,25,49,50,99,,,5,2,50,5,,,40.830326,-73.872815,New Construction,209,2037807501,2025407
1821,Mapes Apartments,All Units Filled,Rental,BX,10460,801 EAST 181ST STREET,BX0602,2020-10-05,2020-11-06,21,2,4,11,4,,,4,9,8,,,5,2,50,5,,,40.847263,-73.884746,New Construction,206,2031117501,2129395
3501,Marion Creston Apartments,All Units Filled,Rental,BX,10468,2861 Creston Ave,BX0702,2023-05-31,2023-08-01,11,4,2,5,,,2,,9,,,,5,2,50,5,,,40.870896,-73.891601,New Construction,207,2033190060,2130690
3501,Marion Creston Apartments,All Units Filled,Rental,BX,10458,2997 Marion Ave,BX0702,2023-05-31,2023-08-01,14,10,4,,,,3,,11,,,,5,2,50,5,,,40.870006,-73.882617,New Construction,207,2032810023,2129651
3249,Melrose North Apartments,All Units Filled,Rental,BX,10451,341 E 162nd St,BX0401,2022-12-01,2023-01-30,67,,36,25,6,,,26,41,,,,5,2,50,5,25,,40.825249,-73.914796,New Construction,203,2024097501,2129469
2266,Muller Apartments - 555 Nereid Avenue,All Units Filled,Rental,BX,10470,555 NEREID AVENUE,BX1203,2021-08-24,2021-10-25,35,35,,,,,,,35,,,,5,2,50,5,,,40.899871,-73.857923,New Construction,212,2050650001,2070559
2663,New Roads Plaza,All Units Filled,Rental,BX,10456,485 E 164th St,BX0301,2022-02-17,2022-04-19,37,,19,18,,,,,37,,,,5,2,50,5,,,40.825755,-73.909589,New Construction,203,2023690001,2130488
2053,PARK HAVEN,All Units Filled,Rental,BX,10454,345 St Ann's Ave,BX0101,2021-02-26,2021-04-26,127,33,48,30,16,,17,34,76,,,,5,2,50,5,,,40.809498,-73.915766,New Construction,201,2022687501,2128977
3141,PARKCHESTER GARDENS SENIOR APARTMENTS,All Units Filled,Rental,BX,10462,1701 PURDY STREET,BX0904,2022-10-14,2022-12-14,153,88,65,,,,,153,,,,,5,2,,,,100,40.839853,-73.853913,Preservation,209,2039430199,2033976
2524,PENINSULA BUILDING 1B,All Units Filled,Rental,BX,10474,720 Tiffany St,BX0201,2021-12-22,2022-02-21,164,34,55,53,22,,18,36,110,,,,5,2,50,5,,,40.814593,-73.891324,New Construction,202,2027387501,2130390
4899,Park Lane Senior Apartments,All Units Filled,Rental,BX,10473,1940 Turnbull Ave,BX0902,2024-07-30,2024-09-30,80,80,,,,,,80,,,,,5,2,,,,100,40.822884,-73.857564,New Construction,209,2036720030,2130573
2849,RIVER CREST APARTMENTS,All Units Filled,Rental,BX,10452,1164 River Ave,BX0401,2022-04-26,2022-06-27,225,53,100,45,27,,38,51,136,,,,5,2,50,5,,,40.834696,-73.921889,Preservation,204,2024887501,2130367
3841,ST. FRANCIS COMMONS,All Units Filled,Rental,BX,10452,1544 SHAKESPEARE AVENUE,BX0501,2023-07-06,2023-09-06,85,,45,34,6,,12,24,49,,,,5,2,50,5,,,40.845717,-73.919234,New Construction,205,2028720148,2129668
2349,THE BRYANT,All Units Filled,Rental,BX,10459,1115 E 165th St,BX0202,2021-09-29,2021-12-03,24,13,6,5,,,,24,,,,,5,2,50,5,25,,40.82518,-73.888922,New Construction,202,2027500030,2129161
3427,TWIN PARKS TERRACE,All Units Filled,Rental,BX,10458,373 E 183rd St,BX0503,2023-02-10,2023-04-11,135,31,58,41,5,,,48,87,,,,5,2,50,5,25,,40.856298,-73.895709,New Construction,205,2031437501,2130369
2838,The Allerton,All Units Filled,Rental,BX,10467,683 Thwaites Pl,BX1104,2022-07-12,2022-09-10,35,3,23,8,1,,,,4,31,,,5,2,50,5,,,40.858713,-73.868282,New Construction,211,2043427501,2050004
2248,The Arches - Units Still Available,All Units Filled,Rental,BX,10451,228 EAST 135 STREET,BX0101,2021-07-20,2021-10-11,60,1,25,34,,,,,,,60,,,,,,,,40.809881,-73.930252,New Construction,201,2023197501,2129363
1685,The Arches Apartments,All Units Filled,Rental,BX,10451,228 EAST 135 STREET,BX0101,2020-08-14,2020-10-14,57,1,30,26,,,,,,,57,,,,,,,,40.809881,-73.930252,New Construction,201,2023197501,2129363
1685,The Arches Apartments,All Units Filled,Rental,BX,10451,224 EAST 135 STREET,BX0101,2020-08-14,2020-10-14,72,27,24,21,,,,,,,72,,,,,,,,40.809944,-73.930338,New Construction,201,2023197501,2129362
3487,The Bronx Grove,All Units Filled,Rental,BX,10458,270 EAST 203 STREET,BX0702,2023-02-10,2023-04-28,62,14,26,16,6,,17,32,13,,,,5,2,50,5,,,40.873342,-73.88405,New Construction,207,2033080059,2113436
3487,The Bronx Grove,All Units Filled,Rental,BX,10458,261 EAST 202 STREET,BX0702,2023-02-10,2023-04-28,65,17,25,16,7,,16,32,17,,,,5,2,50,5,,,40.872791,-73.884688,New Construction,207,2033080092,2017263
1932,The Grand Apartments,All Units Filled,Rental,BX,10457,220 EAST 178 STREET,BX0502,2020-12-23,2021-02-09,36,9,16,11,,,,10,26,,,,5,2,50,5,,,40.850358,-73.904314,New Construction,205,2028100017,2128505
1932,The Grand Apartments,All Units Filled,Rental,BX,10453,2195 Morris Ave,BX0503,2020-12-23,2021-02-09,33,1,3,12,17,,8,3,22,,,,5,2,50,5,,,40.856214,-73.903135,New Construction,205,2031810034,2129428
1932,The Grand Apartments,All Units Filled,Rental,BX,10457,225 EAST 179 STREET,BX0502,2020-12-23,2021-02-09,25,5,9,11,,,,6,19,,,,5,2,50,5,,,40.850906,-73.903645,New Construction,205,2028120001,2128910
2654,The Henry - 2395 Palisade Avenue,All Units Filled,Rental,BX,10463,2395 PALISADE AVENUE,BX0803,2022-03-28,2022-05-18,17,3,8,6,,,,,,,17,,,,,,,,40.87934,-73.92061,New Construction,208,2057160264,2130523
2916,The Shirley,All Units Filled,Rental,BX,10471,4578 Manhattan College Pkwy,BX0802,2022-07-15,2022-08-05,3,,2,1,,,,,1,,2,,,,,,,,40.889428,-73.900131,New Construction,208,2057760611,2130362
3847,The Willow,All Units Filled,Rental,BX,10454,750 E 134th St,BX0101,2023-07-12,2023-09-12,112,20,59,21,12,,13,40,59,,,,5,2,50,5,,,40.801943,-73.913905,New Construction,201,2025627501,2130671
2631,Third at Bankside- 2401 3rd Avenue,All Units Filled,Rental,BX,10451,2401 3rd Ave.,BX0101,2022-01-25,2022-04-13,134,47,49,38,,,,,,,134,,,,,,,,40.808286,-73.931102,New Construction,201,2023190002,2129132
2977,Williamsbridge Gardens,All Units Filled,Rental,BX,10467,713 E 211th St,BX1201,2022-06-17,2022-08-18,42,,32,10,,,,11,31,,,,5,2,50,5,,,40.877719,-73.865239,New Construction,212,2046570042,2129406
2977,Williamsbridge Gardens,All Units Filled,Rental,BX,10467,718 E 212th St,BX1201,2022-06-17,2022-08-18,42,,19,4,19,,,15,27,,,,5,2,50,5,,,40.878308,-73.864804,New Construction,212,2046570071,2129408
2133,Woodlawn Senior Living,All Units Filled,Rental,BX,10470,69 EAST 233 STREET,BX1203,2021-08-27,2021-10-27,55,41,14,,,,,55,,,,,5,2,,,,100,40.895956,-73.873778,New Construction,212,2033650071,2018798
4926,103-41 120th Street Apartments,All Units Filled,Rental,QN,11419,103-41 120 STREET,QN1001,2024-07-17,2024-08-21,3,,3,,,,,,,,3,,,,,,,,40.687543,-73.823623,New Construction,410,4095580045,4620913
2148,103-43 120th Street - Units still available,All Units Filled,Rental,QN,11419,103-43 120 STREET,QN1001,2021-04-15,2021-05-17,3,,3,,,,,,,,3,,,,,,,,40.687518,-73.823612,New Construction,410,4095580044,4203780
4613,104-18 Northern Boulevard Apartments,All Units Filled,Rental,QN,11368,104-18 NORTHERN BOULEVARD,QN0303,2024-03-18,2024-04-08,3,,2,1,,,,,,,3,,,,,,,,40.757694,-73.864367,New Construction,403,4017190008,4042655
4717,12-22 Astoria Boulevard Apartments,All Units Filled,Rental,QN,11102,1222 Astoria Blvd,QN0102,2024-05-02,2024-06-07,3,,,3,,,,,,,3,,,,,,,,40.77211,-73.929937,New Construction,401,4005120001,4000000
4583,132-53 41st Avenue Apartments,All Units Filled,Rental,QN,11355,132-53 41 AVENUE,QN0707,2024-03-06,2024-03-28,5,,4,,1,,,,,,5,,,,,,,,40.757231,-73.831658,New Construction,407,4050370089,4602879
5321,14-27 28th Avenue Apartments,All Units Filled,Rental,QN,11102,14-27 28th Ave,QN0102,2024-09-26,2024-10-18,11,,8,3,,,,,,,11,,,,,,,,40.772002,-73.928652,New Construction,401,,
3443,14-43 31st Avenue Apartments,All Units Filled,Rental,QN,11106,14-43 31 AVENUE,QN0102,2023-01-31,2023-03-01,7,3,4,,,,,,,,7,,,,,,,,40.767686,-73.930671,New Construction,401,4005340007,4619752
3900,148-37 88th Avenue - Unit Still Available,All Units Filled,Rental,QN,11435,148-37 88 AVENUE,QN1201,2023-07-31,2023-08-30,1,,,1,,,,,,,1,,,,,,,,40.705393,-73.807281,New Construction,412,4096940049,4595994
2285,148-37 88th Avenue Apartments,All Units Filled,Rental,QN,11435,148-37 86 AVENUE,QN0805,2021-08-27,2021-11-02,33,1,19,12,1,,,,,,33,,,,,,,,40.708194,-73.809577,New Construction,408,4097260042,4208174
4417,160-14 Hillside Avenue Apartments,All Units Filled,Rental,QN,11432,88-06 161st St,QN1201,2024-01-19,2024-02-12,14,,12,2,,,,,,,14,,,,,,,,40.707847,-73.800871,New Construction,412,4097640063,4000000
2186,161-01 89 Avenue Apartments,All Units Filled,Rental,QN,11432,161-01 89 AVENUE,QN1201,2021-09-21,2021-11-22,27,27,,,,,,27,,,,,5,2,,,,100,40.706435,-73.799851,New Construction,412,4097670001,4208989
2737,170-22 Cedarcroft Road Apartments,All Units Filled,Rental,QN,11432,170-22 CEDARCROFT ROAD,QN0804,2022-04-07,2022-04-28,3,,1,2,,,,,,,3,,,,,,,,40.711826,-73.792235,New Construction,408,4098440017,4210575
4585,2-24 26th Avenue Apartments,All Units Filled,Rental,QN,11102,2-24 26th Ave,QN0102,2024-03-25,2024-06-17,42,3,29,10,,,,,,,42,,,,,,,,40.776661,-73.9342,New Construction,401,4009140022,4621019
4364,21-27 30th Drive Apartments,All Units Filled,Rental,QN,11102,21-27 30 DRIVE,QN0102,2024-01-03,2024-01-25,5,,5,,,,,,,,5,,,,,,,,40.768132,-73.928913,New Construction,401,4005500003,4006317
1743,21-34 Broadway - Units Still Available,All Units Filled,Rental,QN,11106,21-34 BROADWAY,QN0105,2020-11-25,2020-12-28,12,,6,6,,,,,,,12,,,,,,,,40.765093,-73.931472,New Construction,401,4005557501,4006399
1892,21-59 44th Drive,All Units Filled,Rental,QN,11101,21-59 44 DRIVE,QN0201,2020-12-17,2021-01-11,6,,3,3,,,,,,,6,,,,,,,,40.748034,-73.946922,New Construction,402,4004387503,4005176
2365,22-22 Steinway Street Units Still Available,All Units Filled,Rental,QN,11105,22-22 STEINWAY STREET,QN0101,2021-10-08,2021-11-08,3,,3,,,,,,,,3,,,,,,,,40.772316000000004,-73.90673,New Construction,401,4008050041,4617838
2575,23-29 30th Drive Apartments,All Units Filled,Rental,QN,11102,23-29 30 DRIVE,QN0103,2022-02-18,2022-03-28,3,1,2,,,,,,,,3,,,,,,,,40.767476,-73.927502,New Construction,401,4005710010,4006730
1765,23-61 31st Street Apartments,All Units Filled,Rental,QN,11105,23-61 31 STREET,QN0101,2020-10-26,2020-11-18,3,,3,,,,,,,,3,,,,,,,,40.773,-73.914509,New Construction,401,4008350014,4017173
3100,23-61 31st Street-Units Still Available,All Units Filled,Rental,QN,11105,23-61 31 STREET,QN0101,2023-06-12,2023-07-14,2,,2,,,,,,,,2,,,,,,,,40.773,-73.914509,New Construction,401,4008350014,4017173
1848,23-81 21st Street,All Units Filled,Rental,QN,11105,23-81 21 STREET,QN0101,2020-11-16,2020-12-08,3,,1,2,,,,,,,3,,,,,,,,40.776916,-73.92114,New Construction,401,4008767501,4019321
4120,25-15 36 Street Apartments,All Units Filled,Rental,QN,11103,25-15 36 STREET,QN0103,2023-10-13,2023-11-03,3,,2,1,,,,,,,3,,,,,,,,40.768899,-73.914222,New Construction,401,4006520035,4010087
1945,25-18 32  Street Astoria Apartments,All Units Filled,Rental,QN,11102,25-18 32 STREET,QN0103,2021-04-01,2021-04-22,3,1,1,1,,,,,,,3,,,,,,,,40.769338,-73.918059,New Construction,401,4006200028,4008677
1824,25-22 30th Drive,All Units Filled,Rental,QN,11102,25-22 30 DRIVE,QN0103,2020-11-02,2020-11-25,10,2,8,,,,,,,,10,,,,,,,,40.766618,-73.925719,New Construction,401,4005780027,4007088
2885,25-28 30th Drive Apartments,All Units Filled,Rental,QN,11102,25-28 30 DRIVE,QN0103,2022-05-16,2022-06-07,6,4,,2,,,,,,,6,,,,,,,,40.766618,-73.925716,New Construction,401,4005780031,4007091
2311,25-28 Broadway Apartments,All Units Filled,Rental,QN,11106,25-28 Broadway,QN0103,2021-08-09,2021-08-30,6,,4,2,,,,,,,6,,,,,,,,40.763301,-73.928207,New Construction,401,4005800028,4618176
1748,25-40 31st Street Apartments - Units Still Available,All Units Filled,Rental,QN,11102,25-40 31 STREET,QN0103,2020-08-28,2020-09-23,4,,4,,,,,,,,4,,,,,,,,40.76966,-73.918557,New Construction,401,4005980042,4007828
2339,25-40 31st Street Units Still Available,All Units Filled,Rental,QN,11102,25-40 31 STREET,QN0103,2021-10-27,2021-11-29,2,,2,,,,,,,,2,,,,,,,,40.76966,-73.918557,New Construction,401,4005980042,4007828
3401,25-49 38th Street - Units Still Available,All Units Filled,Rental,QN,11103,25-49 38th St,QN0104,2023-01-24,2023-02-14,3,,3,,,,,,,,3,,,,,,,,40.767787,-73.91292,New Construction,401,,
1937,25-49 38th Street Apartment,All Units Filled,Rental,QN,11103,25-49 38th St,QN0104,2021-05-26,2021-06-17,7,,5,2,,,,,,,7,,,,,,,,40.767787,-73.91292,New Construction,401,,
4021,25-56 97th Street Apartments,All Units Filled,Rental,QN,11369,25-56 97 STREET,QN0302,2023-10-30,2023-11-21,3,,,3,,,,,,,3,,,,,,,,40.76291,-73.872417,New Construction,403,4013700038,4032662
4403,25-70 32nd Street,All Units Filled,Rental,QN,11102,25-70 32nd St,QN0103,2024-01-29,2024-02-19,5,1,1,3,,,,,,,5,,,,,,,,40.768666,-73.918605,New Construction,401,4006200046,4623655
3221,25-79 31st Street Apartments,All Units Filled,Rental,QN,11102,25-79 31 STREET,QN0103,2022-10-11,2022-12-20,7,,7,,,,,,,,7,,,,,,,,40.769624,-73.918568,New Construction,401,4006200004,4623168
2025,25-88 49th Street Apartments,All Units Filled,Rental,QN,11103,25-88 49 STREET,QN0104,2021-05-17,2021-06-08,2,,,2,,,,,,,2,,,,,,,,40.762465,-73.906238,New Construction,401,4007440080,4014000
4190,26- 12 4th Street Apartments,All Units Filled,Rental,QN,11102,26-12 4th St,QN0102,2023-11-03,2023-11-27,7,,7,,,,,,,,7,,,,,,,,40.775823,-73.932808,New Construction,401,4009100027,4623652
2183,26-02 4th Street Apartments,All Units Filled,Rental,QN,11102,26-02 4 STREET,QN0102,2021-06-25,2021-07-19,14,1,9,3,1,,,,,,14,,,,,,,,40.775924,-73.932753,New Construction,401,4009100023,4618329
4506,26-25 4th Street Apartments,All Units Filled,Rental,QN,11102,26-25 4th St,QN0102,2024-03-21,2024-05-20,50,9,22,19,,,,,,,50,,,,,,,,40.775691,-73.932855,New Construction,401,4009090009,4620901
5173,26-28 18th Street Apartments,All Units Filled,Rental,QN,11102,26-28 18th St,QN0102,2024-08-29,2024-09-20,3,,3,,,,,,,,3,,,,,,,,40.773475,-73.927239,New Construction,401,4009010053,4625345
4342,26-31 3rd Street Apartment,All Units Filled,Rental,QN,11102,26-31 3 STREET,QN0102,2023-12-15,2024-01-08,5,1,3,1,,,,,,,5,,,,,,,,40.775914,-73.933771,New Construction,401,4009107503,4622945
4501,26-36 4th Street Apartments,All Units Filled,Rental,QN,11102,26-36 4th St,QN0102,2024-02-22,2024-03-14,3,,3,,,,,,,,3,,,,,,,,40.775573,-73.932938,New Construction,401,4009100039,4020674
2646,27-10 37th Ave Apartments,All Units Filled,Rental,QN,11101,27-10 37th Ave,QN0105,2022-02-07,2022-03-22,3,,3,,,,,,,,3,,,,,,,,40.756492,-73.933827,New Construction,401,4003697501,4623406
2485,27-14 39th Avenue Apartments,All Units Filled,Rental,QN,11101,27-14 39 AVENUE,QN0105,2021-12-22,2022-01-25,2,,2,,,,,,,,2,,,,,,,,40.754232,-73.935821,New Construction,401,4003970017,4004807
2899,27-15 Astoria Blvd Units Still Available,All Units Filled,Rental,QN,11102,27-15 ASTORIA BOULEVARD,QN0103,2022-05-27,2022-06-29,2,,2,,,,,,,,2,,,,,,,,40.770927,-73.921259,New Construction,401,4008390017,4619947
3684,28-15 35th Street Apartments,All Units Filled,Rental,QN,11106,2815 35th Ave,QN0103,2023-06-16,2023-07-10,6,,6,,,,,,,,6,,,,,,,,40.759169,-73.930695,New Construction,401,,
3168,29-19 Newtown Avenue - Units Still Available,All Units Filled,Rental,QN,11102,29-19 NEWTOWN AVENUE,QN0103,2022-10-06,2022-11-09,7,2,2,3,,,,,,,7,,,,,,,,40.768556,-73.921425,New Construction,401,4005970007,4609936
1730,29-19 Newtown Avenue Apartments,All Units Filled,Rental,QN,11102,29-19 Newtown Ave,QN0103,2020-09-24,2020-10-16,14,2,5,7,,,,,,,14,,,,,,,,40.768556,-73.921425,New Construction,401,4005970007,4609936
2247,29-28 Newtown Avenue Apartments,All Units Filled,Rental,QN,11102,29-28 NEWTOWN AVENUE,QN0103,2021-09-21,2021-10-12,3,,3,,,,,,,,3,,,,,,,,40.768924,-73.921876,New Construction,401,4005940050,4617228
3460,30-41 31st Street Apartments,All Units Filled,Rental,QN,11102,30-41 31 STREET,QN0103,2023-02-27,2023-03-20,3,,2,1,,,,,,,3,,,,,,,,40.765951,-73.922139,New Construction,401,4006150020,4008477
5273,30-67 31 Street Apartments,All Units Filled,Rental,QN,11102,30-67 31 STREET,QN0103,2024-09-18,2024-10-09,3,,1,2,,,,,,,3,,,,,,,,40.765507,-73.922504,New Construction,401,4006150009,4617267
3293,30-75 32nd Street Apartments,All Units Filled,Rental,QN,11102,30-75 32 STREET,QN0103,2022-11-29,2022-12-21,3,,3,,,,,,,,3,,,,,,,,40.764785,-73.921989,New Construction,401,4006160008,4008530
2300,30-79 31st Street Apartments,All Units Filled,Rental,QN,11102,30-79 31 STREET,QN0103,2021-10-04,2021-11-15,3,,3,,,,,,,,3,,,,,,,,40.764917,-73.922985,New Construction,401,4006150005,4008467
2122,30-82 Crescent Street Apartments,All Units Filled,Rental,QN,11102,30-82 CRESCENT STREET,QN0103,2021-04-27,2021-05-18,7,1,5,1,,,,,,,7,,,,,,,,40.766443,-73.926117,New Construction,401,4005700049,4006713
3033,31-05 21st Street Apartments,All Units Filled,Rental,QN,11106,31-05 21 STREET,QN0102,2022-07-18,2022-08-25,7,,6,1,,,,,,,7,,,,,,,,40.76715,-73.929982,New Construction,401,4005520015,4006365
3117,31-07 Astoria Apartments,All Units Filled,Rental,QN,11106,31-07 31st Ave,QN0103,2022-09-27,2022-10-19,3,,1,2,,,,,,,3,,,,,,,,40.764283,-73.9233,New Construction,401,4006157502,4623225
4252,31-18 31ST Street Apartments,All Units Filled,Rental,QN,11106,31-18 31 AVENUE,QN0103,2023-11-03,2023-11-24,3,,3,,,,,,,,3,,,,,,,,40.764237,-73.923242,New Construction,401,4006130045,4008377
3648,31-22 60th Street Apartments,All Units Filled,Rental,QN,11377,31-24 60th Street,QN0104,2023-04-28,2023-05-19,2,,2,,,,,,,,2,,,,,,,,40.756972,-73.902709,New Construction,401,4011350148,4025304
2856,31-25 Newtown Avenue Apartments,All Units Filled,Rental,QN,11102,31-25 NEWTOWN AVENUE,QN0103,2022-09-16,2022-10-11,8,2,6,,,,,,,,8,,,,,,,,40.767402,-73.920607,New Construction,401,4006190011,4563471
4625,32-53 101st Street Apartments,All Units Filled,Rental,QN,11369,32-53 101st St,QN0302,2024-03-13,2024-04-03,8,,,8,,,,,,,8,,,,,,,,40.758329,-73.867614,New Construction,403,4016967501,4624119
2454,32-72 41st Street Apartments,All Units Filled,Rental,QN,11103,24-32 41st St,QN0104,2022-01-12,2022-02-28,8,,6,2,,,,,,,8,,,,,,,,40.768281,-73.910335,New Construction,401,,
1794,33-29 103 Street Apartments,All Units Filled,Rental,QN,11368,33-29 103rd St,QN0303,2020-10-05,2020-10-27,3,,3,,,,,,,,3,,,,,,,,40.757004,-73.865552,New Construction,403,4017180063,4623016
4667,35-10 Union Street Apartments,All Units Filled,Rental,QN,11354,35-10 Union St,QN0707,2024-03-28,2024-05-09,14,3,4,7,,,,,,,14,,,,,,,,40.765075,-73.82793,New Construction,407,4049617504,4623963
1744,36-08 28th Avenue Apartments,All Units Filled,Rental,QN,11103,36-08 28 AVENUE,QN0103,2020-10-27,2020-11-19,7,,6,1,,,,,,,7,,,,,,,,40.766521,-73.91594,New Construction,401,4006300019,4619948
3785,36-10 31st Street Apartments,All Units Filled,Rental,QN,11106,36-10 31 STREET,QN0105,2023-07-07,2023-08-03,13,3,9,1,,,,,,,13,,,,,,,,40.756229,-73.930052,New Construction,401,4005997501,4007869
2170,36-23 172nd Street Apartments,All Units Filled,Rental,QN,11358,36-23 172nd St,QN0704,2021-05-17,2021-06-08,6,,3,3,,,,,,,6,,,,,,,,40.762772,-73.794213,New Construction,407,4053037501,4619908
3875,36-45 Prince Street Apartments,All Units Filled,Rental,QN,11354,36-45 Prince St,QN0707,2023-08-04,2023-08-25,2,,1,1,,,,,,,2,,,,,,,,40.761339,-73.832857,New Construction,407,4049710001,4618583
4357,37-25 32nd Street  apartments,All Units Filled,Rental,QN,11101,37-25 32 STREET,QN0105,2024-01-05,2024-02-02,7,,,7,,,,,,,7,,,,,,,,40.754168,-73.930595,New Construction,401,4003740010,4531227
1670,37-56 103RD STREET,All Units Filled,Rental,QN,11368,37-56 103 STREET,QN0303,2020-12-11,2021-01-04,2,,,2,,,,,,,2,,,,,,,,40.752781,-73.864207,New Construction,403,4017687503,4044233
2064,38-35 Crescent Street Apartment,All Units Filled,Rental,QN,11101,38-35 CRESCENT STREET,QN0105,2021-04-23,2021-05-14,6,,3,3,,,,,,,6,,,,,,,,40.755379,-73.936174,New Construction,401,4003870002,4004694
4208,39-11 Queens Boulevard Apartments,All Units Filled,Rental,QN,11104,39-11 Queens Blvd,QN0202,2024-11-07,2024-12-02,15,2,8,5,,,,,9,,6,,5,2,20,5,,,40.743982,-73.925669,New Construction,402,4001910044,4000000
4469,40-43 68th Street Apartments,All Units Filled,Rental,QN,11377,40-43 68 STREET,QN0203,2024-02-02,2024-02-23,3,,1,2,,,,,,,3,,,,,,,,40.745492,-73.89707,New Construction,402,4013000006,4623384
2726,40-53 Junction Boulevard Apartments,All Units Filled,Rental,QN,11368,4053 Junction Blvd,QN0402,2022-03-09,2022-03-30,3,,3,,,,,,,,3,,,,,,,,40.747826,-73.868634,New Construction,404,4016050049,4040211
2548,41-30 66th Street Apartments,All Units Filled,Rental,QN,11377,41-30 66 STREET,QN0203,2021-12-22,2022-01-14,5,,5,,,,2,,,,3,,,,,,,,40.74409,-73.897985,New Construction,402,4012980075,4030239
3140,42-41 Judge Street,All Units Filled,Rental,QN,11373,42-41 JUDGE STREET,QN0401,2022-09-23,2022-10-24,3,,1,1,1,,,,,,3,,,,,,,,40.744144,-73.880096,New Construction,404,4015160044,4037468
2446,43-46 51st Street Apartments,All Units Filled,Rental,QN,11377,50-11 QUEENS BOULEVARD,QN0202,2022-08-03,2022-10-04,23,2,14,7,,,,,14,,9,,5,2,50,5,,,40.742717,-73.914775,New Construction,402,4013190021,4618650
2733,45-07 48th Avenue Apartments Units Still Available,All Units Filled,Rental,QN,11377,45-07 48 AVENUE,QN0202,2022-03-18,2022-04-18,2,,1,1,,,,,,,2,,,,,,,,40.739406,-73.920214,New Construction,402,4001707501,4623240
1799,45-57 Davis Street Apartments,All Units Filled,Rental,QN,11101,45-57 DAVIS STREET,QN0201,2020-11-16,2021-01-19,48,12,23,12,1,,,,,,48,,,,,,,,40.744259,-73.944615,New Construction,402,4000850030,4000715
3174,45-57 Davis Street Apartments - Units Still Available,All Units Filled,Rental,QN,11101,45-57 DAVIS STREET,QN0201,2022-09-12,2022-10-12,16,12,4,,,,,,,,16,,,,,,,,40.744259,-73.944615,New Construction,402,4000850030,4000715
2251,455 Onderdonk Avenue Apartments,All Units Filled,Rental,QN,11385,455 ONDERDONK AVENUE,QN0502,2021-06-29,2021-07-21,5,,3,2,,,,,,,5,,,,,,,,40.707108,-73.91248,New Construction,405,4034030009,4081279
1790,482 Seneca Avenue Apartments,All Units Filled,Rental,QN,11385,482 SENECA AVENUE,QN0502,2020-09-17,2020-10-08,7,,3,3,1,,,,,,7,,,,,,,,40.705722,-73.912633,New Construction,405,4034330035,4081973
2939,52 Roosevelt Apartments,All Units Filled,Rental,QN,11377,43-08 52 STREET,QN0202,2022-06-10,2022-07-05,12,,6,6,,,,,,,12,,,,,,,,40.74386,-73.912555,New Construction,402,4013207502,4030855
2188,5203 CENTER BLVD APARTMENTS,All Units Filled,Rental,QN,11101,5203 Center Blvd,QN0201,2021-06-16,2021-09-13,534,174,145,215,,,,160,,,374,,5,2,50,5,,19,40.742166,-73.960033,New Construction,402,4000067504,4618318
1793,5241 CENTER BLVD APARTMENTS,All Units Filled,Rental,QN,11101,5241 Center Blvd,QN0201,2020-09-23,2020-12-09,185,89,36,60,,,,80,,,105,,5,2,50,5,,,40.741408,-73.960654,New Construction,402,4000067505,4617913
1896,53-08 102 Street,All Units Filled,Rental,QN,11368,53-08 102 STREET,QN0402,2020-12-22,2021-01-14,3,,3,,,,,,,,3,,,,,,,,40.741219,-73.859214,New Construction,404,4019380016,4047633
2329,53-08 102nd Street - Units Still Available,All Units Filled,Rental,QN,11368,53-08 102 STREET,QN0402,2021-08-24,2021-09-24,1,,1,,,,,,,,1,,,,,,,,40.741219,-73.859214,New Construction,404,4019380016,4047633
2721,55-44 97 Place Apartments,All Units Filled,Rental,QN,11368,55-44 97 PLACE,QN0402,2022-03-17,2022-04-21,3,,,3,,,,,,,3,,,,,,,,40.738592,-73.863658,New Construction,404,4019050047,4047191
2641,56-12 Van Cleef Apartments,All Units Filled,Rental,QN,11368,55-56 Van Cleef St,QN0402,2022-04-08,2022-05-02,3,,3,,,,,,,,3,,,,,,,,40.74083,-73.853044,New Construction,404,,
3021,56-15 Van Cleef Street Apartment,All Units Filled,Rental,QN,11368,56-15 Van Cleef St,QN0402,2022-07-06,2022-07-28,3,,3,,,,,,,,3,,,,,,,,40.740532,-73.852056,New Construction,404,4019680073,4000000
2479,57-41 Granger Street Apartments,All Units Filled,Rental,QN,11368,57-41 GRANGER STREET,QN0402,2022-02-10,2022-03-04,6,,2,4,,,,,,,6,,,,,,,,40.73902,-73.856621,New Construction,404,4019510010,4048009
2302,59-24 41st Avenue,All Units Filled,Rental,QN,11377,59-24 41 AVENUE,QN0203,2021-08-23,2021-09-14,3,,1,2,,,,,,,3,,,,,,,,40.744159,-73.904716,New Construction,402,4013320088,4031270
4049,61-13 Utopia Parkway,All Units Filled,Rental,QN,11365,6113 Utopia Pkwy,QN0803,2023-09-13,2023-10-12,3,,1,2,,,,,,,3,,,,,,,,40.73866,-73.792942,New Construction,408,4070700047,4623885
3737,64-16 Wetherole street Apartments,All Units Filled,Rental,QN,11374,64-16 WETHEROLE STREET,QN0601,2023-06-01,2023-07-05,5,,3,2,,,,,,,5,,,,,,,,40.727367,-73.861906,New Construction,406,4030960079,4072479
2556,67-47 Alderton Street Apartment,All Units Filled,Rental,QN,11374,6747 Alderton St,QN0601,2022-01-26,2022-03-10,6,,6,,,,,,,,6,,,,,,,,40.716587,-73.858754,New Construction,406,4031500022,4074432
3700,69-03/69-05 Ditmars Boulevard Apartments,All Units Filled,Rental,QN,11370,69-05 Ditmars Blvd,QN0101,2023-05-18,2023-06-23,5,,,5,,,,,,,5,,,,,,,,40.768245,-73.899512,New Construction,401,4009660001,4617726
2068,74-10 Broadway Apartments - Units Still Available,All Units Filled,Rental,QN,11373,74-10 Broadway,QN0401,2021-05-28,2021-06-28,3,,,3,,,,,,,3,,,,,,,,40.746543,-73.891168,New Construction,404,4014857502,4618361
3520,8 Court Square Apartments,All Units Filled,Rental,QN,,8 Ct Square E,,2023-04-13,2023-06-20,48,17,25,6,,,,,,,48,,,,,,,,,,New Construction,,,
3971,83-15 Parsons Boulevard Apartments,All Units Filled,Rental,QN,11432,83-15 Parsons Blvd,QN0805,2023-10-05,2023-10-26,10,2,3,5,,,,,,,10,,,,,,,,40.715355,-73.807692,New Construction,408,4068620331,4620899
1749,83-67 116th Street Apartments,All Units Filled,Rental,QN,11418,83-67 116 STREET,QN0901,2020-09-22,2020-10-14,14,4,6,4,,,,,,,14,,,,,,,,40.704521,-73.835823,New Construction,409,4033210175,4617666
1998,86-15 Rockaway Boulevard Apartments,All Units Filled,Rental,QN,11416,86-15 ROCKAWAY BOULEVARD,QN0904,2021-03-02,2021-03-23,6,1,,5,,,,,,,6,,,,,,,,40.683024,-73.853871,New Construction,409,4090580018,4188326
5630,88-11 179th Place Apartments,All Units Filled,Rental,QN,11432,88-11 179th Pl,QN1201,2025-03-10,2025-04-11,15,,7,8,,,,,10,,5,,5,2,20,5,,,40.712413,-73.78341,New Construction,412,4099150028,4625391
7141,88-34 54th Avenue Apartments,All Units Filled,Rental,QN,11373,88-34 54 AVENUE,QN0401,2025-07-29,2025-08-20,3,,3,,,,,,,,3,,,,,,,,40.737065,-73.874909,New Construction,404,4018400013,4045371
4614,88-36 139th Street Apartments,All Units Filled,Rental,QN,11435,88-36 139th St,QN0805,2024-04-01,2024-06-03,25,6,15,4,,,,,,,25,,,,,,,,40.703428,-73.813796,New Construction,412,4096200033,4000000
2528,89-28 138 Place Apartments,All Units Filled,Rental,QN,11435,89-28 138 PLACE,QN1201,2022-01-05,2022-02-28,3,,1,2,,,,,,,3,,,,,,,,40.702075,-73.813779,New Construction,412,4099740020,4213677
2449,91-03 Whitney Avenue - Units Still Available,All Units Filled,Rental,QN,11373,91-03 Whitney Ave,QN0401,2021-11-10,2021-12-27,3,,,3,,,,,,,3,,,,,,,,40.746861,-73.875035,New Construction,404,4015520043,4618852
1889,91-03 Whitney Avenue Apartments,All Units Filled,Rental,QN,11373,91-03 Whitney Ave,QN0401,2020-12-03,2020-12-24,10,,1,9,,,,,,,10,,,,,,,,40.746861,-73.875035,New Construction,404,4015520043,4618852
3145,91-09 Roosevelt Avenue Apartments,All Units Filled,Rental,QN,11372,76-91 Roosevelt Ave,QN0301,2022-10-06,2022-12-09,27,6,15,6,,,,,,,27,,,,,,,,40.747123,-73.888864,New Construction,403,,
4339,91-15 101st Avenue Apartments,All Units Filled,Rental,QN,11416,91-15 101 AVENUE,QN0904,2024-02-08,2024-03-01,3,,1,2,,,,,,,3,,,,,,,,40.683366,-73.849205,New Construction,409,4090657501,4625101
3880,94-50 45th Avenue Apartments,All Units Filled,Rental,QN,11373,9450 45th Ave,QN0401,2023-07-07,2023-09-01,3,,,3,,,,,,,3,,,,,,,,40.744021,-73.870147,New Construction,404,4016020028,4618175
4095,97-01 55th Avenue Apartments,All Units Filled,Rental,QN,11368,97-01 55 AVENUE,QN0402,2023-10-11,2023-11-15,3,,1,2,,,,,,,3,,,,,,,,40.738676,-73.864521,New Construction,404,4018970004,4047018
2616,99-21 Corona Avenue Apartments,All Units Filled,Rental,QN,11368,99-21 CORONA AVENUE,QN0402,2022-01-28,2022-02-22,3,,2,1,,,,,,,3,,,,,,,,40.744338,-73.862337,New Construction,404,4016290103,4040752
3948,99-45 66th Avenue Apartments,All Units Filled,Rental,QN,11374,99-45 66 AVENUE,QN0602,2023-09-13,2023-10-04,4,,4,,,,,,,,4,,,,,,,,40.728445,-73.854439,New Construction,406,4021167503,4050958
2499,ALVISTA TOWERS II,All Units Filled,Rental,QN,11435,147-25 94th Avenue,QN1201,2021-12-08,2022-02-07,353,73,169,111,,,,163,,162,28,,5,2,50,5,,,40.699222,-73.806426,New Construction,412,4099987502,4618544
3431,APEX PLACE PHASE 2,All Units Filled,Rental,QN,11375,110-41 Colonial Avenue,QN0602,2023-01-13,2023-02-10,122,10,40,62,10,,1,29,28,36,28,,5,2,50,5,,,40.7373,-73.848505,New Construction,406,4021590002,4000000
3031,Allen Affordable HDFC,All Units Filled,Owner,QN,11433,163-19 109 AVENUE,QN1202,2022-12-27,2023-01-26,1,,,,1,,,,,,1,,,,,,,,40.695087,-73.789864,New Construction,412,4101710059,4216570
2384,Apex Place Apartments,All Units Filled,Rental,QN,11375,62-11 108th Street,QN0602,2021-09-17,2021-11-16,163,14,67,68,14,,1,37,37,45,43,,5,2,50,5,,,40.73653,-73.851437,New Construction,406,4021597501,4619475
2384,Apex Place Apartments,All Units Filled,Rental,QN,11375,108-75 62nd Drive,QN0602,2021-09-17,2021-11-16,104,10,42,41,11,,,23,23,29,29,,5,2,50,5,,,40.736236,-73.849168,New Construction,406,4021597501,4619735
2011,Archer Green,All Units Filled,Rental,QN,11433,9223 168th St,QN1201,2021-02-12,2021-04-14,351,36,143,149,23,,,39,139,39,134,,5,2,50,5,,,40.705757,-73.792164,New Construction,412,4102097501,4617186
3123,Astoria West Phase 2,All Units Filled,Rental,QN,11102,11-12 30 DRIVE,QN0102,2022-09-12,2022-11-14,80,8,61,11,,,,,,,80,,,,,,,,40.770235,-73.934066,New Construction,401,4005040122,4623158
3123,Astoria West Phase 2,All Units Filled,Rental,QN,11102,11-28 30 DRIVE,QN0102,2022-09-12,2022-11-14,46,3,31,12,,,,,,,46,,,,,,,,40.770156,-73.933867,New Construction,401,4005040121,4619107
5387,BEACH GREEN DUNES III,All Units Filled,Rental,QN,11691,3-31 Beach 35th St,QN1401,2024-10-17,2024-12-16,117,29,55,31,2,,15,43,59,,,,5,2,20,5,,,40.596108,-73.767699,New Construction,414,4158250007,4000000
3866,Beach 101 Apartments,All Units Filled,Rental,QN,11694,101-19 ROCKAWAY BEACH BOULEVARD,QN1402,2023-07-31,2023-08-21,18,4,11,3,,,,,,,18,,,,,,,,40.583447,-73.821947,New Construction,414,4161740023,4303810
4390,Burrelli NYC Apartments,All Units Filled,Rental,QN,11106,23-09 Broadway,QN0103,2024-04-29,2024-05-20,3,,2,1,,,,,,,3,,,,,,,,40.764332,-73.930057,New Construction,401,4005670021,4623428
2566,Centennial Astoria Apartments - Units Still Available,All Units Filled,Rental,QN,11106,14-53 31st Avenue,QN0102,2022-02-28,2022-03-30,5,,1,4,,,,,,,5,,,,,,,,40.767576,-73.930419,New Construction,401,4005340001,4595613
2484,Cypress Avenue Apartments,All Units Filled,Rental,QN,11385,80-97 CYPRESS AVENUE,QN0503,2022-02-18,2022-04-20,26,10,6,10,,,,,26,,,,5,2,50,5,,,40.692336,-73.893687,New Construction,405,4037310065,4554538
2735,Dutch House Apartments,All Units Filled,Rental,QN,11106,35-05 30 STREET,QN0103,2022-03-21,2022-05-20,56,13,38,5,,,,,,,56,,,,,,,,40.758224,-73.929515,New Construction,401,4006030021,4007984
4663,Elmcor Permanent Supportive Residences,All Units Filled,Rental,QN,11368,104-10 NORTHERN BOULEVARD,QN0303,2024-05-30,2024-06-21,9,9,,,,,,1,8,,,,5,2,,,,100,40.757694,-73.864417,New Construction,403,4017190004,4620871
4538,Fabric Astoria 45th Street Apartments,All Units Filled,Rental,QN,11105,22-51 45th St,QN0101,2024-04-08,2024-06-10,20,2,6,10,2,,,,19,,1,,5,2,50,5,,,40.769915,-73.904267,New Construction,401,4007697502,4000000
4936,Fabric Astoria 46th Homeownership,All Units Filled,Owner,QN,11105,2254 46th St,QN0101,2024-07-10,2024-09-12,10,,1,7,2,,,,10,,,,5,2,20,5,,,40.769352,-73.903644,New Construction,401,4007690025,4624959
3835,Federation Nameoke Apartments,All Units Filled,Rental,QN,11691,20-50 NAMEOKE STREET,QN1401,2023-08-25,2023-10-26,45,5,30,10,,,,,45,,,,5,2,50,5,,,40.607633,-73.751956,New Construction,414,4155290010,4624027
3071,GOTHAM POINT NORTH TOWER,All Units Filled,Rental,QN,11101,1-15 57th Ave,QN0201,2022-07-25,2022-09-28,463,136,167,139,21,,51,67,35,,310,,5,2,50,5,,20,40.739191,-73.961727,New Construction,402,4000067503,4619856
2441,GOTHAM POINT SOUTH TOWER,All Units Filled,Rental,QN,11101,5728 2nd St,QN0201,2021-10-22,2022-01-17,270,54,158,40,18,,5,44,22,,199,,5,2,50,5,,,40.738889,-73.960396,New Construction,402,4000067503,4000000
3176,HALLETTS POINT 7,All Units Filled,Rental,QN,11102,3-3 27th Ave,QN0102,2022-09-21,2022-11-21,145,36,36,73,,,,64,81,,,,5,2,50,5,50,,40.774992,-73.934242,New Construction,401,,
2172,J&J Tower - Units Still Available,All Units Filled,Rental,QN,11377,46-02 70 STREET,QN0203,2021-05-27,2021-06-28,8,2,,6,,,,,,,8,,,,,,,,40.739657,-73.894221,New Construction,402,4024327501,4619357
2579,One Archer,All Units Filled,Rental,QN,11433,160-05 Archer Ave,QN1201,2022-02-17,2022-04-21,95,22,56,17,,,,,,,95,,,,,,,,40.702792,-73.798221,New Construction,412,4101010150,4000000
4559,One Archer-Waiting List,All Units Filled,Rental,QN,11433,160-05 Archer Ave,QN1201,2024-03-18,2024-04-17,94,22,55,17,,,,,,,94,,,,,,,,40.702792,-73.798221,New Construction,412,4101010150,4000000
3330,Parkside Manor,All Units Filled,Rental,QN,11435,148-29 90 AVENUE,QN1201,2023-02-10,2023-04-11,27,2,15,10,,,,,18,,9,,5,2,50,5,,,40.703331,-73.80685,New Construction,412,4096810085,4618716
3830,Plaza 129,All Units Filled,Rental,QN,11419,12925 101st Ave,QN0903,2023-06-15,2023-07-06,3,,1,,2,,,,,,3,,,,,,,,40.692315,-73.817708,New Construction,409,4094730022,4605312
3830,Plaza 129,All Units Filled,Rental,QN,11419,12921 101st Ave,QN0903,2023-06-15,2023-07-06,3,,1,,2,,,,,,3,,,,,,,,40.69231,-73.817729,New Construction,409,4094730024,4597173
3830,Plaza 129,All Units Filled,Rental,QN,11419,129-19 101st Ave,QN0903,2023-06-15,2023-07-06,3,,1,,2,,,,,,3,,,,,,,,40.692307,-73.81774,New Construction,409,4094730026,4618156
4457,Q-188 Apartments,All Units Filled,Rental,QN,11423,188-11 HILLSIDE AVENUE,QN0804,2024-03-07,2024-03-28,15,,15,,,,,,,,15,,,,,,,,40.715188,-73.773394,New Construction,408,4104990092,4223680
2400,RADROC,All Units Filled,Rental,QN,11691,10-18 Beach 20th St,QN1401,2021-10-09,2021-12-08,73,16,35,16,6,,,27,46,,,,5,2,50,5,,,40.602824,-73.753206,New Construction,414,4155617501,4617912
2400,RADROC,All Units Filled,Rental,QN,11691,19-38 Cornaga Ave,QN1401,2021-10-09,2021-12-08,154,35,73,41,5,,,74,80,,,,5,2,50,5,,,40.602296,-73.752541,New Construction,414,4155617501,4617904
3752,ROCKAWAY VILLAGE APARTMENTS PHASE 3,All Units Filled,Rental,QN,11691,1626 Village Ln,QN1401,2023-06-02,2023-08-01,282,23,82,138,39,,36,88,158,,,,5,2,50,5,,,40.606322,-73.752494,New Construction,414,4155377501,4623535
4591,ROCKAWAY VILLAGE PHASE 4 APARTMENTS,All Units Filled,Rental,QN,11691,1607 Village Ln,QN1401,2024-03-15,2024-05-14,45,4,17,20,4,,6,13,26,,,,5,2,50,5,,,40.606435,-73.752328,New Construction,414,4155377501,4000000
4591,ROCKAWAY VILLAGE PHASE 4 APARTMENTS,All Units Filled,Rental,QN,11691,1605 Village Ln,QN1401,2024-03-15,2024-05-14,110,8,37,54,11,,12,33,65,,,,5,2,50,5,,,40.606446,-73.752314,New Construction,414,4155377501,4000000
2475,Rise LIC,All Units Filled,Rental,QN,11101,2917 40th Ave,QN0105,2022-01-18,2022-03-24,31,8,11,10,2,,,,19,,12,,5,2,50,5,,,40.752206,-73.935379,New Construction,401,4003990034,4623074
2563,Rockaway Village Apartments,All Units Filled,Rental,QN,11691,1720 Village Lane,QN1401,2021-12-19,2022-02-21,151,15,59,55,22,,12,42,59,38,,,5,2,50,5,,,40.605441,-73.753441,New Construction,414,4155377501,4623292
2563,Rockaway Village Apartments,All Units Filled,Rental,QN,11691,1725 Village Lane,QN1401,2021-12-19,2022-02-21,194,21,57,94,22,,9,61,77,47,,,5,2,50,5,,,40.605522,-73.753167,New Construction,414,4155377501,4623326
2563,Rockaway Village Apartments,All Units Filled,Rental,QN,11691,1701 Village Lane,QN1401,2021-12-19,2022-02-21,205,17,69,90,29,,,91,113,1,,,5,2,50,5,,,40.605863,-73.753032,New Construction,414,4155377501,4620781
2299,Roosevelt Apartments Phase I,All Units Filled,Rental,QN,11368,108-67 ROOSEVELT AVENUE,QN0303,2021-08-16,2021-09-07,2,,2,,,,,,,,2,,,,,,,,40.750874,-73.858266,New Construction,403,4017807506,4619683
2299,Roosevelt Apartments Phase I,All Units Filled,Rental,QN,11368,108-53 ROOSEVELT AVENUE,QN0303,2021-08-16,2021-09-07,2,,2,,,,,,,,2,,,,,,,,40.750869,-73.858277,New Construction,403,4017807504,4044832
2299,Roosevelt Apartments Phase I,All Units Filled,Rental,QN,11368,108-65 ROOSEVELT AVENUE,QN0303,2021-08-16,2021-09-07,2,,2,,,,,,,,2,,,,,,,,40.750874,-73.858266,New Construction,403,4017807502,4619684
2299,Roosevelt Apartments Phase I,All Units Filled,Rental,QN,11368,108-55 ROOSEVELT AVENUE,QN0303,2021-08-16,2021-09-07,2,,2,,,,,,,,2,,,,,,,,40.750871,-73.858277,New Construction,403,4017807505,4619680
2299,Roosevelt Apartments Phase I,All Units Filled,Rental,QN,11368,108-69 ROOSEVELT AVENUE,QN0303,2021-08-16,2021-09-07,2,,2,,,,,,,,2,,,,,,,,40.750874,-73.858263,New Construction,403,4017807508,4431610
2299,Roosevelt Apartments Phase I,All Units Filled,Rental,QN,11368,108-57 ROOSEVELT AVENUE,QN0303,2021-08-16,2021-09-07,2,,2,,,,,,,,2,,,,,,,,40.750871,-73.858274,New Construction,403,4017807509,4619681
2299,Roosevelt Apartments Phase I,All Units Filled,Rental,QN,11368,108-59 ROOSEVELT AVENUE,QN0303,2021-08-16,2021-09-07,2,,2,,,,,,,,2,,,,,,,,40.750871,-73.858274,New Construction,403,4017807501,4044831
2299,Roosevelt Apartments Phase I,All Units Filled,Rental,QN,11368,108-61 ROOSEVELT AVENUE,QN0303,2021-08-16,2021-09-07,2,,2,,,,,,,,2,,,,,,,,40.750871,-73.85827,New Construction,403,4017807503,4619682
2299,Roosevelt Apartments Phase I,All Units Filled,Rental,QN,11368,108-63 ROOSEVELT AVENUE,QN0303,2021-08-16,2021-09-07,2,,2,,,,,,,,2,,,,,,,,40.750871,-73.85827,New Construction,403,4017807507,4619685
1842,Roosevelt Parc Apartments,All Units Filled,Rental,QN,11372,37-46 72 STREET,QN0401,2020-11-09,2021-01-12,47,15,19,9,4,,,,,,47,,,,,,,,40.747525,-73.893776,New Construction,403,4012827501,4618758
2508,SVEN,All Units Filled,Rental,QN,11101,2959 Northern Blvd,QN0105,2022-01-18,2022-03-21,288,50,188,41,9,,,,,,288,,,,,,,,40.75018,-73.93562,New Construction,401,4004030003,4622937
2746,Silver Point Apartments,All Units Filled,Rental,QN,11377,43-20 52 STREET,QN0202,2022-03-30,2022-05-06,5,,,5,,,,,,,5,,,,,,,,40.743731,-73.912584,New Construction,402,4013207503,4030858
2078,T Building  82-41 Parsons Boulevard,All Units Filled,Rental,QN,11432,82-41 PARSONS BOULEVARD,QN0802,2021-04-14,2021-06-16,124,15,49,53,7,,,,74,50,,,5,2,50,5,,,40.717176,-73.808203,Preservation,408,4068587501,4442434
2284,THE CROSSING AT JAMAICA STATION - UNITS STILL AVAILABLE,All Units Filled,Rental,QN,11435,147-40 ARCHER AVENUE,QN1201,2021-07-21,2021-08-11,75,6,29,36,4,,,,,,75,,,,,,,,40.700836,-73.806551,New Construction,412,4099987501,4607280
2940,TRIO,All Units Filled,Rental,QN,11101,27-19 Thomson Ave,QN0201,2022-07-14,2022-08-29,11,1,7,3,,,,,,,11,,,,,,,,40.746303,-73.942452,New Construction,402,4000817502,4000694
1958,The Astor LIC,All Units Filled,Rental,QN,11101,36-20 Steinway St,QN0104,2021-02-05,2021-04-07,43,13,21,9,,,,,,,43,,,,,,,,40.753253,-73.923688,New Construction,401,4006657501,4619734
2702,The Bishop Rene Valero Senior Residence,All Units Filled,Rental,QN,11106,23-11 31st Rd,QN0103,2022-04-13,2022-06-15,56,7,49,,,,,56,,,,,5,2,,,,100,40.765808,-73.928818,New Construction,401,4005690017,4619746
5003,The Clairemont,All Units Filled,Rental,QN,11101,26-04 Jackson Ave,QN0201,2024-07-29,2024-10-14,25,6,6,13,,,,,,,25,,,,,,,,40.747241,-73.942032,New Construction,402,4002680011,4000000
1714,The Cove 43-12 Hunter Street,All Units Filled,Rental,QN,11101,43-12 HUNTER STREET,QN0201,2020-10-01,2021-01-05,37,19,13,5,,,,,,,37,,,,,,,,40.748103,-73.94206,New Construction,402,4004340016,4620265
4480,The Crown Residency at Northern,All Units Filled,Rental,QN,11368,103-14 Northern Blvd,QN0303,2024-01-24,2024-02-14,12,1,9,2,,,,,,,12,,,,,,,,40.757637,-73.86541,New Construction,403,4017180005,4623460
5614,The Fifty LIC,All Units Filled,Rental,QN,11101,39-26 30th St,QN0105,2025-02-05,2025-02-27,16,,16,,,,,,16,,,,5,2,20,5,,,40.752729,-73.934062,New Construction,401,4003990031,4625411
3017,The Green House,All Units Filled,Rental,QN,11101,1027 Jackson Ave,QN0201,2022-07-19,2022-08-09,14,3,4,7,,,,,,,14,,,,,,,,40.742229,-73.953256,New Construction,402,4000410010,4000225
4131,The Grosvenor Senior Apartments,All Units Filled,Rental,QN,11418,82-77 116 STREET,QN0901,2023-11-17,2023-12-08,17,,14,3,,,,,12,,5,,5,2,50,5,,70,40.707094,-73.836484,New Construction,409,4033210091,4079271
3331,The Jackson,All Units Filled,Rental,QN,11372,35-64 85 STREET,QN0301,2023-01-03,2023-02-07,12,2,5,5,,,,,,,12,,,,,,,,40.751691,-73.881833,New Construction,403,4014580035,4541460
4257,The Metropolitan Senior Apartments,All Units Filled,Rental,QN,11418,132-77 Metropolitan Ave,QN0901,2024-01-26,2024-03-08,13,2,8,3,,,,,13,,,,5,2,50,5,,100,40.70284,-73.818461,New Construction,409,4092850090,4619099
4626,The Mozart Long Island City aka 39-04 29th Street Apartments,All Units Filled,Rental,QN,11101,39-04 29 STREET,QN0105,2024-03-14,2024-04-05,6,1,3,2,,,,,,,6,,,,,,,,40.753306,-73.934682,New Construction,401,4003987501,4004829
4584,The Peninsula A1 aka Edgemere Commons Apartments,All Units Filled,Rental,QN,11691,5123 Beach Channel Dr,QN1402,2024-04-11,2024-06-10,134,,77,50,7,,38,,96,,,,5,2,50,5,,,40.595196,-73.782775,New Construction,414,4158437501,4000000
2021,Tree of Life,All Units Filled,Rental,QN,11432,89-46 164th St,QN1201,2021-02-25,2021-04-27,166,14,82,40,30,,,17,63,86,,,5,2,50,5,,,40.707058,-73.796928,New Construction,412,4097937502,4623027
4660,217 Main Street Apartments,All Units Filled,Rental,SI,10307,217 MAIN STREET,SI0305,2024-05-15,2024-06-06,4,,,4,,,,,,,4,,,,,,,,40.50991,-74.247685,New Construction,503,5080470035,5089269
1782,360 Van Duzer Street Apartments,All Units Filled,Rental,SI,10304,360 VAN DUZER STREET,SI0102,2020-09-21,2020-10-13,3,,1,2,,,,,,,3,,,,,,,,40.62933,-74.07938,New Construction,501,5005150036,5013507
2571,Castleton Supportive Housing,All Units Filled,Rental,SI,10302,1546 CASTLETON AVENUE,SI0106,2022-03-18,2022-04-15,16,16,,,,,,,16,,,,5,2,50,5,,,40.63586,-74.134431,New Construction,501,5010350012,5000000
4972,Harborview Senior Apartments AKA 80 Scarboro Ave Apartments,All Units Filled,Rental,SI,10305,80 SCARBORO AVENUE,SI0103,2024-07-16,2024-09-16,31,,15,16,,,,,28,,3,,5,2,20,5,,90,40.613706,-74.062592,New Construction,501,5028320140,5166607
