lottery_id,lottery_name,lottery_status,development_type,borough,postcode,address,neighborhood,lottery_start_date,lottery_end_date,unit_count,studio_units,1br_units,2br_units,3br_units,4br_units,ami_extremely_low,ami_very_low,ami_low,ami_moderate,ami_middle,ami_above,mobility_percent,vision_hearing_percent,community_board_percent,municipal_employee_percent,nycha_percent,senior_percent,latitude,longitude,reporting_construction_type,community_board,bbl,bin
7522,223 East 117th Street aka PETER JAY SHARP RESIDENCE,Active,Rental,MN,10035,223 EAST  117 STREET,MN1102,2026-07-01,2026-07-23,23,23,,,,,,,23,,,,5,2,,,,,40.798344,-73.938827,Preservation,111,1016670012,1085963
7589,534 Third Avenue Apartments,Active,Rental,MN,10016,534 3rd Ave,MN0603,2026-06-15,2026-07-07,40,21,12,7,,,,16,16,,8,,5,2,20,10,,,40.74676,-73.977383,New Construction,106,1008910044,1000000
7548,RIALTO WEST,Active,Rental,MN,10036,509 W 48th St,MN0402,2026-05-20,2026-07-20,133,32,36,53,12,,,39,31,47,16,,5,2,20,10,,,40.763565,-73.992997,Preservation,104,1010770029,1000000
7563,Three Waterline Square aka 635 West 59th Street - Waiting List,Active,Rental,MN,10019,635 WEST   59 STREET,MN0701,2026-06-01,2026-06-23,55,,24,28,3,,,22,33,,,,,,,,,,40.772279,-73.991999,Preservation,107,1011710157,1089374
7523,WILLOW TREE RESIDENCES,Active,Rental,MN,10017,225 E 45th St,MN0604,2026-05-05,2026-07-03,51,51,,,,,,,51,,,,5,2,20,10,,,40.752396,-73.97232,New Construction,106,1013190011,1000000
7492,West Harlem Renaissance,Active,Rental,MN,10030,103-109 W 141st St,MN1002,2026-04-27,2026-05-28,21,,3,,18,,,6,15,,,,5,2,,,,,40.818117,-73.938574,Preservation,110,1020100024,1060089
7492,West Harlem Renaissance,Active,Rental,MN,10030,121-123 W 144th St,MN1002,2026-04-27,2026-05-28,23,10,13,,,,,6,15,2,,,5,2,,,,,40.820219,-73.937767,Preservation,110,1020130020,1060166
7566,104 Fleet Place Apartments,Active,Rental,BK,11201,104 Fleet Place,BK0202,2026-06-22,2026-07-14,20,5,5,10,,,,,20,,,,,,,,,,40.692615,-73.981782,New Construction,302,3020620018,3000000
7529,163 Willoughby Street Apartments,Active,Rental,BK,11201,163 Willoughby St,BK0202,2026-07-06,2026-07-27,20,5,5,10,,,,,20,,,,,,,,,,40.692041,-73.982013,New Construction,302,,
7519,165 Willoughby Street Apartments,Active,Rental,BK,11201,165 WILLOUGHBY STREET,BK0202,2026-04-27,2026-06-29,20,5,,15,,,,,20,,,,5,2,20,10,,,40.692038,-73.981948,New Construction,302,3020620024,3058263
7462,170 Freeman Street Apartments,Active,Rental,BK,11222,170 FREEMAN STREET,BK0101,2026-04-13,2026-06-15,21,3,13,5,,,,,11,,10,,5,2,20,10,,,40.734481,-73.954532,New Construction,301,3025130006,3000000
7517,2683 Atlantic Avenue Apartments,Active,Rental,BK,11207,2683 ATLANTIC AVENUE,BK0502,2026-05-21,2026-06-12,58,,,58,,,,23,24,9,2,,,,20,10,,,40.67588,-73.895281,New Construction,305,3036710038,3339353
7562,275 20th Street Apartments,Active,Rental,BK,11215,275 20 STREET,BK0702,2026-06-03,2026-06-25,13,13,,,,,,3,,10,,,,,,,,,40.661323,-73.991851,Preservation,307,3008850058,3017170
7561,282 4th Avenue Apartments,Active,Rental,BK,11215,282 4 AVENUE,BK0601,2026-06-01,2026-06-23,13,,6,7,,,,7,3,3,,,5,2,20,10,,,40.675603,-73.984357,New Construction,306,3004560032,3332112
7584,343 Himrod Street Apartments,Active,Rental,BK,11237,343 Himrod St,BK0401,2026-06-29,2026-07-20,15,,,15,,,,5,10,,,,,,,,,,40.702473,-73.917535,Preservation,304,3032700024,3074538
7473,645 Park Place Aka 711 Franklin Avenue Apartments,Active,Rental,BK,11216,645 Park Pl,BK0802,2026-06-25,2026-07-20,18,,12,6,,,,,15,,3,,5,2,20,5,,,40.674080000000004,-73.956202,New Construction,308,3012310001,3000000
7572,COLUMBIA COMMONS I,Active,Rental,BK,11231,498 Columbia St,BK0601,2026-07-01,2026-08-28,239,68,86,85,,,,67,111,61,,,5,2,20,10,,,40.67453,-74.007769,Preservation,306,3005790003,3000000
7333,HELP Hinsdale C,Active,Rental,BK,11207,314 Hinsdale St,BK0502,2026-05-14,2026-06-16,30,,,19,11,,,5,25,,,,5,2,20,10,,,40.667562,-73.899588,New Construction,305,3037660042,3000000
7541,1004 Summit Avenue Apartments,Active,Rental,BX,10452,1004 SUMMIT AVENUE,BX0402,2026-06-18,2026-07-13,3,2,1,,,,,,3,,,,,,,,,,40.83348,-73.930035,New Construction,204,2025250002,2003456
7485,1060 Prospect Avenue,Active,Rental,BX,10459,1060 Prospect Ave,BX0202,2026-06-15,2026-07-09,6,,3,3,,,,,6,,,,,,,,,,40.824614,-73.899556,New Construction,202,,
7533,1143 Hoe Avenue Apartments,Active,Rental,BX,10459,1143 Hoe Ave,BX0303,2026-06-02,2026-06-24,10,1,5,3,1,,,,10,,,,,,,,,,40.827293,-73.890909,Preservation,203,2027450044,2000000
7544,1407 Nelson Avenue Apartments,Active,Rental,BX,10452,1407 NELSON AVENUE,BX0403,2026-05-28,2026-06-18,5,1,,4,,,,,5,,,,,,,,,,40.842452,-73.922039,New Construction,204,2028740157,2008783
7564,1422 Vyse Avenue,Active,Rental,BX,10459,1422 Vyse Ave,BX0303,2026-05-20,2026-06-11,3,1,2,,,,,,3,,,,,,,,,,40.830799,-73.889505,New Construction,203,2029940010,2010731
7583,1938 Prospect Avenue Apartments,Active,Rental,BX,10457,1938 Prospect Ave,BX0602,2026-06-15,2026-07-07,3,2,1,,,,,,3,,,,,,,,,,40.843952,-73.889375,Preservation,206,2029560004,2000000
7555,217 Bedford Park Boulevard Apartments,Active,Rental,BX,10458,217 Bedford Park Blvd,BX0702,2026-05-26,2026-06-16,6,6,,,,,,,6,,,,,,,,,,40.871674,-73.887304,New Construction,207,2033060052,2017212
7545,2334-2336 Valentine Avenue Apartments,Active,Rental,BX,10458,2334 Valentine Ave,BX0503,2026-05-14,2026-06-05,7,,3,4,,,,,7,,,,,,,,,,40.857669,-73.8978,New Construction,205,2031460019,2013434
7574,2351 Lorillard Place Apartments,Active,Rental,BX,10458,2351 Lorillard Pl,BX0603,2026-07-02,2026-07-24,18,,2,5,11,,,5,11,2,,,,,20,10,,,40.855368,-73.890166,Preservation,206,2030550033,2011695
7590,269 Van Cortlandt Avenue E,Active,Rental,BX,10467,269 Van Cortlandt Ave E,BX0703,2026-06-23,2026-07-16,6,2,1,,3,,,,6,,,,,,,,,,40.876657,-73.880389,New Construction,207,2033360008,2018040
7573,3060 3rd Avenue Apartments,Active,Rental,BX,10451,3060 3 AVENUE,BX0102,2026-06-04,2026-06-26,6,3,1,2,,,,,6,,,,,,,,,,40.820702,-73.912667,Preservation,201,2023640010,2001186
7527,786 Fairmount Place,Active,Rental,BX,10460,786 FAIRMOUNT PLACE,BX0602,2026-05-22,2026-06-15,2,,1,1,,,,,2,,,,,,,,,,40.842763,-73.889182,Preservation,206,2029540020,2010022
7543,PENINSULA 1221 & 1225 Spofford Avenue,Active,Rental,BX,10474,1221 Spofford Ave,BX0201,2026-05-09,2026-07-07,113,23,18,48,18,6,11,34,68,,,,,,,,,,40.813893,-73.890566,New Construction,202,,
7543,PENINSULA 1221 & 1225 Spofford Avenue,Active,Rental,BX,10474,1225 Spofford Ave,BX0201,2026-05-09,2026-07-07,190,47,74,32,37,,21,58,111,,,,,,,,,,40.813901,-73.890505,New Construction,202,,
7549,106 Fleet Place Apartments,Active,Rental,QN,,106 Fleet Place,,2026-06-29,2026-07-21,20,5,5,10,,,,,20,,,,,,,,,,,,New Construction,,,
7538,87-67 170th Street Apartments,Active,Rental,QN,11432,87-67 170th St,QN1201,2026-06-01,2026-06-23,8,1,6,,1,,,,8,,,,,,,,,,40.710623,-73.791752,New Construction,412,4098260049,4000000
7495,THE BARNETT,Active,Rental,QN,11104,50-25 Barnett Ave,QN0261,2026-04-09,2026-06-08,146,15,72,45,14,,18,36,92,,,,5,2,20,10,,,40.750171,-73.913174,Preservation,402,4001190143,4000000
7554,The Doria,Active,Rental,QN,11101,34-16 38 Street,QN0103,2026-05-18,2026-06-09,23,,9,14,,,,8,15,,,,,,,,,,40.756649,-73.921998,New Construction,401,,
6821,1026 Third Avenue Apartments,Tenant Selection,Rental,MN,10065,1026 3rd Ave,MN0802,2025-03-17,2025-05-16,27,12,11,4,,,,11,11,,5,,5,2,20,5,,,40.762668,-73.965786,New Construction,108,1013950039,1000000
7438,107 Mott Street Apartments,Tenant Selection,Rental,MN,10013,107 Mott St,MN0201,2026-02-19,2026-03-12,3,,3,,,,,,1,,2,,,,,,,,40.717418,-73.997399,New Construction,102,1002050025,1091657
4993,160 Madison Avenue Waiting List,Tenant Selection,Rental,MN,10016,160 MADISON AVENUE,MN0501,2024-10-07,2024-11-06,64,15,41,8,,,,64,,,,,,,,,,,40.746769,-73.983698,New Construction,105,1008627504,1017014
4349,1638 Park Avenue Apartments,Tenant Selection,Rental,MN,10029,1638 Park Ave,MN1102,2024-02-26,2024-03-18,6,2,2,2,,,,3,3,,,,5,2,50,5,,,40.799208,-73.94332,New Construction,111,1016220033,1000000
7113,185 Chrystie Street Apartments,Tenant Selection,Rental,MN,10002,183-185 Chrystie St,MN0302,2025-06-26,2025-07-28,11,,4,7,,,,4,7,,,,5,2,20,5,,,40.721548,-73.992096,New Construction,103,1004260035,1000000
4444,21 West End - Waiting List,Tenant Selection,Rental,MN,10023,21 WEST END AVENUE,MN0701,2024-01-12,2024-02-12,127,36,63,23,5,,,127,,,,,5,2,,,,,40.772463,-73.989844,New Construction,107,1011717510,1088870
4387,221 West 29th Street Waitlist,Tenant Selection,Rental,MN,10001,221 WEST 29 STREET,MN0501,2024-01-03,2024-02-05,25,6,16,3,,,,10,10,,5,,,,,,,,40.748214,-73.993735,New Construction,105,1007790027,1090618
6801,25 Water Street Apartments,Tenant Selection,Rental,MN,10004,25 WATER STREET,MN0101,2025-03-05,2025-05-05,330,238,73,12,7,,,66,4,260,,,,,,,,,40.703026,-74.011202,New Construction,101,1000050010,1000007
5365,250 East 83rd Street Apartments,Tenant Selection,Rental,MN,10028,250 E 83rd St,MN0803,2024-12-11,2025-02-10,33,8,8,17,,,,13,13,,7,,5,2,20,5,,,40.776382,-73.954276,New Construction,108,1015280028,1091807
7235,250 West 49th Street Apartments,Tenant Selection,Rental,MN,10019,250 W 49th St,MN0502,2025-09-02,2025-11-03,42,10,11,21,,,,,14,,28,,,,,,,,40.761193,-73.985478,New Construction,105,1010200059,1000000
4372,266 West 96th Street Apartments,Tenant Selection,Rental,MN,10025,266 W 96th St,MN0702,2023-12-15,2024-02-16,52,27,12,11,2,,,,19,,33,,5,2,50,5,,,40.794953,-73.972523,New Construction,107,1012437503,1091038
7092,300 East 50th Street Apartments,Tenant Selection,Rental,MN,10022,300 E 50th St,MN0604,2025-06-19,2025-08-21,59,16,32,10,1,,,,20,,39,,5,2,20,5,,,40.75472,-73.968172,New Construction,106,1013420051,1000000
3546,30th and 11th Apartments,Tenant Selection,Rental,MN,10001,606 WEST 30 STREET,MN0401,2023-04-26,2023-06-26,70,24,31,15,,,,31,25,14,,,5,2,50,5,,,40.753484,-74.004371,New Construction,104,1006750039,1012275
4405,312 West 43rd Street Apartments,Tenant Selection,Rental,MN,10036,312 W 43rd St,MN0402,2024-02-20,2024-04-22,83,10,60,13,,,,33,33,17,,,5,2,50,5,,,40.758182,-73.989973,New Construction,104,1010337501,1024945
7284,313 East 17th Street Apartments,Tenant Selection,Rental,MN,10003,313 EAST 17 STREET,MN0602,2025-10-16,2025-12-15,22,1,10,11,,,,5,10,7,,,,,,,,,40.734047,-73.983034,New Construction,106,1009230011,1020430
7131,335 8th Avenue Apartments,Tenant Selection,Rental,MN,10001,335 8 AVENUE,MN0401,2025-06-26,2025-08-26,57,18,31,8,,,,,19,,38,,,,,,,,40.747563,-73.996849,Preservation,104,1007510020,1000000
4741,339 West 38TH Street Apartments,Tenant Selection,Rental,MN,10018,341 WEST 38 STREET,MN0402,2024-06-20,2024-08-19,30,15,12,3,,,,12,12,,6,,5,2,20,5,,,40.755237,-73.992864,New Construction,104,1007620011,1013637
7314,37th and 1st Apartments,Tenant Selection,Rental,MN,10016,650 1 AVENUE,MN0603,2025-12-16,2026-02-18,28,10,14,4,,,,6,10,12,,,,,,,,,40.745817,-73.972016,New Construction,106,1009690001,1022547
4461,42 West 33rd Street Waiting List,Tenant Selection,Rental,MN,10001,42 WEST 33 STREET,MN0501,2024-01-19,2024-02-20,45,14,26,5,,,,,45,,,,,,,,,,40.748606,-73.987061,New Construction,105,1008340069,1015855
3170,435 West 31st Street Waiting List,Tenant Selection,Rental,MN,10001,435 WEST 31 STREET,MN0401,2022-09-12,2022-10-17,170,53,90,25,2,,,86,83,1,,,5,2,,,,,40.752032,-73.998957,New Construction,104,1007297502,1089664
4574,451 Tenth Avenue Apartments,Tenant Selection,Rental,MN,10018,451 10 AVENUE,MN0401,2024-04-08,2024-06-10,135,64,60,11,,,,54,54,27,,,,,,,,,40.755303,-73.998636,New Construction,104,1007077501,1091604
2973,524 East 14th Street Waiting List,Tenant Selection,Rental,MN,10009,524 EAST 14 STREET,MN0303,2022-06-17,2022-08-01,50,12,13,25,,,,,17,,33,,,,,,,,40.72983,-73.978954,New Construction,103,1004077504,1090264
5421,525 W 52nd Street - Waiting List,Tenant Selection,Rental,MN,10019,525 WEST 52 STREET,MN0402,2024-12-02,2025-01-03,79,19,39,21,,,,,79,,,,5,2,,,,,40.766521,-73.992253,New Construction,104,1010817501,1090143
7080,55 Broad Street Apartments,Tenant Selection,Rental,MN,10004,55 BROAD STREET,MN0101,2025-06-04,2025-08-04,143,70,63,9,1,,,29,76,38,,,,,,,,,40.705189,-74.011505,New Construction,101,1000250001,1000821
5064,550 10th Avenue Apartments,Tenant Selection,Rental,MN,10018,550 10 AVENUE,MN0402,2024-08-09,2024-10-09,114,42,44,28,,,,,24,,90,,5,2,20,5,,,40.758743,-73.996105,New Construction,104,1010507502,1076207
7212,554 West 46th Street Apartments,Tenant Selection,Rental,MN,10036,554 W 46th St,MN0402,2025-08-25,2025-09-16,12,3,3,6,,,,,12,,,,,,,,,,40.762948,-73.995459,New Construction,104,1010740063,1000000
3198,555 Tenth Avenue - Waiting List,Tenant Selection,Rental,MN,10018,555 10 AVENUE,MN0401,2022-09-27,2022-10-27,150,25,83,37,5,,,60,60,30,,,5,2,,,,,40.758861,-73.996044,New Construction,104,1010697501,1089722
7021,555 West 45th Street Apartments,Tenant Selection,Rental,MN,10036,555 W 45th St,MN0402,2025-04-28,2025-05-19,12,3,3,6,,,,,12,,,,,,,,,,40.762349,-73.995946,New Construction,104,1010740063,1000000
7178,570 Washington Street Senior Apartments,Tenant Selection,Rental,MN,10014,570 WASHINGTON STREET,MN0203,2025-08-26,2025-10-27,122,57,40,25,,,,122,,,,,5,2,,,,,40.729212,-74.009316,New Construction,102,1005967502,1091654
3352,60 Fulton Street Apartments - Waiting list,Tenant Selection,Rental,MN,10038,56 FULTON STREET,MN0101,2022-12-23,2023-01-23,30,9,10,11,,,,12,12,,6,,5,2,,,,,40.7085,-74.004916,New Construction,101,1000760006,1090416
3081,605 West 42nd Street Apartments - Waiting List,Tenant Selection,Rental,MN,10036,605 WEST 42 STREET,MN0402,2023-08-24,2023-09-25,295,102,143,50,,,,120,116,59,,,2,2,,,,,40.76096,-73.998617,New Construction,104,1010907502,1089438
4709,606 West 57th Street - Waiting List,Tenant Selection,Rental,MN,10019,606 WEST 57 STREET,MN0402,2024-07-11,2024-08-12,258,55,109,86,8,,,103,103,52,,,5,2,,,,,40.770531,-73.991945,New Construction,104,1011040031,1090190
7278,622 11th Avenue Apartments,Tenant Selection,Rental,MN,10036,622 11th Ave,MN0402,2025-11-26,2026-01-26,22,4,5,13,,,,,22,,,,5,2,20,10,,,40.76317,-73.996596,New Construction,104,1010740063,1000000
4586,645 East 9th Street Apartments,Tenant Selection,Rental,MN,10009,645 E 9th St,MN0303,2024-03-07,2024-04-19,3,,2,1,,,,,1,,2,,,,,,,,40.725754,-73.979064,New Construction,103,1003920040,1091060
7488,74 West 126th Street Apartments,Tenant Selection,Rental,MN,10027,74 WEST 126 STREET,MN1001,2026-03-30,2026-04-20,5,5,,,,,,1,2,2,,,,,,,,,40.807978,-73.943897,New Construction,110,1017230065,1053526
4761,83rd and 2nd Apartments,Tenant Selection,Rental,MN,10028,300 E 83rd St,MN0803,2024-07-31,2024-09-30,28,7,7,14,,,,,7,,21,,5,2,20,5,,,40.775767,-73.952817,New Construction,108,1015450049,1000000
3826,88 East 127th Street Apartments,Tenant Selection,Rental,MN,10035,88 E 127th St,MN1102,2023-08-10,2023-10-09,40,15,9,16,,,,32,,,8,,5,2,50,5,,,40.806581,-73.93865,New Construction,111,1017517501,1091567
4932,ATTORNEY STREET APARTMENTS,Tenant Selection,Rental,MN,10002,165 Broome St,MN0302,2024-06-28,2024-08-28,196,23,87,64,22,,34,46,116,,,,5,2,20,5,,,40.71672,-73.985646,New Construction,103,1003417501,1090663
4817,Amana NYC,Tenant Selection,Rental,MN,10034,112 Seaman Ave,MN1203,2024-06-04,2024-06-25,8,1,6,1,,,,,3,,5,,,,,,,,40.868509,-73.92395,New Construction,112,1022480112,1091578
3370,American Copper - Waiting List,Tenant Selection,Rental,MN,10016,626 1 AVENUE,MN0603,2022-12-23,2023-01-23,160,43,66,41,10,,,,160,,,,2,3,,,,,40.744898,-73.972688,New Construction,106,1009670001,1089237
7469,Aria Platt 7,Tenant Selection,Rental,MN,10038,7-13 Platt St,MN0101,2026-04-07,2026-06-08,75,40,22,13,,,,,25,,50,,,,,,,,40.707641,-74.006528,New Construction,101,1000690053,1000000
4167,Emerald Green - Waiting List,Tenant Selection,Rental,MN,10018,320 WEST 38 STREET,MN0401,2023-12-06,2024-01-12,120,21,67,32,,,,120,,,,,,,,,,,40.755053,-73.992467,New Construction,104,1007610043,1087840
3855,Enclave at The Cathedral Waitlist,Tenant Selection,Rental,MN,10025,400 WEST 113 STREET,MN0901,2023-08-18,2023-09-18,87,24,43,20,,,,,87,,,,,,,,,,40.804117,-73.960646,New Construction,109,1018650020,1089808
7456,Forte Living,Tenant Selection,Rental,MN,10029,205 E 110th St,MN1102,2026-02-26,2026-04-27,53,1,27,25,,,,21,21,,11,,5,2,20,10,,,40.793971,-73.942403,New Construction,111,1016607503,1000000
7175,Inwood Living,Tenant Selection,Rental,MN,10034,3880 9 AVENUE,MN1203,2025-08-06,2025-10-06,70,17,18,35,,,,28,28,12,2,,5,2,20,5,,,40.864118,-73.916764,New Construction,112,1021890060,1091848
2244,KB25 - Waiting List,Tenant Selection,Rental,MN,10010,325 EAST 25 STREET,MN0603,2021-08-24,2021-09-24,55,10,18,27,,,,,22,11,22,,,,,,,,40.738855,-73.979204,New Construction,106,1009310017,1090206
7474,Las Raices Apartments,Tenant Selection,Rental,MN,10035,338 E 117th St,MN1102,2026-04-14,2026-06-16,6,1,3,,2,,,4,2,,,,5,2,20,10,,,40.797165,-73.93608,New Construction,111,1016880034,1000000
7474,Las Raices Apartments,Tenant Selection,Rental,MN,10035,1761 Park Ave,MN1102,2026-04-14,2026-06-16,38,7,19,12,,,,21,17,,,,5,2,20,10,,,40.803258,-73.940329,New Construction,111,1017710001,1000000
7474,Las Raices Apartments,Tenant Selection,Rental,MN,10035,505 E 118th St,MN1102,2026-04-14,2026-06-16,16,4,5,4,3,,,8,8,,,,5,2,20,10,,,40.796284,-73.932007,New Construction,111,1018150006,1000000
7474,Las Raices Apartments,Tenant Selection,Rental,MN,10029,303 EAST 102 STREET,MN1101,2026-04-14,2026-06-16,5,3,,2,,,,4,1,,,,5,2,20,10,,,40.788016,-73.944199,New Construction,111,1016740104,1091726
5734,Maison 78 AKA 356 East 78th Street Apartments,Tenant Selection,Rental,MN,10075,1487 1st Ave.,MN0801,2025-02-12,2025-04-14,45,8,14,23,,,,,15,,30,,,,,,,,40.771378,-73.953405,New Construction,108,1014520027,1000000
6873,Miramar aka West 206th Street Apartments,Tenant Selection,Rental,MN,10034,407 WEST 206 STREET,MN1203,2025-04-02,2025-06-02,191,19,112,56,4,,,74,117,,,,5,2,20,5,,,40.863178,-73.917911,New Construction,112,1022030009,1091692
6873,Miramar aka West 206th Street Apartments,Tenant Selection,Rental,MN,10034,405 WEST 206 STREET,MN1203,2025-04-02,2025-06-02,90,11,53,24,2,,,34,56,,,,5,2,20,5,,,40.863167,-73.917886,New Construction,112,1022030021,1091691
7416,Morningside ANCP,Tenant Selection,Owner,MN,10026,321 WEST  116 STREET,MN1001,2026-02-12,2026-04-13,9,,,1,8,,,,9,,,,,,,,,,40.804698,-73.956004,Preservation,110,1019430018,1059012
7416,Morningside ANCP,Tenant Selection,Owner,MN,10026,357 WEST 115 STREET,MN1001,2026-02-12,2026-04-13,10,,,6,4,,,,10,,,,,,,,,,40.804481,-73.957623,Preservation,110,1018490027,1055870
5482,NORTH COVE APARTMENTS,Tenant Selection,Rental,MN,10034,375 WEST  207 STREET,MN1203,2024-12-11,2025-02-11,484,118,224,142,,,61,122,152,149,,,5,2,20,5,,,40.863599,-73.916537,Preservation,112,1021880001,1089192
7540,One Waterline Square - Waiting List,Tenant Selection,Rental,MN,10019,675 WEST   59 STREET,MN0701,2026-05-20,2026-06-11,64,11,10,41,2,,,,64,,,,,,,,,,40.772537,-73.992613,Preservation,107,1011717512,1089741
2943,Park 79 Apartments,Tenant Selection,Rental,MN,10024,117 WEST 79 STREET,MN0702,2022-06-03,2022-08-05,53,53,,,,,,53,,,,,5,2,,,,100,40.782276,-73.976229,New Construction,107,1012100026,1031763
5392,Ray Harlem,Tenant Selection,Rental,MN,10035,2035 5th Ave,MN1102,2024-12-02,2025-02-03,58,24,27,7,,,,23,23,,12,,5,2,20,5,,,40.806868,-73.941922,New Construction,111,1017500001,1000000
5050,Riverton Square Waiting List,Tenant Selection,Rental,MN,10037,2156 MADISON AVENUE,MN1102,2024-11-04,2024-12-06,53,,17,36,,,,,53,,,,,,,,,,40.812626,-73.935884,Preservation,111,1017600001,1081105
7298,The Andrea,Tenant Selection,Rental,MN,10001,280 8th Ave,MN0401,2025-11-13,2026-01-13,28,11,12,5,,,,11,11,,6,,,,,,,,40.746043,-73.997928,New Construction,104,1007740001,1000000
7286,The East,Tenant Selection,Rental,MN,10009,644 EAST 14 STREET,MN0303,2025-10-16,2025-12-16,60,23,24,13,,,,,20,,40,,,,,,25,,40.728628,-73.976126,New Construction,103,1003960029,1004945
6842,The Houston aka 280 East Houston Street,Tenant Selection,Rental,MN,10002,280 EAST HOUSTON STREET,MN0303,2025-03-26,2025-05-27,40,18,14,8,,,,16,16,,8,,5,2,20,5,,,40.721627,-73.984307,New Construction,103,1003977503,1004960
7372,The Lotus,Tenant Selection,Rental,MN,10016,255 E 39th St,MN0603,2026-01-26,2026-03-30,48,2,39,7,,,,,16,,32,,5,2,20,10,,,40.748247,-73.974347,New Construction,106,,
4505,The MiMa - Waiting List,Tenant Selection,Rental,MN,10036,450 WEST 42 STREET,MN0402,2024-02-29,2024-04-01,161,86,52,23,,,,140,21,,,,,,,,,,40.759184,-73.994448,New Construction,104,1010517502,1088437
5527,The Smile - Waiting List,Tenant Selection,Rental,MN,10035,158 EAST  126 STREET,MN1102,2025-01-28,2025-02-28,70,21,42,7,,,,,47,,23,,,,,,,,40.804778999999996,-73.936315,Preservation,111,1017747501,1090966
7369,The Sophia Apartments,Tenant Selection,Rental,MN,10034,5055 BROADWAY,MN1203,2026-01-05,2026-01-27,13,,10,3,,,,6,6,,1,,5,2,20,10,,,40.870136,-73.915516,New Construction,112,1022430255,1090922
2322,The Victoria Tower Residences,Tenant Selection,Rental,MN,10027,230 WEST 126 STREET,MN1001,2021-11-08,2022-01-10,102,10,41,51,,,,42,22,,38,,5,2,,,,,40.810094,-73.948931,New Construction,110,1019317501,1058657
5339,Tryon North,Tenant Selection,Rental,MN,10034,4778 Broadway,MN1203,2024-12-02,2025-02-03,23,5,10,8,,,,9,9,3,2,,5,2,20,5,,,40.865818,-73.926444,New Construction,112,0000000000,1091659
7537,Two Waterline Square at 400 West 61st Street - Waiting List,Tenant Selection,Rental,MN,10001,400 WEST 31 STREET,MN0401,2026-05-18,2026-06-09,156,33,31,92,,,,,156,,,,5,2,,,,,40.751488,-73.997708,New Construction,104,1007287501,1012833
5182,VICTORY PLAZA Senior - Waiting List,Tenant Selection,Rental,MN,10026,11 WEST  118 STREET,MN1001,2024-08-21,2024-09-19,79,78,1,,,,,79,,,,,5,2,,,,100,40.802418,-73.946542,Preservation,110,1017170028,1090710
3986,Virginia House Senior Residences,Tenant Selection,Rental,MN,10029,124 EAST 112 STREET,MN1101,2023-09-15,2023-10-19,33,32,1,,,,,33,,,,,5,2,,,,100,40.79631,-73.944059,New Construction,111,1016390062,1052223
4592,1 Park Point,Tenant Selection,Rental,BK,11218,11 Ocean Pkwy,BK0701,2024-04-04,2024-06-04,95,,67,28,,,,38,38,19,,,5,2,50,5,,,40.650632,-73.973191,New Construction,307,3053220010,3429422
6813,1 Putnam Avenue Apartments,Tenant Selection,Rental,BK,11238,1 Putnam Ave,BK0204,2025-07-15,2025-08-05,13,,10,3,,,,,8,,5,,5,2,20,5,,,40.682649,-73.962135,New Construction,302,3019810001,3000000
4295,1042 President Street,Tenant Selection,Rental,BK,11225,1042 President St,BK0901,2023-12-05,2023-12-26,18,4,7,7,,,,,18,,,,5,2,50,5,,100,40.668572,-73.95701,New Construction,309,3012800029,3428914
7483,105 Hawthorne Street Apartments,Tenant Selection,Rental,BK,11225,105 Hawthorne St,BK0902,2026-03-31,2026-04-21,3,3,,,,,,,3,,,,,,,,,,40.65742,-73.957251,New Construction,309,3050420067,3115524
7401,107 South 6th Street Apartments,Tenant Selection,Rental,BK,11249,107 SOUTH 6 STREET,BK0102,2025-12-23,2026-01-22,8,3,3,2,,,,2,3,3,,,,,,,,,40.710734,-73.964554,New Construction,301,3024560034,3339457
7326,11 Gerry Street Apartments,Tenant Selection,Rental,BK,11206,11 GERRY STREET,BK0103,2025-12-31,2026-03-04,120,,40,40,16,24,,53,52,15,,,5,2,20,10,,,40.700235,-73.949394,New Construction,301,3022657501,3000000
7155,12 Rockwell Place & 625 Fulton Street Apartments,Tenant Selection,Rental,BK,11201,12 Rockwell Pl,BK0203,2025-07-16,2025-09-15,52,13,13,26,,,,,52,,,,5,2,20,5,,,40.689427,-73.979461,New Construction,302,3020940001,3000000
7480,1259 St Marks Avenue Apartments,Tenant Selection,Rental,BK,11213,1259 St Marks Ave,BK0802,2026-03-12,2026-04-13,5,1,1,3,,,,,5,,,,,,,,,,40.673972,-73.92722499999999,New Construction,308,3013560075,3035936
5561,129 3rd Street Apartments,Tenant Selection,Rental,BK,11231,129 3rd St.,BK0601,2025-03-05,2025-05-05,33,,21,12,,,,13,17,,3,,5,2,20,5,,,40.676765,-73.991477,New Construction,306,3004620006,3429971
6919,1305 Newkirk Avenue AKA 585 Argyle Road,Tenant Selection,Rental,BK,11230,585 Argyle Rd,BK1402,2025-03-31,2025-04-21,9,,1,8,,,,,6,,3,,5,2,20,5,,,40.635069,-73.965145,New Construction,314,3051990037,3000000
7384,133 Carlton Avenue Apartments,Tenant Selection,Rental,BK,11205,133 Carlton Ave,BK0203,2025-12-30,2026-01-21,2,,2,,,,,,2,,,,,,,,,,40.693735,-73.973019,New Construction,302,3020440003,3000000
7382,1451 Sutter Avenue Apartments,Tenant Selection,Rental,BK,11208,1451 Sutter Ave,BK0505,2025-12-09,2026-01-02,17,7,3,7,,,,,17,,,,,,,,,,40.673907,-73.864238,New Construction,305,3042570040,3000000
7062,150 Lawrence Street Apartmens,Tenant Selection,Rental,BK,11201,150 Lawrence St,BK0202,2025-06-23,2025-08-25,20,5,5,10,,,,,20,,,,,,,,,,40.691825,-73.986301,New Construction,302,3001510037,3000000
4727,1510 BROADWAY APARTMENTS,Tenant Selection,Rental,BK,11221,1510 BROADWAY,BK1601,2024-05-20,2024-07-18,90,7,38,34,11,,10,27,53,,,,5,2,20,5,,,40.686811,-73.917364,New Construction,316,3014897501,3039905
7226,1601 DeKalb,Tenant Selection,Rental,BK,11237,1601 DEKALB AVENUE,BK0401,2025-09-05,2025-11-05,81,33,24,6,18,,,15,20,46,,,5,2,20,5,,,40.703756,-73.919792,New Construction,304,3032370023,3428633
7150,1663 East New York Avenue Apartments,Tenant Selection,Rental,BK,11212,1663 E New York Ave,BK1601,2025-08-27,2025-09-17,11,4,,,7,,,4,7,,,,5,2,20,5,,,40.674106,-73.906694,New Construction,316,3014500036,3000000
5699,18 India Street Apartments,Tenant Selection,Rental,BK,11222,18 India St,BK0101,2025-01-27,2025-03-28,251,65,145,41,,,,,84,,167,,5,2,20,5,,,40.731774,-73.9604,New Construction,301,3025380001,3000000
5340,1889 Atlantic Avenue Apartments,Tenant Selection,Rental,BK,11233,1889 Atlantic Ave,BK0302,2024-11-19,2025-01-22,27,6,7,14,,,,,16,,11,,5,2,20,5,,,40.676975,-73.922355,New Construction,303,3017140030,3000000
7132,19 Rockwell Place Apartments,Tenant Selection,Rental,BK,11217,19 ROCKWELL PLACE,BK0203,2025-07-23,2025-10-01,53,10,32,11,,,,,6,,47,,5,2,20,5,,,40.689285,-73.979418,New Construction,302,3020950010,3430082
7170,202 Tillary Street Apartments,Tenant Selection,Rental,BK,11201,202 Tillary St,BK0202,2025-08-11,2025-10-10,120,39,66,15,,,,48,48,24,,,5,2,20,5,21,,40.695853,-73.981922,New Construction,302,3020500100,3000000
7194,204 Schenck Avenue Apartments,Tenant Selection,Rental,BK,11207,204 SCHENCK AVENUE,BK0502,2025-10-09,2025-10-31,2,,1,1,,,,,2,,,,,,,,,,40.676091,-73.889314,New Construction,305,3039630021,3328369
3007,227 West Street & 27 Eagle Street,Tenant Selection,Rental,BK,11222,1 EAGLE STREET,BK0101,2022-07-11,2022-09-19,108,23,31,48,6,,,,76,,32,,5,2,50,5,,,40.73458,-73.961023,New Construction,301,3024720021,3426510
7078,239 East 28th Street Apartments,Tenant Selection,Rental,BK,11226,239 EAST 28 STREET,BK1701,2025-05-12,2025-06-03,2,1,1,,,,,,2,,,,,,,,,,40.644042,-73.950752,New Construction,317,3051720051,3429969
7216,2425 Pacific Street Apartments,Tenant Selection,Rental,BK,11233,2425 Pacific St,BK1601,2025-10-28,2025-12-29,93,,34,31,28,,12,25,56,,,,5,2,20,5,,,40.675244,-73.905081,New Construction,316,3014370046,3000000
5020,2667 Fulton Street  Apartments,Tenant Selection,Rental,BK,11207,2667 FULTON STREET,BK0501,2024-08-22,2024-10-21,28,,12,16,,,,11,11,,6,,5,2,20,5,,,40.677388,-73.896083,New Construction,305,3036610001,3427033
5323,268 Barbey Street Apartments,Tenant Selection,Rental,BK,11207,268 BARBEY STREET,BK0502,2024-11-25,2025-01-24,80,19,42,16,3,,,32,32,13,3,,5,2,20,5,,,40.676365,-73.888452,New Construction,305,3039647501,3428817
7134,2700 Atlantic Avenue Apartments,Tenant Selection,Rental,BK,11207,2700 Atlantic Ave,BK0502,2026-03-26,2026-05-26,52,,33,15,,4,,17,25,10,,,5,2,20,10,,,40.675937,-73.894603,New Construction,305,3036890012,3000000
7115,271 East 28th Street Apartments,Tenant Selection,Rental,BK,11226,271 EAST 28 STREET,BK1701,2025-06-26,2025-07-28,2,,2,,,,,,2,,,,,,,,,,40.643652,-73.950713,New Construction,317,3051720041,3000000
4060,2715 Fulton Street Apartments,Tenant Selection,Rental,BK,11207,2715 Fulton St,BK0501,2023-10-14,2023-11-03,15,,,15,,,,7,5,3,,,5,2,50,5,,,40.67762,-73.894532,New Construction,305,3036620048,3395220
4833,2777 Atlantic Avenue Apartments,Tenant Selection,Rental,BK,11207,2777 ATLANTIC AVENUE,BK0502,2024-06-05,2024-06-27,19,6,13,,,,,6,8,,5,,5,2,20,5,,,40.67636,-73.891747,New Construction,305,3039460042,3427362
7232,2795 Fulton Street Apartments,Tenant Selection,Rental,BK,11207,2795 Fulton St,BK0501,2025-09-15,2025-10-06,13,,1,8,4,,,5,8,,,,5,2,20,5,,,40.678086,-73.89137,New Construction,305,3039330055,3000000
5602,288 4th Avenue Apartments,Tenant Selection,Rental,BK,11215,288 4th Ave,BK0601,2025-01-22,2025-02-19,18,2,14,2,,,,7,7,2,2,,5,2,20,5,,,40.675477,-73.984458,New Construction,306,3004560034,3000000
7425,2892 Nostrand Ave Apartments,Tenant Selection,Rental,BK,11229,2892 Nostrand Ave,BK1502,2026-03-12,2026-05-12,20,,14,6,,,,8,8,3,1,,5,2,20,10,,,40.613822,-73.944399,New Construction,315,3076900073,3000000
7542,3216 Glenwood Road Apartments,Tenant Selection,Rental,BK,11210,3216 Glenwood Rd,BK1702,2026-05-11,2026-06-02,4,,2,,2,,,,4,,,,,,,,,,40.634126,-73.945604,Preservation,317,3075600045,3000000
7463,325 Bond Street Apartments,Tenant Selection,Rental,BK,11231,325 Bond St,BK0601,2026-04-07,2026-06-08,153,37,78,38,,,,68,54,26,5,,5,2,20,10,,,40.679405,-73.989912,New Construction,306,3004380001,3000000
2840,33 Bond Street - Wait List,Tenant Selection,Rental,BK,11201,33 BOND STREET,BK0202,2022-05-13,2022-06-13,180,65,65,50,,,,72,72,36,,,5,2,,,,,40.688643,-73.983658,New Construction,302,3001667502,3422112
7250,330 Melrose Street Apartments,Tenant Selection,Rental,BK,11237,330 Melrose Street,BK0401,2025-09-24,2025-10-24,14,14,,,,,,3,6,5,,,,,,,,,40.703337,-73.928372,New Construction,304,3031650017,3072091
7394,354 East 28th Street Apartments,Tenant Selection,Rental,BK,11226,354 E 28th St,BK1701,2025-12-23,2026-01-22,7,,3,4,,,,,7,,,,,,,,,,40.641896,-73.950545,New Construction,317,3051930028,3119924
7033,360 Shepherd Avenue Apartments,Tenant Selection,Rental,BK,11208,360 Shepherd Ave,BK0502,2025-06-12,2025-07-03,15,2,5,8,,,,7,5,3,,,5,2,20,5,,,40.675899,-73.881257,New Construction,305,3039880028,3000000
4656,369 Quentin Road Apartments,Tenant Selection,Rental,BK,11223,369 Quentin Rd,BK1501,2024-06-05,2024-06-26,14,,,13,1,,,,14,,,,5,2,20,5,,,40.606723,-73.972197,New Construction,315,3066330045,3430058
7443,400 Thatford Avenue Apartments,Tenant Selection,Rental,BK,11212,400 THATFORD AVENUE,BK1602,2026-03-20,2026-04-10,17,17,,,,,,6,8,3,,,5,2,20,10,,,40.660536,-73.907437,New Construction,316,3036030042,3326671
7323,406 Remsen Avenue Apartments,Tenant Selection,Rental,BK,11212,406 Remsen Ave,BK1703,2025-12-17,2026-02-16,31,7,8,16,,,,,26,,5,,5,2,20,10,,83,40.655747,-73.92327,New Construction,317,3046630004,3000000
3598,409 Eastern Parkway- Waiting List,Tenant Selection,Rental,BK,11216,409 EASTERN PARKWAY,BK0802,2023-05-26,2023-06-26,56,9,35,12,,,,,35,21,,,5,2,,,,,40.670103,-73.954748,New Construction,308,3012607501,3425089
3183,416 and 420 Kent Avenue Waiting List,Tenant Selection,Rental,BK,11249,416 KENT AVENUE,BK0102,2022-10-11,2022-11-14,65,31,18,16,,,,26,26,,13,,5,2,50,5,,,40.710219,-73.968532,New Construction,301,3021280005,3418297
3183,416 and 420 Kent Avenue Waiting List,Tenant Selection,Rental,BK,11249,420 KENT AVENUE,BK0102,2022-10-11,2022-11-14,121,70,27,24,,,,,121,,,,5,2,50,5,,,40.709915,-73.968525,New Construction,301,3021340056,3425676
5179,420 Carroll Street Apartments,Tenant Selection,Rental,BK,11215,424 Carroll St,BK0601,2024-08-27,2024-10-28,30,2,12,12,4,,,13,11,5,1,,5,2,20,5,,,40.677884,-73.988402,New Construction,306,3004530001,3000000
5179,420 Carroll Street Apartments,Tenant Selection,Rental,BK,11215,436 Carroll St,BK0601,2024-08-27,2024-10-28,60,10,38,9,3,,,23,25,12,,,5,2,20,5,,,40.67764,-73.987775,New Construction,306,3004530001,3000000
5098,435 Coney Island Apartments,Tenant Selection,Rental,BK,11218,435 Coney Island Ave,BK1402,2024-10-16,2024-12-16,39,22,17,,,,,,26,,13,,5,2,20,5,,,40.647123,-73.971052,New Construction,314,3050700019,3000000
7393,449 Humboldt Street Apartments,Tenant Selection,Rental,BK,11211,449 HUMBOLDT STREET,BK0104,2026-01-21,2026-02-11,2,,2,,,,,,2,,,,,,,,,,40.717906,-73.94324399999999,New Construction,301,3027400024,3322790
7551,477 Central Avenue Apartments,Tenant Selection,Rental,BK,11221,477 CENTRAL AVENUE,BK0402,2026-05-11,2026-06-02,4,,3,1,,,,,4,,,,,,,,,,40.691466,-73.913507,New Construction,304,3033830003,3414001
5408,499 President Street Apartments,Tenant Selection,Rental,BK,11215,499 President St,BK0601,2024-12-02,2025-02-03,88,23,50,15,,,,35,35,18,,,5,2,20,5,,,40.678027,-73.986657,New Construction,306,3004400001,3000000
7516,50 Commercial Street Apartments,Tenant Selection,Rental,BK,11222,50 Commercial St,BK0101,2026-04-23,2026-05-14,10,,5,5,,,,,6,,4,,5,2,20,10,,,40.736826,-73.957485,New Construction,301,3024820001,3000000
7325,52 4th Avenue Apartments,Tenant Selection,Rental,BK,11217,52 4th Ave,BK0202,2025-12-15,2026-01-05,19,,17,2,,,,7,8,,4,,5,2,20,10,,,40.683038,-73.979261,New Construction,302,3001980036,3000000
5221,527 Grand Avenue Apartments,Tenant Selection,Rental,BK,11211,527 Grand St,BK0102,2024-09-11,2024-10-02,14,,7,7,,,,4,7,,3,,5,2,20,5,,,40.711058,-73.950133,New Construction,301,3027797501,3069333
2783,539  Vanderbilt Avenue,Tenant Selection,Rental,BK,11238,539 Vanderbilt Ave,BK0204,2022-05-05,2022-07-07,80,25,25,26,4,,,,54,,26,,5,2,50,5,,,40.682264,-73.967633,New Construction,302,3020107505,3057522
7103,544 Carroll,Tenant Selection,Rental,BK,11215,544 Carroll St,BK0601,2025-07-02,2025-09-01,35,1,12,22,,,,14,14,7,,,5,2,20,5,,,40.676305,-73.984325,New Construction,306,3004560023,3000000
7294,556 Baltic Street Apartments,Tenant Selection,Rental,BK,11217,556 Baltic St,BK0601,2025-12-08,2026-02-09,23,4,10,9,,,,9,9,5,,,5,2,20,10,,,40.681435,-73.983069,New Construction,306,,
7179,558 Sackett Street Apartments,Tenant Selection,Rental,BK,11217,558 Sackett St,BK0601,2025-08-28,2025-09-29,10,,5,5,,,,4,4,,2,,5,2,20,5,,,40.679503,-73.986365,Preservation,306,3004330014,3000000
5446,566 Grand Street Apartments,Tenant Selection,Rental,BK,11211,568 Grand Street,BK0102,2024-12-11,2025-01-03,7,1,2,4,,,,,4,,3,,5,2,20,5,,,40.711118,-73.949314,New Construction,301,3027850027,3000000
6994,570 Fulton Street Apartments,Tenant Selection,Rental,BK,11217,570 Fulton St,BK0203,2025-05-22,2025-08-18,49,15,28,6,,,,,6,,43,,5,2,20,5,,,40.688373,-73.979605,New Construction,302,3021060035,3000000
4978,5722 7th Avenue Apartments,Tenant Selection,Rental,BK,11220,5722 7 AVENUE,BK0703,2024-11-18,2024-12-09,16,,8,8,,,,,10,,6,,5,2,20,5,,,40.638357,-74.010179,New Construction,307,3008490040,3015852
4804,597 Grand Street Apartments,Tenant Selection,Rental,BK,11211,597 Grand St,BK0104,2024-07-22,2024-09-20,56,6,43,7,,,,,37,,19,,5,2,20,5,,,40.711255,-73.948069,New Construction,301,3027807502,3000000
7434,598 Saratoga Avenue Apartments,Tenant Selection,Rental,BK,11212,598 Saratoga Ave,BK1602,2026-02-17,2026-03-10,2,,,,1,1,,,2,,,,,,,,,,40.666598,-73.916776,New Construction,316,,
4452,633 Marcy Avenue Apartment - Waiting List,Tenant Selection,Rental,BK,11206,633 MARCY AVENUE,BK0301,2024-02-22,2024-03-25,20,,14,6,,,,,12,,8,,,,,,,,40.692917,-73.948707,New Construction,303,3017710005,3425662
5217,655 Union Street Apartments,Tenant Selection,Rental,BK,11215,655 Union St,BK0601,2024-10-21,2024-12-23,50,,39,11,,,,20,20,7,3,,5,2,20,5,,,40.677648,-73.983636,New Construction,306,3004340035,3000000
7016,77 Kosciuszko Street Apartments,Tenant Selection,Rental,BK,11205,77 Kosciuszko St,BK0301,2025-05-01,2025-07-02,110,4,41,65,,,,,110,,,,5,2,20,5,,,40.690523,-73.952337,New Construction,303,,
3134,8 Marcy Avenue Apartments,Tenant Selection,Rental,BK,11211,8 Marcy Ave,BK0102,2022-10-07,2022-12-12,37,8,21,8,,,,,24,,13,,5,2,50,5,,,40.713766,-73.95453499999999,New Construction,301,3023690019,3429448
7214,81A Malcolm X Boulevard,Tenant Selection,Rental,BK,11221,81A Malcolm X Blvd,BK0302,2025-08-21,2025-09-12,2,,2,,,,,,2,,,,,,,,,,40.691094,-73.930672,New Construction,303,3016170084,3000000
4846,828 Metropolitan Avenue Apartments,Tenant Selection,Rental,BK,11211,828 Metropolitan Ave,BK0104,2024-06-10,2024-08-09,35,3,19,13,,,,14,14,4,3,,5,2,20,5,,,40.71468,-73.940816,New Construction,301,3029160014,3000000
7270,836 East 34th Street Apartments,Tenant Selection,Rental,BK,11210,836 E 34th St,BK1702,2025-10-16,2025-11-07,2,,,2,,,,,2,,,,,,,,,,40.635733,-73.944082,New Construction,317,3050080053,3000000
7153,87 Carlton Avenue Apartments,Tenant Selection,Rental,BK,11205,87 CARLTON AVENUE,BK0203,2025-08-21,2025-09-12,2,,2,,,,,,2,,,,,,,,,,40.695061,-73.973282,Preservation,302,3020440025,3000000
7079,91 De Sales Place,Tenant Selection,Rental,BK,11207,91 De Sales Pl,BK0402,2025-05-19,2025-06-10,2,,,2,,,,,2,,,,,,,,,,40.682785,-73.904075,New Construction,304,3034690030,3000000
4860,952 Bedford Avenue Apartments,Tenant Selection,Rental,BK,11205,952 Bedford Ave,BK0301,2024-06-24,2024-07-16,10,,6,4,,,,,5,,5,,5,2,20,5,,,40.692146,-73.955667,New Construction,303,3019280049,3000000
5375,99 Fleet Place Apartments,Tenant Selection,Rental,BK,11201,99 Fleet Pl,BK0203,2024-11-13,2025-01-16,75,18,19,38,,,,30,32,12,1,,5,2,20,5,,,40.69273,-73.981757,New Construction,302,,
6834,ATLANTIC CHESTNUT PHASE 2,Tenant Selection,Rental,BK,11208,254 EUCLID AVENUE,BK0501,2025-03-19,2025-05-19,369,51,131,131,56,,43,109,180,37,,,5,2,20,5,,,40.682273,-73.873905,Preservation,305,3041430002,3428952
6901,Atlantic BK,Tenant Selection,Rental,BK,11238,1057 Atlantic Ave,BK0301,2025-04-10,2025-06-09,138,,102,27,9,,,,92,45,1,,5,2,20,5,,,40.679504,-73.956678,New Construction,303,3020200068,3000000
5139,Bethany Senior Terraces,Tenant Selection,Rental,BK,11203,604 E 40th St,BK1702,2024-08-22,2024-10-31,39,31,8,,,,,39,,,,,5,2,,,,100,40.640688,-73.938903,New Construction,317,3049730016,3429955
4971,Bridge Rockaway Apartments,Tenant Selection,Rental,BK,11212,203 NEWPORT STREET,BK1602,2024-07-23,2024-09-23,86,,15,46,25,,35,38,13,,,,5,2,20,5,,,40.659559,-73.907633,New Construction,316,3036037501,3429686
7413,Brownsville Crossing,Tenant Selection,Rental,BK,11212,177 Hegeman Ave,BK1602,2026-02-12,2026-04-14,12,4,5,,3,,1,2,9,,,,5,2,20,10,,,40.656574,-73.90532,New Construction,316,3036280009,3000000
7413,Brownsville Crossing,Tenant Selection,Rental,BK,11212,47 New Lots Ave,BK1602,2026-02-12,2026-04-14,9,2,3,2,2,,2,4,3,,,,5,2,20,10,,,40.657275,-73.903355,New Construction,316,3038550040,3000000
7413,Brownsville Crossing,Tenant Selection,Rental,BK,11212,216 Sackman St,BK1602,2026-02-12,2026-04-14,13,2,7,3,1,,1,4,8,,,,5,2,20,10,,,40.672691,-73.905679,New Construction,316,3036930022,3000000
7028,Bushwick Alliance,Tenant Selection,Rental,BK,11237,272 Jefferson St,BK0401,2025-05-21,2025-06-11,4,,,4,,,,2,2,,,,5,2,20,5,,,40.703986,-73.926568,New Construction,304,3031750013,3000000
7028,Bushwick Alliance,Tenant Selection,Rental,BK,11237,332 ELDERT STREET,BK0402,2025-05-21,2025-06-11,4,,1,3,,,,2,2,,,,5,2,20,5,,,40.693401,-73.906494,New Construction,304,3034190024,3079126
7028,Bushwick Alliance,Tenant Selection,Rental,BK,11221,63 STOCKHOLM STREET,BK0401,2025-05-21,2025-06-11,11,3,4,4,,,,3,8,,,,5,2,20,5,,,40.696583,-73.92566,New Construction,304,3032430065,3325516
2432,Capstone Condominiums,Tenant Selection,Owner,BK,11206,940 Myrtle Ave,BK0301,2021-11-17,2022-01-21,24,5,7,12,,,,,24,,,,5,2,50,5,,,40.695943,-73.944222,New Construction,303,3017567501,3425801
7244,Concern Logan,Tenant Selection,Rental,BK,11208,467 Logan St,BK0502,2025-10-03,2025-12-05,25,2,17,6,,,,,25,,,,12,8,20,5,,,40.67456,-73.876122,New Construction,305,3042280013,3000000
3781,Concern Pitkin,Tenant Selection,Rental,BK,11207,410 WARWICK STREET,BK0502,2023-09-15,2023-11-14,22,2,15,5,,,,13,9,,,,5,2,50,5,,23,40.673722,-73.88594,New Construction,305,3039980030,3392571
5747,DeKalb Commons,Tenant Selection,Rental,BK,11216,639 DeKalb Ave,BK0301,2025-04-07,2025-06-09,35,4,11,14,6,,9,8,18,,,,5,2,20,5,,,40.691496,-73.950385,New Construction,303,3017740077,3000000
5747,DeKalb Commons,Tenant Selection,Rental,BK,11216,1187 FULTON STREET,BK0301,2025-04-07,2025-06-09,3,,,3,,,1,,2,,,,5,2,20,5,,,40.680793,-73.954049,New Construction,303,3020000043,3057467
5747,DeKalb Commons,Tenant Selection,Rental,BK,11216,652 DEKALB AVENUE,BK0301,2025-04-07,2025-06-09,33,4,15,13,1,,4,7,22,,,,5,2,20,5,,,40.691494,-73.950266,New Construction,303,3017790022,3049618
7422,Douglass Port Apartments,Tenant Selection,Rental,BK,11217,251 Douglass St,BK0601,2026-01-22,2026-03-23,65,11,19,35,,,,26,26,13,,,5,2,20,10,,,40.680708,-73.985308,New Construction,306,3004120050,3006610
5556,Douglass Street Apartments,Tenant Selection,Rental,BK,11217,164 4th Ave,BK0601,2025-01-15,2025-03-17,48,4,37,7,,,,38,,,10,,5,2,20,5,,,40.679223,-73.981829,New Construction,306,3004200037,3000000
5031,EBENEZER PLAZA PHASE 2,Tenant Selection,Rental,BK,11212,589 CHRISTOPHER AVENUE,BK1602,2024-08-03,2024-10-03,165,15,94,46,10,,21,51,93,,,,5,2,20,5,,,40.657206,-73.902652,Preservation,316,3038610001,3428616
7400,Eight80 BK,Tenant Selection,Rental,BK,11238,880 Atlantic Ave,BK0801,2026-03-09,2026-05-08,65,6,39,20,,,,48,4,,13,,,,20,10,,,40.681393,-73.965788,New Construction,308,3011220021,3000000
7410,Gail P. Duke Senior Residence,Tenant Selection,Rental,BK,11212,350 Livonia Ave,BK1602,2026-02-16,2026-04-24,47,24,23,,,,,47,,,,,5,2,,,,,40.663174,-73.90463,Preservation,316,3038110017,3000000
7350,Glenmore Manor Apartments,Tenant Selection,Rental,BK,11212,76 CHRISTOPHER AVENUE,BK1602,2026-01-15,2026-03-16,150,32,24,66,28,,60,16,74,,,,5,2,20,10,,,40.671956,-73.906448,New Construction,316,3036920001,3326760
6988,Greenpoint Central Apartments - 65 Dupont Street,Tenant Selection,Rental,BK,11222,65 Dupont St,BK0101,2025-05-07,2025-07-07,84,26,43,15,,,,,52,,32,,5,2,20,5,,,40.735668,-73.957396,New Construction,301,3024870017,3000000
5409,Greenpoint Central aka 75 Dupont Street Apartments,Tenant Selection,Rental,BK,11222,75 Dupont St,BK0101,2024-11-21,2025-01-21,59,18,30,11,,,,,30,,29,,5,2,20,5,,,40.735698,-73.957082,New Construction,301,3024870018,3000000
3777,Help Hinsdale B LLC,Tenant Selection,Rental,BK,11207,282 HINSDALE STREET,BK0502,2023-08-14,2023-10-13,27,13,8,6,,,,,27,,,,5,2,50,5,,,40.668155,-73.899742,New Construction,305,3037660024,3427356
2069,Hooper Street Apartments,Tenant Selection,Rental,BK,11211,301 HOOPER STREET,BK0102,2021-03-17,2021-04-07,6,1,,2,3,,,,6,,,,,,,,,,40.707533,-73.953749,New Construction,301,3024630021,3063605
2069,Hooper Street Apartments,Tenant Selection,Rental,BK,11211,293 HOOPER STREET,BK0102,2021-03-17,2021-04-07,5,,,5,,,,,5,,,,,,,,,,40.707299,-73.953894,New Construction,301,3024630024,3063606
5549,IMPACCT Myrtle Residences,Tenant Selection,Rental,BK,11206,778 MYRTLE AVENUE,BK0301,2026-01-15,2026-02-16,23,9,8,6,,,,8,15,,,,5,2,20,10,,,40.695079,-73.95176,New Construction,303,3017540020,3427444
6921,Kay's Place,Tenant Selection,Rental,BK,11215,224 12th St,BK0602,2025-04-17,2025-06-17,25,13,6,3,3,,,,25,,,,5,2,20,5,,,40.668242,-73.989604,New Construction,306,3010280007,3000000
4129,LINDEN GROVE SENIOR RESIDENCES,Tenant Selection,Rental,BK,11221,223 Linden St,BK0402,2023-12-12,2024-02-09,97,72,25,,,,,97,,,,,5,2,,,33,100,40.696176,-73.916696,New Construction,304,,
3751,Linden Terrace III,Tenant Selection,Rental,BK,11208,583 Emerald St,BK0505,2023-05-24,2023-07-24,125,9,67,35,14,,9,40,76,,,,5,2,50,5,,,40.668573,-73.858751,New Construction,305,3044960001,3425086
5600,Loden,Tenant Selection,Rental,BK,11225,54 CROWN STREET,BK0901,2024-12-19,2025-02-21,104,34,38,32,,,,42,42,20,,,5,2,20,5,,,40.66722,-73.959667,New Construction,309,3011900029,3330787
5600,Loden,Tenant Selection,Rental,BK,11225,131 Montgomery St,BK0901,2024-12-19,2025-02-21,39,,24,15,,,,18,13,8,,,5,2,20,5,,,40.666394,-73.960151,New Construction,309,3011900029,3330787
5469,Logan Fountain Apartments,Tenant Selection,Rental,BK,11208,265 LOGAN STREET,BK0502,2024-12-12,2025-02-10,68,,18,33,17,,,23,45,,,,5,2,20,5,,,40.679433,-73.877317,New Construction,305,3041547501,3426287
7376,Maison Bond Apartments,Tenant Selection,Rental,BK,11231,335 BOND STREET,BK0601,2026-02-05,2026-03-09,18,,9,9,,,,7,7,4,,,5,2,20,10,,,40.679018,-73.990179,Preservation,306,3004450001,3000000
7118,Marcus Garvey Building G,Tenant Selection,Rental,BK,11212,305 Chester St,BK1602,2025-09-11,2025-11-12,53,,37,2,14,,,,53,,,,5,2,20,5,,,40.664368,-73.910337,New Construction,316,3035600001,3000000
7172,Marcus Garvey C-E,Tenant Selection,Rental,BK,11212,366 Bristol St,BK1602,2025-08-13,2025-10-13,47,4,16,13,14,,,9,38,,,,5,2,20,5,,,40.66201,-73.910719,New Construction,316,,
7172,Marcus Garvey C-E,Tenant Selection,Rental,BK,11212,380 Chester St,BK1602,2025-08-13,2025-10-13,42,,13,17,12,,,7,35,,,,5,2,20,5,,,40.662144,-73.9098,New Construction,316,3035880027,3000000
7245,NEHEMIAH GATEWAY SITE 26A,Tenant Selection,Rental,BK,11239,890 Erskine St,BK0504,2025-09-12,2025-11-12,64,33,31,,,,,64,,,,,5,2,,,,100,40.657328,-73.868777,Preservation,305,3045860926,3000000
5629,One Bell Slip Waiting List,Tenant Selection,Rental,BK,11222,1 BELL SLIP,BK0101,2025-02-04,2025-03-06,125,70,32,23,,,,,42,,83,,5,2,,,,,40.73672,-73.958597,New Construction,301,3024720200,3426466
7185,One Sunset Apartments,Tenant Selection,Rental,BK,11232,201 25 STREET,BK0702,2025-10-02,2025-12-05,48,,36,11,1,,19,,27,,2,,5,2,20,5,,,40.660189,-73.997527,New Construction,307,3006520001,3000000
7005,Paseo on 5th aka 120 5th Avenue Apartments,Tenant Selection,Rental,BK,,55 Paseo Place,,2025-06-24,2025-08-25,36,11,17,8,,,,14,19,3,,,,,20,5,,,,,New Construction,,,
7005,Paseo on 5th aka 120 5th Avenue Apartments,Tenant Selection,Rental,BK,,50 Paseo Place,,2025-06-24,2025-08-25,9,2,3,4,,,,4,4,1,,,,,20,5,,,,,New Construction,,,
6999,Prisma House,Tenant Selection,Rental,BK,11205,126 Sandford St,BK0301,2025-04-29,2025-06-30,30,,24,6,,,,12,12,6,,,5,2,20,5,,,40.695324,-73.953512,New Construction,303,,
6807,Prospect House aka 953 Dean Street Apartments,Tenant Selection,Rental,BK,11238,953 Dean St,BK0802,2025-03-31,2025-05-30,72,11,38,21,2,,,,71,,1,,5,2,20,5,,,40.678176,-73.958301,New Construction,308,3011340096,3000000
7403,Prosper Brooklyn,Tenant Selection,Rental,BK,11238,1042 ATLANTIC AVENUE,BK0802,2026-02-12,2026-04-13,65,14,37,14,,,,49,3,,13,,,,20,10,,,40.680027,-73.959274,New Construction,308,3011250029,3000000
4316,Rheingold Senior Residences,Tenant Selection,Rental,BK,11206,15 Montieth St,BK0401,2024-02-14,2024-04-15,65,26,39,,,,,65,,,,,5,2,,,,100,40.70153,-73.935934,New Construction,304,3031390030,3428524
6866,Riseboro TPT Ten,Tenant Selection,Rental,BK,11221,135 MENAHAN STREET,BK0402,2025-04-15,2025-05-06,4,1,1,1,1,,,,4,,,,5,2,,,,,40.695648,-73.919542,New Construction,304,3033060053,3075660
6866,Riseboro TPT Ten,Tenant Selection,Rental,BK,11221,160 BLEECKER STREET,BK0402,2025-04-15,2025-05-06,4,,3,1,,,,2,2,,,,5,2,,,,,40.696455,-73.919901,New Construction,304,3033060022,3075647
6866,Riseboro TPT Ten,Tenant Selection,Rental,BK,11221,115 LINDEN STREET,BK0402,2025-04-15,2025-05-06,2,1,1,,,,,1,1,,,,5,2,,,,,40.6932,-73.91961,New Construction,304,3033230060,3076110
6866,Riseboro TPT Ten,Tenant Selection,Rental,BK,11237,301 HARMAN STREET,BK0401,2025-04-15,2025-05-06,3,,2,1,,,,2,1,,,,5,2,,,,,40.700072,-73.918721,New Construction,304,3032790048,3074838
6866,Riseboro TPT Ten,Tenant Selection,Rental,BK,11207,230 MOFFAT STREET,BK0402,2025-04-15,2025-05-06,1,,1,,,,,,1,,,,5,2,,,,,40.688638,-73.905318,New Construction,304,3034470033,3080172
4282,Rose Castle Waiting List,Tenant Selection,Rental,BK,11205,31 LITTLE NASSAU STREET,BK0301,2023-12-21,2024-01-22,77,18,20,39,,,,,14,15,48,,,,,,,,40.697906,-73.959591,New Construction,303,3018840040,3054203
3570,Seed Cooperatives - Units Still Available,Tenant Selection,Owner,BK,11233,1900 PARK PLACE,BK1601,2023-04-20,2023-05-22,4,,,4,,,,,4,,,,,,,,,,40.671483,-73.914794,New Construction,316,3014680056,3421943
7130,Serén,Tenant Selection,Rental,BK,11222,16 West St,BK0101,2025-07-23,2025-09-22,35,4,12,19,,,,21,9,,5,,5,2,20,5,,,40.726506,-73.958682,New Construction,301,3025890001,3000000
5290,Shepherd Glenmore,Tenant Selection,Rental,BK,11208,365 Shepherd Ave,BK0502,2024-12-24,2025-02-24,40,15,20,5,,,13,10,17,,,,5,2,20,5,,,40.675765,-73.8812,New Construction,305,3039890001,3000000
3092,Small Homes Rehab - NYCHA Program Cluster III,Tenant Selection,Owner,BK,11208,349 BERRIMAN STREET,BK0503,2022-09-20,2022-11-23,2,,,1,1,,,,1,,,,5,2,50,5,25,,40.669779,-73.878756,New Construction,305,3040700021,3090235
6889,Society Brooklyn at Sackett,Tenant Selection,Rental,BK,11231,504 Sackett St,BK0601,2025-04-08,2025-06-09,45,,17,16,12,,,18,18,8,1,,5,2,20,5,,,40.68039,-73.988661,New Construction,306,,
3395,Surf Vets Place - Waiting List,Tenant Selection,Rental,BK,11224,3003 WEST 21 STREET,BK1302,2023-08-04,2023-09-04,52,,27,19,6,,,28,24,,,,5,2,,,,,40.574364,-73.987581,New Construction,313,3070720001,3423863
7117,The Baltic Canal,Tenant Selection,Rental,BK,11217,526 BALTIC STREET,BK0601,2025-07-09,2025-09-08,25,1,6,18,,,,10,11,,4,,5,2,20,5,,,40.681949,-73.984399,New Construction,306,3004060018,3395579
7029,The Botanica,Tenant Selection,Rental,BK,11225,931 CARROLL STREET,BK0901,2025-06-12,2025-08-13,55,,27,28,,,,22,22,11,,,5,2,20,5,,,40.668183,-73.959685,New Construction,309,3011880058,3029709
7111,The Brook,Tenant Selection,Rental,BK,11201,589 Fulton St,BK0203,2025-06-02,2025-08-01,178,23,127,28,,,,,8,,170,,5,2,20,5,,,40.689238,-73.981765,New Construction,302,3001490014,3000000
7152,The Carroll,Tenant Selection,Rental,BK,11231,33 4th St,BK0601,2025-08-28,2025-10-28,23,3,11,9,,,,9,9,,5,,5,2,20,5,,,40.677654,-73.995064,New Construction,306,3004640051,3000000
6894,The Dome,Tenant Selection,Rental,BK,11222,237 McGuinness Blvd,BK0101,2025-05-07,2025-07-07,21,5,5,11,,,,,13,,8,,5,2,20,5,,,40.730107,-73.951295,New Construction,301,3025760007,3000000
4908,The Dupont,Tenant Selection,Rental,BK,11222,16 Dupont St,BK0101,2024-07-19,2024-09-18,115,28,29,58,,,,,37,,78,,5,2,20,5,,,40.735419,-73.95985,New Construction,301,3024940006,3000000
7083,The Elliot,Tenant Selection,Rental,BK,11217,151 S Elliott Pl,BK0203,2025-05-20,2025-07-22,20,5,5,10,,,,,20,,,,,,,,,,40.684881,-73.975125,New Construction,302,,
7191,The Everly,Tenant Selection,Rental,BK,11217,180 Ashland Pl,BK0203,2025-08-28,2025-10-28,171,104,52,15,,,,,25,,146,,5,2,20,5,,,40.689356,-73.978567,New Construction,302,3020950026,3000000
7052,The Hart,Tenant Selection,Rental,BK,11221,1038 Broadway,BK0302,2025-05-13,2025-06-27,18,16,2,,,,,,12,6,,,5,2,20,5,,,40.69544,-73.932524,New Construction,303,3015937502,3000000
4124,The Hub - Waiting List,Tenant Selection,Rental,BK,11217,333 SCHERMERHORN STREET,BK0202,2023-09-29,2023-10-30,150,46,85,19,,,,,150,,,,,,,,,,40.687144,-73.981243,New Construction,302,3001670013,3418263
5258,The Welz,Tenant Selection,Rental,BK,11206,159 Boerum St,BK0104,2024-09-19,2024-11-18,49,15,22,12,,,,,33,,16,,,,,,,,40.705955,-73.942317,New Construction,301,3030710040,3000000
5468,Union Channel Apartments,Tenant Selection,Rental,BK,11217,240 3 AVENUE,BK0601,2024-11-04,2025-01-03,58,14,12,29,3,,,23,23,10,2,,5,2,20,5,,,40.678691,-73.985207,New Construction,306,3004330028,3429819
5046,Weeksville Place,Tenant Selection,Rental,BK,11233,1559 Prospect Pl,BK0802,2024-08-27,2024-10-28,36,15,7,14,,,10,13,13,,,,5,2,20,5,,56,40.672925,-73.924479,New Construction,308,3013630090,3428724
7006,Williamsburg Wharf A1 aka 482 Kent Avenue,Tenant Selection,Rental,BK,11249,482 Kent Ave,BK0102,2025-05-28,2025-07-28,75,24,35,16,,,,,75,,,,5,2,20,5,,,40.707291,-73.968411,New Construction,301,3021340001,3000000
7237,Williamsburg Wharf A3,Tenant Selection,Rental,BK,11249,470 Kent Ave,BK0102,2025-11-24,2026-01-23,55,15,33,7,,,,,55,,,,5,2,20,10,,,40.707947,-73.968433,New Construction,301,3021340001,3000000
7499,1075 West Farms Road Apartments,Tenant Selection,Rental,BX,10459,1075 West Farms Road,BX0202,2026-04-20,2026-05-11,4,3,1,,,,,,4,,,,,,,,,,40.825487,-73.891129,New Construction,202,2027440043,2000000
7383,1081 Anderson Avenue Apartments,Tenant Selection,Rental,BX,10452,1081 ANDERSON AVENUE,BX0402,2025-12-30,2026-01-21,3,,1,2,,,,,3,,,,,,,,,,40.834193,-73.925723,New Construction,204,2025090022,2129692
7311,1119 Boston Road Apartments,Tenant Selection,Rental,BX,10456,1119 Boston Rd,BX0301,2025-12-11,2026-01-05,9,2,5,2,,,,,9,,,,,,,,,,40.827697,-73.904441,New Construction,203,2026130031,2000000
4902,1182 Woodycrest  Apartments,Tenant Selection,Rental,BX,10452,1182 WOODYCREST AVENUE,BX0402,2024-11-06,2025-01-07,36,,19,9,8,,,1,27,8,,,5,2,,,,3,40.836723,-73.924835,New Construction,204,2025100003,2003157
5433,120 East 144th Street Apartments,Tenant Selection,Rental,BX,10451,120 E 144th St,BX0401,2024-12-23,2025-02-24,86,3,59,24,,,,,86,,,,5,2,20,5,,,40.816951,-73.929876,New Construction,201,2023440112,2000000
7440,121 Mount Hope Place Apartments,Tenant Selection,Rental,BX,10453,121 Mt Hope Pl,BX0502,2026-02-10,2026-03-04,6,6,,,,,,,6,,,,,,,,,,40.848741,-73.907721,New Construction,205,2028050063,2007633
7408,1256 Shakespeare Avenue,Tenant Selection,Rental,BX,10452,1256 SHAKESPEARE AVENUE,BX0402,2026-01-13,2026-02-04,3,2,1,,,,,,3,,,,,,,,,,40.838602,-73.923004,New Construction,204,2025060081,2091247
3642,1325 Southern Boulevard Apartments,Tenant Selection,Rental,BX,10459,1325 SOUTHERN BOULEVARD,BX0303,2023-08-01,2023-10-02,22,5,10,5,2,,,6,13,3,,,5,2,50,5,,,40.831084,-73.891496,New Construction,203,2029760098,2010494
6909,1353 Castle Hill Avenue Senior Apartments,Tenant Selection,Rental,BX,10462,1353 CASTLE HILL AVENUE,BX0904,2025-10-27,2025-12-18,15,4,7,4,,,,,10,,5,,5,2,20,5,,66,40.835363,-73.852015,New Construction,209,2039350058,2130358
7447,1435 East Gunhill Road Apartments,Tenant Selection,Rental,BX,10469,1435 E Gun Hill Rd,BX1202,2026-04-08,2026-04-29,4,,4,,,,,,4,,,,,,,,,,40.869376,-73.844126,New Construction,212,2047620102,2000000
7158,1571 Jarvis Avenue Apartments,Tenant Selection,Rental,BX,10461,1571 Jarvis Ave,BX1002,2025-08-04,2025-08-25,5,3,2,,,,,,5,,,,,,,,,,40.844039,-73.82812,Preservation,210,2054010012,2000000
7539,1686 Davidson Avenue,Tenant Selection,Rental,BX,10453,1686 Davidson Ave,BX0501,2026-05-01,2026-05-21,7,1,2,4,,,,,7,,,,,,,,,,40.84669,-73.914208,New Construction,205,2028610020,2008347
7570,1727 Boston Road Apartments,Tenant Selection,Rental,BX,10460,1727 Boston Road,BX0303,2026-05-22,2026-06-15,19,5,5,9,,,,,19,,,,,,,,,,40.836889,-73.888584,Preservation,203,2029400053,2009881
7304,1761 Topping Ave Apartments,Tenant Selection,Rental,BX,10457,1761 Topping Ave,BX0502,2025-11-06,2025-12-08,2,,2,,,,,,2,,,,,,,,,,40.845709,-73.905687,New Construction,205,2027980046,2000000
7472,1801 Weeks Avenue Apartments,Tenant Selection,Rental,BX,10457,1801 Weeks Ave,BX0502,2026-03-06,2026-03-27,19,5,4,10,,,,,19,,,,,,,,,,40.84691,-73.907388,New Construction,205,2028260102,2007901
7349,1970 Crotona Avenue Apartments,Tenant Selection,Rental,BX,10457,1970 CROTONA AVENUE,BX0602,2025-12-08,2025-12-30,10,2,6,2,,,,,10,,,,,,,,,,40.845814,-73.890774,New Construction,206,2030920004,2000000
7405,1985 Jerome Avenue Apartments,Tenant Selection,Rental,BX,10453,1985 JEROME AVENUE,BX0501,2026-03-18,2026-05-18,28,,22,6,,,,11,17,,,,5,2,20,10,,,40.85234,-73.908718,New Construction,205,2028630050,2128676
7271,1992 Arthur Avenue Apartments,Tenant Selection,Rental,BX,10457,1992 Arthur Ave,BX0602,2025-09-23,2025-10-15,3,2,1,,,,,,3,,,,,,,,,,40.847251,-73.892857,New Construction,206,2030680064,2000000
7248,2135 Reeds Mill Lane Apartments,Tenant Selection,Rental,BX,10475,2135 REEDS MILL LANE,BX1202,2025-10-16,2025-11-07,3,,1,2,,,,,3,,,,,,,,,,40.881757,-73.832301,New Construction,212,2052630258,2123651
7289,2164 Hughes Avenue Apartments,Tenant Selection,Rental,BX,10457,2164 Hughes Ave,BX0602,2025-11-05,2025-11-28,7,1,3,3,,,,,7,,,,,,,,,,40.850945,-73.889248,New Construction,206,2030820022,2000000
7136,2216 Aqueduct Avenue Apartments,Tenant Selection,Rental,BX,10453,2216 Aqueduct Ave,BX0501,2026-01-22,2026-02-12,5,1,2,2,,,,,5,,,,,,,,,,40.858605,-73.907516,New Construction,205,2032080007,2000000
7272,2267 Andrews Avenue North Apartments,Tenant Selection,Rental,BX,10468,2267 ANDREWS AVENUE,BX0701,2025-10-27,2025-11-18,5,2,3,,,,,,5,,,,,,,,,,40.860763,-73.907976,New Construction,207,2032250032,2000000
7211,2311 Grand Avenue Apartments,Tenant Selection,Rental,BX,10468,2311 Grand Ave,BX0701,2025-08-27,2025-09-18,5,1,3,1,,,,,5,,,,,,,,,,40.860459,-73.904842,New Construction,207,2032090055,2000000
7327,233 East 202nd Street Apartments,Tenant Selection,Rental,BX,10458,233 EAST 202 STREET,BX0702,2025-12-17,2026-01-09,9,3,5,1,,,,,9,,,,,,,,,,40.873048,-73.885736,New Construction,207,2033080028,2000000
7148,2519 Sedgwick Avenue Apartments,Tenant Selection,Rental,BX,10468,2519 SEDGWICK AVENUE,BX0701,2025-07-28,2025-08-18,8,1,5,2,,,,,8,,,,,,,,,,40.867235,-73.90754,Preservation,207,2032370156,2129760
5246,2528 Grand Avenue Senior,Tenant Selection,Rental,BX,10468,2528 GRAND AVENUE,BX0701,2024-10-03,2024-10-24,19,,9,10,,,,,19,,,,5,2,20,5,,100,40.865215,-73.901429,New Construction,207,2032040015,2129684
7351,2721 Colden Avenue Apartments,Tenant Selection,Rental,BX,10469,2721 Colden Ave,BX1104,2025-12-15,2026-01-14,13,2,8,3,,,,,13,,,,5,2,20,10,,,40.866003,-73.859608,New Construction,211,2045160046,2000000
3200,2850 Webster Avenue Senior Apartments,Tenant Selection,Rental,BX,10458,2856 Webster Ave,BX0603,2022-11-02,2023-01-03,130,105,25,,,,,130,,,,,5,2,,,,100,40.866723,-73.884546,New Construction,207,2032737501,2130640
7390,2854 Webb Avenue Apartments,Tenant Selection,Rental,BX,10468,2854 Webb Ave,BX0801,2025-12-23,2026-01-13,2,,2,,,,,,2,,,,,,,,,,40.873328,-73.900633,New Construction,208,2032500070,2000000
5427,29 Featherbed Lane Apartments,Tenant Selection,Rental,BX,10452,29 FEATHERBED LANE,BX0501,2026-01-13,2026-03-16,40,8,20,12,,,,16,24,,,,5,2,20,10,,,40.845947,-73.915229,New Construction,205,2028650122,2129190
7509,2951 Wallace Avenue Apartments,Tenant Selection,Rental,BX,10467,2951 Wallace Ave,BX1104,2026-04-07,2026-04-28,8,,4,4,,,,,8,,,,,,,,,,40.869094,-73.864356,Preservation,211,2045480035,2000000
4531,299 East 161st Street Apartments,Tenant Selection,Rental,BX,10451,299 E 161 St,BX0401,2024-03-28,2024-05-28,47,12,25,10,,,,,27,,20,,5,2,50,5,,,40.825306,-73.917575,New Construction,204,2024210049,2130660
7460,3030 Colden Avenue Apartments,Tenant Selection,Rental,BX,10469,3030 Colden Ave,BX1104,2026-03-23,2026-04-13,3,,1,2,,,,,3,,,,,,,,,,40.870013,-73.859459,New Construction,212,2045760018,2000000
7247,3044 & 3046 Decatur Avenue Apartments,Tenant Selection,Rental,BX,10467,3044 Decatur Ave,BX0703,2025-09-29,2025-10-29,2,,2,,,,,,2,,,,,,,,,,40.870821,-73.879343,New Construction,207,2033310007,2000000
7247,3044 & 3046 Decatur Avenue Apartments,Tenant Selection,Rental,BX,10467,3046 Decatur Ave,BX0703,2025-09-29,2025-10-29,2,,2,,,,,,2,,,,,,,,,,40.870843,-73.879304,New Construction,207,2033310010,2000000
7200,3118 Webster Avenue Apartments,Tenant Selection,Rental,BX,10467,3118 Webster Ave,BX0703,2025-09-22,2025-11-21,69,2,27,30,10,,,35,34,,,,5,2,20,5,,,40.8716,-73.876319,New Construction,207,2033570007,2000000
7385,3217 Westchester Avenue,Tenant Selection,Rental,BX,10461,3217 WESTCHESTER AVENUE,BX1003,2025-12-22,2026-01-13,11,4,6,1,,,,,11,,,,,,,,,,40.851863,-73.829423,New Construction,210,2042450016,2000000
3225,322 Grand Concourse Apartments,Tenant Selection,Rental,BX,10451,322 Grand Concourse,BX0101,2022-10-05,2022-12-15,25,5,7,13,,,,,25,,,,5,2,50,5,,,40.814571,-73.928878,New Construction,201,2023410031,2130530
4306,3470 Fort Independence-Waiting list,Tenant Selection,Rental,BX,10463,3470 FORT INDEPENDENCE STREET,BX0801,2023-11-29,2024-01-08,36,8,9,16,3,,,,12,,24,,,,,,,,40.881728,-73.898845,New Construction,208,2032580120,2130471
7528,3530 Willett Avenue,Tenant Selection,Rental,BX,10467,3530 Willett Ave,BX1201,2026-04-29,2026-05-20,2,,2,,,,,,2,,,,,,,,,,40.878341,-73.867017,New Construction,212,,
7180,361 A & B East 194th Street Apartments,Tenant Selection,Rental,BX,10458,361 E 194th St,BX0702,2025-08-21,2025-09-12,4,,4,,,,,,4,,,,,,,,,,40.863775,-73.890669,New Construction,207,2032820063,2000000
7100,3815 Carpenter Avenue Apartments,Tenant Selection,Rental,BX,10467,3815 Carpenter Ave,BX1201,2025-06-26,2025-07-18,4,3,1,,,,,,4,,,,,,,,,,40.884943,-73.865423,New Construction,212,2046530022,2000000
7042,3825 Carpenter Avenue Apartments,Tenant Selection,Rental,BX,10467,3825 CARPENTER AVENUE,BX1201,2025-06-11,2025-07-03,3,1,1,1,,,,,3,,,,,,,,,,40.885338,-73.865209,New Construction,212,2046530089,2129752
7550,3846 Bailey Avenue Apartments,Tenant Selection,Rental,BX,10463,3846 Bailey Ave,BX0801,2026-05-19,2026-06-10,7,1,5,1,,,,,7,,,,,,,,,,40.885153,-73.896235,New Construction,208,2032630035,2016003
7146,54 Clinton Place Apartments,Tenant Selection,Rental,BX,10453,54 CLINTON PLACE,BX0501,2025-08-06,2025-08-27,3,1,1,1,,,,,3,,,,,,,,,,40.857159,-73.907233,New Construction,205,2032070020,2129753
7391,585 Jackson Avenue Apartments,Tenant Selection,Rental,BX,10455,585 Jackson Ave,BX0102,2026-01-07,2026-01-28,16,9,7,,,,,,16,,,,,,,,,,40.814117,-73.90877,New Construction,201,2026230165,2004422
7441,599 Tinton Avenue  Apartments,Tenant Selection,Rental,BX,10455,599 TINTON AVENUE,BX0102,2026-01-22,2026-02-23,11,,10,1,,,,,11,,,,,,,,,,40.813975,-73.905877,New Construction,201,2026530044,2004672
7267,60 Buchanan Place Apartments,Tenant Selection,Rental,BX,10453,60 Buchanan Pl,BX0501,2025-10-27,2025-11-18,3,3,,,,,,,3,,,,,,,,,,40.858467,-73.906486,New Construction,205,2032080014,2000000
6849,62-66 West Tremont Avenue Apartments,Tenant Selection,Rental,BX,10453,62-66 W Tremont Ave,BX0501,2025-02-19,2025-04-21,67,18,39,9,1,,,8,59,,,,5,2,,,,,40.851486,-73.911777,Preservation,205,2028620008,2008383
7167,66 East 177th Street Apartments,Tenant Selection,Rental,BX,10453,66 E 177th St,BX0502,2025-07-15,2025-08-05,11,4,5,2,,,,,11,,,,,,,,,,40.849804,-73.908732,New Construction,205,2028270044,2000000
2847,661 Manida Street Senior Apartments,Tenant Selection,Rental,BX,10474,661 Manida St,BX0201,2022-06-28,2022-08-30,32,23,9,,,,30,,2,,,,5,2,50,5,,100,40.813221,-73.888075,New Construction,202,2027650206,2130561
7404,714 Beach Avenue Apartments,Tenant Selection,Rental,BX,10473,714 Beach Ave,BX0902,2025-12-30,2026-01-21,9,,6,2,1,,,,9,,,,,,,,,,40.819469,-73.86346,New Construction,209,2035980012,2000000
7433,715 East 216th Street Apartments,Tenant Selection,Rental,BX,10467,715 E 216th St,BX1201,2026-02-10,2026-03-04,5,2,3,,,,,,5,,,,,,,,,,40.881213,-73.863207,New Construction,212,2046640042,2000000
7205,717 Bartholdi Street Apartments,Tenant Selection,Rental,BX,10467,717 Bartholdi St,BX1201,2025-08-06,2025-08-27,3,,3,,,,,,3,,,,,,,,,,40.874262,-73.866425,New Construction,212,2046290001,2000000
7135,722 Saint Lawrence Avenue Apartments,Tenant Selection,Rental,BX,10473,722 St Lawrence Ave,BX0902,2025-07-17,2025-08-07,4,2,2,,,,,,4,,,,,,,,,,40.820008,-73.864536,New Construction,209,2035970020,2000000
7368,727 East 215th Street Apartments,Tenant Selection,Rental,BX,10467,727 E 215th St,BX1201,2026-01-05,2026-02-04,3,,3,,,,,,3,,,,,,,,,,40.880302,-73.863462,New Construction,212,2046630085,2057917
7444,773 East 183 Street Apartments,Tenant Selection,Rental,BX,10460,773 E 183rd St,BX0603,2026-03-13,2026-04-03,7,5,2,,,,,,7,,,,,,,,,,40.851373,-73.883359,New Construction,206,2031140041,2000000
7437,779 East 181 Street Apartments,Tenant Selection,Rental,BX,10460,779 E 181st St,BX0602,2026-02-05,2026-02-26,3,,3,,,,,,3,,,,,,,,,,40.84756,-73.88535,New Construction,206,,
7288,874 Home Street Apartments,Tenant Selection,Rental,BX,10459,874 HOME STREET,BX0202,2025-10-28,2025-11-20,3,1,1,1,,,,,3,,,,,,,,,,40.828113,-73.896455,New Construction,202,2026920036,2127517
4754,ANDREWS AVENUE SOUTH SENIOR RESIDENCE,Tenant Selection,Rental,BX,10453,1746 ANDREWS AVENUE,BX0501,2024-05-08,2024-07-09,80,56,24,,,,,24,56,,,,5,2,,,,100,40.85037,-73.917222,New Construction,205,2028780183,2129342
2779,Amanda's Cove Waiting List,Tenant Selection,Rental,BX,10469,1186 EAST 214 STREET,BX1201,2022-03-23,2022-04-20,8,,1,5,2,,,,7,1,,,,,,,,,40.87597,-73.851408,New Construction,212,2047080182,2113527
2779,Amanda's Cove Waiting List,Tenant Selection,Rental,BX,10467,3210 OLINVILLE AVENUE,BX1201,2022-03-23,2022-04-20,8,,1,5,2,,,,6,2,,,,,,,,,40.871854,-73.868238,New Construction,212,2045950004,2056207
2779,Amanda's Cove Waiting List,Tenant Selection,Rental,BX,10466,4187 LACONIA AVENUE,BX1203,2022-03-23,2022-04-20,1,,,,1,,,,1,,,,,,,,,,40.889442,-73.846083,New Construction,212,2048790071,2065375
2779,Amanda's Cove Waiting List,Tenant Selection,Rental,BX,10475,2183 NEW ENGLAND THRUWAY SERVICE ROAD,BX1202,2022-03-23,2022-04-20,2,,,1,1,,,,1,1,,,,,,,,,40.881839,-73.830413,New Construction,212,2052630185,2113223
2779,Amanda's Cove Waiting List,Tenant Selection,Rental,BX,10475,2188 REEDS MILL LANE,BX1202,2022-03-23,2022-04-20,3,,,,3,,,,1,2,,,,,,,,,40.882168,-73.83183,New Construction,212,2052630179,2113702
2779,Amanda's Cove Waiting List,Tenant Selection,Rental,BX,10469,3630 EASTCHESTER ROAD,BX1202,2022-03-23,2022-04-20,3,,1,1,1,,,,1,2,,,,,,,,,40.881596,-73.848806,New Construction,212,2049010018,2114601
2779,Amanda's Cove Waiting List,Tenant Selection,Rental,BX,10469,3227 HONE AVENUE,BX1201,2022-03-23,2022-04-20,3,,,1,2,,,,1,2,,,,,,,,,40.871866,-73.857538,New Construction,212,2046110156,2115171
2779,Amanda's Cove Waiting List,Tenant Selection,Rental,BX,10466,1149 EAST 224 STREET,BX1202,2022-03-23,2022-04-20,2,,,,,2,,,1,1,,,,,,,,,40.882822,-73.847993,New Construction,212,2049030021,2115229
2779,Amanda's Cove Waiting List,Tenant Selection,Rental,BX,10467,3212 OLINVILLE AVENUE,BX1201,2022-03-23,2022-04-20,5,1,2,2,,,,,4,1,,,,,,,,,40.871879,-73.868238,New Construction,212,2045950114,2103652
2779,Amanda's Cove Waiting List,Tenant Selection,Rental,BX,10475,2186 REEDS MILL LANE,BX1202,2022-03-23,2022-04-20,3,,1,,2,,,,2,1,,,,,,,,,40.882116,-73.831992,New Construction,212,2052630178,2113701
2779,Amanda's Cove Waiting List,Tenant Selection,Rental,BX,10469,3471 BRUNER AVENUE,BX1202,2022-03-23,2022-04-20,3,,,,3,,,,1,2,,,,,,,,,40.879399,-73.841749,New Construction,212,2048830126,2112952
2779,Amanda's Cove Waiting List,Tenant Selection,Rental,BX,10469,1184 EAST 214 STREET,BX1201,2022-03-23,2022-04-20,8,,1,5,2,,,,7,1,,,,,,,,,40.875981,-73.851448,New Construction,212,2047080181,2113526
2779,Amanda's Cove Waiting List,Tenant Selection,Rental,BX,10469,3221 HONE AVENUE,BX1201,2022-03-23,2022-04-20,3,,1,,2,,,,2,1,,,,,,,,,40.871789,-73.857542,New Construction,212,2046110159,2115174
2779,Amanda's Cove Waiting List,Tenant Selection,Rental,BX,10466,1151 EAST 224 STREET,BX1202,2022-03-23,2022-04-20,3,,,,1,2,,,1,2,,,,,,,,,40.882805,-73.847953,New Construction,212,2049030020,2115228
2779,Amanda's Cove Waiting List,Tenant Selection,Rental,BX,10467,3214 OLINVILLE AVENUE,BX1201,2022-03-23,2022-04-20,7,,1,4,2,,,,6,1,,,,,,,,,40.871904,-73.868237,New Construction,212,2045950115,2112898
2779,Amanda's Cove Waiting List,Tenant Selection,Rental,BX,10469,3473 BRUNER AVENUE,BX1202,2022-03-23,2022-04-20,3,,1,,2,,,,1,2,,,,,,,,,40.879418,-73.841759,New Construction,212,2048830125,2112953
2779,Amanda's Cove Waiting List,Tenant Selection,Rental,BX,10467,3612 BARNES AVENUE,BX1201,2022-03-23,2022-04-20,9,4,4,1,,,,,6,3,,,,,,,,,40.878705,-73.861621,New Construction,212,2046720040,2114916
2779,Amanda's Cove Waiting List,Tenant Selection,Rental,BX,10466,1147 EAST 224 STREET,BX1202,2022-03-23,2022-04-20,3,,,,1,2,,,2,1,,,,,,,,,40.882838,-73.848033,New Construction,212,2049030022,2115230
2779,Amanda's Cove Waiting List,Tenant Selection,Rental,BX,10469,2904 ELY AVENUE,BX1202,2022-03-23,2022-04-20,2,,,,2,,,,1,1,,,,,,,,,40.869946,-73.835849,New Construction,212,2047960139,2112929
2779,Amanda's Cove Waiting List,Tenant Selection,Rental,BX,10469,3563 BRONXWOOD AVENUE,BX1201,2022-03-23,2022-04-20,3,,,,3,,,,1,2,,,,,,,,,40.877081,-73.859643,New Construction,212,2046710073,2115736
2779,Amanda's Cove Waiting List,Tenant Selection,Rental,BX,10475,2187 NEW ENGLAND THRUWAY SERVICE ROAD,BX1202,2022-03-23,2022-04-20,3,,,,1,2,,,3,,,,,,,,,,40.88187,-73.830362,New Construction,212,2052630183,2113221
2779,Amanda's Cove Waiting List,Tenant Selection,Rental,BX,10469,3217 HONE AVENUE,BX1201,2022-03-23,2022-04-20,3,,1,1,1,,,,1,2,,,,,,,,,40.87174,-73.857542,New Construction,212,2046110160,2115175
2779,Amanda's Cove Waiting List,Tenant Selection,Rental,BX,10469,3561 BRONXWOOD AVENUE,BX1201,2022-03-23,2022-04-20,2,,,1,1,,,,2,,,,,,,,,,40.877054,-73.859657,New Construction,212,2046710075,2115564
2779,Amanda's Cove Waiting List,Tenant Selection,Rental,BX,10469,3475 BRUNER AVENUE,BX1202,2022-03-23,2022-04-20,3,,1,,2,,,,2,1,,,,,,,,,40.879437,-73.84177,New Construction,212,2048830124,2065453
2779,Amanda's Cove Waiting List,Tenant Selection,Rental,BX,10469,1185 EAST 213 STREET,BX1201,2022-03-23,2022-04-20,7,,,6,1,,,,3,4,,,,,,,,,40.875397,-73.851941,New Construction,212,2047080005,2113524
2779,Amanda's Cove Waiting List,Tenant Selection,Rental,BX,10475,2185 NEW ENGLAND THRUWAY SERVICE ROAD,BX1202,2022-03-23,2022-04-20,3,,,,1,2,,,2,1,,,,,,,,,40.881853,-73.830387,New Construction,212,2052630184,2113222
2779,Amanda's Cove Waiting List,Tenant Selection,Rental,BX,10469,3223 HONE AVENUE,BX1201,2022-03-23,2022-04-20,3,,1,,2,,,,1,2,,,,,,,,,40.871817,-73.857539,New Construction,212,2046110158,2115173
2779,Amanda's Cove Waiting List,Tenant Selection,Rental,BX,10469,1183 EAST 213 STREET,BX1201,2022-03-23,2022-04-20,6,,,6,,,,,5,1,,,,,,,,,40.875405,-73.85197,New Construction,212,2047080008,2113525
2779,Amanda's Cove Waiting List,Tenant Selection,Rental,BX,10466,4183 LACONIA AVENUE,BX1203,2022-03-23,2022-04-20,2,,,,2,,,,2,,,,,,,,,,40.889371,-73.846123,New Construction,212,2048790171,2117227
4218,Arthur Avenue Senior Apartments - Waiting List,Tenant Selection,Rental,BX,10457,600 EAST 179 STREET,BX0602,2024-04-17,2024-05-17,122,48,74,,,,,122,,,,,,,,,,100,40.847915,-73.892263,New Construction,206,2030680069,2129261
5296,Bedford Green House II,Tenant Selection,Rental,BX,10468,2880 JEROME AVENUE,BX0702,2024-10-29,2024-12-30,46,32,9,5,,,16,17,13,,,,5,2,20,5,,,40.87181,-73.89161,New Construction,207,2033190046,2131059
7399,Belle Eden Apartments - Waiting List,Tenant Selection,Rental,BX,10457,690 EAST  182 STREET,BX0602,2025-12-26,2026-02-27,22,,19,3,,,,,22,,,,5,2,,,,,40.850784,-73.887227,Preservation,206,2030830034,2012402
7399,Belle Eden Apartments - Waiting List,Tenant Selection,Rental,BX,10458,751 EAST  187 STREET,BX0603,2025-12-26,2026-02-27,11,,7,4,,,,,11,,,,5,2,,,,,40.853612,-73.88257,Preservation,206,2031150001,2013059
7399,Belle Eden Apartments - Waiting List,Tenant Selection,Rental,BX,10458,737 EAST  187 STREET,BX0603,2025-12-26,2026-02-27,14,,7,7,,,,,14,,,,5,2,,,,,40.853802,-73.883231,Preservation,206,2031040061,2012898
7399,Belle Eden Apartments - Waiting List,Tenant Selection,Rental,BX,10452,1415 WYTHE PLACE,BX0403,2025-12-26,2026-02-27,41,,27,9,5,,,8,26,7,,,5,2,,,,,40.839607,-73.914836,Preservation,204,2028430093,2008104
7399,Belle Eden Apartments - Waiting List,Tenant Selection,Rental,BX,10457,1466 GRAND CONCOURSE,BX0403,2025-12-26,2026-02-27,29,,11,13,5,,,,29,,,,5,2,,,,,40.840612,-73.912796,Preservation,204,2028320040,2007993
5137,Belmont Cove,Tenant Selection,Rental,BX,10457,656 E 176th St,BX0602,2024-08-22,2024-10-21,129,10,69,37,13,,16,38,75,,,,5,2,20,5,,,40.844227,-73.893184,New Construction,206,2029450034,2000000
4200,Betances VI Family Apartments,Tenant Selection,Rental,BX,10455,405 E 146th St,BX0101,2023-12-06,2024-02-13,64,,30,24,10,,9,23,32,,,,5,2,50,5,25,,40.814067,-73.919008,New Construction,201,,
7290,Bronx Park South,Tenant Selection,Rental,BX,10460,872 Bronx Park S,BX0601,2026-02-02,2026-04-03,53,7,27,19,,,,17,36,,,,5,2,20,10,,,40.846991,-73.881657,New Construction,206,2031240067,2013170
5529,Bronx Renewal HELP USA Cluster,Tenant Selection,Rental,BX,10467,3034 HOLLAND AVENUE,BX1201,2025-06-11,2025-07-03,5,,4,1,,,,,5,,,,5,,,,,,40.870144,-73.86524,Preservation,212,2045700019,2055609
5529,Bronx Renewal HELP USA Cluster,Tenant Selection,Rental,BX,10467,3046 HOLLAND AVENUE,BX1201,2025-06-11,2025-07-03,4,,1,3,,,,,4,,,,5,,,,,,40.870215,-73.865236,Preservation,212,2045700023,2055612
5529,Bronx Renewal HELP USA Cluster,Tenant Selection,Rental,BX,10467,3042 HOLLAND AVENUE,BX1201,2025-06-11,2025-07-03,3,,1,2,,,,,3,,,,5,,,,,,40.870193,-73.86524,Preservation,212,2045700022,2055611
5529,Bronx Renewal HELP USA Cluster,Tenant Selection,Rental,BX,10472,1233 WHITE PLAINS ROAD,BX0903,2025-06-11,2025-07-03,7,1,5,1,,,,,7,,,,5,,,,,,40.831489,-73.862073,Preservation,209,2037670074,2024876
6878,Bruckner Heights,Tenant Selection,Rental,BX,10472,2070 Chatterton Ave,BX0903,2025-04-02,2025-06-02,61,11,26,19,5,,10,18,33,,,,5,2,20,5,,,40.827855,-73.853669,Preservation,209,2037970033,2000000
6878,Bruckner Heights,Tenant Selection,Rental,BX,10472,1017 Olmstead Ave,BX0903,2025-04-02,2025-06-02,213,46,90,62,15,,24,68,121,,,,5,2,20,5,,,40.827586,-73.853196,Preservation,209,2037970033,2000000
7445,COURTLANDT MANOR,Tenant Selection,Rental,BX,10451,784 Courtlandt Ave,BX0102,2026-02-19,2026-03-12,19,2,8,7,2,,5,1,13,,,,5,2,20,10,,,40.822396,-73.916801,New Construction,201,2024040001,2000000
7186,Crotona Belmont Senior Housing,Tenant Selection,Rental,BX,10457,1883 Crotona Ave,BX0602,2025-11-26,2026-01-30,92,48,44,,,,,10,82,,,,5,2,,,,100,40.844007,-73.892342,New Construction,206,2029460042,2000000
5664,Crotona Park West - Waiting List,Tenant Selection,Rental,BX,10456,1465 FULTON AVENUE,BX0302,2025-05-29,2025-06-30,14,,10,3,1,,,5,9,,,,,,,,,,40.836049,-73.900905,Preservation,203,2029270059,2009643
5664,Crotona Park West - Waiting List,Tenant Selection,Rental,BX,10457,1729 FULTON AVENUE,BX0302,2025-05-29,2025-06-30,10,2,6,2,,,,1,9,,,,,,,,,,40.842345,-73.897347,Preservation,203,2029300072,2009668
5664,Crotona Park West - Waiting List,Tenant Selection,Rental,BX,10456,547 ST PAULS PLACE,BX0302,2025-05-29,2025-06-30,14,,8,6,,,,6,8,,,,,,,,,,40.835743,-73.902149,Preservation,203,2029270033,2009639
5664,Crotona Park West - Waiting List,Tenant Selection,Rental,BX,10457,1779 FULTON AVENUE,BX0302,2025-05-29,2025-06-30,14,1,7,3,3,,,9,5,,,,,,,,,,40.843037,-73.896952,Preservation,203,2029300060,2009661
5664,Crotona Park West - Waiting List,Tenant Selection,Rental,BX,10457,1763 FULTON AVENUE,BX0302,2025-05-29,2025-06-30,15,1,5,5,4,,,3,12,,,,,,,,,,40.842814,-73.897079,Preservation,203,2029300065,2009665
5664,Crotona Park West - Waiting List,Tenant Selection,Rental,BX,10457,1591 FULTON AVENUE,BX0302,2025-05-29,2025-06-30,37,,8,24,5,,,13,24,,,,,,,,,,40.838579,-73.899463,Preservation,203,2029290028,2009651
5664,Crotona Park West - Waiting List,Tenant Selection,Rental,BX,10456,1451 CROTONA PLACE,BX0302,2025-05-29,2025-06-30,15,,,15,,,,8,7,,,,,,,,,,40.836267,-73.901563,Preservation,203,2029270031,2009638
5664,Crotona Park West - Waiting List,Tenant Selection,Rental,BX,10457,1573 FULTON AVENUE,BX0302,2025-05-29,2025-06-30,14,,,3,11,,,5,8,1,,,,,,,,,40.838277,-73.89963,Preservation,203,2029290035,2009653
5664,Crotona Park West - Waiting List,Tenant Selection,Rental,BX,10456,1469 FULTON AVENUE,BX0302,2025-05-29,2025-06-30,13,,10,3,,,,4,9,,,,,,,,,,40.836096,-73.900876,Preservation,203,2029270057,2009642
5664,Crotona Park West - Waiting List,Tenant Selection,Rental,BX,10456,1485 FULTON AVENUE,BX0302,2025-05-29,2025-06-30,33,,12,20,1,,,14,19,,,,,,,,,,40.836274,-73.900768,Preservation,203,2029270050,2009641
5664,Crotona Park West - Waiting List,Tenant Selection,Rental,BX,10456,1413 FULTON AVENUE,BX0302,2025-05-29,2025-06-30,24,,13,11,,,,15,9,,,,,,,,,,40.834941,-73.901669,Preservation,203,2029260023,2009628
5664,Crotona Park West - Waiting List,Tenant Selection,Rental,BX,10457,1743 FULTON AVENUE,BX0302,2025-05-29,2025-06-30,40,,25,15,,,,13,27,,,,,,,,,,40.842537,-73.897234,Preservation,203,2029300066,2009666
5664,Crotona Park West - Waiting List,Tenant Selection,Rental,BX,10457,1581 FULTON AVENUE,BX0302,2025-05-29,2025-06-30,35,,5,27,3,,,20,15,,,,,,,,,,40.838411,-73.899557,Preservation,203,2029290031,2009652
5664,Crotona Park West - Waiting List,Tenant Selection,Rental,BX,10457,1775 FULTON AVENUE,BX0302,2025-05-29,2025-06-30,11,,4,4,3,,,4,7,,,,,,,,,,40.842979,-73.896984,Preservation,203,2029300061,2009662
5664,Crotona Park West - Waiting List,Tenant Selection,Rental,BX,10456,1409 FULTON AVENUE,BX0302,2025-05-29,2025-06-30,37,,21,16,,,,14,22,1,,,,,,,,,40.834845,-73.901731,Preservation,203,2029260027,2009629
5664,Crotona Park West - Waiting List,Tenant Selection,Rental,BX,10457,1727 FULTON AVENUE,BX0302,2025-05-29,2025-06-30,17,,3,14,,,,8,9,,,,,,,,,,40.842318,-73.897361,Preservation,203,2029300074,2009669
5664,Crotona Park West - Waiting List,Tenant Selection,Rental,BX,10457,1735 FULTON AVENUE,BX0302,2025-05-29,2025-06-30,33,,21,11,1,,,11,21,1,,,,,,,,,40.842428,-73.8973,Preservation,203,2029300070,2009667
5664,Crotona Park West - Waiting List,Tenant Selection,Rental,BX,10457,1771 FULTON AVENUE,BX0302,2025-05-29,2025-06-30,11,1,2,4,4,,,6,5,,,,,,,,,,40.842924,-73.897017,Preservation,203,2029300062,2009663
5664,Crotona Park West - Waiting List,Tenant Selection,Rental,BX,10457,1605 FULTON AVENUE,BX0302,2025-05-29,2025-06-30,38,,2,36,,,,17,21,,,,,,,,,,40.838815,-73.899333,Preservation,203,2029290024,2009650
5664,Crotona Park West - Waiting List,Tenant Selection,Rental,BX,10457,1767 FULTON AVENUE,BX0302,2025-05-29,2025-06-30,8,,4,2,2,,,3,5,,,,,,,,,,40.842869,-73.897046,Preservation,203,2029300063,2009664
3807,Estela,Tenant Selection,Rental,BX,10451,414 GERARD AVENUE,BX0401,2023-07-13,2023-09-12,62,,38,24,,,,,43,,19,,5,2,50,5,,,40.817116,-73.929962,New Construction,201,2023500001,2001084
3807,Estela,Tenant Selection,Rental,BX,10451,445 GERARD AVENUE,BX0401,2023-07-13,2023-09-12,102,3,71,28,,,,,71,,31,,5,2,50,5,,,40.817398,-73.929872,New Construction,201,2023510012,2129137
7075,FISCHER SENIOR APARTMENTS,Tenant Selection,Rental,BX,10452,97 W 169th St,BX0402,2025-06-23,2025-08-25,25,,25,,,,,25,,,,,,,,,,100,40.839538,-73.923177,New Construction,204,,
3947,Garden Towers Seniors Apartments,Tenant Selection,Rental,BX,10456,1332 Clinton Ave,BX0301,2023-08-03,2023-10-02,45,37,8,,,,,45,,,,,5,2,,,,100,40.832203,-73.900116,New Construction,203,2029340015,2129702
3947,Garden Towers Seniors Apartments,Tenant Selection,Rental,BX,10456,1323 Boston Rd,BX0301,2023-08-03,2023-10-02,59,41,18,,,,,59,,,,,5,2,,,,100,40.831657,-73.89951,New Construction,203,2029340015,2129702
5333,Grand Concourse Apartments,Tenant Selection,Rental,BX,10453,2017 Grand Concourse,BX0502,2025-01-13,2025-03-14,25,6,11,8,,,3,14,,8,,,,2,,,,,40.851716,-73.904197,New Construction,205,2028080090,2000000
7217,Grant TPT Apartments,Tenant Selection,Rental,BX,10456,1113 GRANT AVENUE,BX0401,2026-02-12,2026-03-06,6,,3,3,,,,,6,,,,2,2,20,10,,,40.831437,-73.916252,New Construction,204,2024520029,2002660
7217,Grant TPT Apartments,Tenant Selection,Rental,BX,10456,1033 CAULDWELL AVENUE,BX0301,2026-02-12,2026-03-06,6,,5,1,,,,,6,,,,2,2,20,10,,,40.826021,-73.905744,New Construction,203,2026220052,2004405
7217,Grant TPT Apartments,Tenant Selection,Rental,BX,10456,1211 WASHINGTON AVENUE,BX0302,2026-02-12,2026-03-06,7,,,7,,,,,7,,,,2,2,20,10,,,40.831084,-73.90702,New Construction,203,2023890031,2001603
7366,HAVEN COURT APARTMENTS,Tenant Selection,Rental,BX,10451,290 E 149th St,BX0102,2026-01-14,2026-03-16,29,9,12,8,,,4,,16,9,,,5,2,20,10,,,40.817091,-73.921646,New Construction,201,2023300016,2000000
7366,HAVEN COURT APARTMENTS,Tenant Selection,Rental,BX,10451,299 E 148th St,BX0102,2026-01-14,2026-03-16,100,16,47,37,,,6,32,34,28,,,5,2,20,10,,,40.816422,-73.921986,New Construction,201,2023300016,2000000
5499,Hillside Homes,Tenant Selection,Rental,BX,10463,215 W Kingsbridge Rd,BX0801,2024-11-27,2024-12-19,8,1,3,4,,,,,3,,5,,,,,,,,40.871832,-73.904435,New Construction,208,2032560043,2129754
3258,Home Simpson Apartments,Tenant Selection,Rental,BX,10459,1210 Simpson St,BX0303,2023-04-03,2023-06-30,27,1,11,14,1,,,,27,,,,10,5,50,5,,,40.828963,-73.892887,New Construction,203,2029757501,2130453
7253,Inkwell,Tenant Selection,Rental,BX,10451,586 GERARD AVENUE,BX0401,2025-11-03,2026-01-07,60,,42,18,,,,,40,,20,,5,2,20,5,,,40.820304,-73.928716,New Construction,204,2023530001,2001115
2088,Jerome Avenue Residence,Tenant Selection,Rental,BX,10452,1325 JEROME AVENUE,BX0403,2021-05-12,2021-07-13,101,,35,39,27,,,21,80,,,,5,2,50,6,,,40.838715,-73.918794,New Construction,204,2028567501,2129224
4969,Kings Cottages,Tenant Selection,Rental,BX,10463,229 W Kingsbridge Rd,BX0801,2024-11-13,2024-12-05,12,,12,,,,,,12,,,,,,,,,,40.872362,-73.904442,New Construction,208,2032560048,2129755
7220,La Olazul,Tenant Selection,Rental,BX,10453,1940 Jerome Ave,BX0502,2026-03-09,2026-05-08,37,29,6,2,,,,,37,,,,5,2,20,10,,,40.85113,-73.909771,New Construction,205,2028530012,2000000
7300,MBD New Heights Apartments,Tenant Selection,Rental,BX,10459,1120 BRYANT AVENUE,BX0303,2025-10-30,2025-11-20,5,,1,,4,,,,5,,,,5,2,,,,,40.826953,-73.888854,New Construction,203,2027540061,2006204
7300,MBD New Heights Apartments,Tenant Selection,Rental,BX,10456,1105 TINTON AVENUE,BX0301,2025-10-30,2025-11-20,24,,17,7,,,1,6,17,,,,5,2,,,,,40.826737,-73.901457,New Construction,203,2026610052,2004707
7300,MBD New Heights Apartments,Tenant Selection,Rental,BX,10452,970 ANDERSON AVENUE,BX0402,2025-10-30,2025-11-20,2,,,1,1,,,,2,,,,5,2,,,,,40.831609,-73.927667,New Construction,204,2025040070,2003046
4347,MCCLELLAN APARTMENTS,Tenant Selection,Rental,BX,10452,1160 River Ave,BX0401,2023-12-22,2024-02-22,198,45,93,36,24,,25,63,74,36,,,5,2,50,5,,,40.834619,-73.921932,Preservation,204,2024887501,2130367
3299,Mickeys Corner -Waiting List,Tenant Selection,Rental,BX,10467,722 EAST  220 STREET,BX1201,2022-12-12,2023-01-13,8,,6,2,,,,,7,1,,,,,,,,,40.883994,-73.861541,Preservation,212,2046670066,2113872
3299,Mickeys Corner -Waiting List,Tenant Selection,Rental,BX,10467,720 EAST  220 STREET,BX1201,2022-12-12,2023-01-13,7,,5,2,,,,,5,2,,,,,,,,,40.884008,-73.861581,Preservation,212,2046670065,2113871
3299,Mickeys Corner -Waiting List,Tenant Selection,Rental,BX,10466,748 EAST  227 STREET,BX1201,2022-12-12,2023-01-13,3,,,,3,,,,1,2,,,,,,,,,40.888761,-73.858269,Preservation,212,2048400070,2120062
3299,Mickeys Corner -Waiting List,Tenant Selection,Rental,BX,10466,924 EAST  230 STREET,BX1203,2022-12-12,2023-01-13,3,,,1,2,,,,1,2,,,,,,,,,40.889203,-73.851845,Preservation,212,2048650174,2113889
3299,Mickeys Corner -Waiting List,Tenant Selection,Rental,BX,10466,914 EAST  230 STREET,BX1203,2022-12-12,2023-01-13,3,,,1,2,,,,2,1,,,,,,,,,40.889269,-73.852051,Preservation,212,2048650169,2113884
5540,Morris University Apartments,Tenant Selection,Rental,BX,10453,1966 UNIVERSITY AVENUE,BX0501,2025-01-06,2025-01-28,1,,,,,1,,,1,,,,,,,,,,40.854275,-73.911849,Preservation,205,2028680121,2008551
5540,Morris University Apartments,Tenant Selection,Rental,BX,10468,2386 MORRIS AVENUE,BX0503,2025-01-06,2025-01-28,1,,,1,,,,,1,,,,,,,,,,40.860414,-73.900551,Preservation,205,2031730001,2013902
7243,Mosholu Concourse Apartments,Tenant Selection,Rental,BX,10458,220 EAST 197 STREET,BX0702,2025-10-06,2025-12-05,32,,24,5,3,,,,32,,,,5,2,,,,,40.869015,-73.89092,New Construction,207,2033040156,2017158
7243,Mosholu Concourse Apartments,Tenant Selection,Rental,BX,10467,15 West Mosholu Parkway North,BX0703,2025-10-06,2025-12-05,23,,17,4,2,,,,23,,,,5,2,,,,,40.881019,-73.884138,New Construction,207,2033240099,2017698
4355,Mt. Hope Walton Apartments,Tenant Selection,Rental,BX,10453,1761 WALTON AVENUE,BX0502,2023-12-15,2024-02-13,86,,52,20,14,,10,25,51,,,,5,2,50,5,,,40.847297,-73.910434,New Construction,205,2028500063,2120490
4418,Norwood Terrace Waiting List,Tenant Selection,Rental,BX,10467,3349 WEBSTER AVENUE,BX0703,2024-07-25,2024-08-26,56,,17,37,2,,,3,53,,,,,,,,,,40.877965,-73.871769,New Construction,207,2033550121,2128753
7482,PENINSULA BUILDING 1B WAITING LIST,Tenant Selection,Rental,BX,10474,720 TIFFANY STREET,BX0201,2026-03-14,2026-04-03,7,2,2,3,,,,,7,,,,,,,,,,40.814593,-73.891324,Preservation,202,2027387501,2130390
3993,Reclaim HDFC -Waiting List,Tenant Selection,Rental,BX,10457,503 EAST  180 STREET,BX0602,2023-08-30,2023-10-02,18,2,9,7,,,,10,8,,,,,,,,,,40.851016,-73.89464,Preservation,206,2030470067,2011510
3993,Reclaim HDFC -Waiting List,Tenant Selection,Rental,BX,10460,824 EAST  181 STREET,BX0602,2023-08-30,2023-10-02,31,2,16,8,5,,,15,16,,,,,,,,,,40.847054,-73.884364,Preservation,206,2031110010,2012996
3993,Reclaim HDFC -Waiting List,Tenant Selection,Rental,BX,10458,308 EAST  183 STREET,BX0503,2023-08-30,2023-10-02,8,,3,5,,,,3,5,,,,,,,,,,40.856665,-73.897777,Preservation,205,2031450021,2013406
3993,Reclaim HDFC -Waiting List,Tenant Selection,Rental,BX,10453,1982 UNIVERSITY AVENUE,BX0501,2023-08-30,2023-10-02,20,,1,14,5,,,7,13,,,,,,,,,,40.854483,-73.911625,Preservation,205,2028680129,2008555
3993,Reclaim HDFC -Waiting List,Tenant Selection,Rental,BX,10458,314 EAST  183 STREET,BX0503,2023-08-30,2023-10-02,8,,3,5,,,,3,5,,,,,,,,,,40.856596,-73.897578,Preservation,205,2031450024,2013408
3993,Reclaim HDFC -Waiting List,Tenant Selection,Rental,BX,10453,2042 GRAND AVENUE,BX0501,2023-08-30,2023-10-02,49,1,7,25,16,,,31,18,,,,,,,,,,40.854174,-73.909225,Preservation,205,2031930001,2014154
3993,Reclaim HDFC -Waiting List,Tenant Selection,Rental,BX,10460,2104 CROTONA PARKWAY,BX0601,2023-08-30,2023-10-02,41,1,20,15,5,,,18,23,,,,,,,,,,40.846008,-73.883957,Preservation,206,2031190029,2013101
3993,Reclaim HDFC -Waiting List,Tenant Selection,Rental,BX,10458,2317 TIEBOUT AVENUE,BX0503,2023-08-30,2023-10-02,51,,28,23,,,,32,19,,,,,,,,,,40.857057,-73.89697,Preservation,205,2031460063,2013443
3993,Reclaim HDFC -Waiting List,Tenant Selection,Rental,BX,10457,2242 VALENTINE AVENUE,BX0503,2023-08-30,2023-10-02,7,,3,4,,,,6,1,,,,,,,,,,40.856171,-73.898428,Preservation,205,2031450012,2013404
3993,Reclaim HDFC -Waiting List,Tenant Selection,Rental,BX,10453,1821 UNIVERSITY AVENUE,BX0501,2023-08-30,2023-10-02,31,1,16,5,9,,,10,21,,,,,,,,,,40.851288,-73.91464,Preservation,205,2028790117,2009097
3084,Soundview Cooperatives Phase III,Tenant Selection,Owner,BX,10473,1715 LACOMBE AVENUE,BX0902,2022-11-14,2023-01-13,48,,14,30,4,,,,4,44,,,5,2,50,5,25,,40.814487,-73.865674,New Construction,209,2035150001,2092605
3295,St. George Gardens-Waiting List,Tenant Selection,Rental,BX,10458,186 St Georges Crescent,BX0702,2022-11-30,2022-12-30,18,4,4,9,1,,,,6,,12,,,,,,,,40.876233,-73.884552,New Construction,207,2033130012,2130744
7003,Stevenson Commons Coop,Tenant Selection,Owner,BX,10473,1847 Seward Ave,BX0902,2025-06-26,2025-08-25,42,,11,22,9,,,,42,,,,5,2,20,5,,,40.819433,-73.861181,New Construction,209,2036000004,2000000
7003,Stevenson Commons Coop,Tenant Selection,Owner,BX,10473,1843 Seward Ave,BX0902,2025-06-26,2025-08-25,16,,,9,7,,,,16,,,,5,2,20,5,,,40.819417,-73.861325,New Construction,209,2036000004,2000000
7218,Stevenson Senior Residences,Tenant Selection,Rental,BX,10473,1841 Seward Avenue,BX0902,2025-10-20,2025-12-19,40,40,,,,,,40,,,,,5,2,,,,100,40.819406,-73.861394,New Construction,209,2036000004,2000000
5079,The Arabella,Tenant Selection,Rental,BX,10458,4720 3 AVENUE,BX0603,2024-08-12,2024-10-11,50,,25,22,3,,,,35,,15,,5,2,20,5,,,40.859417,-73.891128,New Construction,206,2030427501,2129656
7224,The Grant,Tenant Selection,Rental,BX,10452,78 W 170th St,BX0402,2025-08-18,2025-09-18,12,,12,,,,,4,6,,2,,5,2,20,5,,,40.840323,-73.922034,New Construction,204,2025060125,2000000
7498,The Rowan,Tenant Selection,Rental,BX,10463,3870 SEDGWICK AVENUE,BX0702,2026-03-23,2026-04-13,9,,6,3,,,,,9,,,,,,,,,,40.882992,-73.894373,New Construction,208,2032460073,2015232
4803,The Starhill Phase 1,Tenant Selection,Rental,BX,10453,1600 Grand Ave,BX0501,2024-05-31,2024-07-30,125,,35,90,,,13,28,84,,,,5,2,20,5,,,40.84647,-73.916753,New Construction,205,2028650160,2000000
2836,Tyler's Bronx - Waiting List,Tenant Selection,Rental,BX,10467,2514 CRUGER AVENUE,BX1104,2022-05-13,2022-06-14,8,,4,4,,,,,4,4,,,,,,,,,40.863942,-73.866377,New Construction,211,2044340011,2117652
2836,Tyler's Bronx - Waiting List,Tenant Selection,Rental,BX,10466,940 EAST 225 STREET,BX1201,2022-05-13,2022-06-14,3,,1,1,1,,,,1,2,,,,,,,,,40.885582,-73.853506,New Construction,212,2048600170,2116629
2836,Tyler's Bronx - Waiting List,Tenant Selection,Rental,BX,10467,717 EAST 220 STREET,BX1201,2022-05-13,2022-06-14,9,2,7,,,,,,8,1,,,,,,,,,40.884049,-73.861657,New Construction,212,2046680042,2117180
2836,Tyler's Bronx - Waiting List,Tenant Selection,Rental,BX,10466,621 EAST 231 STREET,BX1203,2022-05-13,2022-06-14,9,3,3,3,,,,,6,3,,,,,,,,,40.89282,-73.860517,New Construction,212,2048340044,2117221
2836,Tyler's Bronx - Waiting List,Tenant Selection,Rental,BX,10466,936 EAST 225 STREET,BX1201,2022-05-13,2022-06-14,3,,1,,2,,,,1,2,,,,,,,,,40.885607,-73.853585,New Construction,212,2048600168,2116627
2836,Tyler's Bronx - Waiting List,Tenant Selection,Rental,BX,10467,2512 CRUGER AVENUE,BX1104,2022-05-13,2022-06-14,8,1,7,,,,,,6,2,,,,,,,,,40.863928,-73.866377,New Construction,211,2044340010,2117653
2836,Tyler's Bronx - Waiting List,Tenant Selection,Rental,BX,10467,736 EAST 220 STREET,BX1201,2022-05-13,2022-06-14,9,2,7,,,,,,5,4,,,,,,,,,40.883903,-73.861256,New Construction,212,2046670074,2117178
2836,Tyler's Bronx - Waiting List,Tenant Selection,Rental,BX,10467,715 EAST 220 STREET,BX1201,2022-05-13,2022-06-14,9,2,2,5,,,,,7,2,,,,,,,,,40.88406,-73.861697,New Construction,212,2046680044,2117181
2836,Tyler's Bronx - Waiting List,Tenant Selection,Rental,BX,10466,4152 CARPENTER AVENUE,BX1203,2022-05-13,2022-06-14,10,4,1,5,,,,,7,3,,,,,,,,,40.893183,-73.860871,New Construction,212,2048340046,2117220
2836,Tyler's Bronx - Waiting List,Tenant Selection,Rental,BX,10467,738 EAST 220 STREET,BX1201,2022-05-13,2022-06-14,9,2,2,5,,,,,7,2,,,,,,,,,40.88389,-73.861212,New Construction,212,2046670075,2117179
2836,Tyler's Bronx - Waiting List,Tenant Selection,Rental,BX,10466,938 EAST 225 STREET,BX1201,2022-05-13,2022-06-14,3,,1,,2,,,,1,2,,,,,,,,,40.885593,-73.853545,New Construction,212,2048600169,2116628
7432,Urban Horizons 1 Waiting List,Tenant Selection,Rental,BX,10452,50 E 168th St,BX0401,2026-04-06,2026-05-06,83,22,10,36,15,,,35,48,,,,,,,,,,40.836725,-73.919292,Preservation,204,2024800001,2101464
2926,Victory Commons aka Victory Baptist,Tenant Selection,Rental,BX,10459,1007 Union Ave,BX0301,2023-04-12,2023-06-12,79,6,40,26,7,,18,17,44,,,,5,2,50,5,,,40.824022,-73.901339,New Construction,203,2026690080,2129155
7159,WAKEFIELD YARDS,Tenant Selection,Rental,BX,10470,4641 Furman Ave,BX1203,2025-07-25,2025-09-23,212,26,90,81,15,,25,63,124,,,,5,2,20,5,,,40.902254,-73.850188,New Construction,212,2050870001,2000000
5213,Wakefield Grace Senior Apartments,Tenant Selection,Rental,BX,10470,4750 White Plains Rd,BX1203,2024-11-12,2025-01-13,50,49,1,,,,,7,43,,,,5,2,,,,,40.904834,-73.849625,New Construction,212,2051130031,2000000
5521,Whitlock Point Phase I,Tenant Selection,Rental,BX,10459,1001 Whitlock Ave,BX0202,2025-02-06,2025-04-07,222,50,88,72,12,,30,61,131,,,,5,2,20,5,,,40.823427,-73.887057,New Construction,202,2027560085,2000000
4466,10 Hallets Point - Waiting List,Tenant Selection,Rental,QN,11102,26-01 1 STREET,QN0102,2024-03-11,2024-04-10,81,6,50,24,1,,,,81,,,,5,2,,,,,40.776834,-73.9355,New Construction,401,4009157501,4617681
7465,166-13 91st Avenue Apartments,Tenant Selection,Rental,QN,11432,166-11 91st Ave,QN1201,2026-04-20,2026-05-11,9,2,3,4,,,,,8,,1,,5,2,20,10,,,40.706612,-73.794321,New Construction,412,4097960047,4000000
4873,18-26 Redfern Avenue Apartments,Tenant Selection,Rental,QN,,18- 26 Redfern Ave,,2024-07-25,2024-09-24,58,37,9,12,,,,,58,,,,5,2,20,5,,,,,New Construction,,,
5140,21-11 31st Avenue Apartments,Tenant Selection,Rental,QN,11106,21-11 31st Ave,QN0102,2024-09-03,2024-11-04,43,,43,,,,,,36,,7,,5,2,20,5,,,40.767238,-73.929646,New Construction,401,4005510012,4619364
4106,241-15 Northern Boulevard Senior Apartments,Tenant Selection,Rental,QN,11363,241-15 Northern Blvd,QN1103,2024-01-22,2024-02-12,17,3,8,6,,,,,16,,1,,,,50,,,95,40.765059,-73.745305,New Construction,411,4080920039,4000000
7249,25-14 21st Street Apartments,Tenant Selection,Rental,QN,11102,25-14 21st St,QN0102,2025-10-14,2025-11-05,2,,2,,,,,,2,,,,,,,,,,40.774259,-73.924314,New Construction,401,4008880046,4000000
7110,26-18 4th Street Apartments,Tenant Selection,Rental,QN,11102,26-18 4 STREET,QN0102,2025-06-12,2025-07-03,5,,5,,,,,,5,,,,,,,,,,40.77576,-73.93284,Preservation,401,4009100029,4620927
5631,26-38 Jackson Avenue Apartments,Tenant Selection,Rental,QN,11101,26-32 JACKSON AVENUE,QN0201,2025-02-18,2025-04-21,109,27,27,37,18,,,,12,33,64,,5,2,20,5,,,40.747551,-73.94113,New Construction,402,4002670021,4620885
5184,27-01 Jackson Avenue Apartments,Tenant Selection,Rental,QN,11101,27-01 JACKSON AVENUE,QN0201,2024-08-26,2024-10-25,41,6,10,25,,,,,7,16,18,,5,2,20,5,,,40.747685,-73.940805,New Construction,402,4004320021,4620935
7512,38-16 Crescent Street Apartments,Tenant Selection,Rental,QN,11101,38-16 Crescent St,QN0105,2026-04-15,2026-05-06,3,,3,,,,,,3,,,,,,,,,,40.755525,-73.936066,New Construction,401,4003880018,4000000
7156,43-25 52nd Street Apartments,Tenant Selection,Rental,QN,11377,41-43 52 STREET,QN0202,2025-07-28,2025-08-18,15,3,4,8,,,,6,6,3,,,5,2,20,5,,,40.745581,-73.912181,New Construction,402,4013150030,4030769
7096,45-07 45th Street Apartments,Tenant Selection,Rental,QN,11104,4502 Queens Blvd,QN0202,2025-07-24,2025-08-14,19,,15,4,,,,,13,,6,,5,2,20,5,,,40.74324,-73.919477,New Construction,402,4001640011,4000000
6803,63-68 Austin Street Apartments,Tenant Selection,Rental,QN,11374,63-68 AUSTIN STREET,QN0601,2025-03-26,2025-05-27,24,,14,10,,,,,19,,5,,5,2,20,5,,,40.727204,-73.863642,New Construction,406,4031040016,4072830
3541,71-82 Parsons Blvd Apartments,Tenant Selection,Rental,QN,11366,79-71 Parsons Blvd,QN0802,2023-05-09,2023-07-10,29,2,19,8,,,,,24,,5,,5,2,50,5,,82,40.720216,-73.809117,New Construction,408,,
5465,72-01 Queens Boulevard Apartments,Tenant Selection,Rental,QN,11377,72-01 QUEENS BOULEVARD,QN0401,2024-11-21,2025-01-23,110,20,44,38,8,,,,65,,45,,5,2,20,5,,,40.739401,-73.891208,New Construction,402,4013520125,4620900
7344,86-05 Britton Avenue Apartments,Tenant Selection,Rental,QN,11373,86-05 Britton Ave,QN0401,2025-11-20,2025-12-11,3,,1,2,,,,,3,,,,,,,,,,40.746551,-73.879745,New Construction,404,4015030048,4000000
7487,89-61 162nd Apartments,Tenant Selection,Rental,QN,11432,89-61 162nd St,QN1201,2026-03-10,2026-04-01,18,,9,9,,,,,14,4,,,,,20,10,,,40.705331,-73.798304,New Construction,412,4097610014,4208879
7126,94-15 Sutphin Boulevard Apartments,Tenant Selection,Rental,QN,11435,94-15 Sutphin Blvd,QN1201,2025-06-18,2025-08-18,90,27,45,17,1,,,,90,,,,5,2,20,5,,,40.698868,-73.806824,New Construction,412,4099990001,4000000
4619,95-25 Waltham Street Apartments,Tenant Selection,Rental,QN,11435,95-25 Waltham St,QN1201,2025-02-27,2025-04-28,22,3,14,5,,,,,22,,,,5,2,20,5,,,40.697908,-73.807191,New Construction,412,4100260034,4620992
7321,96-11 37th Avenue Apartments,Tenant Selection,Rental,QN,11368,96-11 37 AVENUE,QN0303,2025-12-02,2025-12-23,4,,2,2,,,,,4,,,,,,,,,,40.751608,-73.870648,New Construction,403,4017370030,4625412
5689,ASTORIA TOWERS II,Tenant Selection,Rental,QN,11369,32-14 111th St,QN0302,2025-03-06,2025-05-05,73,36,37,,,,,73,,,,,5,2,,,,,40.759403,-73.85918,New Construction,403,4017040012,4000000
7097,Altara Senior Apartments,Tenant Selection,Rental,QN,11363,44-14 DOUGLASTON PARKWAY,QN1103,2025-06-24,2025-07-24,15,4,8,3,,,,,14,,1,,5,2,20,5,,93,40.766209,-73.745283,New Construction,411,4080920025,4542820
7467,Astoria Cove Phase 1(A),Tenant Selection,Rental,QN,11102,4-34 26th Ave,QN0102,2026-04-02,2026-06-02,42,10,11,21,,,,,26,,16,,5,2,20,10,,,40.776048,-73.932284,New Construction,401,4009090035,4000000
7467,Astoria Cove Phase 1(A),Tenant Selection,Rental,QN,11102,442 26th Ave,QN0102,2026-04-02,2026-06-02,33,5,17,11,,,,,19,,14,,5,2,20,10,,,40.776048,-73.93228,New Construction,401,4009080012,4020640
2525,BEACH 21ST APARTMENTS,Tenant Selection,Rental,QN,11691,10-47 Beach 21st St,QN1401,2021-12-10,2022-02-10,200,30,77,63,30,,,88,22,90,,,5,2,50,5,,,40.603358,-73.753866,New Construction,414,4157050069,4622929
5740,Baisley Pond Park Residences,Tenant Selection,Rental,QN,11436,144-02 135th Ave,QN1203,2025-03-20,2025-05-19,125,108,13,4,,,,29,96,,,,5,2,20,5,,,40.668035,-73.795035,Preservation,412,4120990036,4000000
6962,Edgemere Commons B1,Tenant Selection,Rental,QN,11691,5119 Beach Channel Dr,QN1402,2025-04-30,2025-06-30,189,7,114,62,6,,35,71,83,,,,5,2,20,5,,,40.595204,-73.782638,Preservation,414,4158430001,4000000
7225,Grace's Place Senior Apartments,Tenant Selection,Rental,QN,11691,13-04 Nameoke Ave,QN1401,2025-10-27,2025-12-30,56,56,,,,,,56,,,,,5,2,,,,100,40.60659,-73.750419,New Construction,414,4155350001,4000000
4166,Habitat Net Zero Homes,Tenant Selection,Owner,QN,11429,111-50 Witthoff Ave,QN1303,2023-10-23,2023-12-26,1,,,1,,,,,1,,,,5,2,50,5,25,,40.706547,-73.743033,New Construction,413,4111270044,4000000
4166,Habitat Net Zero Homes,Tenant Selection,Owner,QN,11412,198-16 116 AVENUE,QN1205,2023-10-23,2023-12-26,1,,,,,1,,,1,,,,5,2,50,5,25,,40.695543,-73.754406,New Construction,412,4110700147,4000000
4166,Habitat Net Zero Homes,Tenant Selection,Owner,QN,11436,142-06 FOCH BOULEVARD,QN1203,2023-10-23,2023-12-26,1,,,,1,,,,1,,,,5,2,50,5,25,,40.67875,-73.799426,New Construction,412,4120140003,4260618
4166,Habitat Net Zero Homes,Tenant Selection,Owner,QN,11420,133-24 135 PLACE,QN1001,2023-10-23,2023-12-26,1,,,,1,,,,1,,,,5,2,50,5,25,,40.66879,-73.802653,New Construction,410,4117950068,4256344
4166,Habitat Net Zero Homes,Tenant Selection,Owner,QN,11412,202-06 116 AVENUE,QN1205,2023-10-23,2023-12-26,1,,,,,1,,,1,,,,5,2,50,5,25,,40.696469,-73.750883,New Construction,412,4110740054,4000000
4166,Habitat Net Zero Homes,Tenant Selection,Owner,QN,11423,99-19 194th St,QN1206,2023-10-23,2023-12-26,1,,,,1,,,,1,,,,5,2,50,5,25,,40.709992,-73.765102,New Construction,412,4108410001,4000000
5395,Hearthstone,Tenant Selection,Rental,QN,11101,34-35 44th St,QN0104,2024-11-12,2025-01-14,90,,59,31,,,,36,36,16,2,,5,2,20,5,,,40.754212,-73.918442,New Construction,401,4007040001,4620991
7067,NORTHEASTERN TOWERS ANNEX Senior - Waiting List,Tenant Selection,Rental,QN,11434,131-10 Guy R Brewer Blvd,QN1204,2025-05-16,2025-06-15,102,37,65,,,,,102,,,,,5,2,,,,100,40.675567,-73.777343,Preservation,412,4122770001,4266168
7283,Nova Astoria,Tenant Selection,Rental,QN,11106,11-14 35th Ave,QN0105,2025-12-10,2026-02-09,50,,25,25,,,,,19,25,6,,,,20,10,,,40.762753000000004,-73.93869,New Construction,401,4003310027,4000000
5558,Pianist Senior - Units Still Available,Tenant Selection,Rental,QN,11102,3-11 27 AVENUE,QN0102,2025-01-27,2025-02-27,13,3,,10,,,,,13,,,,5,,,,,100,40.77497,-73.934166,Preservation,401,4009107501,4020675
3306,Pianist Senior 26-46 4th Street Apartments,Tenant Selection,Rental,QN,11102,3-3 27th Ave,QN0102,2023-07-27,2023-09-25,24,5,6,13,,,,,24,,,,5,2,50,5,,100,40.774992,-73.934242,New Construction,401,,
7358,ROCKAWAY VILLAGE APARTMENTS PHASE 5,Tenant Selection,Rental,QN,11691,1523 Village Lane,QN1401,2025-12-10,2026-02-09,120,17,30,61,12,,13,38,69,,,,5,2,20,10,,,40.607227,-73.751828,New Construction,414,4155370100,4000000
7358,ROCKAWAY VILLAGE APARTMENTS PHASE 5,Tenant Selection,Rental,QN,11691,1518 Village Lane,QN1401,2025-12-10,2026-02-09,205,,51,127,27,,26,68,111,,,,5,2,20,10,,,40.607257,-73.751839,New Construction,414,4155370065,4000000
7230,Ruby Square,Tenant Selection,Rental,QN,11432,166-20 JAMAICA AVENUE,QN1201,2025-09-29,2025-11-28,185,1,137,47,,,,,93,,92,,5,2,20,5,,,40.705905,-73.793721,New Construction,412,4101560007,4216246
3092,Small Homes Rehab - NYCHA Program Cluster III,Tenant Selection,Owner,QN,11429,113-44 SPRINGFIELD BOULEVARD,QN1304,2022-09-20,2022-11-23,1,,,,,1,,,1,,,,5,2,50,5,25,,40.702787,-73.740746,New Construction,413,4111340046,4240073
3092,Small Homes Rehab - NYCHA Program Cluster III,Tenant Selection,Owner,QN,11434,118-35 153 STREET,QN1203,2022-09-20,2022-11-23,1,,,1,,,,,1,,,,5,2,50,5,25,,40.680341,-73.789369,New Construction,412,4122080005,4265039
3092,Small Homes Rehab - NYCHA Program Cluster III,Tenant Selection,Owner,QN,11434,114-22 166 STREET,QN1203,2022-09-20,2022-11-23,1,,,,1,,,,1,,,,5,2,50,5,25,,40.689502,-73.782994,New Construction,412,4123290038,4267054
3092,Small Homes Rehab - NYCHA Program Cluster III,Tenant Selection,Owner,QN,11434,146-23 176 STREET,QN1306,2022-09-20,2022-11-23,1,,,1,,,,,1,,,,5,2,50,5,25,,40.661752,-73.770069,New Construction,413,4133060180,4285427
3092,Small Homes Rehab - NYCHA Program Cluster III,Tenant Selection,Owner,QN,11434,144-23 166 STREET,QN1306,2022-09-20,2022-11-23,1,,,1,,,,,1,,,,5,2,50,5,25,,40.665609,-73.777395,New Construction,413,4132720054,4284945
3092,Small Homes Rehab - NYCHA Program Cluster III,Tenant Selection,Owner,QN,11411,119-12 219 STREET,QN1304,2022-09-20,2022-11-23,1,,,,1,,,,1,,,,5,2,50,5,25,,40.691835,-73.74288,New Construction,413,4127780128,4275406
3092,Small Homes Rehab - NYCHA Program Cluster III,Tenant Selection,Owner,QN,11691,231 FERNSIDE PLACE,QN1401,2022-09-20,2022-11-23,1,,,,1,,,,1,,,,5,2,50,5,25,,40.596062,-73.757523,New Construction,414,4157820054,4301314
3092,Small Homes Rehab - NYCHA Program Cluster III,Tenant Selection,Owner,QN,11692,69-33 BAYFIELD AVENUE,QN1402,2022-09-20,2022-11-23,1,,,,1,,,,1,,,,5,2,50,5,25,,40.598853,-73.79970900000001,New Construction,414,4160450015,4302902
3930,The 88 aka 153-10 88th Avenue Apartments,Tenant Selection,Rental,QN,11432,153-10 JAMAICA AVENUE,QN1201,2023-10-18,2024-01-17,67,18,35,14,,,,,44,,23,,5,2,50,5,,,40.702807,-73.802023,New Construction,412,4100970010,4315254
7177,The Aedan,Tenant Selection,Rental,QN,11102,30-33 29th St,QN0103,2025-08-26,2025-09-17,7,,4,3,,,,,7,,,,,,,,,,40.766781,-73.923676,New Construction,401,4005920012,4000000
2324,The Kira Apartments,Tenant Selection,Rental,QN,11432,153-19 JAMAICA AVENUE,QN1201,2021-10-13,2021-12-14,69,37,32,,,,,,69,,,,5,2,50,5,,,40.702843,-73.801961,New Construction,412,4097547501,4619413
7371,The Lumina Apartments,Tenant Selection,Rental,QN,11372,33-25 Junction Blvd,QN0303,2025-12-24,2026-01-23,5,,3,2,,,,,5,,,,,,,,,,40.756247,-73.873343,New Construction,403,4017100065,4000000
5049,The Monarch,Tenant Selection,Rental,QN,11433,163-05 ARCHER AVENUE,QN1201,2024-09-03,2024-11-04,182,,150,32,,,,,30,,152,,5,2,20,5,,,40.703405,-73.795698,New Construction,412,4101510075,4623723
5138,The Northern II Apartments,Tenant Selection,Rental,QN,11101,38-27 32 STREET,QN0105,2024-08-26,2024-10-28,39,5,26,8,,,,,25,,14,,5,2,20,5,,,40.75301,-73.931538,New Construction,401,4003810030,4004589
5138,The Northern II Apartments,Tenant Selection,Rental,QN,11101,38-38 32nd St,QN0105,2024-08-26,2024-10-28,20,3,13,4,,,,,12,,8,,5,2,20,5,,,40.752928,-73.931632,New Construction,401,4003820029,4537917
5130,The Vordonia Towers,Tenant Selection,Rental,QN,11106,34-46 VERNON BOULEVARD,QN0105,2024-11-07,2025-01-09,112,22,72,18,,,,,22,,90,,,,,,,,40.764494,-73.94093,New Construction,401,4003227501,4540366
5341,Trylon Tower Apartments,Tenant Selection,Rental,QN,11374,98-81 Queens Blvd,QN0602,2024-11-26,2025-01-27,43,,33,9,1,,,17,19,7,,,5,2,20,5,,,40.727612,-73.855473,New Construction,406,4021050001,4000000
4192,Vida aka 43-15 52nd Street Apartments,Tenant Selection,Rental,QN,11377,43-15 52nd St,QN0202,2023-11-24,2024-01-22,23,,13,10,,,,9,9,3,2,,5,2,50,5,,,40.743792,-73.912547,New Construction,402,4013210016,4000000
7173,Vleigh 77,Tenant Selection,Rental,QN,11367,77-63 Vleigh Pl,QN0801,2025-09-29,2025-12-04,24,6,4,14,,,,,20,,4,,5,2,20,5,,,40.719822,-73.820616,New Construction,408,4066307501,4000000
7378,WILLETS POINT COMMONS,Tenant Selection,Rental,QN,11368,126-55 39th Avenue,QN0707,2025-12-12,2026-02-25,291,86,142,40,23,,23,39,65,137,27,,5,2,20,10,,,40.756726,-73.841343,New Construction,407,4018330135,4624493
7378,WILLETS POINT COMMONS,Tenant Selection,Rental,QN,11368,126-43 39th Avenue,QN0707,2025-12-12,2026-02-25,456,96,239,74,47,,37,60,104,202,53,,5,2,20,10,,,40.756613,-73.841394,New Construction,407,4018330130,4624494
7320,Woodhaven Blvd. Apartments,Tenant Selection,Rental,QN,11374,68-19 Woodhaven Blvd,QN0601,2025-11-14,2026-01-13,101,25,46,30,,,21,22,35,23,,,5,2,20,5,,,40.715093,-73.860193,Preservation,406,4031480002,4000000
3449,Woodside Central,Tenant Selection,Rental,QN,11377,46-09 69th St,QN0203,2023-03-21,2023-05-22,89,23,48,18,,,,,89,,,,5,2,50,5,,,40.739858,-73.895856,New Construction,402,4024320009,4623448
3449,Woodside Central,Tenant Selection,Rental,QN,11377,46-10 70th St,QN0203,2023-03-21,2023-05-22,55,16,28,11,,,,,55,,,,5,2,50,5,,,40.739613,-73.894214,New Construction,402,4024327502,4623447
4997,Belmont Daniel LP Waiting List,Tenant Selection,Rental,SI,10301,101 DANIEL LOW TERRACE,SI0101,2024-07-31,2024-08-30,59,,35,15,9,,,,41,18,,,,,,,,,40.642429,-74.080981,New Construction,501,5000200008,5108464
4997,Belmont Daniel LP Waiting List,Tenant Selection,Rental,SI,10301,100 BELMONT PLACE,SI0101,2024-07-31,2024-08-30,59,3,34,15,7,,,,42,17,,,,,,,,,40.642636,-74.079663,New Construction,501,5000200008,5112989
2240,Buckingham House - Waiting List,Tenant Selection,Rental,SI,10302,2044 RICHMOND TERRACE,SI0106,2021-09-02,2021-10-04,14,14,,,,,,14,,,,,5,,,,,,40.640368,-74.131298,New Construction,501,5010030014,5023696
5390,Lighthouse Point,Tenant Selection,Rental,SI,10301,35R Bay St,SI0101,2024-11-14,2025-01-16,30,6,17,7,,,,12,12,,6,,5,2,20,5,,,40.6415,-74.075734,New Construction,501,,
5039,Seaview Estates- Waiting List,Tenant Selection,Rental,SI,10301,201 HAMILTON AVENUE,SI0101,2024-08-01,2024-09-02,77,20,35,21,1,,,,8,69,,,,,,,,,40.645161,-74.083968,Preservation,501,5000220070,5112216
5039,Seaview Estates- Waiting List,Tenant Selection,Rental,SI,10301,217 HAMILTON AVENUE,SI0101,2024-08-01,2024-09-02,79,5,55,17,2,,,,13,66,,,,,,,,,40.645345,-74.08447,Preservation,501,5000220070,5112217
5039,Seaview Estates- Waiting List,Tenant Selection,Rental,SI,10301,90 ST MARKS PLACE,SI0101,2024-08-01,2024-09-02,78,9,47,20,2,,,,12,66,,,,,,,,,40.646479,-74.083271,Preservation,501,5000220070,5112219
5039,Seaview Estates- Waiting List,Tenant Selection,Rental,SI,10301,80 ST MARKS PLACE,SI0101,2024-08-01,2024-09-02,80,9,53,17,1,,,,11,69,,,,,,,,,40.646539,-74.083509,Preservation,501,5000220070,5112218
4424,The Pearl aka 475 Bay Street Apartments,Tenant Selection,Rental,SI,10304,475 Bay St,SI0102,2024-02-21,2024-04-22,131,,43,55,33,,,,131,,,,5,2,50,5,,2,40.630517,-74.076637,New Construction,501,5004887501,5172149
