"lottery_id","lottery_name","development_type","reporting_construction_type","unit_count","hpd_building_id","hc_building_id","house_number","street_name","borough","unit_distribution_studio","unit_distribution_1bed","unit_distribution_2bed","unit_distribution_3bed","unit_distribution_4bed","applied_income_ami_ext_low","applied_income_ami_very_low","applied_income_ami_low","applied_income_ami_moderate","applied_income_ami_middle","applied_income_ami_above","address_zipcode","address_latitude","address_longitude","address_communitydistrict","address_citycouncildistrict","address_buildingidentificationnumber","address_bbl","address_censustrack2020","address_nta2020"
"3600","422 East 31 Street","Rental","New Construction","3","256929","5986","422","EAST 31 STREET","BK",,"1","2",,,,,,,"3",,"11226","40.640426","-73.947494","317","45","3428876","3049640016","828","BK1701"
"4673","456 Blake Avenue Apartments","Rental","New Construction","3","931125","6743","456","BLAKE AVENUE","BK",,"1","1","1",,,,,,"3",,"11212","40.666708","-73.902375","316","42","3084423","3037800028","910","BK1602"
"4594","2754 Creston Avenue Apartments","Rental","New Construction","19","59296","6700","2754","Creston Ave","BX","19",,,,,,,,,"19",,"10468","40.869377","-73.89323","207","14","2129723","2033150029","40303","BX0702"
"4071","2882 86th Street Apartment","Rental","New Construction","2","991001","6365","2882","86th St","BK",,,"2",,,,,,,"2",,"11223","40.591331","-73.976319","313","47","3429074","3071670128","386","BK1501"
"7322","The Danby","Rental","New Construction","35","0","7774","170","W 225th St","MN",,"30","5",,,,,,,"35",,"10463","40.876538","-73.912814","208","10","1000000","1022150065","309","BX0802"
"2286","150 Lenox Road Apartments","Rental","New Construction","13","324075","3844","150","LENOX ROAD","BK",,,"13",,,,,,,"13",,"11226","40.653867","-73.954518","317","40","3116648","3050840036","822","BK1701"
"2673","3506 - 3508 Farragut Road - Units Still Available","Rental","New Construction","3","986445","4215","3506","Farragut Rd","BK",,"3",,,,,,,,"3",,"11210","40.636567","-73.943033","317","45","3426573","3050100040","784","BK1702"
"4372","266 West 96th Street Apartments","Rental","New Construction","52","37229","6542","266","W 96th St","MN","27","12","11","2",,,,"19",,"33",,"10025","40.794953","-73.972523","107","07","1091038","1012437503","183","MN0702"
"1806","222 East 44th Street Phase II","Rental","New Construction","16","13694","3239","222","E 44th St","MN","8","7","1",,,,,,"16",,,"10017","40.751768","-73.972822","106","04","1089960","1013177501","88","MN0603"
"7324","69 Hope Street Apartments","Rental","New Construction","6","0","7779","69","HOPE STREET","BK","6",,,,,,,,,"6",,"11211","40.713053","-73.955408","301","34","3426934","3023690037","519","BK0102"
"2485","27-14 39th Avenue Apartments","Rental","New Construction","2","1007356","4041","27-14","39 AVENUE","QN",,"2",,,,,,,,"2",,"11101","40.754232","-73.935821","401","26","4004807","4003970017","31","QN0105"
"2444","Glassworks Waiting List","Rental","New Construction","19","966850","3956","336","Himrod St","BK","3","6","10",,,,,,,"19",,"11237","40.702314","-73.917665","304","37","3326367","3032807503","443","BK0401"
"4654","NEHEMIAH SPRING CREEK PHASE 4C","Rental","Preservation","7","991880","6606","435","Vandalia Avenue","BK",,"1","6",,,,,"7",,,,"11239","40.654559","-73.876304","305","42","3426788","3044520112","107001","BK0504"
"5421","525 W 52nd Street - Waiting List","Rental","New Construction","79","927213","7079","525","WEST 52 STREET","MN","19","39","21",,,,,"79",,,,"10019","40.766521","-73.992253","104","03","1090143","1010817501","13501","MN0402"
"1686","1609 Voorhies Avenue Apartments","Rental","New Construction","3","387468","3144","1609","VOORHIES AVENUE","BK",,,"3",,,,,,,"3",,"11235","40.585845","-73.952764","315","48","3204947","3074590146","606","BK1503"
"2836","Tyler's Bronx - Waiting List","Rental","New Construction","8","931143","4416","2514","CRUGER AVENUE","BX",,"4","4",,,,,"4","4",,,"10467","40.863942","-73.866377","211","13","2117652","2044340011","330","BX1104"
"3072","1399 Myrtle Avenue Apartments","Rental","New Construction","15","1006028","4628","1399","MYRTLE AVENUE","BK","2","10","3",,,,,,,"15",,"11237","40.698575","-73.920653","304","37","3418366","3032787502","431","BK0401"
"3229","64 NORFOLK SENIOR HOUSING","Rental","New Construction","86","993982","4693","60","NORFOLK STREET","MN","60","26",,,,,"48","38",,,,"10002","40.717121","-73.988013","103","01","1091637","1003467504","1402","MN0302"
"7218","Stevenson Senior Residences","Rental","New Construction","40","0","7606","1841","Seward Avenue","BX","40",,,,,,"40",,,,,"10473","40.819406","-73.861394","209","18","2000000","2036000004","16","BX0902"
"7256","3509 & 3511 Farragut Road Apartments","Rental","New Construction","3","0","7697","3509","Farragut Rd","BK","1","2",,,,,,,,"3",,"11210","40.636586","-73.943018","317","45","3000000","3049990006","782","BK1702"
"2222","855 Dekalb Avenue - Units Still Available","Rental","New Construction","6","1007273","3761","855","DEKALB AVENUE","BK",,,"6",,,,,,,"6",,"11221","40.692459","-73.942004","303","36","3425613","3017770062","281","BK0302"
"3869","1430 Fulton Street","Rental","New Construction","40","1000611","3220","1430","Fulton St","BK","15","18","6","1",,,,,,"40",,"11216","40.680059","-73.943583","303","36","3426389","3018630010","271","BK0302"
"1787","975 Liberty Avenue Apartments","Rental","New Construction","13","325779","3217","975","Liberty Ave","BK",,"6","7",,,,"5","5",,"3",,"11208","40.677769","-73.873593","305","37","3428771","3041570032","1196","BK0505"
"4175","CONEY ISLAND PHASE 2","Rental","New Construction","299","379733","6197","2938","WEST 16 STREET","BK","73","79","124","23",,"37","94","129","39",,,"11224","40.576181","-73.983599","313","47","3329341","3070627501","326","BK1302"
"5340","1889 Atlantic Avenue Apartments","Rental","New Construction","27","0","7085","1889","Atlantic Ave","BK","6","7","14",,,,,"16",,"11",,"11233","40.676975","-73.922355","303","41","3000000","3017140030","299","BK0302"
"2247","29-28 Newtown Avenue Apartments","Rental","New Construction","3","683892","3786","29-28","NEWTOWN AVENUE","QN",,"3",,,,,,,,"3",,"11102","40.768924","-73.921876","401","22","4617228","4005940050","71","QN0103"
"3097","305 KINGSLAND AVENUE APARTMENTS","Rental","New Construction","3","1005743","4640","305","Kingsland Ave","BK","1","2",,,,,,,,"3",,"11222","40.726966","-73.941873","301","33","3426118","3026570017","58901","BK0101"
"5747","DeKalb Commons","Rental","New Construction","35","0","7308","639","DeKalb Ave","BK","4","11","14","6",,"9","8","18",,,,"11216","40.691496","-73.950385","303","36","3000000","3017740077","253","BK0301"
"3752","ROCKAWAY VILLAGE APARTMENTS PHASE 3","Rental","New Construction","282","1009944","6091","1626","Village Ln","QN","23","82","138","39",,"36","88","158",,,,"11691","40.606322","-73.752494","414","31","4623535","4155377501","103202","QN1401"
"5305","2-20 Malt Drive Apartments","Rental","New Construction","173","0","7046","2","20 Malt Dr","QN","61","64","48",,,,,,,"173",,,,,,,,,,
"1814","2502 & 2506 Newkirk Avenue","Rental","New Construction","3","344338","3378","2506","NEWKIRK AVENUE","BK",,,"3",,,,,,,"3",,"11226","40.639695","-73.953025","317","45","3428880","3052120042","79002","BK1701"
"1699","1520 Fulton Street Apartments","Rental","New Construction","15","297501","3023","1520","FULTON STREET","BK",,"7","8",,,,,,,"15",,"11216","40.679862","-73.939953","303","36","3425135","3018640014","271","BK0302"
"4625","32-53 101st Street Apartments","Rental","New Construction","8","1013000","6713","32-53","101st St","QN",,,"8",,,,,,,"8",,"11369","40.758329","-73.867614","403","21","4624119","4016967501","365","QN0302"
"4340","689 Franklin Avenue Apartments","Rental","New Construction","3","1013935","6513","689","Franklin Ave","BK",,"2","1",,,,,,,"3",,"11238","40.674915","-73.956422","308","35","3426347","3012310014","221","BK0802"
"4531","299 East 161st Street Apartments","Rental","New Construction","47","994662","6650","299","E 161 St","BX","12","25","10",,,,,"27",,"20",,"10451","40.825306","-73.917575","204","16","2130660","2024210049","173","BX0401"
"5217","655 Union Street Apartments","Rental","New Construction","50","1016152","7000","655","Union St","BK",,"39","11",,,,"20","20","7","3",,"11215","40.677648","-73.983636","306","39","3000000","3004340035","11901","BK0601"
"3800","The Westminster","Rental","New Construction","13","818646","6110","180","WEST 20 STREET","MN","4","8","1",,,,,,,"13",,"10011","40.74206","-73.996629","104","03","1086049","1007950001","87","MN0401"
"2087","61 Schaefer Street Apartments - Units Still Available","Rental","New Construction","3","996041","3619","61","SCHAEFER STREET","BK",,"3",,,,,,,,"3",,"11207","40.686282","-73.911173","304","37","3079223","3034210059","401","BK0402"
"2259","65 Woodbine Street Apartments - Units Still Available","Rental","New Construction","3","970975","3808","65","WOODBINE STREET","BK",,"3",,,,,,,,"3",,"11221","40.690625","-73.918628","304","37","3076576","3033490045","399","BK0402"
"1727","50 Clarkson Avenue Apartments","Rental","New Construction","28","977103","3218","50","Clarkson Ave","BK","2","17","9",,,,,,,"28",,"11226","40.654931","-73.958067","314","40","3425069","3050640036","79602","BK1401"
"4174","1 Boerum Place - Waiting List","Rental","New Construction","42","1003745","6425","1","BOERUM PLACE","BK","10","11","21",,,,,,,"42",,"11201","40.69202","-73.989041","302","33","3000417","3001530003","37","BK0202"
"3320","167 Malcolm X Boulevard Apartments","Rental","New Construction","3","360402","5793","167","Malcolm X Blvd","BK","3",,,,,,,,,"3",,"11221","40.687531","-73.929961","303","36","3429147","3016420006","385","BK0302"
"2162","495 St. Johns Place - Units Still Available","Rental","New Construction","4","1007282","3583","495","St Johns Pl","BK","1","1","2",,,,,,,"4",,"11238","40.673325","-73.961646","308","35","3426362","3011740049","215","BK0801"
"4903","Mason Gray aka 959 Sterling Place Apartments","Rental","New Construction","48","1014753","6835","959","Sterling Pl","BK","10","31","7",,,,,,,"48",,"11213","40.672342","-73.946639","308","36","3429214","3012427501","341","BK0802"
"5019","2915 Albemarle Road Apartments","Rental","New Construction","8","1001197","6890","2915","Albemarle Rd","BK",,"8",,,,,,,,"8",,"11226","40.648134","-73.949682","317","40","3000000","3051110044","824","BK1701"
"7456","Forte Living","Rental","New Construction","53","0","7920","205","E 110th St","MN","1","27","25",,,,"21","21",,"11",,"10029","40.793971","-73.942403","111","08","1000000","1016607503","180","MN1102"
"4480","The Crown Residency at Northern","Rental","New Construction","12","1011439","6543","103-14","Northern Blvd","QN","1","9","2",,,,,,,"12",,"11368","40.757637","-73.86541","403","21","4623460","4017180005","379","QN0303"
"2299","Roosevelt Apartments Phase I","Rental","New Construction","2","998992","3871","108-67","ROOSEVELT AVENUE","QN",,"2",,,,,,,,"2",,"11368","40.750874","-73.858266","403","21","4619683","4017807506","40102","QN0303"
"1879","629 East 222nd Street Apartments","Rental","New Construction","3","996889","3446","629","EAST 222 STREET","BX",,"3",,,,,,,,"3",,"10467","40.886451","-73.863981","212","12","2062900","2048240041","394","BX1201"
"2201","516-518 East 147th Street Apartments","Rental","New Construction","3","984450","3740","516","E 147th St","BX",,"3",,,,,,,,"3",,"10455","40.813364","-73.914985","201","08","2129125","2022720109","43","BX0101"
"4873","18-26 Redfern Avenue Apartments","Rental","New Construction","58","0","6812","18-","26 Redfern Ave","QN","37","9","12",,,,,"58",,,,,,,,,,,,
"2053","PARK HAVEN","Rental","New Construction","127","981992","3579","345","St Ann's Ave","BX","33","48","30","16",,"17","34","76",,,,"10454","40.809498","-73.915766","201","08","2128977","2022687501","41","BX0101"
"4269","Arris Grand","Rental","New Construction","34","0","6464","445","Grand Ave","BK","1","25","8",,,,,"20",,"14",,"11238","40.682179","-73.961558","302","35","3429717","3020157501","227","BK0301"
"4568","The Haru Apartments at 138-25 Barclay Avenue","Rental","New Construction","15","1011559","6678","138-25","Barclay Ave","QN","1","6","8",,,,,,,"15",,"11355","40.758262","-73.827147","407","20","4620984","4050440074","853","QN0707"
"2150","545 St. Marks Avenue Apartments","Rental","New Construction","3","1000664","3673","545","ST MARKS AVENUE","BK",,"3",,,,,,,,"3",,"11216","40.675831","-73.955549","308","35","3030630","3012170083","221","BK0802"
"5037","14-09 31st Avenue Apartments","Rental","New Construction","3","417054","6904","14-09","31st Ave","QN",,"3",,,,,,,,"3",,"11106","40.768054","-73.931527","401","22","4621023","4005340021","79","QN0102"
"2476","110 East 53rd Street Apartments","Rental","New Construction","3","268906","4026","110","E 53rd St","BK","1","2",,,,,,,,"3",,"11203","40.657584","-73.928086","317","41","3428571","3046220022","878","BK1703"
"3793","ATLANTIC CHESTNUT PHASE I","Rental","New Construction","341","982238","6093","250","EUCLID AVENUE","BK","34","142","114","51",,"40","101","200",,,,"11208","40.68235","-73.873927","305","37","3428606","3041437501","1178","BK0501"
"4927","43-34 53rd Street Apartments","Rental","New Construction","8","0","6843","43-34","53rd St","QN",,"8",,,,,,,,"8",,"11377","40.743725","-73.911674","402","26","4000000","4013210041","25302","QN0202"
"4154","3525 Bruckner Boulevard Apartments","Rental","New Construction","3","1010704","6387","3525","Bruckner Blvd","BX","1","2",,,,,,,,"3",,"10461","40.847408","-73.827222","210","13","2130895","2041780021","26602","BX1003"
"3394","1661 Madison Avenue Apartments","Rental","New Construction","5","24703","5853","1661","Madison Ave","MN",,"5",,,,,,,,"5",,"10029","40.796517","-73.947367","111","08","1091690","1016160052","17402","MN1101"
"4190","26- 12 4th Street Apartments","Rental","New Construction","7","1011809","6433","26-12","4th St","QN",,"7",,,,,,,,"7",,"11102","40.775823","-73.932808","401","22","4623652","4009100027","87","QN0102"
"1738","1780 Sheepshead Bay Road","Rental","New Construction","7","999255","3232","1780","Sheepshead Bay Rd","BK","1","2","4",,,,,,,"7",,"11235","40.584173","-73.950811","315","48","3426699","3087717503","608","BK1503"
"2646","27-10 37th Ave Apartments","Rental","New Construction","3","1003643","4272","27-10","37th Ave","QN",,"3",,,,,,,,"3",,"11101","40.756492","-73.933827","401","26","4623406","4003697501","51","QN0105"
"7276","2183 3rd Avenue Apartments - Units Available","Rental","New Construction","2","967058","7717","2183","3 AVENUE","MN","1",,"1",,,,,"2",,,,"10035","40.79998","-73.938508","111","08","1088905","1017840002","194","MN1102"
"2284","THE CROSSING AT JAMAICA STATION - UNITS STILL AVAILABLE","Rental","New Construction","75","628293","3345","147-40","ARCHER AVENUE","QN","6","29","36","4",,,,,,"75",,"11435","40.700836","-73.806551","412","27","4607280","4099987501","208","QN1201"
"5078","3056 Decatur Avenue Apartments","Rental","New Construction","3","60895","6933","3056","Decatur Ave","BX",,"3",,,,,,,,"3",,"10467","40.870949","-73.879105","207","11","2130590","2033310019","425","BX0703"
"4754","ANDREWS AVENUE SOUTH SENIOR RESIDENCE","Rental","New Construction","80","45513","6770","1746","ANDREWS AVENUE","BX","56","24",,,,,"24","56",,,,"10453","40.85037","-73.917222","205","14","2129342","2028780183","21501","BX0501"
"2447","102 Charlton Street Apartments","Rental","New Construction","17","968997","3989","102","Charlton St","MN","10","6","1",,,,"7","9",,"1",,"10014","40.727395","-74.008125","102","03","1090693","1005970050","37","MN0201"
"4442","Borinquen Place Suites","Rental","New Construction","5","0","6581","49","Borinquen Pl","BK",,,"5",,,,,,,"5",,"11211","40.710487","-73.956705","301","34","3413964","3024210024","523","BK0102"
"2194","260 Knickerbocker Avenue - Units Still Available","Rental","New Construction","12","321213","3725","260","KNICKERBOCKER AVENUE","BK",,"4","8",,,,,,,"12",,"11237","40.7025","-73.924853","304","34","3072742","3031970034","429","BK0401"
"4591","ROCKAWAY VILLAGE PHASE 4 APARTMENTS","Rental","New Construction","45","1000222","6476","1607","Village Ln","QN","4","17","20","4",,"6","13","26",,,,"11691","40.606435","-73.752328","414","31","4000000","4155377501","103202","QN1401"
"7243","Mosholu Concourse Apartments","Rental","New Construction","32","67067","7416","220","EAST 197 STREET","BX",,"24","5","3",,,,"32",,,,"10458","40.869015","-73.89092","207","15","2017158","2033040156","40302","BX0702"
"5304","679 Marcy Avenue Apartments","Rental","New Construction","3","0","7037","679","Marcy Ave","BK",,"3",,,,,,,,"3",,"11216","40.69115","-73.948355","303","36","3000000","3017800002","261","BK0301"
"4835","Kelly Residentials aka 1034 Kelly Street Apartments","Rental","New Construction","3","0","6804","1034","Kelly St","BX","1","2",,,,,,,,"3",,"10459","40.824473","-73.895828","202","17","2000000","2027160002","131","BX0202"
"4432","The Vitagraph - Waiting List","Rental","New Construction","91","983320","6568","1277","EAST 14 STREET","BK",,"45","46",,,,,,,"91",,"11230","40.618481","-73.961062","314","44","3426593","3067350080","768","BK1403"
"4044","253 Clarkson Avenue Apartments","Rental","New Construction","3","221379","6346","253","CLARKSON AVENUE","BK","3",,,,,,,,,"3",,"11226","40.655351","-73.951443","309","40","3116081","3050570074","820","BK1701"
"7236","205 Cabrini Boulevard Apartments","Rental","New Construction","7","0","7677","205","Cabrini Blvd","MN",,"1","6",,,,,,,"7",,"10033","40.854336","-73.938895","112","10","1000000","1021790154","273","MN1202"
"3854","1818 Prospect Avenue Apartments","Rental","New Construction","5","1009126","6184","1818","PROSPECT AVENUE","BX",,,,"5",,,,,,"5",,"10457","40.841944","-73.891232","206","15","2128688","2029530006","367","BX0602"
"3565","1216 Pacific Street - Putnam Cluster","Rental","New Construction","5","349463","5955","1216","PACIFIC STREET","BK","1","4",,,,,,,"5",,,"11216","40.677746","-73.951376","308","36","3029989","3012060020","315","BK0802"
"5041","1634 aka 1640 Flatbush Avenue Apartments","Rental","New Construction","45","0","6905","1634","Flatbush Ave","BK","9","19","17",,,,"18","26",,"1",,"11210","40.630546","-73.945264","314","45","3428953","3075770060","774","BK1401"
"7224","The Grant","Rental","New Construction","12","121005","7672","78","W 170th St","BX",,"12",,,,,"4","6",,"2",,"10452","40.840323","-73.922034","204","16","2000000","2025060125","211","BX0402"
"2243","312 97th Street - Units Still Available","Rental","New Construction","5","993643","3773","312","97 STREET","BK",,"2","3",,,,,,,"5",,"11209","40.615612","-74.033818","310","47","3426884","3061267501","5601","BK1001"
"1790","482 Seneca Avenue Apartments","Rental","New Construction","7","694488","3045","482","SENECA AVENUE","QN",,"3","3","1",,,,,,"7",,"11385","40.705722","-73.912633","405","34","4081973","4034330035","545","QN0502"
"2849","RIVER CREST APARTMENTS","Rental","Preservation","225","989393","4431","1164","River Ave","BX","53","100","45","27",,"38","51","136",,,,"10452","40.834696","-73.921889","204","16","2130367","2024887501","197","BX0401"
"3984","277 Throop Avenue Apartments","Rental","New Construction","3","0","6277","277","THROOP AVENUE","BK",,"2","1",,,,,,,"3",,"11206","40.694142","-73.943149","303","36","3426271","3017690004","283","BK0302"
"4366","80 Linden Boulevard Apartments","Rental","New Construction","14","1012432","6525","80","Linden Blvd","BK",,"8","6",,,,,,,"14",,"11226","40.652336","-73.955452","317","40","3429835","3050870008","822","BK1701"
"1678","65 Woodbine Street Apartments","Rental","New Construction","3","970975","2971","65","WOODBINE STREET","BK",,"3",,,,,,,,"3",,"11221","40.690625","-73.918628","304","37","3076576","3033490045","399","BK0402"
"1785","1626 & 1630 Brooklyn Avenue","Rental","New Construction","3","214631","3274","1630","Brooklyn Ave","BK",,"3",,,,,,,,"3",,"11210","40.633292","-73.941908","317","45","3426664","3075630059","784","BK1702"
"5201","Belle Gardens Cooperatives","Owner","New Construction","8","0","6994","37","ROCHESTER AVENUE","BK",,"2","6",,,,,,"2","6",,"11233","40.677876","-73.927473","303","41","3429148","3017090009","299","BK0302"
"2068","74-10 Broadway Apartments - Units Still Available","Rental","New Construction","3","640478","3596","74-10","Broadway","QN",,,"3",,,,,,,"3",,"11373","40.746543","-73.891168","404","25","4618361","4014857502","267","QN0401"
"2202","Bedford 203 HDFC","Rental","New Construction","41","934463","3584","211","E 203rd St","BX","2","21","18",,,,"21","20",,,,"10458","40.873849","-73.886085","207","14","2129250","2033090039","413","BX0702"
"7252","1054 41st Street Apartments","Rental","New Construction","9","1018021","7665","1054","41st St","BK",,"4","5",,,,,,,"9",,"11219","40.642801","-73.992934","312","38","3000000","3055910027","112","BK1201"
"4619","95-25 Waltham Street Apartments","Rental","New Construction","22","702913","6677","95-25","Waltham St","QN","3","14","5",,,,,"22",,,,"11435","40.697908","-73.807191","412","27","4620992","4100260034","208","QN1201"
"2287","2265 Hughes Avenue - Unit Still Available","Rental","New Construction","3","997687","3851","2265","HUGHES AVENUE","BX",,,"3",,,,,,,"3",,"10457","40.852454","-73.888229","206","15","2012094","2030710055","391","BX0603"
"2479","57-41 Granger Street Apartments","Rental","New Construction","6","1004391","4037","57-41","GRANGER STREET","QN",,"2","4",,,,,,,"6",,"11368","40.73902","-73.856621","404","21","4048009","4019510010","43702","QN0402"
"2219","445 Vanderbilt Avenue Apartments","Rental","New Construction","13","999168","3754","445","Vanderbilt Ave","BK","3","7","3",,,,,,,"13",,"11238","40.685022000000004","-73.968205","302","35","3428934","3019600011","199","BK0204"
"7251","303 Sumpter Street Apartments","Rental","New Construction","3","379501","7693","303","SUMPTER STREET","BK",,"1","2",,,,,,,"3",,"11233","40.680824","-73.912799","316","41","3041354","3015210066","371","BK1601"
"7180","361 A & B East 194th Street Apartments","Rental","New Construction","4","0","7616","361","E 194th St","BX",,"4",,,,,,"4",,,,"10458","40.863775","-73.890669","207","15","2000000","2032820063","40502","BX0702"
"3399","Ruby","Rental","New Construction","144","31912","5847","241","WEST 28 STREET","MN","58","75","10","1",,,,"96",,"48",,"10001","40.747769","-73.99459","105","03","1014254","1007780018","95","MN0501"
"1756","168 East 100 Street Apartment","Rental","New Construction","5","994198","3208","168","EAST 100 STREET","MN",,"5",,,,,,,,"5",,"10029","40.788144","-73.948406","111","08","1090703","1016270042","166","MN1101"
"7217","Grant TPT Apartments","Rental","New Construction","6","82034","7661","1113","GRANT AVENUE","BX",,"3","3",,,,,"6",,,,"10456","40.831437","-73.916252","204","16","2002660","2024520029","18101","BX0401"
"2639","Otto Greenpoint Apartments Waiting List","Rental","New Construction","60","1007274","3675","211","MCGUINNESS BOULEVARD","BK","7","43","10",,,,,,,"60",,"11222","40.729525","-73.95097","301","33","3379800","3025767501","575","BK0101"
"7283","Nova Astoria","Rental","New Construction","50","0","7701","11-14","35th Ave","QN",,"25","25",,,,,"19","25","6",,"11106","40.762753000000004","-73.93869","401","22","4000000","4003310027","85","QN0105"
"7225","Grace's Place Senior Apartments","Rental","New Construction","56","0","7666","13-04","Nameoke Ave","QN","56",,,,,,"56",,,,,"11691","40.60659","-73.750419","414","31","4000000","4155350001","103202","QN1401"
"7210","Bryant Avenue Apartments","Rental","New Construction","4","0","7642","1525","Bryant Avenue","BX",,"4",,,,,,,,"4",,"10460","40.833484","-73.88691","203","17","2010792","2029960043","157","BX0303"
"4334","488 Marcus Garvey Boulevard  Apartments","Rental","New Construction","6","1010785","6507","488","MARCUS GARVEY BOULEVARD","BK",,"6",,,,,,,,"6",,"11216","40.680204","-73.937501","303","36","3430002","3018590029","273","BK0302"
"2014","1402 York Avenue Cooperatives","Owner","New Construction","10","948086","3145","1402","YORK AVENUE","MN","10",,,,,,,"10",,,,"10021","40.768529","-73.952512","108","05","1046294","1014867501","13201","MN0801"
"2917","6327 Broadway Apartments","Rental","New Construction","27","1003180","4293","6327","Broadway","BX",,"23","4",,,,,,,"27",,"10471","40.899256","-73.897158","208","11","2130558","2058353055","351","BX0803"
"7178","570 Washington Street Senior Apartments","Rental","New Construction","122","9631","7614","570","WASHINGTON STREET","MN","57","40","25",,,,"122",,,,,"10014","40.729212","-74.009316","102","03","1091654","1005967502","69","MN0203"
"3940","Maven Mott Haven Apartments","Rental","New Construction","60","1010104","6235","2413","Third Ave","BX",,"46","11","3",,,,,,"60",,"10451","40.808361","-73.930997","201","08","2130650","2023190109","51","BX0101"
"7318","107 South 3rd Street Apartments","Rental","New Construction","4","0","7773","107","S 3rd St","BK",,"4",,,,,,,,"4",,"11249","40.712823","-73.963337","301","34","3000000","3024170037","551","BK0102"
"7179","558 Sackett Street Apartments","Rental","Preservation","10","1012092","7618","558","Sackett St","BK",,"5","5",,,,"4","4",,"2",,"11217","40.679503","-73.986365","306","39","3000000","3004330014","11901","BK0601"
"1855","24 Wilson Avenue","Rental","New Construction","5","997369","3422","24","Wilson Ave","BK",,"5",,,,,,,,"5",,"11237","40.703214","-73.930158","304","34","3428612","3031540033","425","BK0401"
"7230","Ruby Square","Rental","New Construction","185","667799","7624","166-20","JAMAICA AVENUE","QN","1","137","47",,,,,"93",,"92",,"11432","40.705905","-73.793721","412","27","4216246","4101560007","444","QN1201"
"3620","Riverton Square -- Waiting List","Rental","Preservation","14","805054","6017","2171","Madison Ave","MN",,"9","5",,,,,,,"14",,"10037","40.812628","-73.935613","111","09","1082614","1017600101","210","MN1102"
"7274","The Gregory - Units Still Available","Rental","New Construction","2","1011443","7713","991","ST JOHNS PLACE","BK",,,"1","1",,,,,,"2",,"11213","40.671392","-73.945634","308","35","3332427","3012490138","339","BK0802"
"3633","440 E 115th Street Apartments","Rental","New Construction","5","1007285","5994","440","EAST 115 STREET","MN","1","1","3",,,,,,,"5",,"10029","40.794897","-73.93493","111","08","1090220","1017080033","178","MN1102"
"3567","104-08 Northern Blvd Apartments","Rental","New Construction","3","684494","5962","104-08","NORTHERN BOULEVARD","QN",,"3",,,,,,,,"3",,"11368","40.757691","-73.864432","403","21","4042651","4017190003","379","QN0303"
"2074","650 West 42nd Street Apartments","Rental","New Construction","47","873392","3607","650","WEST 42 STREET","MN","13","28","6",,,,,,,"47",,"10036","40.761551","-74.000069","104","03","1085803","1010890001","117","MN0401"
"7175","Inwood Living","Rental","New Construction","70","1016004","7605","3880","9 AVENUE","MN","17","18","35",,,,"28","28","12","2",,"10034","40.864118","-73.916764","112","10","1091848","1021890060","299","MN1203"
"7154","153 East 51st Street Apartments","Rental","New Construction","3","267282","7569","153","EAST 51 STREET","BK",,,"3",,,,,,,"3",,"11203","40.658708","-73.9301","317","41","3099687","3046050045","878","BK1703"
"1958","The Astor LIC","Rental","New Construction","43","999816","3504","36-20","Steinway St","QN","13","21","9",,,,,,,"43",,"11101","40.753253","-73.923688","401","26","4619734","4006657501","157","QN0104"
"2330","1016 East 13th Street","Rental","New Construction","3","972404","3895","1016","EAST 13 STREET","BK",,"1",,"2",,,,,,"3",,"11230","40.624345","-73.963141","314","44","3179875","3067147501","534","BK1403"
"5201","Belle Gardens Cooperatives","Owner","New Construction","13","927737","6993","335","Ralph Ave","BK",,"2","11",,,,,,"11","2",,"11233","40.677644","-73.921745","303","41","3429874","3015560003","301","BK1601"
"2454","32-72 41st Street Apartments","Rental","New Construction","8","0","4544","24-32","41st St","QN",,"6","2",,,,,,,"8",,"11103","40.768281","-73.910335","401","22",,,"141","QN0104"
"7269","1824 Anthony Avenue Apartments","Rental","New Construction","39","0","7692","1824","Anthony Ave","BX","9","10","20",,,,,,,"39",,"10457","40.846902","-73.903766","205","15","2000000","2028920016","231","BX0502"
"2461","37 Herkimer Street","Rental","New Construction","2","1004479","4023","37","Herkimer St","BK",,"2",,,,,,,,"2",,"11216","40.679766","-73.951832","303","36","3425800","3018600085","247","BK0301"
"3130","276 GRAND CONCOURSE APARTMENTS - Units Still Available","Rental","New Construction","31","1004385","4657","276","GRAND CONCOURSE","BX","3","19","9",,,,,,,"31",,"10451","40.813912","-73.92929","201","08","2000999","2023410010","51","BX0101"
"3761","317 Franklin Avenue Apartments","Rental","New Construction","5","1009630","6116","317","Franklin Ave","BK",,"2","3",,,,,,,"5",,"11238","40.688705","-73.957148","303","36","3429800","3019500003","233","BK0301"
"3855","Enclave at The Cathedral Waitlist","Rental","New Construction","87","957979","6171","400","WEST 113 STREET","MN","24","43","20",,,,,"87",,,,"10025","40.804117","-73.960646","109","07","1089808","1018650020","19701","MN0901"
"1794","33-29 103 Street Apartments","Rental","New Construction","3","984917","3229","33-29","103rd St","QN",,"3",,,,,,,,"3",,"11368","40.757004","-73.865552","403","21","4623016","4017180063","379","QN0303"
"1798","2265 Hughes Avenue Apartment","Rental","New Construction","5","997687","3341","2265","HUGHES AVENUE","BX",,,"5",,,,,,,"5",,"10457","40.852454","-73.888229","206","15","2012094","2030710055","391","BX0603"
"7288","874 Home Street Apartments","Rental","New Construction","3","86474","7729","874","HOME STREET","BX","1","1","1",,,,,"3",,,,"10459","40.828113","-73.896455","202","17","2127517","2026920036","131","BX0202"
"7141","88-34 54th Avenue Apartments","Rental","New Construction","3","989647","4170","88-34","54 AVENUE","QN",,"3",,,,,,,,"3",,"11373","40.737065","-73.874909","404","25","4045371","4018400013","473","QN0401"
"4540","351 East 10th Street Apartments","Rental","New Construction","11","1015408","6662","351","EAST 10 STREET","MN","2","6","3",,,,,"3",,"8",,"10009","40.726671","-73.979417","103","02","1091774","1003930059","28","MN0303"
"5339","Tryon North","Rental","New Construction","23","1002898","7073","4778","Broadway","MN","5","10","8",,,,"9","9","3","2",,"10034","40.865818","-73.926444","112","10","1091659","0000000000","291","MN1203"
"5529","Bronx Renewal HELP USA Cluster","Rental","Preservation","5","85940","7214","3034","HOLLAND AVENUE","BX",,"4","1",,,,,"5",,,,"10467","40.870144","-73.86524","212","12","2055609","2045700019","33802","BX1201"
"4860","952 Bedford Avenue Apartments","Rental","New Construction","10","1006281","6815","952","Bedford Ave","BK",,"6","4",,,,,"5",,"5",,"11205","40.692146","-73.955667","303","33","3000000","3019280049","235","BK0301"
"3489","The Suffolk Apartments","Rental","New Construction","95","26019","5907","55","Suffolk St","MN","32","42","20","1",,,"76",,"19",,,"10002","40.71695","-73.987158","103","01","1091600","1003467505","1402","MN0302"
"3674","18 Monitor Street Apartments","Rental","New Construction","5","0","6046","18","Monitor St","BK",,"2","3",,,,,,,"5",,"11222","40.719717","-73.941627","301","34","3000000","3028330033","477","BK0104"
"7212","554 West 46th Street Apartments","Rental","New Construction","12","0","7654","554","W 46th St","MN","3","3","6",,,,,"12",,,,"10036","40.762948","-73.995459","104","03","1000000","1010740063","12901","MN0402"
"4398","115 West 190th street Apartments","Rental","New Construction","12","0","6554","115","W 190th St","BX","1","8","3",,,,,,,"12",,"10468","40.865596","-73.903819","207","14","2129742","2032200115","263","BX0701"
"3586","Third Avenue and East 134th Street","Rental","New Construction","80","1002413","5989","2455","3rd Ave.","BX","33","10","37",,,,,,,"80",,"10451","40.809093","-73.929837","201","08","2129674","2023190038","51","BX0101"
"4660","217 Main Street Apartments","Rental","New Construction","4","757878","6725","217","MAIN STREET","SI",,,"4",,,,,,,"4",,"10307","40.50991","-74.247685","503","51","5089269","5080470035","248","SI0305"
"2216","1089 President Street Apartments","Rental","New Construction","55","988140","3702","1089","PRESIDENT STREET","BK","12","30","12","1",,"4","12","39",,,,"11225","40.668297","-73.954613","309","35","3427017","3012747501","323","BK0901"
"5189","The Baronial aka 665 East 183rd Street Apartments","Rental","New Construction","4","66538","7003","665","EAST 183 STREET","BX",,"3","1",,,,,,,"4",,"10458","40.852395","-73.886885","206","15","2012504","2030880054","391","BX0603"
"7471","788 Fairmount Place Apartments","Rental","New Construction","7","0","7940","788","Fairmount Pl","BX","1",,"6",,,,,,,"7",,"10460","40.842741","-73.889138","206","15","2000000","2029540021","36502","BX0602"
"7148","2519 Sedgwick Avenue Apartments","Rental","Preservation","8","1016815","7576","2519","SEDGWICK AVENUE","BX","1","5","2",,,,,"8",,,,"10468","40.867235","-73.90754","207","14","2129760","2032370156","269","BX0701"
"1880","586 & 596 East 32nd Street Apartments","Rental","New Construction","3","1001891","3448","596","E 32nd St","BK",,"3",,,,,,,,"3",,"11210","40.636563","-73.946142","317","45","3426560","3049950002","78802","BK1702"
"4747","3418 Third Avenue Apartments","Rental","New Construction","13","1011883","6697","3418","Third Ave","BX","3","8","2",,,,,,,"13",,"10456","40.828616","-73.906886","203","17","2129677","2026080034","18502","BX0301"
"4124","The Hub - Waiting List","Rental","New Construction","150","944547","6392","333","SCHERMERHORN STREET","BK","46","85","19",,,,,"150",,,,"11217","40.687144","-73.981243","302","33","3418263","3001670013","37","BK0202"
"7314","37th and 1st Apartments","Rental","New Construction","28","631","7764","650","1 AVENUE","MN","10","14","4",,,,"6","10","12",,,"10016","40.745817","-73.972016","106","04","1022547","1009690001","8601","MN0603"
"4403","25-70 32nd Street","Rental","New Construction","5","1009453","6490","25-70","32nd St","QN","1","1","3",,,,,,,"5",,"11102","40.768666","-73.918605","401","22","4623655","4006200046","6501","QN0103"
"2571","Castleton Supportive Housing","Rental","New Construction","16","989187","3835","1546","CASTLETON AVENUE","SI","16",,,,,,,"16",,,,"10302","40.63586","-74.134431","501","49","5000000","5010350012","20702","SI0106"
"2132","1056 Manhattan Avenue Apartments","Rental","New Construction","27","984071","3502","1056","MANHATTAN AVENUE","BK","2","23","2",,,,,"18",,"9",,"11222","40.734827","-73.955008","301","33","3428568","3025050005","575","BK0101"
"2772","95-01 37th Avenue Apartments","Rental","New Construction","14","424673","4389","35-63","95th St","QN",,"7","7",,,,,,,"14",,"11372","40.752749","-73.872534","403","21","4623589","4014697502","27302","QN0301"
"2721","55-44 97 Place Apartments","Rental","New Construction","3","507848","4352","55-44","97 PLACE","QN",,,"3",,,,,,,"3",,"11368","40.738592","-73.863658","404","21","4047191","4019050047","44302","QN0402"
"4727","1510 BROADWAY APARTMENTS","Rental","New Construction","90","213872","6726","1510","BROADWAY","BK","7","38","34","11",,"10","27","53",,,,"11221","40.686811","-73.917364","316","41","3039905","3014897501","373","BK1601"
"4549","1821 Prospect Avenue Apartments","Rental","New Construction","32","1013156","6663","1821","Prospect Ave","BX","31",,"1",,,,,,,"32",,"10457","40.842043","-73.891156","206","15","2092145","2029490072","36902","BX0602"
"2901","134-40 Blossom Ave Apartments","Rental","New Construction","3","638713","4411","134-40","BLOSSOM AVENUE","QN",,,"3",,,,,,,"3",,"11355","40.7529","-73.828453","407","20","4115449","4051240028","79702","QN0707"
"2768","1329 Morris Avenue Apartments","Rental","New Construction","7","97374","4138","1329","Morris Ave","BX","3","3","1",,,,,,,"7",,"10456","40.83636","-73.912288","204","16","2130582","2028160058","17902","BX0403"
"1847","312 Broadway","Rental","New Construction","8","998602","3415","312","Broadway","BK","2","4","2",,,,,,,"8",,"11211","40.708338","-73.95768","301","34","3426089","3021427501","529","BK0103"
"7474","Las Raices Apartments","Rental","New Construction","6","0","7947","338","E 117th St","MN","1","3",,"2",,,"4","2",,,,"10035","40.797165","-73.93608","111","08","1000000","1016880034","188","MN1102"
"2827","332 East 28th Street Apartments","Rental","New Construction","2","1004055","4175","332","EAST 28 STREET","BK",,"1","1",,,,,,,"2",,"11226","40.642258","-73.950584","317","45","3119917","3051930020","828","BK1701"
"7403","Prosper Brooklyn","Rental","New Construction","65","1012279","7848","1042","ATLANTIC AVENUE","BK","14","37","14",,,,"49","3",,"13",,"11238","40.680027","-73.959274","308","35","3000000","3011250029","305","BK0802"
"2324","The Kira Apartments","Rental","New Construction","69","667729","3833","153-19","JAMAICA AVENUE","QN","37","32",,,,,,"69",,,,"11432","40.702843","-73.801961","412","27","4619413","4097547501","240","QN1201"
"3129","724 Elton Avenue Apartments","Rental","New Construction","5","1004296","4665","724","Elton Ave","BX","4",,"1",,,,,,,"5",,"10455","40.819968","-73.914149","201","17","2103478","2023770041","69","BX0102"
"4461","42 West 33rd Street Waiting List","Rental","New Construction","45","957473","6551","42","WEST 33 STREET","MN","14","26","5",,,,,"45",,,,"10001","40.748606","-73.987061","105","04","1015855","1008340069","76","MN0501"
"2242","65 Graham Avenue Apartments - Units Still Available","Rental","New Construction","3","302249","3777","65","GRAHAM AVENUE","BK",,,"3",,,,,,,"3",,"11206","40.703869","-73.942643","301","34","3325956","3030960025","491","BK0104"
"7187","1840 Harrison Avenue Apartments","Rental","New Construction","53","0","7625","1840","Harrison Ave","BX",,"1","52",,,,,,,"53",,"10453","40.851235","-73.913306","205","14","2000000","2028690016","243","BX0501"
"7188","211 Nostrand Avenue Apartments","Rental","New Construction","9","346443","7626","211","NOSTRAND AVENUE","BK",,,,,"9",,,,,"9",,"11205","40.691821","-73.951842","303","36","3338634","3017740005","253","BK0301"
"2299","Roosevelt Apartments Phase I","Rental","New Construction","2","692352","3795","108-53","ROOSEVELT AVENUE","QN",,"2",,,,,,,,"2",,"11368","40.750869","-73.858277","403","21","4044832","4017807504","40102","QN0303"
"4782","2621 Grand Avenue Apartments","Rental","New Construction","11","1012614","6783","2621","GRAND AVENUE","BX","2","9",,,,,,,,"11",,"10468","40.867135","-73.900002","207","14","2129696","2032150044","265","BX0701"
"1685","The Arches Apartments","Rental","New Construction","57","997633","3096","228","EAST 135 STREET","BX","1","30","26",,,,,,,"57",,"10451","40.809881","-73.930252","201","08","2129363","2023197501","51","BX0101"
"3889","3073 Barker Avenue Apartments","Rental","New Construction","24","0","6216","3073","BARKER AVENUE","BX","7","12","5",,,,,,,"24",,"10467","40.871024","-73.869349","212","12","2054725","2045430027","33602","BX1201"
"5538","Lenox Avenue HDFC Cooperative ANCP Cluster","Owner","Preservation","6","23595","7020","424","LENOX AVENUE","MN",,"4","2",,,,,,"6",,,"10037","40.81174","-73.942579","110","09","1053825","1017290002","208","MN1002"
"2088","Jerome Avenue Residence","Rental","New Construction","101","988689","3580","1325","JEROME AVENUE","BX",,"35","39","27",,,"21","80",,,,"10452","40.838715","-73.918794","204","16","2129224","2028567501","219","BX0403"
"1945","25-18 32  Street Astoria Apartments","Rental","New Construction","3","419220","3434","25-18","32 STREET","QN","1","1","1",,,,,,,"3",,"11102","40.769338","-73.918059","401","22","4008677","4006200028","6501","QN0103"
"3387","576 Lenox Road Apartments","Rental","New Construction","3","324196","5846","576","LENOX ROAD","BK",,"1","2",,,,,,,"3",,"11203","40.654815","-73.939031","317","40","3108299","3048620004","814","BK1703"
"5286","11-24 31st Drive Aprtments","Rental","New Construction","16","417641","7036","11-24","31st Dr","QN","9","7",,,,,,,,"16",,"11106","40.768375","-73.935317","401","22","4624695","4005020019","81","QN0102"
"1765","23-61 31st Street Apartments","Rental","New Construction","3","417923","3292","23-61","31 STREET","QN",,"3",,,,,,,,"3",,"11105","40.773","-73.914509","401","22","4017173","4008350014","115","QN0101"
"4053","219 Lenox Road Apartments","Rental","New Construction","15","1008752","6239","219","LENOX ROAD","BK","4","11",,,,,,,,"15",,"11226","40.654036","-73.951959","317","40","3429008","3050660091","820","BK1701"
"5036","2532 Grand Avenue Apartments","Rental","New Construction","15","1010253","6891","2532","GRAND AVENUE","BX","5","10",,,,,,,,"15",,"10468","40.865273","-73.901386","207","14","2129685","2032040019","265","BX0701"
"1836","Uptown 6","Rental","Preservation","13","41279","3048","120","WEST 139 STREET","MN","7",,"6",,,,,"13",,,,"10030","40.817226","-73.940367","110","09","1060041","1020070047","230","MN1002"
"7157","532 Neptune Avenue Apartments","Rental","New Construction","150","966905","7579","532","NEPTUNE AVENUE","BK","33","42","75",,,,,,,"150",,"11224","40.579868","-73.973025","313","48","3426198","3072737501","354","BK1302"
"7253","Inkwell","Rental","New Construction","60","63765","7684","586","GERARD AVENUE","BX",,"42","18",,,,,"40",,"20",,"10451","40.820304","-73.928716","204","08","2001115","2023530001","6301","BX0401"
"5337","Brooklyn Crossing Waiting List","Rental","New Construction","258","1003182","7063","18","6 AVENUE","BK","79","134","45",,,,,,"213","45",,"11217","40.68251","-73.973885","302","35","3426300","3011187502","12902","BK0602"
"3374","221 East 117th Street Apartments","Rental","New Construction","4","1011734","5826","221","E 117th St","MN",,"4",,,,,,,,"4",,"10035","40.798358","-73.93886","111","08","1091581","1016670011","188","MN1102"
"1963","177 & 185 Veronica Place","Rental","New Construction","3","387292","3511","177","VERONICA PLACE","BK",,"1","2",,,,,,,"3",,"11226","40.645808","-73.952606","317","40","3117975","3051370040","79202","BK1701"
"7153","87 Carlton Avenue Apartments","Rental","Preservation","2","0","7578","87","CARLTON AVENUE","BK",,"2",,,,,,"2",,,,"11205","40.695061","-73.973282","302","35","3000000","3020440025","18501","BK0203"
"1961","898 Bushwick Avenue Apartments","Rental","New Construction","3","997785","3513","898","BUSHWICK AVENUE","BK",,"1","2",,,,,,,"3",,"11221","40.693396","-73.925116","304","34","3074662","3032730038","395","BK0402"
"5137","Belmont Cove","Rental","New Construction","129","65844","6754","656","E 176th St","BX","10","69","37","13",,"16","38","75",,,,"10457","40.844227","-73.893184","206","15","2000000","2029450034","36901","BX0602"
"3092","Small Homes Rehab - NYCHA Program Cluster III","Owner","New Construction","3","322293","4626","580","LAFAYETTE AVENUE","BK",,,"2","1",,,,,"1",,,"11205","40.689773","-73.952189","303","36","3049894","3017880053","243","BK0301"
"3401","25-49 38th Street - Units Still Available","Rental","New Construction","3","426282","5858","25-49","38th St","QN",,"3",,,,,,,,"3",,"11103","40.767787","-73.91292","401","22",,,"143","QN0104"
"7321","96-11 37th Avenue Apartments","Rental","New Construction","4","1018049","7771","96-11","37 AVENUE","QN",,"2","2",,,,,"4",,,,"11368","40.751608","-73.870648","403","21","4625412","4017370030","37502","QN0303"
"4444","21 West End - Waiting List","Rental","New Construction","127","942270","6573","21","WEST END AVENUE","MN","36","63","23","5",,,"127",,,,,"10023","40.772463","-73.989844","107","06","1088870","1011717510","15102","MN0701"
"3151","6915 15th Avenue Apartments","Rental","New Construction","6","1006204","4395","6915","15 AVENUE","BK",,"4",,"2",,,,,,"6",,"11228","40.620826","-73.999701","311","38","3156583","3061580001","190","BK1101"
"2603","44 West 128th Street Apartment","Rental","New Construction","3","1002039","4112","44","WEST 128 STREET","MN","2","1",,,,,,,,"3",,"10027","40.808929","-73.942296","110","09","1090347","1017250057","208","MN1002"
"2186","161-01 89 Avenue Apartments","Rental","New Construction","27","995694","3693","161-01","89 AVENUE","QN","27",,,,,,"27",,,,,"11432","40.706435","-73.799851","412","24","4208989","4097670001","44602","QN1201"
"1927","45-07 48th Avenue Apartments","Rental","New Construction","4","988857","3485","45-07","48 AVENUE","QN",,"2","2",,,,,,,"4",,"11377","40.739406","-73.920214","402","26","4623240","4001707501","18502","QN0202"
"4921","THROOP CORNERS","Rental","New Construction","125","1014040","6820","88","Throop Ave","BK","25","56","12","17","15","14","28","83",,,,"11206","40.702032","-73.946078","301","33","3000000","3022690025","507","BK0103"
"7250","330 Melrose Street Apartments","Rental","New Construction","14","335672","7694","330","Melrose Street","BK","14",,,,,,"3","6","5",,,"11237","40.703337","-73.928372","304","34","3072091","3031650017","427","BK0401"
"4252","31-18 31ST Street Apartments","Rental","New Construction","3","419308","6453","31-18","31 AVENUE","QN",,"3",,,,,,,,"3",,"11106","40.764237","-73.923242","401","22","4008377","4006130045","61","QN0103"
"7254","14-41 Broadway Apartments","Rental","New Construction","9","0","7675","14-41","Broadway","QN","2","2","5",,,,,,,"9",,"11106","40.765706","-73.93254","401","22","4000000","4005310007","77","QN0102"
"2856","31-25 Newtown Avenue Apartments","Rental","New Construction","8","1007289","4174","31-25","NEWTOWN AVENUE","QN","2","6",,,,,,,,"8",,"11102","40.767402","-73.920607","401","22","4563471","4006190011","71","QN0103"
"2139","The Cascade G","Rental","New Construction","44","978647","3665","869","Myrtle Ave","BK","3","7","22","12",,,,"44",,,,"11206","40.695549","-73.947786","303","36","3426037","3017470054","257","BK0301"
"5409","Greenpoint Central aka 75 Dupont Street Apartments","Rental","New Construction","59","235086","7134","75","Dupont St","BK","18","30","11",,,,,"30",,"29",,"11222","40.735698","-73.957082","301","33","3000000","3024870018","56301","BK0101"
"2978","22 Chapel Street Apartments","Rental","New Construction","55","218890","4523","22","CHAPEL STREET","BK","23","16","14","2",,,,,,"55",,"11201","40.697243","-73.986217","302","33","3000208","3001197501","13","BK0202"
"7152","The Carroll","Rental","New Construction","23","0","7561","33","4th St","BK","3","11","9",,,,"9","9",,"5",,"11231","40.677654","-73.995064","306","39","3000000","3004640051","77","BK0601"
"7256","3509 & 3511 Farragut Road Apartments","Rental","New Construction","3","0","7698","3511","Farragut Rd","BK","1","2",,,,,,,,"3",,"11210","40.636586","-73.943004","317","45","3000000","3049990005","782","BK1702"
"3643","28 Bartlett Street Apartments","Rental","New Construction","4","1011899","6033","28","Bartlett St","BK",,,,"4",,,,,,"4",,"11206","40.700871","-73.946844","301","33","3429096","3022720006","507","BK0103"
"7156","43-25 52nd Street Apartments","Rental","New Construction","15","441521","7571","41-43","52 STREET","QN","3","4","8",,,,"6","6","3",,,"11377","40.745581","-73.912181","402","26","4030769","4013150030","25302","QN0202"
"2645","1709 Park Place - Units Still Available","Rental","New Construction","3","1007907","4233","1709","Park Pl","BK",,"3",,,,,,,,"3",,"11233","40.67183","-73.920857","316","41","3429472","3014620058","363","BK1601"
"2882","1985 Honeywell Avenue","Rental","New Construction","10","1005486","4449","1985","Honeywell Ave","BX","2","6","2",,,,,,,"10",,"10460","40.842761","-73.884339","206","15","2129637","2031210021","363","BX0601"
"3621","641 East 28th Street Apartments","Rental","New Construction","12","255128","6019","641","E 28th St","BK","1","8","3",,,,,"6",,"6",,"11210","40.635571","-73.94985","314","45","3121675","3052510014","78601","BK1401"
"7189","600 Crown Street Apartments","Rental","New Construction","30","0","7647","600","Crown St","BK",,"12","18",,,,,,,"30",,"11213","40.665607","-73.938452","309","35","3000000","3014170008","333","BK0901"
"3717","492 Kings Highway","Rental","New Construction","4","320336","6071","492","KINGS HIGHWAY","BK",,"2","2",,,,,,,"4",,"11223","40.60425","-73.971582","315","44","3178563","3066810119","41401","BK1501"
"2315","1603 Lincoln Place Apartments - Unit Still Available","Rental","New Construction","1","326460","3863","1603","LINCOLN PLACE","BK","1",,,,,,,,,"1",,"11233","40.669342","-73.923643","308","41","3037224","3013870064","359","BK0802"
"7168","39-20 214th Place Apartment","Rental","New Construction","3","0","7601","39-20","214th Pl","QN",,"1","2",,,,,,,"3",,"11361","40.765334","-73.769877","411","19","4000000","4062420026","1123","QN1102"
"1841","27-15 Astoria Boulevard Apartments","Rental","New Construction","6","995418","3410","27-15","ASTORIA BOULEVARD","QN",,"6",,,,,,,,"6",,"11102","40.770927","-73.921259","401","22","4619947","4008390017","69","QN0103"
"3134","8 Marcy Avenue Apartments","Rental","New Construction","37","983547","4594","8","Marcy Ave","BK","8","21","8",,,,,"24",,"13",,"11211","40.713766","-73.95453499999999","301","34","3429448","3023690019","519","BK0102"
"7174","104 Frost Street Apartments","Rental","New Construction","6","0","7612","104","Frost St","BK",,"6",,,,,,,,"6",,"11211","40.717858","-73.947187","301","34","3000000","3027380013","501","BK0104"
"2741","100 Lenox Road Apartments","Rental","New Construction","29","324006","4366","100","LENOX ROAD","BK","5","15","9",,,,,,,"29",,"11226","40.653739","-73.956659","314","40","3253056","3050830050","79602","BK1401"
"3739","1791 Marmion Avenue Apartments","Rental","New Construction","26","0","6096","1791","MARMION AVENUE","BX","11","9","6",,,,,,,"26",,"10460","40.840154","-73.889905","206","15","2010013","2029520056","367","BX0602"
"1671","3941 White Plains  Road","Rental","New Construction","3","123404","2973","3941","WHITE PLAINS ROAD","BX",,"1","1","1",,,,,,"3",,"10466","40.886862","-73.861004","212","12","2062932","2048250004","394","BX1201"
"2211","428 Wythe Avenue Apartments","Rental","New Construction","12","399001","3749","428","WYTHE AVENUE","BK",,"10","1","1",,,,,,"12",,"11249","40.71121","-73.966534","301","33","3063648","3024697503","549","BK0102"
"4567","69 Adams Street Apartments","Rental","New Construction","70","182583","6660","69","Adams St","BK","18","23","29",,,,,,,"70",,"11201","40.702173","-73.988556","302","33","3427430","3000520004","21","BK0202"
"4522","238 EAST 52ND Street","Rental","New Construction","8","0","6645","238","E 52nd St","BK","2","6",,,,,,,,"8",,"11203","40.655073","-73.928795","317","41","3000000","3046570011","868","BK1703"
"2477","668 Bushwick Avenue Apartments","Rental","New Construction","15","1004427","4025","668","Bushwick Ave","BK",,"11","4",,,,,,,"15",,"11221","40.697218","-73.932111","304","34","3426440","3031940024","393","BK0401"
"7134","2700 Atlantic Avenue Apartments","Rental","New Construction","52","0","7335","2700","Atlantic Ave","BK",,"33","15",,"4",,"17","25","10",,,"11207","40.675937","-73.894603","305","37","3000000","3036890012","1198","BK0502"
"3365","1376 Dekalb Avenue Apartments","Rental","New Construction","3","1006418","5835","1376","DeKalb Ave","BK",,"3",,,,,,,,"3",,"11221","40.699242","-73.924197","304","37","3429016","3032450027","421","BK0401"
"3194","3836-3838 Carpenter Avenue","Rental","New Construction","3","1007044","4685","3838","Carpenter Ave","BX",,"1","2",,,,,,,"3",,"10467","40.885582","-73.865053","212","12","2129464","2046550008","394","BX1201"
"4756","The MC aka 1100 Myrtle Avenue Apartments","Rental","New Construction","70","340488","6748","1100","MYRTLE AVENUE","BK","8","53","9",,,,,"38",,"32",,"11206","40.696809","-73.936674","303","36","3427349","3015867501","287","BK0302"
"3811","1502 46th Street Apartments","Rental","New Construction","5","1010459","6146","1502","46 STREET","BK",,,"2","3",,,,,,"5",,"11219","40.633825","-73.98561","312","44","3128573","3054367508","234","BK1202"
"2775","50 Nevins Street Apartments","Rental","New Construction","50","342273","3955","50","NEVINS STREET","BK","41",,"7","2",,,,"50",,,,"11217","40.687196","-73.981921","302","33","3000556","3001727501","41","BK0202"
"2779","Amanda's Cove Waiting List","Rental","New Construction","8","875152","4306","1186","EAST 214 STREET","BX",,"1","5","2",,,,"7","1",,,"10469","40.87597","-73.851408","212","12","2113527","2047080182","382","BX1201"
"1743","21-34 Broadway - Units Still Available","Rental","New Construction","12","640419","3238","21-34","BROADWAY","QN",,"6","6",,,,,,,"12",,"11106","40.765093","-73.931472","401","22","4006399","4005557501","45","QN0105"
"1751","885 Rogers Plaza","Rental","New Construction","32","995591","3257","885","ROGERS AVENUE","BK","7","9","16",,,,,,,"32",,"11226","40.648643","-73.952244","317","40","3117397","3051117501","824","BK1701"
"3376","147 Stanhope Street Apartments","Rental","New Construction","3","1008897","5833","147","Stanhope St","BK",,"1","2",,,,,,,"3",,"11221","40.698617","-73.922499","304","37","3427331","3032560030","421","BK0401"
"2631","Third at Bankside- 2401 3rd Avenue","Rental","New Construction","134","1002080","4262","2401","3rd Ave.","BX","47","49","38",,,,,,,"134",,"10451","40.808286","-73.931102","201","08","2129132","2023190002","51","BX0101"
"7272","2267 Andrews Avenue North Apartments","Rental","New Construction","5","1017599","7708","2267","ANDREWS AVENUE","BX","2","3",,,,,,"5",,,,"10468","40.860763","-73.907976","207","14","2000000","2032250032","255","BX0701"
"7286","The East","Rental","New Construction","60","6572","7704","644","EAST 14 STREET","MN","23","24","13",,,,,"20",,"40",,"10009","40.728628","-73.976126","103","02","1004945","1003960029","28","MN0303"
"4510","50 Varet Street","Rental","New Construction","11","1013155","6638","50","Varet St","BK","3","6","2",,,,,,,"11",,"11206","40.703007","-73.942914","301","34","3000000","3031137502","491","BK0104"
"3293","30-75 32nd Street Apartments","Rental","New Construction","3","984660","4140","30-75","32 STREET","QN",,"3",,,,,,,,"3",,"11102","40.764785","-73.921989","401","22","4008530","4006160008","63","QN0103"
"4614","88-36 139th Street Apartments","Rental","New Construction","25","1013433","6705","88-36","139th St","QN","6","15","4",,,,,,,"25",,"11435","40.703428","-73.813796","412","24","4000000","4096200033","214","QN0805"
"2597","266 Kent Avenue Apartments","Rental","New Construction","89","992663","4232","266","KENT AVENUE","BK","28","36","25",,,,,"33",,"56",,"11249","40.71587","-73.966257","301","33","3425049","3024147501","551","BK0102"
"7290","Bronx Park South","Rental","New Construction","53","1011841","7741","872","Bronx Park S","BX","7","27","19",,,,"17","36",,,,"10460","40.846991","-73.881657","206","15","2013170","2031240067","363","BX0601"
"1926","352 Rutland Road Apartments","Rental","New Construction","2","997201","3483","352","Rutland Rd","BK",,"2",,,,,,,,"2",,"11225","40.659486","-73.949068","309","40","3428537","3048090024","804","BK0902"
"7201","694 Rutland Road Apartments","Rental","New Construction","3","364951","7641","694","Rutland Rd","BK",,"1","2",,,,,,,"3",,"11203","40.660186","-73.93775","309","40","3000000","3048130031","87401","BK0902"
"1854","61 Troutman Street","Rental","New Construction","3","999356","3421","61","Troutman St","BK",,"3",,,,,,,,"3",,"11206","40.698519","-73.931713","304","34","3424255","3031710053","391","BK0401"
"5402","The Westport Apartments","Rental","New Construction","19","932342","7128","500","WEST 56 STREET","MN","8","10","1",,,,,,,"19",,"10019","40.768483","-73.989177","104","06","1087635","1010840025","13502","MN0402"
"1711","535 Grand Street Apartments","Rental","New Construction","3","302716","3171","535","GRAND STREET","BK",,,"3",,,,,,,"3",,"11211","40.711077","-73.949931","301","34","3069330","3027797503","513","BK0102"
"7222","61 Metropolitan Avenue","Rental","New Construction","8","1008317","7667","61","METROPOLITAN AVENUE","BK",,"8",,,,,,"5",,"3",,"11249","40.717294","-73.964309","301","33","3335731","3023570029","555","BK0102"
"3355","885 Rogers Avenue Waiting List","Rental","New Construction","32","995591","5806","885","ROGERS AVENUE","BK","7","9","16",,,,,,,"32",,"11226","40.648643","-73.952244","317","40","3117397","3051117501","824","BK1701"
"3088","2311 Andrews Avenue Apartments","Rental","New Construction","4","1007695","4536","2311","Andrews Ave N","BX","1","2","1",,,,,,,"4",,"10468","40.861608","-73.907223","207","14","2130538","2032250131","255","BX0701"
"3427","TWIN PARKS TERRACE","Rental","New Construction","135","120606","5879","373","E 183rd St","BX","31","58","41","5",,,"48","87",,,,"10458","40.856298","-73.895709","205","15","2130369","2031437501","38303","BX0503"
"7267","60 Buchanan Place Apartments","Rental","New Construction","3","0","7707","60","Buchanan Pl","BX","3",,,,,,,"3",,,,"10453","40.858467","-73.906486","205","14","2000000","2032080014","251","BX0501"
"2596","639 East 224th Street","Rental","New Construction","3","70225","4158","639","EAST 224 STREET","BX","1","2",,,,,,,,"3",,"10466","40.887726","-73.862792","212","12","2062991","2048260037","394","BX1201"
"4342","26-31 3rd Street Apartment","Rental","New Construction","5","399228","6514","26-31","3 STREET","QN","1","3","1",,,,,,,"5",,"11102","40.775914","-73.933771","401","22","4622945","4009107503","87","QN0102"
"1890","456 Avenue P - Units Still Available","Rental","New Construction","6","992225","3464","456","AVENUE P","BK",,"3","3",,,,,,,"6",,"11223","40.609078","-73.970575","315","44","3425639","3066357501","422","BK1501"
"7275","25-13 23rd Street Apartments","Rental","New Construction","4","408760","7714","25-13","23 STREET","QN","2","2",,,,,,,,"4",,"11102","40.773155","-73.923373","401","22","4019090","4008720039","69","QN0103"
"1831","One Columbus Place","Rental","New Construction","6","0","3399","1","Columbus Pl","MN","3","3",,,,,,,,"6",,"10019","40.768916","-73.985","104","06","1085140","1010680003","145","MN0701"
"2943","Park 79 Apartments","Rental","New Construction","53","35687","4009","117","WEST 79 STREET","MN","53",,,,,,"53",,,,,"10024","40.782276","-73.976229","107","06","1031763","1012100026","165","MN0702"
"4626","The Mozart Long Island City aka 39-04 29th Street Apartments","Rental","New Construction","6","415775","6716","39-04","29 STREET","QN","1","3","2",,,,,,,"6",,"11101","40.753306","-73.934682","401","26","4004829","4003987501","31","QN0105"
"3562","The Lyric","Rental","New Construction","15","828795","5958","255","WEST 94 STREET","MN","5","9","1",,,,,,,"15",,"10025","40.793595","-73.973289","107","07","1081057","1012420010","183","MN0702"
"3900","148-37 88th Avenue - Unit Still Available","Rental","New Construction","1","1002485","6218","148-37","88 AVENUE","QN",,,"1",,,,,,,"1",,"11435","40.705393","-73.807281","412","27","4595994","4096940049","238","QN1201"
"1698","HORIZON HDFC","Owner","New Construction","15","967819","3158","600","WEST 148 STREET","MN",,,"15",,,,,"3",,"12",,"10031","40.828417","-73.949228","109","07","1083034","1020947503","233","MN0903"
"7304","1761 Topping Ave Apartments","Rental","New Construction","2","0","7751","1761","Topping Ave","BX",,"2",,,,,,"2",,,,"10457","40.845709","-73.905687","205","14","2000000","2027980046","22901","BX0502"
"2392","Plank Road Apartments","Rental","New Construction","94","1003420","3950","662","Pacific St","BK","24","48","22",,,,,,,"94",,"11217","40.682164","-73.973492","308","35","3428828","3011287505","161","BK0801"
"7242","1584 Fulton Street Apartments","Rental","New Construction","11","297538","7685","1584","FULTON STREET","BK",,"10","1",,,,,,,"11",,"11213","40.679732","-73.937552","303","36","3047958","3016990019","271","BK0302"
"3299","Mickeys Corner -Waiting List","Rental","Preservation","8","912708","5744","722","EAST  220 STREET","BX",,"6","2",,,,,"7","1",,,"10467","40.883994","-73.861541","212","12","2113872","2046670066","396","BX1201"
"7172","Marcus Garvey C-E","Rental","New Construction","47","0","7531","366","Bristol St","BK","4","16","13","14",,,"9","38",,,,"11212","40.66201","-73.910719","316","41",,,"916","BK1602"
"3648","31-22 60th Street Apartments","Rental","New Construction","2","450784","6036","31-24","60th Street","QN",,"2",,,,,,,,"2",,"11377","40.756972","-73.902709","401","25","4025304","4011350148","297","QN0104"
"4967","3055 Sedgwick Avenue Apartments","Rental","New Construction","6","1015361","6880","3055","SEDGWICK AVENUE","BX",,"3","3",,,,,,,"6",,"10468","40.87625","-73.900003","208","14","2015567","2032530226","273","BX0801"
"7205","717 Bartholdi Street Apartments","Rental","New Construction","3","0","7584","717","Bartholdi St","BX",,"3",,,,,,"3",,,,"10467","40.874262","-73.866425","212","12","2000000","2046290001","374","BX1201"
"5390","Lighthouse Point","Rental","New Construction","30","0","7125","35R","Bay St","SI","6","17","7",,,,"12","12",,"6",,"10301","40.6415","-74.075734","501","49",,,"3","SI0101"
"2504","1533 East 19th Street- Units Still Available","Rental","New Construction","17","248169","4063","1533","EAST 19 STREET","BK","1","14","2",,,,,,,"17",,"11230","40.612556","-73.955115","314","48","3426444","3067660092","546","BK1403"
"4289","318-322 East 32nd Street Apartments","Rental","New Construction","4","1011106","6482","318","E 32nd St","BK",,"2",,"2",,,,,,"4",,"11226","40.642723","-73.9468","317","45","3427352","3049480014","830","BK1702"
"3568","Gemma Gramercy 200 East 23rd Street","Rental","New Construction","28","998897","5961","202","E 23rd St","MN","16","7","5",,,,"11","11",,"6",,"10010","40.738669","-73.982784","106","02","1091675","1009030057","64","MN0602"
"2071","560 19th Street","Rental","New Construction","3","144438","3159","590","19 STREET","BK",,"1","2",,,,,,,"3",,"11218","40.654816","-73.979583","307","39","3017325","3008900033","1502","BK0701"
"5382","Lumen LIC Apartments","Rental","New Construction","282","0","7116","23-15","44th Rd","QN","56","117","99","10",,,,,,"282",,"11101","40.748365","-73.944557","402","26","4619459","4004360001","1903","QN0201"
"2043","2724 Heath Avenue Apartments","Rental","New Construction","28","998706","3563","2724","HEATH AVENUE","BX","8","17","3",,,,,,"28",,,"10463","40.871655","-73.905321","207","14","2120058","2032400028","269","BX0701"
"1983","2746 Fulton Street Apartments - Units Still Available","Rental","New Construction","1","994466","3475","2746","FULTON STREET","BK",,,"1",,,,,,,"1",,"11207","40.677791","-73.89323","305","37","3083379","3036740016","1198","BK0502"
"2007","1 Union Square South Apartments","Rental","Preservation","12","0","3531","1","Union Square South","MN","3","8","1",,,,,,,"12",,"10003","40.733979","-73.989897","102","02","1087083","1005650021","61","MN0202"
"5049","The Monarch","Rental","New Construction","182","992933","6786","163-05","ARCHER AVENUE","QN",,"150","32",,,,,"30",,"152",,"11433","40.703405","-73.795698","412","27","4623723","4101510075","44601","QN1201"
"1822","834 Pacific Street","Rental","New Construction","34","996885","2972","834","PACIFIC STREET","BK","18","13","2","1",,,,,,"34",,"11238","40.680762","-73.966791","308","35","3428702","3011300011","203","BK0801"
"5067","83-61 116th Street Apartments","Rental","New Construction","9","530523","6927","83-61","116th St","QN","1","4","4",,,,,,,"9",,"11418","40.704642","-73.835877","409","29","4624022","4033210177","134","QN0901"
"7299","1049 Washington Avenue Apartments","Rental","New Construction","73","0","7748","1049","Washington Ave","BX",,,"73",,,,,,,"73",,"10456","40.827377","-73.90908400000001","203","16","2000000","2023877501","18501","BX0301"
"4109","27-23 27th Street Apartments","Rental","New Construction","3","413442","6394","27-23","27 STREET","QN","1","2",,,,,,,,"3",,"11102","40.769353","-73.923344","401","22","4006900","4005750037","71","QN0103"
"7245","NEHEMIAH GATEWAY SITE 26A","Rental","Preservation","64","1010317","7600","890","Erskine St","BK","33","31",,,,,"64",,,,,"11239","40.657328","-73.868777","305","42","3000000","3045860926","107001","BK0504"
"3017","The Green House","Rental","New Construction","14","667065","4560","1027","Jackson Ave","QN","3","4","7",,,,,,,"14",,"11101","40.742229","-73.953256","402","26","4000225","4000410010","701","QN0201"
"5138","The Northern II Apartments","Rental","New Construction","39","427120","6948","38-27","32 STREET","QN","5","26","8",,,,,"25",,"14",,"11101","40.75301","-73.931538","401","26","4004589","4003810030","31","QN0105"
"7277","63 South 6th Street  Apartments","Rental","New Construction","5","0","7719","63","S 6th St","BK",,,"5",,,,,,,"5",,"11249","40.711259","-73.966076","301","34",,,"549","BK0102"
"2878","1121 36th Street - Units Still Available","Rental","New Construction","2","991377","4466","1121","36 STREET","BK",,,,"2",,,,,,"2",,"11218","40.644266","-73.987842","312","39","3429344","3053027501","498","BK1203"
"7194","204 Schenck Avenue Apartments","Rental","New Construction","2","366952","7633","204","SCHENCK AVENUE","BK",,"1","1",,,,,"2",,,,"11207","40.676091","-73.889314","305","37","3328369","3039630021","1198","BK0502"
"5061","1041 Boynton Avenue Apartments","Rental","New Construction","15","1013303","6923","1041","BOYNTON AVENUE","BX","5","10",,,,,,,,"15",,"10472","40.824883","-73.877367","209","18","2129695","2037140048","5001","BX0901"
"4905","Hanover House","Rental","New Construction","95","1014728","6838","15","Hanover Pl","BK",,"87","8",,,,,,,"95",,"11201","40.688827","-73.982454","302","33","3000000","3001610003","37","BK0202"
"5039","Seaview Estates- Waiting List","Rental","Preservation","77","812466","6896","201","HAMILTON AVENUE","SI","20","35","21","1",,,,"8","69",,,"10301","40.645161","-74.083968","501","49","5112216","5000220070","7","SI0101"
"7200","3118 Webster Avenue Apartments","Rental","New Construction","69","0","7639","3118","Webster Ave","BX","2","27","30","10",,,"35","34",,,,"10467","40.8716","-73.876319","207","11","2000000","2033570007","425","BX0703"
"3532","Turin HDFC Waiting List","Owner","Preservation","188","9798","5881","609","COLUMBUS AVENUE","MN","9","45","89","36","9",,,,,"188",,"10024","40.788758","-73.970503","107","06","1031543","1012030001","173","MN0702"
"7305","64-08 Wetherole Street Apartments","Rental","New Construction","8","0","7753","64-08","Wetherole St","QN","2","5","1",,,,,,,"8",,"11374","40.72737","-73.861917","406","30","4000000","4030960074","693","QN0601"
"1700","42 East 132nd Street Apartments","Rental","New Construction","3","993798","3138","42","EAST 132 STREET","MN",,"2","1",,,,,"3",,,,"10037","40.809994","-73.937003","111","09","1089943","1017560048","206","MN1102"
"2985","134-19 Blossom Avenue Apartments","Rental","New Construction","3","638699","4485","134-19","BLOSSOM AVENUE","QN",,,"3",,,,,,,"3",,"11355","40.752802","-73.828763","407","20","4115417","4051230089","79702","QN0707"
"4465","The Axel aka 550 Clinton Avenue","Rental","New Construction","6","186549","3942","550","CLINTON AVENUE","BK","2","2","2",,,,,"4",,"2",,"11238","40.682036","-73.966617","302","35","3000000","3020107504","199","BK0204"
"2523","1559 White Plains Road Apartments","Rental","New Construction","3","1001166","4086","1559","White Plains Rd","BX",,"1","2",,,,,,,"3",,"10462","40.839453","-73.863846","209","18","2129061","2039230015","21601","BX0901"
"2493","1362 Arnow Avenue Apartment","Rental","New Construction","4","999753","4027","1362","Arnow Ave","BX",,"2","2",,,,,,,"4",,"10469","40.867516","-73.846593","211","13","2130451","2045300036","360","BX1103"
"2673","3506 - 3508 Farragut Road - Units Still Available","Rental","New Construction","3","992723","4216","3508","Farragut Rd","BK",,"3",,,,,,,,"3",,"11210","40.63657","-73.943018","317","45","3426572","3050100041","784","BK1702"
"4646","NME 3 Coops","Owner","New Construction","31","994121","6683","304","W 150th St","MN","1","10","8","12",,,,,"13","18",,"10039","40.826069","-73.939785","110","09","1000000","1020450098","259","MN1002"
"4639","1095 Summit Avenue Apartments AKA 180 West 166th Street","Rental","New Construction","9","1012453","6723","1095","SUMMIT AVENUE","BX",,"8","1",,,,,,,"9",,"10452","40.835625","-73.928851","204","16","2130623","2025260064","193","BX0402"
"7155","12 Rockwell Place & 625 Fulton Street Apartments","Rental","New Construction","52","298393","7540","12","Rockwell Pl","BK","13","13","26",,,,,"52",,,,"11201","40.689427","-73.979461","302","35","3000000","3020940001","33","BK0203"
"7240","962 Bushwick Avenue Apartments","Rental","New Construction","12","216285","7679","962","BUSHWICK AVENUE","BK","1","5","6",,,,,,,"12",,"11221","40.692379","-73.923235","304","37","3075297","3032940025","395","BK0402"
"4316","Rheingold Senior Residences","Rental","New Construction","65","1012704","6493","15","Montieth St","BK","26","39",,,,,"65",,,,,"11206","40.70153","-73.935934","304","34","3428524","3031390030","391","BK0401"
"2285","148-37 88th Avenue Apartments","Rental","New Construction","33","491545","3848","148-37","86 AVENUE","QN","1","19","12","1",,,,,,"33",,"11435","40.708194","-73.809577","408","24","4208174","4097260042","232","QN0805"
"4993","160 Madison Avenue Waiting List","Rental","New Construction","64","952080","6883","160","MADISON AVENUE","MN","15","41","8",,,,"64",,,,,"10016","40.746769","-73.983698","105","04","1017014","1008627504","74","MN0501"
"4129","LINDEN GROVE SENIOR RESIDENCES","Rental","New Construction","97","0","6240","223","Linden St","BK","72","25",,,,,"97",,,,,"11221","40.696176","-73.916696","304","37",,,"433","BK0402"
"7247","3044 & 3046 Decatur Avenue Apartments","Rental","New Construction","2","0","7688","3044","Decatur Ave","BX",,"2",,,,,,"2",,,,"10467","40.870821","-73.879343","207","11","2000000","2033310007","425","BX0703"
"7214","81A Malcolm X Boulevard","Rental","New Construction","2","0","7657","81A","Malcolm X Blvd","BK",,"2",,,,,,"2",,,,"11221","40.691094","-73.930672","303","36","3000000","3016170084","387","BK0302"
"3370","American Copper - Waiting List","Rental","New Construction","160","951712","5790","626","1 AVENUE","MN","43","66","41","10",,,,"160",,,,"10016","40.744898","-73.972688","106","04","1089237","1009670001","8601","MN0603"
"5349","113 East 184th Street Apartments","Rental","New Construction","50","1014517","7091","113","EAST 184 STREET","BX","27","23",,,,,,,,"50",,"10468","40.859823","-73.900313","205","14","2130525","2031730068","23703","BX0503"
"7136","2216 Aqueduct Avenue Apartments","Rental","New Construction","5","0","7565","2216","Aqueduct Ave","BX","1","2","2",,,,,"5",,,,"10453","40.858605","-73.907516","205","14","2000000","2032080007","251","BX0501"
"2877","1111 Foster Avenue Apartments","Rental","New Construction","18","1005663","4471","1039","CONEY ISLAND AVENUE","BK","4","8","4","2",,,,,,"18",,"11230","40.632454","-73.966811","314","45","3382135","3052327501","526","BK1402"
"3303","1079 Lafayette Avenue Apartments","Rental","New Construction","7","321973","5794","1079","LAFAYETTE AVENUE","BK","1",,"6",,,,,,,"7",,"11221","40.692454","-73.929019","303","36","3399412","3016080045","289","BK0302"
"2105","1 Boerum Place Apartments","Rental","New Construction","42","298297","3564","1","BOERUM PLACE","BK","10","11","21",,,,,,,"42",,"11201","40.69202","-73.989041","302","33","3000417","3001530003","37","BK0202"
"3149","153 Erasmus Street Apartments","Rental","New Construction","7","1007001","3558","153","ERASMUS STREET","BK","2","5",,,,,,,,"7",,"11226","40.649751","-73.950524","317","40","3428869","3051050053","824","BK1701"
"2460","3531 Bruckner Boulevard Apartments","Rental","New Construction","9","53113","4015","3531","BRUCKNER BOULEVARD","BX","2","4","3",,,,,,,"9",,"10461","40.847488","-73.827273","210","13","2046334","2041780018","26602","BX1003"
"3352","60 Fulton Street Apartments - Waiting list","Rental","New Construction","30","983774","5825","56","FULTON STREET","MN","9","10","11",,,,"12","12",,"6",,"10038","40.7085","-74.004916","101","01","1090416","1000760006","1502","MN0101"
"4804","597 Grand Street Apartments","Rental","New Construction","56","1013522","6787","597","Grand St","BK","6","43","7",,,,,"37",,"19",,"11211","40.711255","-73.948069","301","34","3000000","3027807502","503","BK0104"
"3879","1650 Madison Avenue Apartments","Rental","New Construction","7","1012513","6204","1650","MADISON AVENUE","MN",,"7",,,,,,,,"7",,"10029","40.796128","-73.947681","111","09","1051605","1016157502","17401","MN1101"
"1978","345 East 94th Street Apartments","Rental","New Construction","11","867489","3494","345","EAST 94 STREET","MN","5","6",,,,,,,"11",,,"10128","40.782486","-73.946934","108","05","1087329","1015570025","15601","MN0803"
"5086","773 Grote Street Apartments","Rental","New Construction","11","1012528","6939","773","GROTE STREET","BX","2","3","6",,,,,,,"11",,"10460","40.850539","-73.883606","206","15","2129718","2031130006","393","BX0603"
"7220","La Olazul","Rental","New Construction","37","1008496","7644","1940","Jerome Ave","BX","29","6","2",,,,,"37",,,,"10453","40.85113","-73.909771","205","14","2000000","2028530012","23301","BX0502"
"2429","363 East 197th Street Apartments","Rental","New Construction","6","67109","3984","363","E 197th St","BX","4","2",,,,,,,,"6",,"10458","40.866034","-73.888026","207","15","2016537","2032830104","40502","BX0702"
"5173","26-28 18th Street Apartments","Rental","New Construction","3","1014240","6979","26-28","18th St","QN",,"3",,,,,,,,"3",,"11102","40.773475","-73.927239","401","22","4625345","4009010053","83","QN0102"
"1706","31 Ainslie Street Apartments","Rental","New Construction","15","973708","3004","31","AINSLIE STREET","BK","3","4","8",,,,,"15",,,,"11211","40.713047","-73.953255","301","34","3418393","3023710050","513","BK0102"
"4430","63-16 102nd Street Apartments","Rental","New Construction","4","1006236","4643","63-16","102nd St","QN",,"2","2",,,,,,,"4",,"11374","40.733196","-73.854898","406","24","4596370","4021100037","719","QN0602"
"3551","3029 and 3031 Bronxwood Avenue","Rental","New Construction","3","0","5952","3029","Bronxwood Ave","BX",,"3",,,,,,,,"3",,"10469","40.870068","-73.861429","212","12","2130396","2045730138","340","BX1104"
"7310","Bedford Beverly Phase 1","Rental","New Construction","41","205929","7732","2363","BEDFORD AVENUE","BK","8","19","14",,,,,,,"41",,"11226","40.645963","-73.955309","317","40","3000000","3051350053","79202","BK1701"
"4060","2715 Fulton Street Apartments","Rental","New Construction","15","1002332","6329","2715","Fulton St","BK",,,"15",,,,"7","5","3",,,"11207","40.67762","-73.894532","305","37","3395220","3036620048","1146","BK0501"
"7237","Williamsburg Wharf A3","Rental","New Construction","55","1013370","7651","470","Kent Ave","BK","15","33","7",,,,,"55",,,,"11249","40.707947","-73.968433","301","33","3000000","3021340001","547","BK0102"
"2551","980 WESTCHESTER APARTMENTS","Rental","New Construction","119","989717","4078","980","Westchester Ave","BX","16","64","22","17",,"20","40","59",,,,"10459","40.823204","-73.894731","202","17","2129168","2027147501","159","BX0202"
"1857","46 Melrose Street","Rental","New Construction","3","973490","3149","46","MELROSE STREET","BK",,"3",,,,,,,,"3",,"11206","40.698285","-73.935147","304","34","3426313","3031600023","389","BK0401"
"2966","1915 Beverly Road Apartments","Rental","New Construction","6","1011103","4521","1915","Beverley Rd","BK","2","2","2",,,,,,,"6",,"11226","40.644765","-73.960913","314","40","3426058","3051230039","51001","BK1401"
"2357","Bushwick and Evergreen - Waiting List","Rental","New Construction","6","990503","3927","889","BUSHWICK AVENUE","BK",,"6",,,,,,,,"6",,"11221","40.693525","-73.925314","304","34","3400817","3032740101","395","BK0402"
"7135","722 Saint Lawrence Avenue Apartments","Rental","New Construction","4","0","7553","722","St Lawrence Ave","BX","2","2",,,,,,"4",,,,"10473","40.820008","-73.864536","209","18","2000000","2035970020","38","BX0902"
"7298","The Andrea","Rental","New Construction","28","4343","7627","280","8th Ave","MN","11","12","5",,,,"11","11",,"6",,"10001","40.746043","-73.997928","104","03","1000000","1007740001","91","MN0401"
"7306","897 New York Avenue Apartments","Rental","New Construction","3","0","7755","897","New York Ave","BK",,"2","1",,,,,,,"3",,"11203","40.651602","-73.946735","317","40","3000000","3048700047","818","BK1701"
"4646","NME 3 Coops","Owner","New Construction","21","0","6684","207","W 140th St","MN",,"10","11",,,,,,"10","11",,"10030","40.818736","-73.941995","110","09","1000000","1020260024","230","MN1002"
"4181","Amnia AKA 131 Concord Street","Rental","New Construction","22","0","6430","127-131","Concord St","BK","4","7","11",,,,,,,"22",,"11201","40.697666","-73.986282","302","33","3000000","3001070048","13","BK0202"
"3590","The Brooklyn Tower","Rental","New Construction","120","0","5991","55","Fleet St","BK","57","44","18","1",,,,,,"120",,"11201","40.690921","-73.982367","302","33","3000000","3001497503","1502","BK0202"
"1943","582 East 138 Street Apartments","Rental","New Construction","2","1001716","3508","582","E 138th St","BX",,"1","1",,,,,,,"2",,"10454","40.806551","-73.916872","201","08","2129612","2025507501","2701","BX0101"
"4092","5 Withers Street Apartments","Rental","New Construction","7","1009474","6330","5","WITHERS STREET","BK",,"5","2",,,,,,,"7",,"11211","40.716615","-73.952466","301","33","3429469","3023070022","519","BK0102"
"2170","36-23 172nd Street Apartments","Rental","New Construction","6","999045","3687","36-23","172nd St","QN",,"3","3",,,,,,,"6",,"11358","40.762772","-73.794213","407","19","4619908","4053037501","1175","QN0704"
"2069","Hooper Street Apartments","Rental","New Construction","6","372452","3478","301","HOOPER STREET","BK","1",,"2","3",,,,"6",,,,"11211","40.707533","-73.953749","301","34","3063605","3024630021","527","BK0102"
"7193","540 Atlantic Avenue Apartments","Rental","New Construction","48","1018130","7632","538","Atlantic Ave","BK","12","12","24",,,,,,,"48",,"11217","40.684992","-73.979877","302","33","3000000","3001860012","39","BK0202"
"3228","150 Bayard Street Apartments","Rental","New Construction","14","1007520","4734","150","Bayard St","BK","3","4","7",,,,,"8",,"6",,"11222","40.720004","-73.94628","301","33","3426087","3027240018","499","BK0101"
"4332","420 West 42nd Street Apartments","Rental","New Construction","14","831544","6505","420","WEST 42 STREET","MN","1","9","4",,,,,,,"14",,"10036","40.7588","-73.993535","104","03","1087184","1010517501","115","MN0402"
"3863","HELP ONE BUILDING A","Rental","New Construction","72","1001080","6102","273","Snediker Ave","BK","39","28","5",,,,"18","54",,,,"11207","40.668282","-73.900704","305","42","3429179","3037667501","1134","BK0502"
"4494","1009 Nelson Avenue Apartments","Rental","New Construction","5","995261","6219","1009","NELSON AVENUE","BX","5",,,,,,,,,"5",,"10452","40.833078","-73.928518","204","16","2130524","2025120004","189","BX0402"
"7320","Woodhaven Blvd. Apartments","Rental","Preservation","101","0","7731","68-19","Woodhaven Blvd","QN","25","46","30",,,"21","22","35","23",,,"11374","40.715093","-73.860193","406","30","4000000","4031480002","703","QN0601"
"7206","2033 East 17th Street Apartments","Rental","New Construction","2","246912","7646","2033","EAST 17 STREET","BK",,,"2",,,,,,,"2",,"11229","40.600443","-73.954771","315","48","3198213","3073220067","580","BK1502"
"2580","The Crown - Units Still Available","Rental","New Construction","8","1007272","4148","524","Ocean View Ave","BK",,"5","3",,,,,,,"8",,"11235","40.579489","-73.96255","313","48","3421742","3086750076","362","BK1303"
"1837","722 Hinsdale Street Apartments","Rental","New Construction","3","997953","3318","722","Hinsdale St","BK",,"1","2",,,,,,,"3",,"11207","40.656816","-73.896836","305","42","3429119","3038740040","1098","BK0503"
"4741","339 West 38TH Street Apartments","Rental","New Construction","30","32665","6768","341","WEST 38 STREET","MN","15","12","3",,,,"12","12",,"6",,"10018","40.755237","-73.992864","104","03","1013637","1007620011","115","MN0402"
"7328","31-11 28 Road Apartments","Rental","New Construction","3","0","7786","31-11","28th Rd","QN",,"3",,,,,,,,"3",,"11102","40.767902","-73.920032","401","22","4000000","4006190044","71","QN0103"
"3815","Horizon HDFC - Units Still Available","Owner","New Construction","10","967819","6140","3595","BROADWAY","MN",,,"10",,,,,,,"10",,"10031","40.828165","-73.949199","109","07","1083034","1020947503","233","MN0903"
"2224","Two Blue Slip","Rental","New Construction","127","997424","3764","2","Blue Slip","BK","35","65","25","2",,,,,,"127",,"11222","40.736157","-73.95903","301","33","3428938","3024720050","56302","BK0101"
"4737","32-34 PUTNAM CLUSTER PHASE 1 COOP (ANCP)","Owner","New Construction","4","217176","6680","55","CARLTON AVENUE","BK",,,"4",,,,,,"4",,,"11205","40.6965","-73.973501","302","35","3057984","3020310001","211","BK0203"
"2508","SVEN","Rental","New Construction","288","1000444","4014","2959","Northern Blvd","QN","50","188","41","9",,,,,,"288",,"11101","40.75018","-73.93562","401","26","4622937","4004030003","3301","QN0105"
"7215","22 Frost Street Apartments","Rental","New Construction","5","0","7658","22","Frost St","BK","2","2","1",,,,,,,"5",,"11211","40.717468","-73.951185","301","33","3000000","3027360014","515","BK0102"
"7146","54 Clinton Place Apartments","Rental","New Construction","3","1016435","7572","54","CLINTON PLACE","BX","1","1","1",,,,,"3",,,,"10453","40.857159","-73.907233","205","14","2129753","2032070020","251","BX0501"
"2959","One East Harlem Residences","Rental","New Construction","268","2131","4368","2319","3 AVENUE","MN","75","63","116","14",,,"101",,"74","93",,"10035","40.804262","-73.935383","111","08","1054682","1017907501","242","MN1102"
"1818","Arthur Avenue Senior Apartments","Rental","New Construction","122","986550","3365","600","E 179th St","BX","48","74",,,,"19","103",,,,,"10457","40.847915","-73.892263","206","15","2129261","2030680069","373","BX0602"
"2428","531 Tinton Avenue","Rental","New Construction","11","991717","3985","531","Tinton Ave","BX","3","5","3",,,,,,,"11",,"10455","40.812265","-73.906486","201","08","2130535","2025810030","35","BX0101"
"2855","658 Driggs Avenue Apartments","Rental","New Construction","6","1002903","4456","658","Driggs Ave","BK","1","2","3",,,,,"3",,"3",,"11211","40.714663","-73.959","301","34","3424751","3023667501","553","BK0102"
"7326","11 Gerry Street Apartments","Rental","New Construction","120","1002602","7781","11","GERRY STREET","BK",,"40","40","16","24",,"53","52","15",,,"11206","40.700235","-73.949394","301","33","3000000","3022657501","507","BK0103"
"7171","779 Burke Avenue Apartments","Rental","New Construction","6","1016323","7604","779","BURKE AVENUE","BX","3","1","2",,,,,,,"6",,"10467","40.871394","-73.863939","212","12","2056370","2046030025","372","BX1201"
"2671","CHESTNUT COMMONS APARTMENTS","Rental","New Construction","219","990171","4273","110","Dinsmore Pl","BK","22","62","87","48",,"49","115","55",,,,"11208","40.681427","-73.875399","305","37","3426244","3041427501","1178","BK0501"
"3445","Lincoln At Bankside","Rental","New Construction","145","1009635","5899","101","Lincoln Ave","BX","19","72","43","11",,,,,,"145",,"10454","40.807149","-73.929969","201","08","2130763","2023160001","1901","BX0101"
"7185","One Sunset Apartments","Rental","New Construction","48","129541","7623","201","25 STREET","BK",,"36","11","1",,"19",,"27",,"2",,"11232","40.660189","-73.997527","307","38","3000000","3006520001","101","BK0702"
"1799","45-57 Davis Street Apartments","Rental","New Construction","48","649080","3263","45-57","DAVIS STREET","QN","12","23","12","1",,,,,,"48",,"11101","40.744259","-73.944615","402","26","4000715","4000850030","1901","QN0201"
"2073","2004 Davidson Avenue Apartments - Units Still Available","Rental","New Construction","11","972224","3603","2004","DAVIDSON AVENUE","BX",,"3","8",,,,,"7",,"4",,"10453","40.852895","-73.909328","205","14","2124649","2028630011","243","BX0501"
"1702","48 Jefferson Street Apartments","Rental","New Construction","3","989749","3165","48","JEFFERSON STREET","BK",,"3",,,,,,,,"3",,"11206","40.698646","-73.933228","304","34","3072195","3031710013","391","BK0401"
"3835","Federation Nameoke Apartments","Rental","New Construction","45","682409","6359","20-50","NAMEOKE STREET","QN","5","30","10",,,,,"45",,,,"11691","40.607633","-73.751956","414","31","4624027","4155290010","103202","QN1401"
"2282","44 Kent Street Apartments - Waiting List","Rental","New Construction","13","977961","3827","44","KENT STREET","BK","3","3","7",,,,,,,"13",,"11222","40.730388","-73.959748","301","33","3399250","3025560058","565","BK0101"
"3560","Simba Simbi Seniors","Rental","New Construction","108","997974","5910","381","Chester St","BK","52","56",,,,,"108",,,,,"11212","40.662111","-73.909767","316","41","3428736","3035890021","916","BK1602"
"1736","984 Madison Street Apartments","Rental","New Construction","3","995595","3223","984","Madison St","BK",,"3",,,,,,,,"3",,"11221","40.689126","-73.918897","304","37","3422548","3033660028","397","BK0402"
"7147","Astoria Point","Rental","New Construction","21","0","7568","21-07","Astoria Blvd","QN","3","7","11",,,,,,,"21",,"11102","40.772138","-73.92563","401","22","4000000","4008840057","69","QN0103"
"7302","227 Clarkson Avenue Apartments","Rental","New Construction","4","0","7750","227","CLARKSON AVENUE","BK",,"4",,,,,,,,"4",,"11226","40.655313","-73.952056","309","40","3427202","3050570086","820","BK1701"
"7300","MBD New Heights Apartments","Rental","New Construction","5","53581","7744","1120","BRYANT AVENUE","BX",,"1",,"4",,,,"5",,,,"10459","40.826953","-73.888854","203","17","2006204","2027540061","12101","BX0303"
"3868","Ways Reef Apartments at 26-19 2nd Street","Rental","New Construction","8","969667","6183","26-19","2 STREET","QN",,"7","1",,,,,,,"8",,"11102","40.776365","-73.934728","401","22","4020682","4009140008","87","QN0102"
"2939","52 Roosevelt Apartments","Rental","New Construction","12","1005027","4539","43-08","52 STREET","QN",,"6","6",,,,,,,"12",,"11377","40.74386","-73.912555","402","26","4030855","4013207502","25302","QN0202"
"2449","91-03 Whitney Avenue - Units Still Available","Rental","New Construction","3","0","4001","91-03","Whitney Ave","QN",,,"3",,,,,,,"3",,"11373","40.746861","-73.875035","404","21","4618852","4015520043","46902","QN0401"
"4290","SENDERO VERDE PHASE II","Rental","Preservation","276","1013771","6424","50","E 112th St","MN","75","131","53","17",,"35","51","69","121",,,"10029","40.797129","-73.945972","111","08","1090697","1016177503","17402","MN1101"
"1793","5241 CENTER BLVD APARTMENTS","Rental","New Construction","185","986657","3219","5241","Center Blvd","QN","89","36","60",,,,"80",,,"105",,"11101","40.741408","-73.960654","402","26","4617913","4000067505","101","QN0201"
"5064","550 10th Avenue Apartments","Rental","New Construction","114","1000496","6900","550","10 AVENUE","MN","42","44","28",,,,,"24",,"90",,"10018","40.758743","-73.996105","104","03","1076207","1010507502","115","MN0402"
"7294","556 Baltic Street Apartments","Rental","New Construction","23","0","7746","556","Baltic St","BK","4","10","9",,,,"9","9","5",,,"11217","40.681435","-73.983069","306","39",,,"127","BK0601"
"3846","230 Boerum Street Apartments","Rental","New Construction","3","1012677","6174","230","BOERUM STREET","BK",,"3",,,,,,,,"3",,"11206","40.706337","-73.938194","301","34","3325886","3030820019","485","BK0104"
"2312","3315 & 3317 Parkside Place","Rental","New Construction","3","991424","3865","3317","PARKSIDE PLACE","BX",,"3",,,,,,,,"3",,"10467","40.876637","-73.872481","207","11","2018619","2033550150","42902","BX0703"
"4385","286 East 163rd Street Apartments","Rental","New Construction","6","64577","6527","286","E 163rd St","BX","1","2","3",,,,,,,"6",,"10451","40.827054","-73.916937","204","16","2129701","2024220015","173","BX0401"
"5020","2667 Fulton Street  Apartments","Rental","New Construction","28","297859","6892","2667","FULTON STREET","BK",,"12","16",,,,"11","11",,"6",,"11207","40.677388","-73.896083","305","37","3427033","3036610001","1146","BK0501"
"5407","1367 Eastern Parkway Apartments","Rental","New Construction","30","1016116","7133","1367","Eastern Pkwy","BK","6","24",,,,,,,,"30",,"11233","40.668409","-73.923269","308","41","3000000","3013930051","359","BK0802"
"3977","811 Lexington Avenue Senior Residences","Rental","New Construction","43","987934","6278","811","LEXINGTON AVENUE","BK","43",,,,,,"43",,,,,"11221","40.690269","-73.928498","303","36","3044163","3016227502","387","BK0302"
"2400","RADROC","Rental","New Construction","73","1007350","3881","10-18","Beach 20th St","QN","16","35","16","6",,,"27","46",,,,"11691","40.602824","-73.753206","414","31","4617912","4155617501","101003","QN1401"
"3520","8 Court Square Apartments","Rental","New Construction","48","0","5932","8","Ct Square E","QN","17","25","6",,,,,,,"48",,,,,,,,,,
"4506","26-25 4th Street Apartments","Rental","New Construction","50","1010820","6634","26-25","4th St","QN","9","22","19",,,,,,,"50",,"11102","40.775691","-73.932855","401","22","4620901","4009090009","87","QN0102"
"2936","485 East 28th Street Apartments","Rental","New Construction","6","255066","4512","485","E 28th St","BK",,"3","3",,,,,,,"6",,"11226","40.638906","-73.950204","317","45","3428814","3052150070","828","BK1701"
"1824","25-22 30th Drive","Rental","New Construction","10","998440","3175","25-22","30 DRIVE","QN","2","8",,,,,,,,"10",,"11102","40.766618","-73.925719","401","22","4007088","4005780027","73","QN0103"
"7149","21 East 29th Street Apartments","Rental","New Construction","29","998232","7543","21","EAST 29 STREET","BK",,"21","6","2",,,,,,"29",,"11226","40.647736","-73.950209","317","40","3425389","3051310001","824","BK1701"
"3150","1010 Bedford Avenue & 263 Skillman Street Apartments","Rental","New Construction","16","975465","4680","1010","BEDFORD AVENUE","BK",,"4",,"12",,,,,,"16",,"11205","40.690439","-73.95533","303","36","3055424","3019420012","233","BK0301"
"2735","Dutch House Apartments","Rental","New Construction","56","416871","4362","35-05","30 STREET","QN","13","38","5",,,,,,,"56",,"11106","40.758224","-73.929515","401","22","4007984","4006030021","53","QN0103"
"7192","37-18 Broadway Apartments","Rental","New Construction","5","0","7631","37-18","Broadway","QN","1","2","2",,,,,,,"5",,"11103","40.759613","-73.920381","401","22","4000000","4006550040","59","QN0103"
"2483","417 Manhattan Avenue","Rental","New Construction","3","982514","4046","417","MANHATTAN AVENUE","BK",,"2","1",,,,,,,"3",,"11222","40.719176","-73.946898","301","33","3067908","3027230029","499","BK0101"
"2586","3508 Tryon Avenue Apartments","Rental","New Construction","8","1004700","4067","3508","TRYON AVENUE","BX",,"4","4",,,,,,,"8",,"10467","40.880583","-73.876661","207","11","2018281","2033440084","43102","BX0703"
"2556","67-47 Alderton Street Apartment","Rental","New Construction","6","1005882","4182","6747","Alderton St","QN",,"6",,,,,,,,"6",,"11374","40.716587","-73.858754","406","30","4074432","4031500022","703","QN0601"
"4177","681 Dumont Avenue Apartments","Rental","New Construction","2","1010349","6429","681","DUMONT AVENUE","BK",,,"2",,,,,,,"2",,"11207","40.666423","-73.893652","305","42","3401198","3037890054","1156","BK0502"
"5182","VICTORY PLAZA Senior - Waiting List","Rental","Preservation","79","985501","6999","11","WEST  118 STREET","MN","78","1",,,,,"79",,,,,"10026","40.802418","-73.946542","110","09","1090710","1017170028","190","MN1001"
"1965","Debevoise Senior Housing","Rental","New Construction","44","231570","3354","40","DEBEVOISE STREET","BK","26","18",,,,,"44",,,,,"11206","40.701719","-73.941311","301","34","3395434","3031277501","491","BK0104"
"2235","152 East 116th Street HDFC - Units Still Available","Owner","Preservation","7","19629","3767","152","EAST 116 STREET","MN",,,"7",,,,,,"7",,,"10029","40.79843","-73.941186","111","08","1052261","1016430051","182","MN1102"
"2750","7-9 East 30th Street Apartments","Rental","New Construction","15","986518","4209","7","E 30th St","MN","8","7",,,,,,"5",,"10",,"10016","40.745685","-73.985813","105","02","1090601","1008600008","74","MN0501"
"7316","30-43 31st Street","Rental","New Construction","6","1012011","7769","30-43","31 STREET","QN",,"3","3",,,,,,,"6",,"11102","40.765916","-73.922168","401","22","4624081","4006150018","63","QN0103"
"4058","336 East 112th Street Apartments","Rental","New Construction","8","19467","6280","336","E 112th St","MN",,"5","3",,,,,,,"8",,"10029","40.793834","-73.938138","111","08","1090607","1016830034","180","MN1102"
"3283","2001 Nostrand Avenue Apartments","Rental","New Construction","16","1006311","5777","2001","Nostrand Ave.","BK",,"11","5",,,,,,,"16",,"11210","40.63691","-73.948073","317","45","3426361","3049947501","78802","BK1702"
"1767","222 Johnson Avenue Apartments","Rental","New Construction","35","992615","3203","222","JOHNSON AVENUE","BK","6","19","10",,,,,"24",,"11",,"11206","40.706865","-73.940202","301","34","3425084","3030720040","49302","BK0104"
"5157","Tiebout Residence aka 2385 Tiebout Avenue Apartments","Rental","New Construction","12","1016233","6971","2385","Tiebout Ave","BX","3","9",,,,,,,,"12",,"10458","40.858991","-73.896117","205","15","2131066","2031470030","39902","BX0503"
"2851","15 Bridge Park Drive - Units Still Available","Rental","New Construction","4","988756","4415","15","Bridge Park Dr","BK","4",,,,,,,,,"4",,"11201","40.692396","-74.000454","302","33","3424597","3002450025","7","BK0201"
"2524","PENINSULA BUILDING 1B","Rental","New Construction","164","988458","3817","720","Tiffany St","BX","34","55","53","22",,"18","36","110",,,,"10474","40.814593","-73.891324","202","17","2130390","2027387501","9301","BX0201"
"4167","Emerald Green - Waiting List","Rental","New Construction","120","906562","6422","320","WEST 38 STREET","MN","21","67","32",,,,"120",,,,,"10018","40.755053","-73.992467","104","03","1087840","1007610043","111","MN0401"
"4816","2093 Matthews Avenue Apartments","Rental","New Construction","13","1012914","6798","2093","Matthews Ave","BX","2","9","2",,,,,,,"13",,"10462","40.853541","-73.862971","211","13","2130643","2042930046","228","BX1101"
"3751","Linden Terrace III","Rental","New Construction","125","989113","6055","583","Emerald St","BK","9","67","35","14",,"9","40","76",,,,"11208","40.668573","-73.858751","305","42","3425086","3044960001","1220","BK0505"
"2854","Freeman Apartments - Waitlist","Rental","New Construction","9","969441","4286","216","FREEMAN STREET","BK",,"4","5",,,,,,,"9",,"11222","40.734626","-73.953048","301","33","3426270","3025130029","575","BK0101"
"7186","Crotona Belmont Senior Housing","Rental","New Construction","92","0","7619","1883","Crotona Ave","BX","48","44",,,,,"10","82",,,,"10457","40.844007","-73.892342","206","15","2000000","2029460042","36901","BX0602"
"7247","3044 & 3046 Decatur Avenue Apartments","Rental","New Construction","2","0","7689","3046","Decatur Ave","BX",,"2",,,,,,"2",,,,"10467","40.870843","-73.879304","207","11","2000000","2033310010","425","BX0703"
"4246","1417 Avenue J Apartments","Rental","New Construction","6","188866","6448","1417","AVENUE J","BK",,"5","1",,,,,,,"6",,"11230","40.625116","-73.962074","314","44","3179617","3067077501","530","BK1403"
"5411","AURA","Rental","New Construction","72","0","7129","23-10","42nd Rd","QN","25","34","13",,,,,,,"72",,"11101","40.750555","-73.942664","402","26","4624033","4004280019","1903","QN0201"
"3086","99, 101 & 103 Grove Street","Rental","New Construction","3","997265","4639","103","Grove St","BK",,"3",,,,,,,,"3",,"11221","40.693459","-73.920525","304","37","3425722","3033140075","419","BK0402"
"5050","Riverton Square Waiting List","Rental","Preservation","53","805053","6826","2156","MADISON AVENUE","MN",,"17","36",,,,,"53",,,,"10037","40.812626","-73.935884","111","09","1081105","1017600001","210","MN1102"
"4452","633 Marcy Avenue Apartment - Waiting List","Rental","New Construction","20","979013","6579","633","MARCY AVENUE","BK",,"14","6",,,,,"12",,"8",,"11206","40.692917","-73.948707","303","36","3425662","3017710005","261","BK0301"
"7210","Bryant Avenue Apartments","Rental","New Construction","4","0","7643","1527","Bryant Avenue","BX",,"4",,,,,,,,"4",,"10460","40.8335","-73.886899","203","17","2010792","2029960043","157","BX0303"
"4457","Q-188 Apartments","Rental","New Construction","15","663635","6588","188-11","HILLSIDE AVENUE","QN",,"15",,,,,,,,"15",,"11423","40.715188","-73.773394","408","23","4223680","4104990092","47801","QN0804"
"4312","906 East New York Avenue Apartments","Rental","New Construction","15","287478","6485","906","EAST NEW YORK AVENUE","BK",,"11","4",,,,,,,"15",,"11203","40.662684","-73.932572","309","41","3427398","3045887501","88001","BK0902"
"3561","Sunrose Tower Apartments","Rental","New Construction","72","1009199","5957","620","W 153 St","MN","18","18","36",,,,,,,"72",,"10031","40.831834","-73.947661","109","07","1091769","1020990017","237","MN0903"
"4364","21-27 30th Drive Apartments","Rental","New Construction","5","416455","6524","21-27","30 DRIVE","QN",,"5",,,,,,,,"5",,"11102","40.768132","-73.928913","401","22","4006317","4005500003","79","QN0102"
"2642","2809 Clarendon Road Apartments","Rental","New Construction","5","1003800","4144","2809","Clarendon Rd","BK",,"3","2",,,,,,,"5",,"11226","40.643147","-73.950472","317","40","3428841","3051720037","826","BK1701"
"5213","Wakefield Grace Senior Apartments","Rental","New Construction","50","0","6981","4750","White Plains Rd","BX","49","1",,,,,"7","43",,,,"10470","40.904834","-73.849625","212","11","2000000","2051130031","442","BX1203"
"2541","781 Elsmere Place Apartments","Rental","New Construction","8","1003916","4120","781","Elsmere Pl","BX","1","7",,,,,,,,"8",,"10460","40.843444","-73.88887","206","15","2130571","2029560052","36502","BX0602"
"2907","2442 Ocean Avenue Waiting List","Rental","New Construction","32","979689","4489","2442","Ocean Avenue","BK","8","13","11",,,,,,,"32",,"11229","40.602281","-73.951968","315","48","3426041","3072980045","560","BK1502"
"7137","1550 White Plains Road Apartments","Rental","New Construction","8","1017567","7566","1550","WHITE PLAINS ROAD","BX",,"6","2",,,,,"8",,,,"10462","40.839341","-73.863803","209","18","2114062","2039370022","21602","BX0904"
"7211","2311 Grand Avenue Apartments","Rental","New Construction","5","0","7655","2311","Grand Ave","BX","1","3","1",,,,,"5",,,,"10468","40.860459","-73.904842","207","14","2000000","2032090055","253","BX0701"
"7173","Vleigh 77","Rental","New Construction","24","0","7596","77-63","Vleigh Pl","QN","6","4","14",,,,,"20",,"4",,"11367","40.719822","-73.820616","408","24","4000000","4066307501","77903","QN0801"
"2432","Capstone Condominiums","Owner","New Construction","24","992275","3962","940","Myrtle Ave","BK","5","7","12",,,,,"24",,,,"11206","40.695943","-73.944222","303","36","3425801","3017567501","25901","BK0301"
"2577","Rose Castle","Rental","New Construction","59","996638","4051","33","Little Nassau St","BK",,"20","39",,,"6",,"7","14","32",,"11205","40.697914","-73.95953","303","33","3054203","3018840040","1237","BK0301"
"2156","555 Grand Street - Units Still Available","Rental","New Construction","2","302730","3680","555","GRAND STREET","BK",,,"2",,,,,,,"2",,"11211","40.711124","-73.949429","301","34","3069322","3027790031","513","BK0102"
"4730","2183 Morris Avenue Apartments","Rental","New Construction","59","0","6759","2183","Morris Ave","BX","7","41","11",,,,,,,"59",,"10453","40.856003","-73.903272","205","14","2000000","2031810042","239","BX0503"
"2261","Capitol Towers (254 West 51st Street) Waiting List","Rental","Preservation","28","4540","3592","254","WEST 51 STREET","MN","13","15",,,,,,,,"28",,"10019","40.762483","-73.984644","105","03","1024813","1010220061","131","MN0502"
"1940","3554 Carlisle Place","Rental","New Construction","4","55095","3493","3554","CARLISLE PLACE","BX","1","2","1",,,,,,,"4",,"10467","40.877928","-73.863282","212","12","2057758","2046600044","380","BX1201"
"3700","69-03/69-05 Ditmars Boulevard Apartments","Rental","New Construction","5","1010033","6042","69-05","Ditmars Blvd","QN",,,"5",,,,,,,"5",,"11370","40.768245","-73.899512","401","22","4617726","4009660001","317","QN0101"
"4106","241-15 Northern Boulevard Senior Apartments","Rental","New Construction","17","996450","6362","241-15","Northern Blvd","QN","3","8","6",,,,,"16",,"1",,"11363","40.765059","-73.745305","411","19","4000000","4080920039","1479","QN1103"
"2365","22-22 Steinway Street Units Still Available","Rental","New Construction","3","994398","3923","22-22","STEINWAY STREET","QN",,"3",,,,,,,,"3",,"11105","40.772316000000004","-73.90673","401","22","4617838","4008050041","119","QN0101"
"5176","303 Wythe Avenue Apartments","Rental","New Construction","7","398977","6984","303","WYTHE AVENUE","BK","1","2","4",,,,,,,"7",,"11249","40.714613","-73.964984","301","34","3062893","3024040001","551","BK0102"
"4737","32-34 PUTNAM CLUSTER PHASE 1 COOP (ANCP)","Owner","New Construction","3","230287","6679","550","DEKALB AVENUE","BK",,"1","2",,,,,,"3",,,"11205","40.690988","-73.954662","303","36","3049600","3017780014","241","BK0301"
"4532","4622 Fort Hamilton Street Apartments","Rental","New Construction","5","0","6642","4266","Fort Hamilton Pkwy","BK",,"5",,,,,,,,"5",,"11219","40.641437","-73.9931","312","38",,,"112","BK1201"
"7172","Marcus Garvey C-E","Rental","New Construction","42","0","7603","380","Chester St","BK",,"13","17","12",,,"7","35",,,,"11212","40.662144","-73.9098","316","41","3000000","3035880027","916","BK1602"
"7261","86-15 60th Road Apartments","Rental","New Construction","3","450769","7703","86-15","60 ROAD","QN",,"3",,,,,,,,"3",,"11373","40.730253","-73.872782","406","30","4065247","4028740035","687","QN0601"
"7244","Concern Logan","Rental","New Construction","25","0","7686","467","Logan St","BK","2","17","6",,,,,"25",,,,"11208","40.67456","-73.876122","305","42","3000000","3042280013","1194","BK0502"
"3089","855 East 167th street","Rental","New Construction","9","64986","4632","855","EAST 167 STREET","BX",,"4","5",,,,,,,"9",,"10459","40.826212","-73.897823","202","17","2005292","2026920079","131","BX0202"
"4417","160-14 Hillside Avenue Apartments","Rental","New Construction","14","1012319","6558","88-06","161st St","QN",,"12","2",,,,,,,"14",,"11432","40.707847","-73.800871","412","24","4000000","4097640063","44602","QN1201"
"5216","3377 Sedgwick Avenue  Apartments","Rental","New Construction","9","1013842","7015","3377","Sedgwick Avenue","BX","2","4","3",,,,,,,"9",,"10463","40.880474","-73.896666","208","11","2129698","2032550055","279","BX0801"
"2568","142 Richards Street Apartments","Rental","New Construction","6","1003184","4169","142","Richards St","BK",,"3","3",,,,,,,"6",,"11231","40.677267","-74.0103","306","38","3426417","3005560024","5301","BK0601"
"5273","30-67 31 Street Apartments","Rental","New Construction","3","1003810","7029","30-67","31 STREET","QN",,"1","2",,,,,,,"3",,"11102","40.765507","-73.922504","401","22","4617267","4006150009","63","QN0103"
"2292","1407 Flatbush Avenue Apartments","Rental","New Construction","7","999663","3854","1407","Flatbush Ave","BK",,"3","4",,,,,,,"7",,"11210","40.636409","-73.951431","314","45","3428820","3052287501","78801","BK1401"
"7177","The Aedan","Rental","New Construction","7","0","7615","30-33","29th St","QN",,"4","3",,,,,"7",,,,"11102","40.766781","-73.923676","401","22","4000000","4005920012","73","QN0103"
"4817","Amana NYC","Rental","New Construction","8","0","6788","112","Seaman Ave","MN","1","6","1",,,,,"3",,"5",,"10034","40.868509","-73.92395","112","10","1091578","1022480112","295","MN1203"
"2302","59-24 41st Avenue","Rental","New Construction","3","1005487","3875","59-24","41 AVENUE","QN",,"1","2",,,,,,,"3",,"11377","40.744159","-73.904716","402","26","4031270","4013320088","249","QN0203"
"2175","2337 Bedford Avenue","Rental","New Construction","9","205926","3697","2337","BEDFORD AVENUE","BK",,"6","3",,,,,,,"9",,"11226","40.646816","-73.955654","317","40","3117745","3051270066","794","BK1701"
"3255","Waterside Plaza Waiting List","Rental","New Construction","3","0","4710","40","Waterside Plaza","MN",,"1","2",,,,,,,"3",,"10010","40.737742","-73.973799","106","04","1083712","1009910060","62","MN0603"
"3317","2733 E 12th St Apartments","Rental","New Construction","14","1007539","5809","2733","E 12th St","BK","2","8","4",,,,,,,"14",,"11235","40.58431","-73.957438","315","48","3428732","3087640004","608","BK1503"
"4554","1946 Ocean Avenue Apartments","Rental","New Construction","15","1014215","6658","1946","OCEAN AVENUE","BK",,"2","13",,,,,,,"15",,"11230","40.614586","-73.9543","314","48","3000000","3067570038","546","BK1403"
"3826","88 East 127th Street Apartments","Rental","New Construction","40","1010616","6152","88","E 127th St","MN","15","9","16",,,,"32",,,"8",,"10035","40.806581","-73.93865","111","09","1091567","1017517501","206","MN1102"
"7301","The Franklin Apartments","Rental","New Construction","16","0","7749","280","W 132nd St","MN",,"9","7",,,,,,,"16",,"10027","40.814248","-73.94718","110","09",,,"226","MN1002"
"1959","2885 Marion Avenue aka Bronxview Apartments","Rental","New Construction","101","976713","3302","2885","Marion Ave","BX",,"14","65","22",,,"12","33","56",,,"10458","40.868482","-73.88506","207","15","2128914","2032917501","40702","BX0702"
"7289","2164 Hughes Avenue Apartments","Rental","New Construction","7","87266","7737","2164","Hughes Ave","BX","1","3","3",,,,,"7",,,,"10457","40.850945","-73.889248","206","15","2000000","2030820022","373","BX0602"
"4613","104-18 Northern Boulevard Apartments","Rental","New Construction","3","684504","6059","104-18","NORTHERN BOULEVARD","QN",,"2","1",,,,,,,"3",,"11368","40.757694","-73.864367","403","21","4042655","4017190008","379","QN0303"
"4164","Lower East Side Cluster ANCP","Owner","Preservation","6","6567","6300","195","AVENUE C","MN","1",,"5",,,,,,"6",,,"10009","40.727","-73.976715","103","02","1004911","1003940037","28","MN0303"
"2386","30 East 29th Street Apartments","Rental","New Construction","3","256101","3943","30","EAST 29 STREET","BK",,"3",,,,,,,,"3",,"11226","40.647657","-73.950223","317","40","3117830","3051300015","824","BK1701"
"4424","The Pearl aka 475 Bay Street Apartments","Rental","New Construction","131","999513","6555","475","Bay St","SI",,"43","55","33",,,,"131",,,,"10304","40.630517","-74.076637","501","49","5172149","5004887501","21","SI0102"
"1851","BPHN Senior Residences 1488 New York Avenue","Rental","New Construction","58","927013","2985","1488","NEW YORK AVENUE","BK","58",,,,,,"58",,,,,"11210","40.636835","-73.945176","317","45","3336201","3049967501","78802","BK1702"
"3836","1462 Southern Boulevard","Rental","New Construction","3","1010248","6169","1462","SOUTHERN BOULEVARD","BX",,"3",,,,,,,,"3",,"10460","40.832689","-73.890535","203","17","2010569","2029810002","157","BX0303"
"2988","709 Empire Boulevard Apartments","Rental","New Construction","4","289638","4530","709","EMPIRE BOULEVARD","BK",,"4",,,,,,,,"4",,"11213","40.663832","-73.938442","309","35","3038367","3014220061","331","BK0901"
"1937","25-49 38th Street Apartment","Rental","New Construction","7","426282","3501","25-49","38th St","QN",,"5","2",,,,,,,"7",,"11103","40.767787","-73.91292","401","22",,,"143","QN0104"
"7235","250 West 49th Street Apartments","Rental","New Construction","42","0","7676","250","W 49th St","MN","10","11","21",,,,,"14",,"28",,"10019","40.761193","-73.985478","105","03","1000000","1010200059","125","MN0502"
"2803","173 Johnson Avenue Apartments","Rental","New Construction","16","1003658","4102","173","Johnson Ave","BK","4","4","8",,,,,,,"16",,"11206","40.706581","-73.943344","301","34","3427259","3030610025","505","BK0104"
"3306","Pianist Senior 26-46 4th Street Apartments","Rental","New Construction","24","0","5789","3-3","27th Ave","QN","5","6","13",,,,,"24",,,,"11102","40.774992","-73.934242","401","22",,,"87","QN0102"
"7248","2135 Reeds Mill Lane Apartments","Rental","New Construction","3","0","7690","2135","REEDS MILL LANE","BX",,"1","2",,,,,"3",,,,"10475","40.881757","-73.832301","212","12","2123651","2052630258","46209","BX1202"
"4908","The Dupont","Rental","New Construction","115","1006239","6837","16","Dupont St","BK","28","29","58",,,,,"37",,"78",,"11222","40.735419","-73.95985","301","33","3000000","3024940006","56302","BK0101"
"7271","1992 Arthur Avenue Apartments","Rental","New Construction","3","0","7712","1992","Arthur Ave","BX","2","1",,,,,,"3",,,,"10457","40.847251","-73.892857","206","15","2000000","2030680064","373","BX0602"
"2501","310 Livingston Street Apartments","Rental","New Construction","48","328124","4036","308","LIVINGSTON STREET","BK",,"41","7",,,,,"9",,"39",,"11217","40.68827","-73.982252","302","33","3429273","3001660025","37","BK0202"
"7142","2171 Frederick Douglass Apartments","Rental","New Construction","5","0","7260","2171","Frederick Douglass Blvd","MN",,"2","3",,,,,,,"5",,"10026","40.805197","-73.954816","110","09","1000000","1019440029","20102","MN1001"
"4322","1707 Dean Street Apartments","Rental","New Construction","4","1011848","6498","1707","Dean St","BK",,"4",,,,,,,,"4",,"11213","40.67588","-73.931452","308","36","3324589","3013420065","309","BK0802"
"2272","761 East 233rd Street Apartments","Rental","New Construction","35","999699","3831","773","E 233rd St","BX","4","28","3",,,,,,"35",,,"10466","40.892668","-73.855067","212","11","2130380","2049970001","434","BX1203"
"3777","Help Hinsdale B LLC","Rental","New Construction","27","996364","6117","282","HINSDALE STREET","BK","13","8","6",,,,,"27",,,,"11207","40.668155","-73.899742","305","42","3427356","3037660024","1134","BK0502"
"3535","1169 River Avenue Apartments","Rental","New Construction","96","106790","5861","1169","RIVER AVENUE","BX","44","28","7","17",,,,"96",,,,"10452","40.83483","-73.921831","204","16","2130521","2024967501","197","BX0401"
"4592","1 Park Point","Rental","New Construction","95","1005838","6696","11","Ocean Pkwy","BK",,"67","28",,,,"38","38","19",,,"11218","40.650632","-73.973191","307","40","3429422","3053220010","50401","BK0701"
"1670","37-56 103RD STREET","Rental","New Construction","2","984002","2975","37-56","103 STREET","QN",,,"2",,,,,,,"2",,"11368","40.752781","-73.864207","403","21","4044233","4017687503","40502","QN0303"
"3625","61 Clarkson Avenue Apartments","Rental","New Construction","4","221432","6023","61","CLARKSON AVENUE","BK",,"4",,,,,,,,"4",,"11226","40.654966","-73.95779","309","40","3115979","3050550081","79601","BK0902"
"3548","130 Hope Street Apartments","Rental","New Construction","43","983645","5930","130","Hope St","BK","8","22","10","3",,,,,,"43",,"11211","40.712207","-73.953118","301","34","3428907","3023860007","513","BK0102"
"7150","1663 East New York Avenue Apartments","Rental","New Construction","11","1017356","7577","1663","E New York Ave","BK","4",,,"7",,,"4","7",,,,"11212","40.674106","-73.906694","316","37","3000000","3014500036","36502","BK1601"
"3156","909 EAST 229th STREET APARTMENTS","Rental","New Construction","6","71269","4641","909","EAST 229 STREET","BX",,"3","3",,,,,,,"6",,"10466","40.888619","-73.852551","212","12","2064641","2048650044","424","BX1203"
"4054","521 West 134th Street Apartments","Rental","New Construction","9","1009820","6357","521","W 134th St","MN",,"8","1",,,,,,,"9",,"10031","40.818857","-73.954181","109","07","1091687","1019880014","22301","MN0902"
"2996","903 Eagle Avenue","Rental","New Construction","3","1005040","4532","903","Eagle Ave","BX","1","2",,,,,,,,"3",,"10456","40.822667","-73.908231","203","17","2130438","2026200045","141","BX0301"
"7151","1975 Madison Avenue Apartments","Rental","Preservation","30","24774","7548","1975","Madison Ave","MN",,"26","4",,,,,,,"30",,"10035","40.806587","-73.940015","111","09","1000000","1017510020","206","MN1102"
"2655","One Bell Slip Apartments","Rental","New Construction","125","1002293","4125","1","Bell Slip","BK","70","32","23",,,,,"42",,"83",,"11222","40.73672","-73.958597","301","33","3426466","3024720200","56302","BK0101"
"3068","1477 Greene Avenue Apartments","Rental","New Construction","3","303946","4599","1477","Greene Ave","BK",,"1","2",,,,,,,"3",,"11237","40.702787","-73.914859","304","37","3421819","3032910038","443","BK0401"
"7311","1119 Boston Road Apartments","Rental","New Construction","9","0","7752","1119","Boston Rd","BX","2","5","2",,,,,"9",,,,"10456","40.827697","-73.904441","203","17","2000000","2026130031","18502","BX0301"
"2363","1634 Church Avenue - Units Still Available","Rental","New Construction","4","998358","3921","1634","Church Ave","BK",,"4",,,,,,,,"4",,"11226","40.648856","-73.964536","314","40","3426423","3050977501","512","BK1401"
"4256","2008 Crotona Avenue Apartments","Rental","New Construction","3","59859","6456","2008","CROTONA AVENUE","BX",,"1","2",,,,,,,"3",,"10457","40.846933","-73.889836","206","15","2012657","2030950006","371","BX0602"
"3026","1516 Park Avenue Apartments","Rental","New Construction","18","1012937","4569","1516","Park Ave","MN","6","9","3",,,,,,,"18",,"10029","40.796182","-73.945973","111","08","1051619","1016160036","17402","MN1101"
"4538","Fabric Astoria 45th Street Apartments","Rental","New Construction","20","995280","6657","22-51","45th St","QN","2","6","10","2",,,,"19",,"1",,"11105","40.769915","-73.904267","401","22","4000000","4007697502","137","QN0101"
"4932","ATTORNEY STREET APARTMENTS","Rental","New Construction","196","1003757","6846","165","Broome St","MN","23","87","64","22",,"34","46","116",,,,"10002","40.71672","-73.985646","103","01","1090663","1003417501","1402","MN0302"
"7278","622 11th Avenue Apartments","Rental","New Construction","22","1016882","7711","622","11th Ave","MN","4","5","13",,,,,"22",,,,"10036","40.76317","-73.996596","104","03","1000000","1010740063","12901","MN0402"
"7207","2250 Aqueduct Avenue Apartments","Rental","New Construction","17","0","7648","2250","Aqueduct Ave","BX","4",,"12","1",,,,,,"17",,"10453","40.858874","-73.907263","205","14","2000000","2032080031","251","BX0501"
"7161","The Somerly","Rental","New Construction","9","297761","7592","48","Somers St","BK","1","7","1",,,,,,,"9",,"11233","40.678863","-73.910181","316","37","3000000","3015420006","369","BK1601"
"5290","Shepherd Glenmore","Rental","New Construction","40","0","7076","365","Shepherd Ave","BK","15","20","5",,,"13","10","17",,,,"11208","40.675765","-73.8812","305","37","3000000","3039890001","1166","BK0502"
"3939","101 Macombs Place Apartments","Rental","New Construction","9","24526","6228","101","MACOMBS PLACE","MN",,"7","2",,,,,,,"9",,"10039","40.827809","-73.935425","110","09","1060632","1020400023","236","MN1002"
"7217","Grant TPT Apartments","Rental","New Construction","6","55756","7663","1033","CAULDWELL AVENUE","BX",,"5","1",,,,,"6",,,,"10456","40.826021","-73.905744","203","17","2004405","2026220052","18502","BX0301"
"7246","Beach Channel House","Rental","New Construction","37","0","7687","60-14","Beach Channel Dr","QN","9","8","20",,,,,,,"37",,"11692","40.593697","-73.79005","414","31","4000000","4160130001","964","QN1402"
"2249","38 Stratford Road Apartments","Rental","New Construction","5","1003772","3707","38","Stratford Rd","BK",,"3","2",,,,,,,"5",,"11218","40.647943","-73.969499","314","40","3428920","3050710022","506","BK1402"
"4953","2136 Matthews Avenue Apartments","Rental","New Construction","5","0","6874","2136","Matthews Ave","BX",,"3","2",,,,,,,"5",,"10462","40.855064","-73.862903","211","13","2000000","2043230012","228","BX1101"
"7287","El Hogar aka Comunilife Tiebout","Rental","New Construction","32","0","7728","2444","Tiebout Ave.","BX","27","5",,,,,"32",,,,,"10458","40.860335","-73.895537","205","15","2000000","2030220054","39902","BX0503"
"1953","2655 East 23rd Street Apartments","Rental","New Construction","4","1001681","3509","2655","EAST 23 STREET","BK","1","3",,,,,,,,"4",,"11235","40.587495","-73.946534","315","48","3205174","3074680076","600","BK1503"
"2941","781 Fountain Avenue Apartments","Rental","New Construction","3","1004815","4516","781","FOUNTAIN AVENUE","BK","1","2",,,,,,,,"3",,"11208","40.661208","-73.867753","305","42","3390867","3045650074","1220","BK0505"
"2926","Victory Commons aka Victory Baptist","Rental","New Construction","79","989112","4498","1007","Union Ave","BX","6","40","26","7",,"18","17","44",,,,"10459","40.824022","-73.901339","203","17","2129155","2026690080","133","BX0301"
"7241","972 Bushwick Avenue Apartments","Rental","New Construction","13","0","7683","972","Bushwick Ave","BK","1","5","7",,,,,,,"13",,"11221","40.692288","-73.923069","304","37","3000000","3032940026","395","BK0402"
"2887","802 Howard Avenue Apartments","Rental","New Construction","3","865013","4478","802","HOWARD AVENUE","BK",,"3",,,,,,,,"3",,"11212","40.662203","-73.918584","316","41","3081797","3035650042","892","BK1704"
"4593","1308 - 1314 Lincoln Place Apartments","Rental","New Construction","8","1014296","6699","1308","Lincoln Pl","BK",,"8",,,,,,,,"8",,"11213","40.66984","-73.933004","308","35","3418116","3013900015","35101","BK0802"
"7226","1601 DeKalb","Rental","New Construction","81","1008223","7522","1601","DEKALB AVENUE","BK","33","24","6","18",,,"15","20","46",,,"11237","40.703756","-73.919792","304","37","3428633","3032370023","445","BK0401"
"2296","310 Graham Avenue - Waiting List","Rental","New Construction","8","976524","3791","310","GRAHAM AVENUE","BK",,"2","3","3",,,,,,"8",,"11211","40.713194","-73.944154","301","34","3338163","3027710001","495","BK0104"
"4448","88 Bay 34 Street Apartments","Rental","New Construction","3","202461","6583","88","BAY 34 STREET","BK",,,"3",,,,,,,"3",,"11214","40.598138","-73.992946","311","43","3253861","3068730047","302","BK1103"
"1769","875 Dekalb Avenue - Units Still Available","Rental","New Construction","6","974874","3294","875","DEKALB AVENUE","BK",,"1","5",,,,,,,"6",,"11221","40.692516","-73.941488","303","36","3418329","3017770054","281","BK0302"
"1789","165 Stockholm Street","Rental","New Construction","2","377604","3248","165","Stockholm St","BK",,"2",,,,,,,,"2",,"11237","40.699603","-73.9227","304","37","3402017","3032467501","429","BK0401"
"3011","1537, 1539, 1541 Dean Street Apartments","Rental","New Construction","3","230944","4557","1541","Dean St","BK",,"1","2",,,,,,,"3",,"11213","40.676179","-73.93692","308","36","3427320","3013407505","311","BK0802"
"4586","645 East 9th Street Apartments","Rental","New Construction","3","0","6640","645","E 9th St","MN",,"2","1",,,,,"1",,"2",,"10009","40.725754","-73.979064","103","02","1091060","1003920040","28","MN0303"
"2251","455 Onderdonk Avenue Apartments","Rental","New Construction","5","1004154","3790","455","ONDERDONK AVENUE","QN",,"3","2",,,,,,,"5",,"11385","40.707108","-73.91248","405","34","4081279","4034030009","591","QN0502"
"7323","406 Remsen Avenue Apartments","Rental","New Construction","31","0","7775","406","Remsen Ave","BK","7","8","16",,,,,"26",,"5",,"11212","40.655747","-73.92327","317","41","3000000","3046630004","864","BK1703"
"4899","Park Lane Senior Apartments","Rental","New Construction","80","1003176","6832","1940","Turnbull Ave","BX","80",,,,,,"80",,,,,"10473","40.822884","-73.857564","209","18","2130573","2036720030","16","BX0902"
"2475","Rise LIC","Rental","New Construction","31","1001725","4035","2917","40th Ave","QN","8","11","10","2",,,,"19",,"12",,"11101","40.752206","-73.935379","401","26","4623074","4003990034","31","QN0105"
"4017","210 Clarkson Avenue Apartments","Rental","New Construction","40","1011107","6323","210","Clarkson Ave","BK",,"29","11",,,,,,,"40",,"11226","40.655272","-73.952477","317","40","3427328","3050660011","820","BK1701"
"2183","26-02 4th Street Apartments","Rental","New Construction","14","1000196","3664","26-02","4 STREET","QN","1","9","3","1",,,,,,"14",,"11102","40.775924","-73.932753","401","22","4618329","4009100023","87","QN0102"
"2811","The Dime-Units Still Available","Rental","New Construction","17","0","4435","251","S 5th St","BK","5","12",,,,,,,,"17",,"11211","40.709489","-73.95865","301","34","3000000","3024477501","525","BK0102"
"2737","170-22 Cedarcroft Road Apartments","Rental","New Construction","3","991691","4367","170-22","CEDARCROFT ROAD","QN",,"1","2",,,,,,,"3",,"11432","40.711826","-73.792235","408","24","4210575","4098440017","458","QN0804"
"2563","Rockaway Village Apartments","Rental","New Construction","151","1004369","4048","1720","Village Lane","QN","15","59","55","22",,"12","42","59","38",,,"11691","40.605441","-73.753441","414","31","4623292","4155377501","103202","QN1401"
"3324","2057 Strauss Street Apartments","Rental","New Construction","3","1008575","5811","2057","STRAUSS STREET","BK",,"3",,,,,,,,"3",,"11212","40.663786","-73.915042","316","41","3429436","3035550007","898","BK1602"
"7167","66 East 177th Street Apartments","Rental","New Construction","11","1017602","7562","66","E 177th St","BX","4","5","2",,,,,"11",,,,"10453","40.849804","-73.908732","205","14","2000000","2028270044","23301","BX0502"
"2233","111 East 115th Street Apartments - Waiting List","Rental","New Construction","10","966845","3753","111","EAST 115 STREET","MN","1","4","5",,,,,,,"10",,"10029","40.79844","-73.943295","111","08","1089702","1016430005","182","MN1102"
"2752","2524 Albemarle Road Apartments","Rental","New Construction","2","1005024","4378","2524","ALBEMARLE ROAD","BK",,"2",,,,,,,,"2",,"11226","40.64796","-73.953416","317","40","3426579","3051280006","794","BK1701"
"7160","33 Bedford Park Boulevard Apartments","Rental","New Construction","6","1017680","7587","33","BEDFORD PARK BOULEVARD","BX",,"6",,,,,,,,"6",,"10468","40.87265","-73.888477","207","14","2017303","2033100002","411","BX0702"
"2527","825 Dekalb Avenue Apartments","Rental","New Construction","12","1002402","4083","825","Dekalb Ave","BK",,"12",,,,,,,,"12",,"11221","40.692286","-73.943493","303","36","3424850","3017767504","261","BK0301"
"3009","2333 Beaumont Avenue Apartments","Rental","New Construction","4","49154","4552","2333","BEAUMONT AVENUE","BX","4",,,,,,,,,"4",,"10458","40.853101","-73.885","206","15","2012525","2030890049","391","BX0603"
"3785","36-10 31st Street Apartments","Rental","New Construction","13","418155","6135","36-10","31 STREET","QN","3","9","1",,,,,,,"13",,"11106","40.756229","-73.930052","401","26","4007869","4005997501","51","QN0105"
"7184","340 & 342  Melrose Street Apartments","Rental","New Construction","3","0","7620","340","Melrose St","BK",,"3",,,,,,,,"3",,"11237","40.703485","-73.928228","304","34","3000000","3031650021","427","BK0401"
"2579","One Archer","Rental","New Construction","95","0","4213","160-05","Archer Ave","QN","22","56","17",,,,,,,"95",,"11433","40.702792","-73.798221","412","27","4000000","4101010150","44601","QN1201"
"4429","8623 Flatlands Avenue","Rental","New Construction","4","1010341","6574","8623","Flatlands Ave","BK","1","1","2",,,,,,,"4",,"11236","40.638499","-73.908671","318","46","3428996","3080070001","958","BK1803"
"3457","46 Stockholm Street Apartments","Rental","New Construction","2","377737","5868","46","Stockholm St","BK",,"1","1",,,,,,,"2",,"11221","40.696204","-73.926003","304","34","3428829","3032540011","421","BK0401"
"3762","The Biltmore","Rental","New Construction","24","823372","6078","271","WEST 47 STREET","MN","24",,,,,,,,,"24",,"10036","40.760048","-73.986608","105","03","1086225","1010190001","125","MN0502"
"4065","912 Broadway Apartments - Unit Still Available","Rental","New Construction","4","1007824","6360","912","BROADWAY","BK",,,"4",,,,,,,"4",,"11206","40.697561","-73.936305","303","36","3398091","3015847501","287","BK0302"
"4907","388 Vernon Avenue Apartments","Rental","New Construction","3","1012784","6792","388","VERNON AVENUE","BK",,"3",,,,,,,,"3",,"11206","40.696172","-73.935647","303","36","3394657","3015890035","287","BK0302"
"2391","Raven Hall","Rental","New Construction","138","985808","3948","2006","SURF AVENUE","BK","39","65","15","19",,,"22","94","22",,,"11224","40.57482","-73.986829","313","47","3424222","3070727501","352","BK1302"
"4904","88 North 1st Street Apartments","Rental","New Construction","14","0","6831","88","N 1st St","BK","11","3",,,,,,,,"14",,"11249","40.716105","-73.963393","301","34","3000000","3023790009","555","BK0102"
"2187","209 211 213 Troy Avenue - Units Still Available","Rental","New Construction","3","994574","3828","209","TROY AVENUE","BK",,,"3",,,,,,,"3",,"11213","40.672301","-73.936358","308","36","3036409","3013710007","345","BK0802"
"1760","22-22 Steinway Street - Units Still Available","Rental","New Construction","2","994398","3279","22-22","Steinway St","QN",,"2",,,,,,,,"2",,"11105","40.772316000000004","-73.90673","401","22","4617838","4008050041","119","QN0101"
"2203","1728 Townsend Avenue Apartments","Rental","New Construction","7","991477","3745","1728","TOWNSEND AVENUE","BX","3","4",,,,,,,,"7",,"10453","40.846922","-73.911743","205","14","2129185","2028490063","22701","BX0502"
"5353","Kent Avenue Apartments aka 346 Kent Avenue","Rental","New Construction","120","0","7093","346","KENT AVENUE","BK","30","54","33","3",,,,,,"120",,"11249","40.712846","-73.967633","301","33","3425050","3024147502","551","BK0102"
"2306","2015 Vyse Avenue Apartments","Rental","New Construction","9","999436","3877","2015","VYSE AVENUE","BX",,"4","5",,,,,,,"9",,"10460","40.842358","-73.881867","206","15","2128795","2031270023","363","BX0601"
"4136","505 State Street","Rental","New Construction","45","994953","6415","100","Flatbush Ave","BK","5","32","6","2",,,"18","18","9",,,"11217","40.685511","-73.978525","302","33","3429537","3001747502","39","BK0202"
"5392","Ray Harlem","Rental","New Construction","58","998761","7121","2035","5th Ave","MN","24","27","7",,,,"23","23",,"12",,"10035","40.806868","-73.941922","111","09","1000000","1017500001","198","MN1102"
"1826","NEHEMIAH SPRING CREEK 4B-2","Rental","Preservation","6","985150","3340","129","Gateway Dr","BK",,,"6",,,,"3","3",,,,"11239","40.652864","-73.877042","305","42","3421884","3044520155","107001","BK0504"
"2248","The Arches - Units Still Available","Rental","New Construction","60","997633","3775","228","EAST 135 STREET","BX","1","25","34",,,,,,,"60",,"10451","40.809881","-73.930252","201","08","2129363","2023197501","51","BX0101"
"3249","Melrose North Apartments","Rental","New Construction","67","994395","4741","341","E 162nd St","BX",,"36","25","6",,,"26","41",,,,"10451","40.825249","-73.914796","203","16","2129469","2024097501","143","BX0401"
"7325","52 4th Avenue Apartments","Rental","New Construction","19","1002306","7780","52","4th Ave","BK",,"17","2",,,,"7","8",,"4",,"11217","40.683038","-73.979261","302","33","3000000","3001980036","39","BK0202"
"7239","The Chelsea ANCP Cooperatives","Owner","New Construction","21","0","7678","170","W 22nd St","MN","9","10","2",,,,,,"21",,,"10011","40.743004","-73.995143","104","03","1000000","1007970080","87","MN0401"
"7213","150-11 41st Avenue Apartments","Rental","New Construction","3","0","7656","150-11","41st Ave","QN",,"2","1",,,,,,,"3",,"11354","40.762923","-73.813478","407","20","4000000","4050340012","1167","QN0704"
"7184","340 & 342  Melrose Street Apartments","Rental","New Construction","2","0","7621","342","Melrose St","BK","1","1",,,,,,,,"2",,"11237","40.703512","-73.928199","304","34","3000000","3031650022","427","BK0401"
"4925","62 Martense Street Apartments","Rental","New Construction","3","1013455","6856","62","Martense St","BK",,"2","1",,,,,,,"3",,"11226","40.65131","-73.956909","314","40","3429414","3050890131","79602","BK1401"
"5060","3187 Grand Concourse Avenue Apartments","Rental","New Construction","10","1010365","6922","3187","GRAND CONCOURSE","BX","4","6",,,,,,,,"10",,"10468","40.876341","-73.885774","207","11","2128709","2033110068","411","BX0702"
"7292","214-33 41st Avenue Apartments - Units Still Available","Rental","Preservation","2","1017082","7739","214-33","41 AVENUE","QN",,"2",,,,,,,,"2",,"11361","40.763701","-73.770396","411","19","4623899","4062880035","1123","QN1102"
"2318","143 Woodbine Street - Units Still Available","Rental","New Construction","3","983826","3885","143","WOODBINE STREET","BK",,"3",,,,,,,,"3",,"11221","40.692509","-73.916772","304","37","3076596","3033500039","417","BK0402"
"3198","555 Tenth Avenue - Waiting List","Rental","New Construction","150","948170","4668","555","10 AVENUE","MN","25","83","37","5",,,"60","60","30",,,"10018","40.758861","-73.996044","104","03","1089722","1010697501","117","MN0401"
"4752","154 Lenox Road Apartments","Rental","New Construction","13","0","6772","154","Lenox Rd","BK",,"6","7",,,,,,,"13",,"11226","40.653873","-73.954424","317","40","3000000","3050840038","822","BK1701"
"7216","2425 Pacific Street Apartments","Rental","New Construction","93","0","7660","2425","Pacific St","BK",,"34","31","28",,"12","25","56",,,,"11233","40.675244","-73.905081","316","37","3000000","3014370046","36502","BK1601"
"7284","313 East 17th Street Apartments","Rental","New Construction","22","12242","7725","313","EAST 17 STREET","MN","1","10","11",,,,"5","10","7",,,"10003","40.734047","-73.983034","106","02","1020430","1009230011","48","MN0602"
"2138","334 Evergreen Avenue Apartment","Rental","New Construction","3","998965","3647","334","EVERGREEN AVENUE","BK",,"1","2",,,,,,,"3",,"11221","40.694952","-73.925183","304","34","3074364","3032640030","395","BK0402"
"4837","3327 White Plains Road Apartments","Rental","New Construction","7","1013791","6802","3327","White Plains Rd","BX","1","3","3",,,,,,,"7",,"10467","40.874054","-73.867083","212","12","2130528","2046240049","374","BX1201"
"1732","1035 Cortelyou Road Apartments","Rental","New Construction","3","226401","2968","1035","CORTELYOU ROAD","BK",,,"3",,,,,,,"3",,"11218","40.639418","-73.968451","314","39","3118198","3051417502","1522","BK1402"
"1994","383 12th Street Apartments","Rental","New Construction","3","138028","3525","383","12 STREET","BK",,"3",,,,,,,,"3",,"11215","40.665573","-73.984057","306","39","3023038","3010240063","151","BK0602"
"3930","The 88 aka 153-10 88th Avenue Apartments","Rental","New Construction","67","667726","6231","153-10","JAMAICA AVENUE","QN","18","35","14",,,,,"44",,"23",,"11432","40.702807","-73.802023","412","27","4315254","4100970010","240","QN1201"
"3169","597 Marcy Avenue Apartments","Rental","New Construction","7","979575","4695","597","Marcy Ave","BK","1","3","3",,,,,"4",,"3",,"11206","40.694529","-73.949027","303","36","3426256","3017597501","25901","BK0301"
"7273","134 Erasmus Street Apartments","Rental","New Construction","9","0","7706","134","Erasmus St","BK",,"5","4",,,,,,,"9",,"11226","40.649718","-73.951018","317","40","3117318","3051080021","824","BK1701"
"3135","27-15 27th Street Apartments","Rental","New Construction","3","413435","4633","27-15","27 STREET","QN",,"3",,,,,,,,"3",,"11102","40.769446","-73.923269","401","22","4006903","4005750040","71","QN0103"
"2543","595 New York Avenue Apartments","Rental","New Construction","5","343998","4134","595","New York Ave","BK",,"3","2",,,,,,,"5",,"11203","40.659966","-73.94763","309","40","3106949","3048020001","810","BK0902"
"2351","1492 Bryant Avenue Apartments","Rental","New Construction","4","1000250","3913","1492","BRYANT AVENUE","BX","2","2",,,,,,,,"4",,"10460","40.832559","-73.887435","203","17","2117998","2030000017","157","BX0303"
"2079","1528 Bergen Street Apartments","Rental","New Construction","3","999430","3606","1528","BERGEN STREET","BK",,"2","1",,,,,,,"3",,"11213","40.675139","-73.93253","308","36","3035839","3013540016","309","BK0802"
"3728","311 Franklin Avenue Apartments","Rental","New Construction","3","1010118","6087","311","Franklin Ave","BK",,,"3",,,,,,,"3",,"11238","40.688897","-73.957173","303","36","3424967","3019500005","233","BK0301"
"1996","1825 Eastern Parkway","Rental","New Construction","3","350031","2982","1825","EASTERN PARKWAY","BK","1","1","1",,,,,,,"3",,"11233","40.674997","-73.908719","316","37","3426987","3014420037","36501","BK1601"
"2009","972 Washington Avenue Apartments","Rental","New Construction","41","988341","3520","972","WASHINGTON AVENUE","BX","41",,,,,,,"41",,,,"10456","40.825487","-73.910106","203","16","2001224","2023680012","18501","BX0301"
"7243","Mosholu Concourse Apartments","Rental","New Construction","23","122133","7418","15","West Mosholu Parkway North","BX",,"17","4","2",,,,"23",,,,"10467","40.881019","-73.884138","207","11","2017698","2033240099","421","BX0703"
"7166","947 College Avenue Apartments","Rental","New Construction","11","0","7594","947","College Ave","BX",,"5","6",,,,,,,"11",,"10456","40.827374","-73.915957","204","16","2000000","2024230038","173","BX0401"
"5664","Crotona Park West - Waiting List","Rental","Preservation","14","79780","7179","1465","FULTON AVENUE","BX",,"10","3","1",,,"5","9",,,,"10456","40.836049","-73.900905","203","16","2009643","2029270059","169","BX0302"
"3550","4180 Carpenter Avenue Apartments","Rental","New Construction","28","1013119","5870","4180","Carpenter Ave","BX","1","23","4",,,,,,,"28",,"10466","40.893808","-73.86053","212","11","2000000","2048350045","420","BX1203"
"3744","865 Rogers Avenue Apartments","Rental","New Construction","8","364014","6098","865","Rogers Ave","BK","1","5","2",,,,,,,"8",,"11226","40.649335","-73.952316","317","40","3429174","3051080011","824","BK1701"
"5370","822 60th Street Apartments","Rental","New Construction","4","1014100","7108","822","60 STREET","BK",,"1","2","1",,,,,,"4",,"11220","40.63508","-74.008888","312","43","3428742","3057147504","118","BK0703"
"2499","ALVISTA TOWERS II","Rental","New Construction","353","1007351","4019","147-25","94th Avenue","QN","73","169","111",,,,"163",,"162","28",,"11435","40.699222","-73.806426","412","27","4618544","4099987502","208","QN1201"
"3814","1135 Teller Avenue Apartments","Rental","New Construction","43","1009968","6148","1135","Teller Ave","BX",,"28","15",,,,,,,"43",,"10456","40.830698","-73.912549","204","16","2128881","2024340070","175","BX0401"
"7217","Grant TPT Apartments","Rental","New Construction","7","119687","7662","1211","WASHINGTON AVENUE","BX",,,"7",,,,,"7",,,,"10456","40.831084","-73.90702","203","16","2001603","2023890031","145","BX0302"
"4414","1819 Sedgwick Avenue Apartments","Rental","New Construction","8","0","6567","1819","Sedgwick Ave","BX",,"8",,,,,,,,"8",,"10453","40.852598","-73.919352","205","16","2129750","2028810023","20502","BX0501"
"1708","3500 Park Avenue Apartments","Rental","New Construction","45","983972","3155","3500","Park Ave","BX","15",,"30",,,,"8","37",,,,"10456","40.831359","-73.908259","203","16","2129140","2023890020","145","BX0302"
"2361","1600 East 19 Street- Units Still Available","Rental","New Construction","7","248187","3917","1600","EAST 19 STREET","BK",,"3","4",,,,,,,"7",,"11230","40.611348","-73.954907","314","48","3425902","3067657503","544","BK1403"
"3523","2441 Crotona Avenue Apartments","Rental","New Construction","25","1008796","5937","2441","Crotona Ave","BX","5","18","1","1",,,,,,"25",,"10458","40.855034","-73.883074","206","15","2130595","2031050041","389","BX0603"
"7170","202 Tillary Street Apartments","Rental","New Construction","120","0","7595","202","Tillary St","BK","39","66","15",,,,"48","48","24",,,"11201","40.695853","-73.981922","302","35","3000000","3020500100","1501","BK0202"
"2358","937 Rogers Avenue","Rental","New Construction","8","993205","3916","937","ROGERS AVENUE","BK",,"2","6",,,,,,,"8",,"11226","40.6474","-73.952112","317","40","3117823","3051290040","824","BK1701"
"3033","31-05 21st Street Apartments","Rental","New Construction","7","1007381","4534","31-05","21 STREET","QN",,"6","1",,,,,,,"7",,"11106","40.76715","-73.929982","401","22","4006365","4005520015","77","QN0102"
"2327","1609 Voorhies Avenue - Units Still Available","Rental","New Construction","3","387468","3894","1609","VOORHIES AVENUE","BK",,,"3",,,,,,,"3",,"11235","40.585845","-73.952764","315","48","3204947","3074590146","606","BK1503"
"4356","88 Tompkins Avenue Apartments","Rental","New Construction","17","989068","6517","88","TOMPKINS AVENUE","BK",,"6","11",,,,,"13",,"4",,"11206","40.696419","-73.946494","303","36","3048525","3017470030","257","BK0301"
"7268","The Ysabel aka 77 Woodbine Street","Rental","New Construction","3","0","7709","77","Woodbine St","BK",,"2","1",,,,,,,"3",,"11221","40.690877","-73.918379","304","37","3000000","3033490038","399","BK0402"
"1814","2502 & 2506 Newkirk Avenue","Rental","New Construction","3","1000164","3377","2502","Newkirk Ave","BK",,,"3",,,,,,,"3",,"11226","40.639693","-73.953054","317","45","3428879","3052120041","79002","BK1701"
"2576","10 Monteith Street Waiting List","Rental","New Construction","100","945941","4214","10","MONTIETH STREET","BK","32","54","14",,,,,"100",,,,"11206","40.701357","-73.936496","304","34","3426398","3031410001","391","BK0401"
"7285","1652 East 14th Street Apartments","Rental","New Construction","6","244268","7726","1652","EAST 14 STREET","BK",,"6",,,,,,,,"6",,"11229","40.609195","-73.959324","315","48","3000000","3067767501","554","BK1501"
"7232","2795 Fulton Street Apartments","Rental","New Construction","13","0","7674","2795","Fulton St","BK",,"1","8","4",,,"5","8",,,,"11207","40.678086","-73.89137","305","37","3000000","3039330055","1146","BK0501"
"7159","WAKEFIELD YARDS","Rental","New Construction","212","0","7521","4641","Furman Ave","BX","26","90","81","15",,"25","63","124",,,,"10470","40.902254","-73.850188","212","11","2000000","2050870001","434","BX1203"
"4902","1182 Woodycrest  Apartments","Rental","New Construction","36","0","6834","1182","WOODYCREST AVENUE","BX",,"19","9","8",,,"1","27","8",,,"10452","40.836723","-73.924835","204","16","2003157","2025100003","199","BX0402"
"4028","2264 Atlantic Avenue Apartments","Rental","New Construction","3","1011485","6326","2264","ATLANTIC AVENUE","BK",,"1","2",,,,,,,"3",,"11233","40.676307","-73.910444","316","37","3428754","3014350010","36501","BK1601"
"7143","30-85 31st Street Apartments","Rental","New Construction","6","0","7570","30-85","31 STREET","QN","1","5",,,,,,,,"6",,"11102","40.764786","-73.92309","401","22","4008464","4006150002","63","QN0103"
"3243","637 East 176th Street Apartments","Rental","New Construction","14","1005779","5742","637","EAST 176 STREET","BX","2","8","4",,,,,,,"14",,"10457","40.844576","-73.893747","206","15","2129322","2029470052","36901","BX0602"
"4981","1777 Weeks Avenue Apartments","Rental","New Construction","14","0","6885","1775","Weeks Avenue","BX","6","8",,,,,,,,"14",,"10457","40.846169","-73.907454","205","14","2000000","2027967501","22901","BX0502"
"3824","2801 Tilden Avenue Apartments","Rental","New Construction","4","381334","6126","2801","TILDEN AVENUE","BK",,"2","2",,,,,,,"4",,"11226","40.646825","-73.950919","317","40","3117838","3051300125","824","BK1701"
"7158","1571 Jarvis Avenue Apartments","Rental","Preservation","5","0","7586","1571","Jarvis Ave","BX","3","2",,,,,,"5",,,,"10461","40.844039","-73.82812","210","13","2000000","2054010012","264","BX1002"
"2147","249 North 5 Street aka 70 Havemeyer Street","Rental","New Construction","15","309172","3183","70","HAVEMEYER STREET","BK","3","4","8",,,,,,,"15",,"11211","40.714414","-73.954978","301","34","3062268","3023380027","519","BK0102"
"7249","25-14 21st Street Apartments","Rental","New Construction","2","0","7691","25-14","21st St","QN",,"2",,,,,,"2",,,,"11102","40.774259","-73.924314","401","22","4000000","4008880046","91","QN0102"
"7138","88 Schermerhorn Street Apartments","Rental","New Construction","17","0","7567","88","Schermerhorn St","BK",,"17",,,,,,,,"17",,"11201","40.690562","-73.990408","302","33","3000000","3002710045","9","BK0201"
"7270","836 East 34th Street Apartments","Rental","New Construction","2","0","7710","836","E 34th St","BK",,,"2",,,,,"2",,,,"11210","40.635733","-73.944082","317","45","3000000","3050080053","784","BK1702"
"4040","Dutch House Apartments - Units Still Available","Rental","New Construction","28","1003994","6339","37-05","30 STREET","QN","12","16",,,,,,,,"28",,"11101","40.755179","-73.93198","401","26","4623388","4003727501","51","QN0105"
"3338","43-17 & 43-19 108 Street Apartments","Rental","New Construction","3","994592","5778","43-17","108 STREET","QN",,"3",,,,,,,,"3",,"11368","40.748529","-73.857622","404","21","4000000","4019990066","40101","QN0402"
"3994","2150 Clinton Ave","Rental","New Construction","19","1010615","6275","2150","Clinton Ave","BX","5","1","13",,,,,,,"19",,"10457","40.849106","-73.886507","206","15","2129653","2030970012","371","BX0602"
"7139","1440 Amsterdam Avenue Apartments","Rental","New Construction","147","5561","7559","1440","AMSTERDAM AVENUE","MN","20","66","61",,,,,,,"147",,"10027","40.81671","-73.953847","109","07","1091802","1019840028","219","MN0902"
"7327","233 East 202nd Street Apartments","Rental","New Construction","9","1018152","7782","233","EAST 202 STREET","BX","3","5","1",,,,,"9",,,,"10458","40.873048","-73.885736","207","14","2000000","2033080028","413","BX0702"
"7219","624 Metropolitan Avenue Apartments","Rental","New Construction","5","0","7664","624","Metropolitan Ave","BK",,"5",,,,,,,,"5",,"11211","40.714156","-73.948301","301","34","3000000","3027620014","503","BK0104"
"5046","Weeksville Place","Rental","New Construction","36","356812","6886","1559","Prospect Pl","BK","15","7","14",,,"10","13","13",,,,"11233","40.672925","-73.924479","308","41","3428724","3013630090","359","BK0802"
"1988","The Astra","Rental","New Construction","89","985707","3470","645","Gates Ave","BK","14","41","22","12",,,"18",,"27","44",,"11221","40.687345","-73.940865","303","36","3429039","3018110070","277","BK0302"
"2713","209 Troy Avenue Apartments - Units Still Available","Rental","New Construction","3","994574","4347","209","TROY AVENUE","BK",,,"3",,,,,,,"3",,"11213","40.672301","-73.936358","308","36","3036409","3013710007","345","BK0802"
"3127","9-24 Main Avenue","Rental","New Construction","10","1011105","4664","9-24","MAIN AVENUE","QN",,"5","5",,,,,,,"10",,"11102","40.771997","-73.933136","401","22","4619618","4005070025","81","QN0102"
"7191","The Everly","Rental","New Construction","171","230497","7617","180","Ashland Pl","BK","104","52","15",,,,,"25",,"146",,"11217","40.689356","-73.978567","302","35","3000000","3020950026","33","BK0203"
"1672","1259 51st Street","Rental","New Construction","3","992631","2970","1259","51 STREET","BK",,,"3",,,,,,,"3",,"11219","40.634369","-73.994041","312","44","3138051","3056480053","220","BK1202"
"2078","T Building  82-41 Parsons Boulevard","Rental","Preservation","124","985940","3604","82-41","PARSONS BOULEVARD","QN","15","49","53","7",,,,"74","50",,,"11432","40.717176","-73.808203","408","24","4442434","4068587501","1267","QN0802"
"2256","107 West 105th Street HDFC","Owner","New Construction","6","37513","3649","107","WEST 105 STREET","MN",,,"6",,,,,,"6",,,"10025","40.798698","-73.963654","107","07","1055933","1018600027","189","MN0703"
"2970","396 Shepherd Avenue Apartments","Rental","New Construction","3","1007118","4524","396","Shepherd Ave","BK",,"3",,,,,,,,"3",,"11208","40.674829","-73.880989","305","42","3428642","3040040022","1166","BK0502"
"4021","25-56 97th Street Apartments","Rental","New Construction","3","1006526","6324","25-56","97 STREET","QN",,,"3",,,,,,,"3",,"11369","40.76291","-73.872417","403","21","4032662","4013700038","361","QN0302"
"2425","2955 Brighton 5th Street Apartments","Rental","New Construction","6","998652","3983","2955","Brighton 5th St","BK",,"2","4",,,,,,,"6",,"11235","40.57975","-73.96323","313","48","3244441","3086650525","364","BK1303"
"2288","7 Dey Street","Rental","New Construction","63","1001800","3855","7","Dey St","MN","25","30","8",,,,,"21",,"42",,"10007","40.710624","-74.009955","101","01","1090952","1000637501","13","MN0101"
"3203","391 Hooper Street AKA 383 South 1st Street Apartments","Rental","New Construction","3","0","4719","383","SOUTH 1 STREET","BK",,,"3",,,,,,,"3",,"11211","40.710406","-73.952135","301","34","3335779","3023990019","513","BK0102"
"2395","804 Jefferson Avenue Apartments Units Still Available","Rental","New Construction","1","983574","3912","804","JEFFERSON AVENUE","BK",,,"1",,,,,,,"1",,"11221","40.686139","-73.925138","303","41","3426246","3016580024","383","BK0302"
"1880","586 & 596 East 32nd Street Apartments","Rental","New Construction","3","996888","3447","586","E 32nd St","BK",,"3",,,,,,,,"3",,"11210","40.63664","-73.946153","317","45","3426559","3049950001","78802","BK1702"
"3041","68 Gold Street Apartments","Rental","New Construction","18","1008589","4578","68","Gold St","BK","3","6","9",,,,,,,"18",,"11201","40.702864","-73.982764","302","33","3428900","3000420024","21","BK0202"
"4155","Astoria West Waitlist","Rental","New Construction","36","986682","6419","11-37","31 AVENUE","QN",,"28","8",,,,,,,"36",,"11106","40.769245","-73.934496","401","22","4619106","4005040003","81","QN0102"
"5214","Amara","Rental","New Construction","28","415584","7014","31-90","29 STREET","QN","5","16","7",,,,,,,"28",,"11106","40.7629","-73.926861","401","22","4624439","4005790001","75","QN0103"
"4803","The Starhill Phase 1","Rental","New Construction","125","0","6746","1600","Grand Ave","BX",,"35","90",,,"13","28","84",,,,"10453","40.84647","-73.916753","205","14","2000000","2028650160","217","BX0501"
"1878","850 Flatbush Avenue Apartments - Units Still Available","Rental","New Construction","3","292955","3444","850","FLATBUSH AVENUE","BK",,"1","2",,,,,,,"3",,"11226","40.651629","-73.959035","314","40","3116577","3050820032","50801","BK1401"
"3847","The Willow","Rental","New Construction","112","1012036","6109","750","E 134th St","BX","20","59","21","12",,"13","40","59",,,,"10454","40.801943","-73.913905","201","08","2130671","2025627501","1902","BX0101"
"2321","111 Varick Street Apartments","Rental","New Construction","30","28880","3849","111","VARICK STREET","MN","8","15","7",,,,,"25",,"5",,"10013","40.724526","-74.006361","102","01","1090671","1005780071","37","MN0201"
"3175","2109 Tiebout Avenue Apartments","Rental","New Construction","5","114404","4696","2109","TIEBOUT AVENUE","BX","2","1","2",,,,,,,"5",,"10457","40.853095","-73.89874","205","15","2013364","2031440032","379","BX0502"
"3299","Mickeys Corner -Waiting List","Rental","Preservation","2","937491","5755","3250","WICKHAM AVENUE","BX",,,,"2",,,,,"2",,,"10469","40.875382","-73.840525","212","12","2121762","2047550066","358","BX1202"
"3928","514 Herkimer Street Apartments","Rental","New Construction","5","1010679","6232","514","HERKIMER STREET","BK",,"5",,,,,,,,"5",,"11213","40.678919","-73.936482","303","36","3048075","3017050039","271","BK0302"
"2912","115 Park Avenue Apartments","Rental","New Construction","3","351153","4496","115","PARK AVENUE","BK","1","1","1",,,,,,,"3",,"11205","40.6963","-73.975084","302","35","3057966","3020290056","211","BK0203"
"3084","Soundview Cooperatives Phase III","Owner","New Construction","48","90415","4612","1715","LACOMBE AVENUE","BX",,"14","30","4",,,,"4","44",,,"10473","40.814487","-73.865674","209","18","2092605","2035150001","2001","BX0902"
"4761","83rd and 2nd Apartments","Rental","New Construction","28","1004173","6765","300","E 83rd St","MN","7","7","14",,,,,"7",,"21",,"10028","40.775767","-73.952817","108","05","1000000","1015450049","138","MN0803"
"2983","328 21st Street Apartments","Rental","New Construction","2","1006520","4529","328","21 STREET","BK",,"2",,,,,,,,"2",,"11215","40.659418","-73.99024","307","39","3017564","3008980023","147","BK0702"
"2322","The Victoria Tower Residences","Rental","New Construction","102","1002923","3891","230","WEST 126 STREET","MN","10","41","51",,,,"42","22",,"38",,"10027","40.810094","-73.948931","110","09","1058657","1019317501","222","MN1001"
"3598","409 Eastern Parkway- Waiting List","Rental","New Construction","56","966686","5975","409","EASTERN PARKWAY","BK","9","35","12",,,,,"35","21",,,"11216","40.670103","-73.954748","308","35","3425089","3012607501","219","BK0802"
"2030","1634 Church Avenue Apartments","Rental","New Construction","14","998358","3551","1634","Church Ave","BK",,"6","8",,,,,,,"14",,"11226","40.648856","-73.964536","314","40","3426423","3050977501","512","BK1401"
"2080","1545 Bergen Street Apartments","Rental","New Construction","3","982149","3600","1545","Bergen St","BK",,"2","1",,,,,,,"3",,"11213","40.675142","-73.932296","308","36","3425550","3013480076","309","BK0802"
"5205","1073 Summit Avenue - Waiting List","Rental","New Construction","32","1003653","6983","1073","SUMMIT AVENUE","BX","6","9","17",,,,,,"32",,,"10452","40.835129","-73.92913","204","16","2003492","2025260076","193","BX0402"
"2535","1405 Herkimer Street Apartments","Rental","New Construction","3","311334","4068","1405","HERKIMER STREET","BK",,,"1","2",,,,,,"3",,"11233","40.677309","-73.906823","316","37","3042292","3015530037","367","BK1601"
"4325","HANSON PLACE COMMUNITY PLAZA","Rental","Preservation","87","372963","6495","142","S Portland Ave","BK","14","47","17","9",,,"25","19",,"43",,"11217","40.684941","-73.974173","302","35","3427387","3020030037","35","BK0203"
"5079","The Arabella","Rental","New Construction","50","113949","6931","4720","3 AVENUE","BX",,"25","22","3",,,,"35",,"15",,"10458","40.859417","-73.891128","206","15","2129656","2030427501","387","BX0603"
"3636","1457 Flatbush Avenue Apartments","Rental","New Construction","22","292292","6031","1457","Flatbush Ave","BK","6","16",,,,,,"16",,"6",,"11210","40.634773","-73.949721","314","45","3427317","3052517501","78601","BK1401"
"3841","ST. FRANCIS COMMONS","Rental","New Construction","85","109401","6108","1544","SHAKESPEARE AVENUE","BX",,"45","34","6",,"12","24","49",,,,"10452","40.845717","-73.919234","205","14","2129668","2028720148","21301","BX0501"
"2299","Roosevelt Apartments Phase I","Rental","New Construction","2","998991","3870","108-65","ROOSEVELT AVENUE","QN",,"2",,,,,,,,"2",,"11368","40.750874","-73.858266","403","21","4619684","4017807502","40102","QN0303"
"2663","New Roads Plaza","Rental","New Construction","37","1004482","4119","485","E 164th St","BX",,"19","18",,,,,"37",,,,"10456","40.825755","-73.909589","203","16","2130488","2023690001","18501","BX0301"
"5138","The Northern II Apartments","Rental","New Construction","20","1006182","6958","38-38","32nd St","QN","3","13","4",,,,,"12",,"8",,"11101","40.752928","-73.931632","401","26","4537917","4003820029","31","QN0105"
"3478","6020 3 Avenue Apartments","Rental","New Construction","16","1009605","5894","6020","3rd Ave","BK",,"1","15",,,,,,,"16",,"11220","40.641712","-74.020751","307","38","3429099","3057800045","22","BK0702"
"3431","APEX PLACE PHASE 2","Rental","New Construction","122","0","3919","110-41","Colonial Avenue","QN","10","40","62","10",,"1","29","28","36","28",,"11375","40.7373","-73.848505","406","24","4000000","4021590002","745","QN0602"
"2319","263 East 9th Street Apartments","Rental","New Construction","2","1004115","3887","263","EAST 9 STREET","BK",,,"2",,,,,,,"2",,"11218","40.642259","-73.970438","312","39","3125656","3053610055","492","BK1203"
"3330","Parkside Manor","Rental","New Construction","27","498872","5810","148-29","90 AVENUE","QN","2","15","10",,,,,"18",,"9",,"11435","40.703331","-73.80685","412","27","4618716","4096810085","240","QN1201"
"3218","915 Elsmere Place Senior Apartments","Rental","New Construction","39","996660","4725","915","Elsmere Pl","BX","10","27","2",,,,,"27",,"12",,"10460","40.84159","-73.8851","206","15","2130498","2029850064","359","BX0601"
"3807","Estela","Rental","New Construction","62","63329","6141","414","GERARD AVENUE","BX",,"38","24",,,,,"43",,"19",,"10451","40.817116","-73.929962","201","17","2001084","2023500001","6301","BX0401"
"4574","451 Tenth Avenue Apartments","Rental","New Construction","135","1009172","6675","451","10 AVENUE","MN","64","60","11",,,,"54","54","27",,,"10018","40.755303","-73.998636","104","03","1091604","1007077501","9903","MN0401"
"4387","221 West 29th Street Waitlist","Rental","New Construction","25","952295","6544","221","WEST 29 STREET","MN","6","16","3",,,,"10","10",,"5",,"10001","40.748214","-73.993735","105","03","1090618","1007790027","95","MN0501"
"5373","2414 Cambreleng Avenue Apartments","Rental","New Construction","4","1013453","7074","2414","CAMBRELENG AVENUE","BX",,"4",,,,,,,,"4",,"10458","40.854899","-73.885069","206","15","2129737","2030900006","389","BX0603"
"2831","3013 Eastchester Road Apartments","Rental","New Construction","6","1004780","4133","3013","EASTCHESTER ROAD","BX",,"6",,,,,,,,"6",,"10469","40.869736","-73.842845","212","12","2061801","2047620092","358","BX1202"
"3216","961 Madison Street  Apartments - Units Still Available","Rental","New Construction","2","331317","4724","961","MADISON STREET","BK",,"1",,"1",,,,,,"2",,"11221","40.688767","-73.91928","304","37","3342327","3033570060","397","BK0402"
"3727","97 Varet Street Apartments","Rental","New Construction","3","1010021","6094","97","Varet St","BK",,,"3",,,,,,,"3",,"11206","40.70316","-73.941504","301","34","3429676","3031060031","491","BK0104"
"3695","1760 Grand Avenue Apartments","Rental","New Construction","5","996766","6032","1760","GRAND AVENUE","BX","1","1","3",,,,,,,"5",,"10453","40.849456","-73.913345","205","14","2008515","2028670123","217","BX0501"
"3971","83-15 Parsons Boulevard Apartments","Rental","New Construction","10","687552","6273","83-15","Parsons Blvd","QN","2","3","5",,,,,,,"10",,"11432","40.715355","-73.807692","408","24","4620899","4068620331","450","QN0805"
"1836","Uptown 6","Rental","Preservation","1","41278","3021","118","WEST 139 STREET","MN",,,,"1",,,,"1",,,,"10030","40.817195","-73.940298","110","09","1060040","1020070046","230","MN1002"
"2667","The Clark -Waitlist","Rental","New Construction","51","974321","4267","310","CLARKSON AVENUE","BK","18","17","14","2",,,,,,"51",,"11226","40.65546","-73.949298","317","40","3425768","3048370017","818","BK1701"
"1703","58 Greenpoint Avenue Apartments","Rental","New Construction","5","304809","2989","58","GREENPOINT AVENUE","BK",,"5",,,,,,,,"5",,"11222","40.729773","-73.95863","301","33","3064788","3025620010","565","BK0101"
"3423","124 Withers Street Apartments","Rental","New Construction","5","397565","5875","124","WITHERS STREET","BK",,"5",,,,,,,,"5",,"11211","40.717139","-73.947101","301","34","3068278","3027430020","501","BK0104"
"3257","1050 Bedford Avenue Apartments","Rental","New Construction","3","205467","5743","1050","BEDFORD AVENUE","BK","1","2",,,,,,,,"3",,"11205","40.68905","-73.955053","303","36","3055688","3019500036","233","BK0301"
"3476","963 Atlantic Avenue Apartments","Rental","New Construction","38","186127","5912","963","ATLANTIC AVENUE","BK","8","23","7",,,,,"23",,"15",,"11238","40.680263","-73.960337","302","35","3429692","3020190080","227","BK0301"
"5378","2077 Ryer Avenue  Apartments","Rental","New Construction","58","1016734","7111","2077","Ryer Ave","BX",,"1","57",,,,,,,"58",,"10457","40.852507","-73.901029","205","15","2000000","2031560057","381","BX0502"
"2884","33-19 103 Street Apartments","Rental","New Construction","2","991701","4364","33-19","103 STREET","QN",,"1",,"1",,,,,,"2",,"11368","40.757133","-73.865573","403","21","4042646","4017180069","379","QN0303"
"2075","2720 Claflin Avenue","Rental","New Construction","5","56536","3609","2720","CLAFLIN AVENUE","BX","1","1","3",,,,,,,"5",,"10468","40.869694","-73.901007","208","14","2015267","2032480082","26701","BX0801"
"4978","5722 7th Avenue Apartments","Rental","New Construction","16","133504","6884","5722","7 AVENUE","BK",,"8","8",,,,,"10",,"6",,"11220","40.638357","-74.010179","307","43","3015852","3008490040","102","BK0703"
"1872","66 LINDEN STREET","Rental","New Construction","3","991994","3416","66","LINDEN STREET","BK",,"3",,,,,,,,"3",,"11221","40.691892","-73.92087","304","37","3076239","3033310005","399","BK0402"
"4961","1543 Bergen Street","Rental","New Construction","3","208375","6878","1543","Bergen St","BK",,"2","1",,,,,,,"3",,"11213","40.675148","-73.932354","308","36","3428835","3013480077","309","BK0802"
"4946","140 Riverside Blvd Apartments Waiting List","Rental","New Construction","7","829392","6718","140","RIVERSIDE BOULEVARD","MN","4","2","1",,,,,"7",,,,"10069","40.777269","-73.988915","107","06","1086066","1011710133","15502","MN0701"
"2860","6375 Broadway Apartments","Rental","New Construction","23","1004241","4453","6375","Broadway","BX","4","16","3",,,,,,,"23",,"10471","40.901704","-73.896738","208","11","2130500","2058411944","345","BX0803"
"2064","38-35 Crescent Street Apartment","Rental","New Construction","6","411779","3593","38-35","CRESCENT STREET","QN",,"3","3",,,,,,,"6",,"11101","40.755379","-73.936174","401","26","4004694","4003870002","31","QN0105"
"2122","30-82 Crescent Street Apartments","Rental","New Construction","7","992174","3582","30-82","CRESCENT STREET","QN","1","5","1",,,,,,,"7",,"11102","40.766443","-73.926117","401","22","4006713","4005700049","73","QN0103"
"5323","268 Barbey Street Apartments","Rental","New Construction","80","988805","7072","268","BARBEY STREET","BK","19","42","16","3",,,"32","32","13","3",,"11207","40.676365","-73.888452","305","37","3428817","3039647501","1198","BK0502"
"1892","21-59 44th Drive","Rental","New Construction","6","991583","3465","21-59","44 DRIVE","QN",,"3","3",,,,,,,"6",,"11101","40.748034","-73.946922","402","26","4005176","4004387503","1903","QN0201"
"1779","522 Grand Street Apartments","Rental","New Construction","3","302707","3134","522","GRAND STREET","BK",,"3",,,,,,,,"3",,"11211","40.711023","-73.950338","301","34","3338204","3027857502","513","BK0102"
"3803","139 15th Street Apartments","Rental","New Construction","3","1008706","6143","139","15 STREET","BK",,"3",,,,,,,,"3",,"11215","40.667032","-73.992329","306","38","3425920","3010400051","117","BK0601"
"3924","540 Graham Apartments","Rental","New Construction","8","1010499","6230","540","Graham Ave","BK","1","7",,,,,,,,"8",,"11222","40.721575","-73.947008","301","33","3426408","3027010001","499","BK0101"
"3759","2279 Barker Avenue Apartments","Rental","New Construction","22","47140","6092","2279","BARKER AVENUE","BX","6","13","3",,,,,,,"22",,"10467","40.85954","-73.869506","211","15","2049749","2043400075","33201","BX1104"
"4122","2973 Ocean Parkway Apartments","Rental","New Construction","3","348518","6388","2973","OCEAN PARKWAY","BK",,"2","1",,,,,,,"3",,"11235","40.578634","-73.967986","313","48","3244263","3086610068","364","BK1303"
"3570","Seed Cooperatives - Units Still Available","Owner","New Construction","4","1005272","5951","1900","PARK PLACE","BK",,,"4",,,,,"4",,,,"11233","40.671483","-73.914794","316","41","3421943","3014680056","363","BK1601"
"3204","1182 Ogden Apartments","Rental","New Construction","7","1007040","4698","1182","Ogden Ave","BX",,"7",,,,,,,,"7",,"10452","40.837427","-73.926818","204","16","2130639","2025160007","199","BX0402"
"3092","Small Homes Rehab - NYCHA Program Cluster III","Owner","New Construction","1","695841","4601","113-44","SPRINGFIELD BOULEVARD","QN",,,,,"1",,,"1",,,,"11429","40.702787","-73.740746","413","27","4240073","4111340046","53401","QN1304"
"2746","Silver Point Apartments","Rental","New Construction","5","441530","4374","43-20","52 STREET","QN",,,"5",,,,,,,"5",,"11377","40.743731","-73.912584","402","26","4030858","4013207503","25302","QN0202"
"4382","The Clinton","Rental","New Construction","6","829182","6461","520","WEST 48 STREET","MN","6",,,,,,,,,"6",,"10036","40.763941","-73.993939","104","03","1087113","1010760043","12902","MN0402"
"4664","1010 Bedford Avenue & 263 Skillman Street - Units Still Available","Rental","New Construction","7","975465","6739","1010","BEDFORD AVENUE","BK",,,,"7",,,,,,"7",,"11205","40.690439","-73.95533","303","36","3055424","3019420012","233","BK0301"
"2925","61-63 Pitt Street Apartments","Rental","New Construction","18","26902","4504","61","Pitt St","MN","3","12","3",,,,,"6",,"12",,"10002","40.717877","-73.982724","103","02","1004083","1003430062","12","MN0302"
"4306","3470 Fort Independence-Waiting list","Rental","New Construction","36","989948","6284","3470","FORT INDEPENDENCE STREET","BX","8","9","16","3",,,,"12",,"24",,"10463","40.881728","-73.898845","208","11","2130471","2032580120","279","BX0801"
"4879","3991 Saxon Avenue Apartments","Rental","New Construction","17","107982","6819","3991","Saxon Ave","BX","4","1","8","4",,,,,,"17",,"10463","40.883991","-73.889301","208","11","2129741","2032520152","281","BX0801"
"3377","The Reserve aka 212 East 125th Street Apartments","Rental","New Construction","34","998544","5831","212","E 125th St","MN","8","9","17",,,,,"28",,"6",,"10035","40.803469","-73.935294","111","08","1091703","1017890045","242","MN1102"
"2349","THE BRYANT","Rental","New Construction","24","1002295","3748","1115","E 165th St","BX","13","6","5",,,,"24",,,,,"10459","40.82518","-73.888922","202","17","2129161","2027500030","12102","BX0202"
"2372","555 Waverly Avenue Apartments Phase II - Units Still Available","Rental","New Construction","13","957005","3930","555","Waverly Ave","BK","5","7","1",,,,,,,"13",,"11238","40.681854","-73.965593","302","35","3425692","3020120001","199","BK0204"
"3781","Concern Pitkin","Rental","New Construction","22","992115","6130","410","WARWICK STREET","BK","2","15","5",,,,"13","9",,,,"11207","40.673722","-73.88594","305","42","3392571","3039980030","1150","BK0502"
"1714","The Cove 43-12 Hunter Street","Rental","New Construction","37","999307","3201","43-12","HUNTER STREET","QN","19","13","5",,,,,,,"37",,"11101","40.748103","-73.94206","402","26","4620265","4004340016","1902","QN0201"
"1776","79 Truxton Street Apartment","Rental","New Construction","3","997954","3170","79","TRUXTON STREET","BK",,"3",,,,,,,,"3",,"11233","40.678563","-73.906403","316","37","3423889","3015430060","367","BK1601"
"4112","911 Bryant Avenue Apartments","Rental","New Construction","2","1012875","6371","911","Bryant Ave","BX",,"2",,,,,,,,"2",,"10474","40.820131","-73.887015","202","17","2130553","2027610096","11502","BX0201"
"4329","81-07 Kew Gardens Road Apartments","Rental","New Construction","16","1010410","6481","81-07","Kew Gardens Rd","QN",,"11","5",,,,,,,"16",,"11415","40.712925","-73.829706","409","29","4000000","4033587502","21601","QN0901"
"2226","232 East 54th Street Apartments","Rental","New Construction","40","980847","3631","230","E 54th St","MN","18","19","3",,,,,"13",,"27",,"10022","40.757967","-73.968106","106","04","1000000","1013270033","98","MN0604"
"2929","1780 Sheepshead Bay- Units Still Available","Rental","New Construction","3","999255","4507","1780","SHEEPSHEAD BAY ROAD","BK",,,"3",,,,,,,"3",,"11235","40.584173","-73.950811","315","48","3426699","3087717503","608","BK1503"
"3177","2339 Stuart St Apartments","Rental","New Construction","3","378706","4683","2339","Stuart St","BK",,,"3",,,,,,,"3",,"11229","40.599885","-73.931631","315","46","3427407","3088240056","632","BK1503"
"5365","250 East 83rd Street Apartments","Rental","New Construction","33","1006861","7102","250","E 83rd St","MN","8","8","17",,,,"13","13",,"7",,"10028","40.776382","-73.954276","108","05","1091807","1015280028","138","MN0803"
"1930","329 Broadway Apartments","Rental","New Construction","19","1000303","3484","329","Broadway","BK","1","14","3","1",,,,,,"19",,"11211","40.707973","-73.956588","301","34","3425870","3024627502","527","BK0102"
"3806","32-18 Union Street Apartments","Rental","New Construction","3","700120","6145","3218","Union Street","QN",,"3",,,,,,,,"3",,"11354","40.768683","-73.826708","407","20","4112058","4049540035","88902","QN0707"
"4131","The Grosvenor Senior Apartments","Rental","New Construction","17","530498","6397","82-77","116 STREET","QN",,"14","3",,,,,"12",,"5",,"11418","40.707094","-73.836484","409","29","4079271","4033210091","134","QN0901"
"4758","138 Bruckner Boulevard Apartments","Rental","New Construction","135","1012777","6767","138","Bruckner Blvd","BX","8","93","34",,,,,,,"135",,"10454","40.803902","-73.920534","201","08","2129717","2022600010","1902","BX0101"
"1877","VAN DYKE III","Rental","New Construction","125","987587","3376","405","Dumont Ave","BK","18","52","33","22",,"18","36","71",,,,"11212","40.664846","-73.904371","316","41","3424502","3037770002","910","BK1602"
"2932","305 East 165th Street Senior Housing","Rental","New Construction","37","999024","4508","305","E 165th St","BX","9","25","3",,,,,"24",,"13",,"10456","40.828867","-73.91512","204","16","2130497","2024330036","175","BX0401"
"2065","2625 Grand Avenue Apartments","Rental","New Construction","6","999340","3595","2625","GRAND AVENUE","BX","1","2","3",,,,,,,"6",,"10468","40.867209","-73.899944","207","14","2014682","2032150042","265","BX0701"
"3331","The Jackson","Rental","New Construction","12","424629","5818","35-64","85 STREET","QN","2","5","5",,,,,,,"12",,"11372","40.751691","-73.881833","403","25","4541460","4014580035","281","QN0301"
"3259","1200 & 1202 Decatur Street Apartments","Rental","New Construction","3","1004684","5763","1202","Decatur Street","BK",,"2","1",,,,,,,"3",,"11207","40.688997","-73.907308","304","37","3326359","3034350015","411","BK0402"
"5258","The Welz","Rental","New Construction","49","0","7018","159","Boerum St","BK","15","22","12",,,,,"33",,"16",,"11206","40.705955","-73.942317","301","34","3000000","3030710040","49302","BK0104"
"2601","Vital Brookdale","Rental","New Construction","117","1004709","4143","535","E 98th St","BK","20","33","58","6",,,"29","88",,,,"11212","40.655992","-73.912879","316","42","3428749","3036200005","896","BK1602"
"2707","Avalon Midtown West- Waiting List","Rental","New Construction","28","826520","4303","250","WEST 50 STREET","MN","3","20","5",,,,,,,"28",,"10019","40.76183","-73.985034","105","03","1085498","1010210001","125","MN0502"
"4463","779 Flatbush Avenue Apartments","Rental","New Construction","6","292926","6590","779","FLATBUSH AVENUE","BK",,"6",,,,,,,,"6",,"11226","40.653853","-73.959495","314","40","3328167","3050640001","79602","BK1401"
"3168","29-19 Newtown Avenue - Units Still Available","Rental","New Construction","7","978747","4673","29-19","NEWTOWN AVENUE","QN","2","2","3",,,,,,,"7",,"11102","40.768556","-73.921425","401","22","4609936","4005970007","69","QN0103"
"3713","West 54th Apartments","Rental","New Construction","12","819738","6076","505","WEST 54 STREET","MN","2","9","1",,,,,,,"12",,"10019","40.767325","-73.990267","104","06","1087122","1010830029","13502","MN0402"
"3221","25-79 31st Street Apartments","Rental","New Construction","7","1005543","4729","25-79","31 STREET","QN",,"7",,,,,,,,"7",,"11102","40.769624","-73.918568","401","22","4623168","4006200004","6501","QN0103"
"3231","110 West 123rd Street Apartments","Rental","New Construction","2","1004683","4735","110","WEST 123 STREET","MN",,,"2",,,,,,,"2",,"10027","40.806744","-73.947102","110","09","1057739","1019070040","222","MN1001"
"4844","Aries Astoria","Rental","New Construction","5","1016646","6807","31-18","30 STREET","QN",,"4","1",,,,,,,"5",,"11106","40.764101","-73.924776","401","22","4007487","4005880048","75","QN0103"
"2245","420 Gates Avenue Apartments","Rental","New Construction","14","999830","3778","420","Gates Ave","BK","9","4","1",,,,,,,"14",,"11216","40.686339","-73.949477","303","36","3429028","3018130018","251","BK0301"
"3714","2809 SNYDER AVENUE APARTMENTS - Units Still Available","Rental","New Construction","1","985437","6070","2809","SNYDER AVENUE","BK",,,"1",,,,,,,"1",,"11226","40.648854","-73.951098","317","40","3426127","3051080061","824","BK1701"
"4120","25-15 36 Street Apartments","Rental","New Construction","3","972645","6398","25-15","36 STREET","QN",,"2","1",,,,,,,"3",,"11103","40.768899","-73.914222","401","22","4010087","4006520035","6502","QN0103"
"5180","218  Front  Street  Apartments","Rental","New Construction","66","1016150","6998","218","Front St","BK","16","17","33",,,,,,,"66",,"11201","40.702309","-73.983698","302","33","3430022","3000550020","21","BK0202"
"2604","1073 Summit Avenue Apartments","Rental","New Construction","32","112041","4116","1073","SUMMIT AVENUE","BX","6","9","17",,,,,,"32",,,"10452","40.835129","-73.92913","204","16","2003492","2025260076","193","BX0402"
"2304","2490 3rd Avenue Apartments - Units Still Available","Rental","New Construction","4","988947","3874","2490","3rd Ave.","BX","2","2",,,,,,,,"4",,"10454","40.810009","-73.928637","201","08","2130381","2023187501","51","BX0101"
"2240","Buckingham House - Waiting List","Rental","New Construction","14","776615","3716","2044","RICHMOND TERRACE","SI","14",,,,,,"14",,,,,"10302","40.640368","-74.131298","501","49","5023696","5010030014","20702","SI0106"
"5042","285 East 163rd Street Apartments","Rental","New Construction","35","1013427","6337","285","E 163rd St","BX",,"30","5",,,,,,,"35",,"10451","40.827048","-73.916857","204","16","2129676","2024230048","173","BX0401"
"1665","570 Nostrand Avenue","Rental","New Construction","8","346865","2980","570","NOSTRAND AVENUE","BK","2","2","4",,,,,,,"8",,"11216","40.679235","-73.949634","303","36","3332258","3018650062","247","BK0301"
"3860","The Grand Pacific Apartments","Rental","New Construction","18","996698","6187","985","Pacific St","BK","3","9","6",,,,"7","7",,"4",,"11238","40.679566","-73.960979","308","35","3000000","3011257501","305","BK0802"
"3976","1230 Prospect Avenue Apartments","Rental","New Construction","6","1011152","4092","1230","Prospect Ave","BX","2","3","1",,,,,,,"6",,"10459","40.82699","-73.898566","202","17","2129160","2026930022","131","BX0202"
"3614","596 Metropolitan Avenue Apartments","Rental","New Construction","4","1007834","6009","596","METROPOLITAN AVENUE","BK",,"4",,,,,,,,"4",,"11211","40.714093","-73.94898","301","34","3322912","3027620005","503","BK0104"
"4339","91-15 101st Avenue Apartments","Rental","New Construction","3","512031","6509","91-15","101 AVENUE","QN",,"1","2",,,,,,,"3",,"11416","40.683366","-73.849205","409","32","4625101","4090657501","38","QN0904"
"4282","Rose Castle Waiting List","Rental","New Construction","77","996638","6465","31","LITTLE NASSAU STREET","BK","18","20","39",,,,,"14","15","48",,"11205","40.697906","-73.959591","303","33","3054203","3018840040","1237","BK0301"
"5395","Hearthstone","Rental","New Construction","90","1014754","7124","34-35","44th St","QN",,"59","31",,,,"36","36","16","2",,"11101","40.754212","-73.918442","401","22","4620991","4007040001","159","QN0104"
"4815","51 West 174th Street Apartments","Rental","New Construction","8","121027","6797","51","WEST 174 STREET","BX","8",,,,,,,,,"8",,"10453","40.847429","-73.915476","205","14","2008456","2028660053","21502","BX0501"
"3215","The Vitagraph Units Still Available","Rental","New Construction","23","983320","4722","1277","EAST 14 STREET","BK",,"13","10",,,,,,,"23",,"11230","40.618481","-73.961062","314","44","3426593","3067350080","768","BK1403"
"2279","550 Prospect Place Apartment","Rental","New Construction","13","999827","3841","550","Prospect Pl","BK","1","10","2",,,,,,,"13",,"11238","40.67547","-73.958437","308","35","3428528","3011630023","305","BK0802"
"2127","EBENEZER PLAZA PHASE 1 NORTH","Rental","New Construction","106","985451","3621","96","NEW LOTS AVENUE","BK","11","51","19","25",,"18","24","64",,,,"11212","40.657993","-73.901703","316","42","3327047","3038627501","920","BK1602"
"2465","288 Willoughby Avenue Apartments","Rental","New Construction","4","1001721","4031","288","Willoughby Ave","BK",,"4",,,,,,,,"4",,"11205","40.692557","-73.959544","303","33","3426205","3019250029","235","BK0301"
"5130","The Vordonia Towers","Rental","New Construction","112","1001836","4348","34-46","VERNON BOULEVARD","QN","22","72","18",,,,,"22",,"90",,"11106","40.764494","-73.94093","401","22","4540366","4003227501","37","QN0105"
"3235","224 West 124th Street Apartments","Rental","New Construction","51","1006138","4730","224","W 124th St","MN","12","13","26",,,,,,,"51",,"10027","40.808694","-73.949796","110","09","1091647","1019290057","222","MN1001"
"2411","251 West 117th Street - Unit Still Available","Rental","New Construction","6","995226","3957","251","W 117th St","MN","6",,,,,,,,,"6",,"10026","40.804623","-73.953725","110","09","1090103","1019230016","218","MN1001"
"2295","1543 East 19th Street - Waiting List","Rental","New Construction","15","897241","3862","1543","E 19th St","BK",,"7","8",,,,,,,"15",,"11230","40.612374","-73.955083","314","48","3397461","3067660086","546","BK1403"
"2029","The Garnet","Rental","New Construction","94","297420","3367","1620","Fulton St","BK","24","42","28",,,,"21",,"23","50",,"11213","40.679648","-73.936048","303","36","3426584","3016990033","271","BK0302"
"3986","Virginia House Senior Residences","Rental","New Construction","33","19431","6168","124","EAST 112 STREET","MN","32","1",,,,,"33",,,,,"10029","40.79631","-73.944059","111","08","1052223","1016390062","172","MN1101"
"4501","26-36 4th Street Apartments","Rental","New Construction","3","1013464","6603","26-36","4th St","QN",,"3",,,,,,,,"3",,"11102","40.775573","-73.932938","401","22","4020674","4009100039","87","QN0102"
"2421","101 West End Avenue","Rental","New Construction","26","0","3915","101","West End Ave","MN","5","19","2",,,,,,,"26",,"10023","40.775065","-73.988634","107","06","1085785","1011710062","15102","MN0701"
"2022","436 Lafayette Avenue - Units Still Available","Rental","New Construction","3","322176","3543","436","LAFAYETTE AVENUE","BK",,"3",,,,,,,,"3",,"11238","40.689144","-73.957649","303","36","3055633","3019490033","233","BK0301"
"5264","951 Bedford Avenue Apartments","Rental","New Construction","6","1016673","7027","951","Bedford Ave","BK",,,"6",,,,,,,"6",,"11205","40.691619","-73.955542","303","33","3000000","3017620009","241","BK0301"
"2062","776 Franklin Avenue Apartments","Rental","New Construction","3","296007","3591","776","FRANKLIN AVENUE","BK",,,"3",,,,,,,"3",,"11238","40.671978","-73.957509","308","35","3029599","3011787503","217","BK0802"
"4304","1000 Lorimer Street Apartments","Rental","New Construction","15","331831","6477","1000","LORIMER STREET","BK","3","4","8",,,,,,,"15",,"11222","40.725771","-73.952939","301","33","3065591","3026197501","561","BK0101"
"4392","3745 Riverdale Avenue Apartments","Rental","New Construction","27","106851","6550","3745","Riverdale Ave","BX","6","7","14",,,,,,,"27",,"10463","40.887776","-73.907371","208","11","2000000","2057960127","295","BX0803"
"1907","CLOTH Amsterdam","Rental","New Construction","3","5813","3436","2185","AMSTERDAM AVENUE","MN","3",,,,,,"3",,,,,"10032","40.840085","-73.936743","112","10","1062675","1021120014","249","MN1201"
"4005","Lincoln at Bankside Phase 2","Rental","New Construction","132","1009635","6293","101","Lincoln Ave","BX","38","66","28",,,,,,,"132",,"10454","40.807149","-73.929969","201","08","2130763","2023160001","1901","BX0101"
"1826","NEHEMIAH SPRING CREEK 4B-2","Rental","Preservation","6","985163","3359","1123","Ashford St","BK","1","1","4",,,,"1","5",,,,"11239","40.654354","-73.874747","305","42","3421919","3044520464","107001","BK0504"
"2311","25-28 Broadway Apartments","Rental","New Construction","6","1001927","3834","25-28","Broadway","QN",,"4","2",,,,,,,"6",,"11106","40.763301","-73.928207","401","22","4618176","4005800028","53","QN0103"
"2218","460 Seneca Avenue Apartments","Rental","New Construction","3","694478","3755","460","SENECA AVENUE","QN",,"3",,,,,,,,"3",,"11385","40.706115","-73.9133","405","34","4621009","4034320036","545","QN0502"
"4926","103-41 120th Street Apartments","Rental","New Construction","3","1015330","6847","103-41","120 STREET","QN",,"3",,,,,,,,"3",,"11419","40.687543","-73.823623","410","29","4620913","4095580045","15802","QN1001"
"2333","2269 1st Avenue Apartments","Rental","New Construction","27","482","3906","2269","1 AVENUE","MN","7","16","4",,,,,,,"27",,"10035","40.796382","-73.935145","111","08","1052963","1016880030","188","MN1102"
"3663","Bronx Point Phase 1","Rental","New Construction","432","996177","5950","575","Exterior Street","BX","84","150","107","91",,"81","108","162","81",,,"10451","40.820374","-73.930681","204","08","2129393","2023567501","6301","BX0401"
"2441","GOTHAM POINT SOUTH TOWER","Rental","New Construction","270","1007355","3939","5728","2nd St","QN","54","158","40","18",,"5","44","22",,"199",,"11101","40.738889","-73.960396","402","26","4000000","4000067503","101","QN0201"
"3619","42-17 48th Avenue Apartments","Rental","New Construction","3","0","6011","42-17","48th Ave","QN",,"2","1",,,,,,,"3",,"11377","40.739685","-73.922635","402","26","4000000","4001750027","18502","QN0202"
"2424","385 Harman Street Apartments","Rental","New Construction","3","1002277","3976","385","Harman St","BK",,"3",,,,,,,,"3",,"11237","40.701729","-73.917093","304","37","3074867","3032800049","443","BK0401"
"2788","2735 East 13th Street Apartments","Rental","New Construction","6","982158","4407","2735","E 13th St","BK",,"6",,,,,,,,"6",,"11235","40.584592","-73.955591","315","48","3426528","3087667501","608","BK1503"
"1999","142 Lenox Road","Rental","New Construction","5","324070","3530","142","LENOX ROAD","BK","1",,"4",,,,,,,"5",,"11226","40.653856","-73.954709","317","40","3116646","3050840034","822","BK1701"
"4774","165 West 80th Street (HDFC)","Owner","New Construction","17","35779","4580","165","WEST 80 STREET","MN","12","5",,,,,,,"17",,,"10024","40.783556","-73.977157","107","06","1031954","1012110007","165","MN0702"
"4438","Euclid Glenmore Apartments","Rental","New Construction","53","0","6575","437","Euclid Ave","BK",,"14","32","7",,"7","33","13",,,,"11208","40.676444","-73.87216","305","42","3428526","3042147501","1196","BK0505"
"3452","1 Sullivan Place Senior Apartments","Rental","New Construction","6","995172","5866","1","Sullivan Pl","BK","2","2","2",,,,,"6",,,,"11225","40.66408","-73.960992","309","35","3429588","3011920095","213","BK0901"
"3140","42-41 Judge Street","Rental","New Construction","3","669671","4672","42-41","JUDGE STREET","QN",,"1","1","1",,,,,,"3",,"11373","40.744144","-73.880096","404","25","4037468","4015160044","27101","QN0401"
"1931","151 Somers Street Condominiums - Units Still Available","Owner","New Construction","2","975418","3449","151","SOMERS STREET","BK","1","1",,,,,,"2",,,,"11233","40.679263","-73.906809","316","37","3413909","3015407503","369","BK1601"
"1842","Roosevelt Parc Apartments","Rental","New Construction","47","990386","3409","37-46","72 STREET","QN","15","19","9","4",,,,,,"47",,"11372","40.747525","-73.893776","403","25","4618758","4012827501","26501","QN0401"
"4347","MCCLELLAN APARTMENTS","Rental","Preservation","198","0","6515","1160","River Ave","BX","45","93","36","24",,"25","63","74","36",,,"10452","40.834619","-73.921932","204","16","2130367","2024887501","197","BX0401"
"1894","1381 Bergen Street Apartments","Rental","New Construction","3","208170","3358","1381","BERGEN STREET","BK",,,"3",,,,,,,"3",,"11213","40.675383","-73.936853","308","36","3035752","3013460001","311","BK0802"
"2866","720 Liberty Avenue Apartments","Rental","New Construction","3","325689","4468","720","LIBERTY AVENUE","BK",,,"3",,,,,,,"3",,"11208","40.676382","-73.883088","305","37","3088675","3039870010","1166","BK0502"
"2821","COMUNILIFE THIRD AVENUE - EL BORINQUEN","Rental","New Construction","57","113752","4121","3401","3 AVENUE","BX","34","23",,,,,"29","28",,,,"10456","40.828457","-73.906973","203","16","2001305","2023710052","18501","BX0301"
"1715","1337 Gates Avenue","Rental","New Construction","5","299127","2967","1337","GATES AVENUE","BK","2","1","1","1",,,,,,"5",,"11221","40.694996","-73.916679","304","37","3076295","3033330040","417","BK0402"
"3185","1686 Weeks Avenue Apartments","Rental","New Construction","5","120802","4697","1686","WEEKS AVENUE","BX","1","4",,,,,,,,"5",,"10457","40.844045","-73.907616","204","15","2007362","2027920030","22902","BX0403"
"3145","91-09 Roosevelt Avenue Apartments","Rental","New Construction","27","0","4654","76-91","Roosevelt Ave","QN","6","15","6",,,,,,,"27",,"11372","40.747123","-73.888864","403","25",,,"287","QN0301"
"1849","27 Buchanan Place","Rental","New Construction","8","995569","3412","27","Buchanan Pl","BX","2","3","3",,,,,,,"8",,"10453","40.858099","-73.905388","205","14","2128894","2031960066","251","BX0501"
"3995","2097 Davidson Avenue Apartments","Rental","New Construction","3","946608","6279","2097","DAVIDSON AVENUE","BX","1","2",,,,,,,,"3",,"10453","40.855193","-73.907279","205","14","2014180","2031940046","251","BX0501"
"4595","42-61 Saull Street Apartments","Rental","New Construction","3","693676","6701","42-61","Saull St","QN",,"1","2",,,,,,,"3",,"11355","40.752921","-73.829492","407","20","4620890","4051230098","79702","QN0707"
"4456","2733 East 27 Street Apartments","Rental","New Construction","2","254005","6587","2733","EAST 27 STREET","BK",,"1","1",,,,,,,"2",,"11235","40.586406","-73.94211","315","48","3247272","3087870101","600","BK1503"
"2682","1540 Park Place Apartments","Rental","New Construction","3","1004148","4137","1540","PARK PLACE","BK",,"3",,,,,,,,"3",,"11213","40.672116","-73.926387","308","36","3036608","3013740032","347","BK0802"
"2232","922 Dekalb Avenue Apartments","Rental","New Construction","3","999829","3752","922","DEKALB AVENUE","BK",,"3",,,,,,,,"3",,"11221","40.692806","-73.938841","303","36","3043211","3016010014","281","BK0302"
"3734","739 East Gun Hill Road Apartments","Rental","New Construction","41","1011373","6069","739","E Gun Hill Rd","BX","9","11","17","4",,,,,,"41",,"10467","40.876931","-73.864991","212","12","2129693","2046570001","380","BX1201"
"4623","One Blue Slip Waitlist","Rental","New Construction","101","948192","6714","1","BLUE SLIP","BK","29","48","22","2",,,,,,"101",,"11222","40.736165","-73.959012","301","33","3418101","3024727503","56302","BK0101"
"4750","676 Myrtle Avenue Apartments","Rental","New Construction","6","1013419","6769","676","Myrtle Ave","BK",,,"6",,,,,,,"6",,"11205","40.694502","-73.956755","303","33","3000000","3019147513","235","BK0301"
"2260","The Posh at 1941 Coney Island Avenue","Rental","New Construction","13","224762","3810","1941","CONEY ISLAND AVENUE","BK","3","8","2",,,,,,,"13",,"11223","40.609893","-73.962353","315","48","3182286","3067740001","554","BK1501"
"2896","310 Grand Concourse Apartments","Rental","New Construction","24","81925","4455","310","Grand Concourse","BX","4","7","13",,,,,"24",,,,"10451","40.814206","-73.929098","201","08","2130531","2023410028","51","BX0101"
"2190","27 East 198th Street Apartments","Rental","New Construction","14","1000010","3724","27","EAST 198 STREET","BX","3","10","1",,,,,,,"14",,"10468","40.871127","-73.892591","207","14","2017580","2033190021","40701","BX0702"
"3120","2. Mt. Hope Place Apartments","Rental","New Construction","43","990076","4658","2","MT HOPE PLACE","BX","9","21","10","3",,,"17","17","6","3",,"10453","40.849361","-73.910872","205","14","2099635","2028517501","23301","BX0502"
"2546","Roosevelt Apartments Phase II","Rental","New Construction","3","1003192","4153","108-60","ROOSEVELT AVENUE","QN",,,"3",,,,,,,"3",,"11368","40.750858","-73.858263","404","21","4619693","4019967504","40101","QN0402"
"2563","Rockaway Village Apartments","Rental","New Construction","194","995944","4049","1725","Village Lane","QN","21","57","94","22",,"9","61","77","47",,,"11691","40.605522","-73.753167","414","31","4623326","4155377501","103202","QN1401"
"2155","379 Harman Street - Units Still Available","Rental","New Construction","4","308026","3679","379","HARMAN STREET","BK",,"3","1",,,,,,,"4",,"11237","40.701641","-73.917179","304","37","3424183","3032800052","443","BK0401"
"2758","1224 39th STREET APARTMENTS","Rental","New Construction","4","147951","4371","1224","39 STREET","BK",,"2","2",,,,,,,"4",,"11218","40.641521","-73.987792","312","39","3123064","3052930013","230","BK1202"
"2562","2851 University Avenue Apartments","Rental","New Construction","6","988766","4149","2851","UNIVERSITY AVENUE","BX","2","3","1",,,,,,,"6",,"10468","40.87258","-73.898891","208","14","2015429","2032500139","26702","BX0801"
"2400","RADROC","Rental","New Construction","154","982787","3938","19-38","Cornaga Ave","QN","35","73","41","5",,,"74","80",,,,"11691","40.602296","-73.752541","414","31","4617904","4155617501","101003","QN1401"
"1719","810 Fulton Street Apartments Phase II","Rental","New Construction","37","298475","3019","810","FULTON STREET","BK","11","18","8",,,,,,,"37",,"11238","40.684141","-73.969046","302","35","3426518","3020097501","199","BK0204"
"2778","407 East 117th Street","Rental","New Construction","4","1005709","4115","407","EAST 117 STREET","MN","1",,"3",,,,,,,"4",,"10035","40.796505","-73.934473","111","08","1090547","1017110006","178","MN1102"
"3997","75 McGuinness Boulevard","Rental","New Construction","7","0","6290","75","McGuinness Blvd","BK",,"4","3",,,,,,,"7",,"11222","40.725212","-73.948509","301","33","3000000","3026490024","571","BK0101"
"3031","Allen Affordable HDFC","Owner","New Construction","1","520341","4442","163-19","109 AVENUE","QN",,,,"1",,,,,,"1",,"11433","40.695087","-73.789864","412","27","4216570","4101710059","258","QN1202"
"2756","55 Summit Street Cooperatives","Owner","New Construction","5","379197","4159","55","Summit St","BK","1",,"4",,,,,"5",,,,"11231","40.682617","-74.004766","306","39","3428631","3003520150","51","BK0601"
"3982","1775 Coney Island Avenue Apartments","Rental","New Construction","23","1012696","6274","1775","Coney Island Ave","BK","3","10","8","2",,,,,,"23",,"11230","40.614035","-73.963128","314","48","3429339","3067490078","542","BK1403"
"2885","25-28 30th Drive Apartments","Rental","New Construction","6","1007353","4479","25-28","30 DRIVE","QN","4",,"2",,,,,,,"6",,"11102","40.766618","-73.925716","401","22","4007091","4005780031","73","QN0103"
"3395","Surf Vets Place - Waiting List","Rental","New Construction","52","969652","5836","3003","WEST 21 STREET","BK",,"27","19","6",,,"28","24",,,,"11224","40.574364","-73.987581","313","47","3423863","3070720001","352","BK1302"
"1928","1533 East 19th Street","Rental","New Construction","17","248169","3413","1533","EAST 19 STREET","BK","1","14","2",,,,,,,"17",,"11230","40.612556","-73.955115","314","48","3426444","3067660092","546","BK1403"
"4162","Bed-Stuy Central","Owner","New Construction","1","996113","6321","50","Buffalo Ave","BK",,,"1",,,,,,,"1",,"11233","40.677432","-73.924759","303","41","3000000","3017100049","299","BK0302"
"5362","5306 9th Avenue Apartments","Rental","New Construction","3","0","7100","5306","9th Ave","BK",,,"3",,,,,,,"3",,"11220","40.638003","-74.003376","312","43","3000000","3056650041","10602","BK1201"
"1884","2317 Cambreleng Avenue Apartments","Rental","New Construction","24","996890","3143","2317","CAMBRELENG AVENUE","BX","7","14","3",,,,,,"24",,,"10458","40.853182","-73.885925","206","15","2129513","2030880039","391","BX0603"
"4349","1638 Park Avenue Apartments","Rental","New Construction","6","1006419","6504","1638","Park Ave","MN","2","2","2",,,,"3","3",,,,"10029","40.799208","-73.94332","111","08","1000000","1016220033","184","MN1102"
"3222","The Marathon Building - 31-07 38th Avenue","Rental","New Construction","4","425895","4726","31-07","38 AVENUE","QN",,"2","1","1",,,,,,"4",,"11101","40.753713","-73.931866","401","26","4436763","4003730002","51","QN0105"
"4736","36-26 172nd Street Apartments","Rental","New Construction","2","1003696","6766","36-26","172nd Street","QN",,,"2",,,,,,,"2",,"11358","40.762772","-73.794235","407","19","4119922","4053020115","1175","QN0704"
"4717","12-22 Astoria Boulevard Apartments","Rental","New Construction","3","0","6756","1222","Astoria Blvd","QN",,,"3",,,,,,,"3",,"11102","40.77211","-73.929937","401","22","4000000","4005120001","83","QN0102"
"2847","661 Manida Street Senior Apartments","Rental","New Construction","32","998851","4444","661","Manida St","BX","23","9",,,,"30",,"2",,,,"10474","40.813221","-73.888075","202","17","2130561","2027650206","9301","BX0201"
"2749","1730 OCEAN AVENUE APARTMENTS","Rental","New Construction","11","1003626","4132","1730","Ocean Ave","BK","3","8",,,,,,,,"11",,"11230","40.619805","-73.955283","314","44","3428965","3067390057","538","BK1403"
"5243","56 East 21st Street Apartments","Rental","New Construction","6","967682","7017","56","East 21st Street","BK",,"6",,,,,,,,"6",,"11226","40.6532","-73.960555","314","40","3116150","3050620059","50803","BK1401"
"7472","1801 Weeks Avenue Apartments","Rental","New Construction","19","0","7943","1801","Weeks Ave","BX","5","4","10",,,,,"19",,,,"10457","40.84691","-73.907388","205","14","2007901","2028260102","22901","BX0502"
"2997","2434 Bronx Park East Apartments","Rental","New Construction","18","52015","3951","2434","BRONX PARK EAST","BX","4","11","3",,,,,,,"18",,"10467","40.862138","-73.870516","211","15","2051219","2044240020","33202","BX1104"
"4976","Marcus Garvey Apartments","Rental","Preservation","117","1006138","6844","224","WEST  124 STREET","MN","30","43","44",,,,"43","74",,,,"10027","40.808694","-73.949796","110","09","1091647","1019290057","222","MN1001"
"3746","290 Linden Boulevard Apartments","Rental","New Construction","10","1007968","6099","290","LINDEN BOULEVARD","BK","5","5",,,,,,,,"10",,"11226","40.652709","-73.948392","317","40","3428811","3048680031","818","BK1701"
"2008","56 Ainslie Street Apartments","Rental","New Construction","9","183001","3492","56","AINSLIE STREET","BK","1","8",,,,,,"5",,"4",,"11211","40.712838","-73.952721","301","34","3062539","3023740016","513","BK0102"
"7443","400 Thatford Avenue Apartments","Rental","New Construction","17","381044","7906","400","THATFORD AVENUE","BK","17",,,,,,"6","8","3",,,"11212","40.660536","-73.907437","316","41","3326671","3036030042","916","BK1602"
"2972","88 Linden Boulevard Apartments","Rental","New Construction","20","1004589","4520","88","LINDEN BOULEVARD","BK","2","13","4","1",,,,,,"20",,"11226","40.652347","-73.955229","317","40","3116743","3050870014","822","BK1701"
"1923","Andrews Avenue Apartments","Rental","Preservation","21","45506","3146","1641","ANDREWS AVENUE","BX","1","11","7","1","1",,,,"21",,,"10453","40.848236","-73.919411","205","14","2009001","2028780061","21501","BX0501"
"1770","325 Lafayette Avenue - Units Still Available","Rental","New Construction","13","987604","3281","325","LAFAYETTE AVENUE","BK","13",,,,,,,,,"13",,"11238","40.688594","-73.962568","302","35","3055380","3019337501","193","BK0204"
"4277","2330 Cambreleng Avenue Apartments","Rental","New Construction","14","1013136","6469","2330","Cambreleng Ave","BX","3","4","7",,,,,,,"14",,"10458","40.85345","-73.88577","206","15","2000000","2030890018","391","BX0603"
"3081","605 West 42nd Street Apartments - Waiting List","Rental","New Construction","295","946595","4627","605","WEST 42 STREET","MN","102","143","50",,,,"120","116","59",,,"10036","40.76096","-73.998617","104","03","1089438","1010907502","12901","MN0402"
"1745","74-10 Broadway Apartments","Rental","New Construction","3","640478","3243","74-10","Broadway","QN",,,"3",,,,,,,"3",,"11373","40.746543","-73.891168","404","25","4618361","4014857502","267","QN0401"
"1815","225 West 28th Street Apartments","Rental","New Construction","35","982005","3379","225","W 28th St","MN","4","24","5","2",,"2",,"33",,,,"10001","40.747629","-73.994265","105","03","1090815","1007780025","95","MN0501"
"3492","Amana Astoria - Units Still Available","Rental","New Construction","4","975550","5896","28-16","21 STREET","QN",,"3","1",,,,,,,"4",,"11102","40.770772","-73.927119","401","22","4617126","4005380046","83","QN0102"
"1775","Glassworks Apartments - Units Still Available","Rental","New Construction","3","966850","3295","336","HIMROD STREET","BK","1","1","1",,,,,,,"3",,"11237","40.702314","-73.917665","304","37","3326367","3032807503","443","BK0401"
"3141","PARKCHESTER GARDENS SENIOR APARTMENTS","Rental","Preservation","153","996485","4642","1701","PURDY STREET","BX","88","65",,,,,"153",,,,,"10462","40.839853","-73.853913","209","18","2033976","2039430199","21002","BX0904"
"5343","2339 Nostrand Avenue Apartments","Rental","New Construction","16","346486","7089","2339","NOSTRAND AVENUE","BK",,"10","6",,,,,,,"16",,"11210","40.627775","-73.947053","318","45","3429878","3075940016","742","BK1801"
"5043","45-17 Davis Street Apartments","Rental","New Construction","37","0","6906","45-17","Davis St","QN","8","10","19",,,,,,,"37",,"11101","40.745242","-73.94526","402","26","4000000","4000850013","1901","QN0201"
"7416","Morningside ANCP","Owner","Preservation","9","25246","7724","321","WEST  116 STREET","MN",,,"1","8",,,,"9",,,,"10026","40.804698","-73.956004","110","09","1059012","1019430018","20102","MN1001"
"4969","Kings Cottages","Rental","New Construction","12","1012904","6881","229","W Kingsbridge Rd","BX",,"12",,,,,,"12",,,,"10463","40.872362","-73.904442","208","14","2129755","2032560048","273","BX0801"
"7399","Belle Eden Apartments - Waiting List","Rental","Preservation","22","66439","7681","690","EAST  182 STREET","BX",,"19","3",,,,,"22",,,,"10457","40.850784","-73.887227","206","15","2012402","2030830034","373","BX0602"
"2438","319 South 4th Street","Rental","New Construction","3","1000539","3937","319","S 4th St","BK",,"1","2",,,,,,,"3",,"11211","40.70904","-73.955076","301","34","3428785","3024360022","527","BK0102"
"2300","30-79 31st Street Apartments","Rental","New Construction","3","418038","3873","30-79","31 STREET","QN",,"3",,,,,,,,"3",,"11102","40.764917","-73.922985","401","22","4008467","4006150005","63","QN0103"
"2271","Riverton Square - Waiting List","Rental","Preservation","1","0","3722","2225","Madison Ave","MN",,"1",,,,,,"1",,,,,,,,,,,,
"2536","2873 West 17th Street Apartments","Rental","New Construction","5","1001296","4059","2873","WEST 17 STREET","BK",,"4","1",,,,,,,"5",,"11224","40.577403","-73.98491","313","47","3336538","3070217501","326","BK1302"
"1874","855 Dekalb Avenue Apartment","Rental","New Construction","6","1007273","3443","855","DEKALB AVENUE","BK",,,"6",,,,,,,"6",,"11221","40.692459","-73.942004","303","36","3425613","3017770062","281","BK0302"
"2895","304 East 134th street Apartments","Rental","New Construction","7","1004920","4167","304","E 134th St","BX",,"7",,,,,,,,"7",,"10454","40.807812","-73.927743","201","08","2130461","2023090020","1901","BX0101"
"2115","981 Amsterdam Avenue HDFC","Owner","New Construction","2","6097","3648","981","AMSTERDAM AVENUE","MN",,,"2",,,,,,"2",,,"10025","40.801832","-73.964679","107","07","1055996","1018630001","193","MN0703"
"3004","The Deermar","Rental","New Construction","22","1001857","4546","262","9 STREET","BK","5","10","7",,,,,,,"22",,"11215","40.670062","-73.988133","306","38","3330874","3010100010","139","BK0602"
"3798","251 West 117th Street Apartments - Units Still Available","Rental","New Construction","5","995226","6139","251","WEST 117 STREET","MN","5",,,,,,,,,"5",,"10026","40.804623","-73.953725","110","09","1090103","1019230016","218","MN1001"
"7369","The Sophia Apartments","Rental","New Construction","13","1001045","7834","5055","BROADWAY","MN",,"10","3",,,,"6","6",,"1",,"10034","40.870136","-73.915516","112","10","1090922","1022430255","307","MN1203"
"2366","65 Buchanan Place Apartments","Rental","New Construction","7","990046","3924","65","Buchanan Pl","BX",,"7",,,,,,,,"7",,"10453","40.858508","-73.906547","205","14","2128732","2032080053","251","BX0501"
"2838","The Allerton","Rental","New Construction","35","1014752","3861","683","Thwaites Pl","BX","3","23","8","1",,,,"4","31",,,"10467","40.858713","-73.868282","211","15","2050004","2043427501","33201","BX1104"
"4709","606 West 57th Street - Waiting List","Rental","New Construction","258","977581","3818","606","WEST 57 STREET","MN","55","109","86","8",,,"103","103","52",,,"10019","40.770531","-73.991945","104","06","1090190","1011040031","13502","MN0402"
"5289","250 Winthrop Street Senior Apartments","Rental","New Construction","27","0","7042","250","Winthrop St","BK","12","15",,,,,,"27",,,,"11225","40.65699","-73.951809","309","40","3428842","3050500023","802","BK0902"
"3013","1110 DeKalb Avenue Apartments","Rental","New Construction","9","1004443","4558","1110","DEKALB AVENUE","BK","1","8",,,,,,,,"9",,"11221","40.693808","-73.930121","303","36","3332197","3016040019","289","BK0302"
"3036","540 Waverly Avenue Apartments","Rental","New Construction","41","993771","4547","540","WAVERLY AVENUE","BK","9","20","12",,,,,"34",,"7",,"11238","40.681997","-73.96564","302","35","3428888","3020110060","199","BK0204"
"2198","1098 Madison Street - Units Still Available","Rental","New Construction","2","972826","3728","1098","MADISON STREET","BK",,"2",,,,,,,,"2",,"11221","40.691732","-73.916341","304","37","3077017","3033680018","415","BK0402"
"7365","492 Kings Highway Apartments Units Still Available","Rental","New Construction","2","1012975","7823","492","KINGS HIGHWAY","BK",,"1","1",,,,,,,"2",,"11223","40.60425","-73.971582","315","44","3178563","3066810119","41401","BK1501"
"3825","494 Manhattan Avenue","Rental","New Construction","7","331727","6160","494","MANHATTAN AVENUE","BK","1","2","4",,,,,,,"7",,"11222","40.72073","-73.948217","301","33","3429035","3027130001","499","BK0101"
"3709","The Paxton Apartments","Rental","New Construction","89","298367","5761","540","FULTON STREET","BK","39","29","17","4",,,,"18",,"71",,"11201","40.689011","-73.981228","302","33","3424477","3001617502","37","BK0202"
"5003","The Clairemont","Rental","New Construction","25","0","6873","26-04","Jackson Ave","QN","6","6","13",,,,,,,"25",,"11101","40.747241","-73.942032","402","26","4000000","4002680011","1902","QN0201"
"3829","493-495 Myrtle Avenue Apartments","Rental","New Construction","7","995900","6138","493","MYRTLE AVENUE","BK","3","4",,,,,,"4",,"3",,"11205","40.693495","-73.965327","302","35","3429221","3018917502","191","BK0204"
"2313","23 West Street aka 40 Oak Street Apartments","Rental","New Construction","205","979537","3883","23","West St","BK","43","54","108",,,,,"205",,,,"11222","40.726998","-73.958805","301","33","3425624","3025700050","561","BK0101"
"5374","Geel Webster Avenue Apartments","Rental","New Construction","45","120720","7101","3095","WEBSTER AVENUE","BX","19","18","8",,,,"24","21",,,,"10467","40.870821","-73.877377","207","11","2129719","2033310053","425","BX0703"
"3244","269 Wallabout Street Apartments","Rental","New Construction","77","1006113","5741","269","Wallabout Street","BK",,"27","24","15","11",,"40","22","15",,,"11206","40.701421","-73.949029","301","33","3428594","3022497504","507","BK0103"
"1922","1893 Crotona Avenue Apartments","Rental","New Construction","9","989694","3482","1893","CROTONA AVENUE","BX","2","5","2",,,,,,,"9",,"10457","40.844171","-73.892197","206","15","2009903","2029460040","36901","BX0602"
"2876","1998 Second Avenue Apartments","Rental","New Construction","51","1140","4472","1998","2nd Ave","MN","13","25","10","3",,,,,,"51",,"10029","40.788616","-73.943899","111","08","1052673","1016740049","164","MN1101"
"3615","The Tate Apartments","Rental","New Construction","16","819902","6005","535","WEST 23 STREET","MN","8","7","1",,,,,,,"16",,"10011","40.748241","-74.005453","104","03","1012347","1006950015","9901","MN0401"
"2542","1153 Broadway Apartments","Rental","New Construction","5","213707","4147","1153","BROADWAY","BK",,"2","3",,,,,,,"5",,"11221","40.693134","-73.92843","304","34","3074002","3032527502","393","BK0401"
"5299","344 Lorimer Apartments","Rental","New Construction","3","1014111","7047","344","LORIMER STREET","BK",,,"3",,,,,,,"3",,"11206","40.707201","-73.948235","301","34","3071063","3030500004","511","BK0104"
"2323","633 Marcy Avenue - Units Still Available","Rental","New Construction","6","979013","3111","633","MARCY AVENUE","BK",,"3","3",,,,,,,"6",,"11206","40.692917","-73.948707","303","36","3425662","3017710005","261","BK0301"
"2567","130-24 Liberty Avenue Apartment","Rental","New Construction","3","673694","4117","130-24","LIBERTY AVENUE","QN",,"1","2",,,,,,,"3",,"11419","40.689737","-73.815302","410","28","4441638","4095900008","15801","QN1001"
"2290","2502 & 2506 Newkirk Avenue - Units Still Available","Rental","New Construction","3","997389","3857","2506","NEWKIRK AVENUE","BK",,,"3",,,,,,,"3",,"11226","40.639695","-73.953025","317","45","3428880","3052120042","79002","BK1701"
"7399","Belle Eden Apartments - Waiting List","Rental","Preservation","11","66764","7745","751","EAST  187 STREET","BX",,"7","4",,,,,"11",,,,"10458","40.853612","-73.88257","206","15","2013059","2031150001","393","BX0603"
"4972","Harborview Senior Apartments AKA 80 Scarboro Ave Apartments","Rental","New Construction","31","997168","6849","80","SCARBORO AVENUE","SI",,"15","16",,,,,"28",,"3",,"10305","40.613706","-74.062592","501","49","5166607","5028320140","6","SI0103"
"1870","Beck Street Co-ops - Units Still Available","Owner","Preservation","4","49241","3276","748","BECK STREET","BX",,,,,"4",,,,"4",,,"10455","40.816157","-73.898897","202","17","2005521","2027070042","85","BX0202"
"3064","4623 5th Avenue Apartments","Rental","New Construction","2","130542","4595","4623","5 AVENUE","BK",,,"2",,,,,,,"2",,"11220","40.64717","-74.008159","307","38","3011888","3007570001","96","BK0703"
"7366","HAVEN COURT APARTMENTS","Rental","New Construction","29","0","7825","290","E 149th St","BX","9","12","8",,,"4",,"16","9",,,"10451","40.817091","-73.921646","201","17","2000000","2023300016","65","BX0102"
"7408","1256 Shakespeare Avenue","Rental","New Construction","3","0","7868","1256","SHAKESPEARE AVENUE","BX","2","1",,,,,,"3",,,,"10452","40.838602","-73.923004","204","16","2091247","2025060081","211","BX0402"
"3010","428 Wythe Avenue Apartment-Units Still Available","Rental","New Construction","4","981841","4553","428","WYTHE AVENUE","BK",,"4",,,,,,,,"4",,"11249","40.71121","-73.966534","301","33","3063648","3024697503","549","BK0102"
"1795","881 Erskine Street aka Fountain Seaview B3 Apartments","Rental","New Construction","114","979242","3255","881","Erskine St","BK","22","49","21","22",,"15","15","84",,,,"11239","40.657051","-73.868395","305","42","3424570","3045860204","107001","BK0504"
"3599","883 Bryant Avenue Senior Apartments","Rental","New Construction","40","0","6061","883","Bryant Ave","BX","40",,,,,,,"40",,,,"10474","40.819546","-73.886861","202","17","2000000","2027610107","11502","BX0201"
"2564","1120 St Johns Place Apartments","Rental","New Construction","23","1005394","4123","1120","St Johns Pl","BK","6","11","6",,,,,,,"23",,"11213","40.671134","-73.941251","308","35","3428850","3012580016","339","BK0802"
"5139","Bethany Senior Terraces","Rental","New Construction","39","989272","6943","604","E 40th St","BK","31","8",,,,,"39",,,,,"11203","40.640688","-73.938903","317","45","3429955","3049730016","834","BK1702"
"5386","Comunilife Woodhull II","Rental","New Construction","19","214265","7201","171","Throop Ave","BK","11","8",,,,"8",,"11",,,,"11206","40.698685","-73.944029","303","36","3000000","3017230003","28501","BK0302"
"3551","3029 and 3031 Bronxwood Avenue","Rental","New Construction","3","52399","5953","3031","BRONXWOOD AVENUE","BX","1","2",,,,,,,,"3",,"10469","40.870087","-73.861429","212","12","2055725","2045730038","340","BX1104"
"7371","The Lumina Apartments","Rental","New Construction","5","0","7835","33-25","Junction Blvd","QN",,"3","2",,,,,"5",,,,"11372","40.756247","-73.873343","403","21","4000000","4017100065","37502","QN0303"
"7399","Belle Eden Apartments - Waiting List","Rental","Preservation","14","66759","7680","737","EAST  187 STREET","BX",,"7","7",,,,,"14",,,,"10458","40.853802","-73.883231","206","15","2012898","2031040061","393","BX0603"
"4751","3633 Kingsbridge Avenue Apartments","Rental","New Construction","3","1013588","6771","3633","Kingsbridge Ave","BX",,"3",,,,,,,,"3",,"10463","40.884601","-73.901733","208","11","2130979","2057660882","285","BX0802"
"7399","Belle Eden Apartments - Waiting List","Rental","Preservation","41","125735","7505","1415","WYTHE PLACE","BX",,"27","9","5",,,"8","26","7",,,"10452","40.839607","-73.914836","204","16","2008104","2028430093","223","BX0403"
"7335","2922 Fulton Street Apartments","Rental","New Construction","3","0","7793","2922","Fulton St","BK",,"3",,,,,,,,"3",,"11207","40.679221","-73.886894","305","37",,,"1170","BK0501"
"3693","50 Clarkson Avenue - Waiting List","Rental","New Construction","28","977103","6048","50","CLARKSON AVENUE","BK","2","17","9",,,,,,,"28",,"11226","40.654931","-73.958067","314","40","3425069","3050640036","79602","BK1401"
"5068","36-22 31 Street Astoria Apartments","Rental","New Construction","3","417871","6928","36-22","31st St","QN","1","2",,,,,,,,"3",,"11106","40.756092","-73.930164","401","26","4625161","4005990040","51","QN0105"
"2942","1463 New York Avenue Apartments","Rental","New Construction","6","343532","4494","1463","New York Ave","BK",,"3","3",,,,,,,"6",,"11210","40.637282","-73.945201","317","45","3428816","3049970017","782","BK1702"
"2528","89-28 138 Place Apartments","Rental","New Construction","3","988974","4091","89-28","138 PLACE","QN",,"1","2",,,,,,,"3",,"11435","40.702075","-73.813779","412","24","4213677","4099740020","212","QN1201"
"1993","2266 Pacific Street","Rental","New Construction","3","998740","2984","2266","PACIFIC STREET","BK","1","1","1",,,,,,,"3",,"11233","40.675445","-73.909436","316","37","3428881","3014420036","36501","BK1601"
"7413","Brownsville Crossing","Rental","New Construction","12","0","7800","177","Hegeman Ave","BK","4","5",,"3",,"1","2","9",,,,"11212","40.656574","-73.90532","316","42","3000000","3036280009","920","BK1602"
"7370","83-07 Queens Boulevard Apartments","Rental","New Construction","16","0","7791","83-07","Queens Blvd","QN",,"14","2",,,,,,,"16",,"11373","40.737271","-73.879943","404","25","4000000","4015420016","473","QN0401"
"7416","Morningside ANCP","Owner","Preservation","10","38272","7723","357","WEST 115 STREET","MN",,,"6","4",,,,"10",,,,"10026","40.804481","-73.957623","110","09","1055870","1018490027","20102","MN1001"
"5393","1038 Jefferson Avenue Apartments","Rental","New Construction","2","1013526","7119","1038","JEFFERSON AVENUE","BK",,,"2",,,,,,,"2",,"11221","40.68739","-73.917085","304","37","3400905","3033870014","397","BK0402"
"2188","5203 CENTER BLVD APARTMENTS","Rental","New Construction","534","0","3692","5203","Center Blvd","QN","174","145","215",,,,"160",,,"374",,"11101","40.742166","-73.960033","402","26","4618318","4000067504","101","QN0201"
"4485","The Gregory","Rental","New Construction","12","1011443","6586","991","ST JOHNS PLACE","BK","3","3","4","2",,,,,,"12",,"11213","40.671392","-73.945634","308","35","3332427","3012490138","339","BK0802"
"2257","567 Ocean Parkway Apartments","Rental","New Construction","11","982303","3793","567","OCEAN PARKWAY","BK","2","8","1",,,,,,,"11",,"11218","40.63467","-73.972448","312","40","3425052","3054000074","484","BK1203"
"4514","710 East 215th Street Apartments","Rental","New Construction","15","924149","6597","710-714","East 215th Street","BX","14","1",,,,,,,,"15",,"10467","40.880358","-73.863751","212","12","2087306","2046620008","380","BX1201"
"5056","967 East 167th Street Apartments","Rental","New Construction","4","65018","6921","967","EAST 167 STREET","BX","2","2",,,,,,,,"4",,"10459","40.826799","-73.891438","203","17","2006071","2027450050","125","BX0303"
"2092","186 Greenpoint Avenue - Units Still Available","Rental","New Construction","3","984084","2987","186","GREENPOINT AVENUE","BK","1",,"2",,,,,,,"3",,"11222","40.730311","-73.95295","301","33","3065149","3025750005","575","BK0101"
"2278","325 Gates Avenue - Units Still Available","Rental","New Construction","7","991986","3839","325","GATES AVENUE","BK","4",,"3",,,,,,,"7",,"11216","40.68586","-73.953782","303","36","3050817","3018070001","243","BK0301"
"7412","25-01 Queens Plaza North - Units Still Available","Rental","Preservation","80","1017692","7871","41-34","27 STREET","QN","2","77","1",,,,,,,"80",,"11101","40.751349","-73.938777","401","26","4624843","4004150004","3301","QN0105"
"1730","29-19 Newtown Avenue Apartments","Rental","New Construction","14","683885","3226","29-19","Newtown Ave","QN","2","5","7",,,,,,,"14",,"11102","40.768556","-73.921425","401","22","4609936","4005970007","69","QN0103"
"3225","322 Grand Concourse Apartments","Rental","New Construction","25","81925","4727","322","Grand Concourse","BX","5","7","13",,,,,"25",,,,"10451","40.814571","-73.928878","201","08","2130530","2023410031","51","BX0101"
"7432","Urban Horizons 1 Waiting List","Rental","Preservation","83","65052","7897","50","E 168th St","BX","22","10","36","15",,,"35","48",,,,"10452","40.836725","-73.919292","204","16","2101464","2024800001","197","BX0401"
"7397","House 55","Rental","New Construction","89","396618","7858","55","WILLOUGHBY STREET","BK","3","82","4",,,,,,,"89",,"11201","40.69222","-73.986744","302","33","3000000","3001470044","11","BK0202"
"2916","The Shirley","Rental","New Construction","3","1009150","4495","4578","Manhattan College Pkwy","BX",,"2","1",,,,,"1",,"2",,"10471","40.889428","-73.900131","208","11","2130362","2057760611","285","BX0802"
"2171","1255 Bedford Avenue Apartments-Units Still Available","Rental","New Construction","2","205594","3695","1255","BEDFORD AVENUE","BK",,"2",,,,,,,,"2",,"11216","40.680145","-73.95326","303","36","3053704","3018600005","247","BK0301"
"7454","104 Frost Street - Units Still Available","Rental","New Construction","5","0","7921","104","Frost St","BK",,"5",,,,,,,,"5",,"11211","40.717858","-73.947187","301","34","3000000","3027380013","501","BK0104"
"4598","33 Franklin Street Apartments","Rental","New Construction","24","995363","6694","33","Franklin St","BK","3","18","3",,,,,"16",,"8",,"11222","40.726413","-73.957344","301","33","3065237","3025890013","561","BK0101"
"3830","Plaza 129","Rental","New Construction","3","0","6163","12925","101st Ave","QN",,"1",,"2",,,,,,"3",,"11419","40.692315","-73.817708","409","29","4605312","4094730022","154","QN0903"
"3573","509 Third Avenue Apartments","Rental","New Construction","58","1010807","5956","509","3rd Ave","MN","18","29","11",,,,"23","23",,"12",,"10016","40.745881","-73.977996","106","04","1091666","1009150002","78","MN0603"
"3807","Estela","Rental","New Construction","102","63475","6142","445","GERARD AVENUE","BX","3","71","28",,,,,"71",,"31",,"10451","40.817398","-73.929872","201","08","2129137","2023510012","6301","BX0401"
"5196","63 & 65 Stanhope Street Apartments","Rental","New Construction","3","0","7006","63","Stanhope St","BK",,"3",,,,,,,,"3",,"11221","40.696179","-73.924889","304","34","3429222","3032540167","421","BK0401"
"2067","171 Linden Blvd - Units Still Available","Rental","New Construction","3","327086","3585","171","LINDEN BOULEVARD","BK",,"2","1",,,,,,,"3",,"11226","40.65253","-73.952036","317","40","3116695","3050850094","820","BK1701"
"3428","Parish House","Rental","New Construction","42","0","5882","230","Classon Ave","BK",,"36","6",,,,,,,"42",,"11205","40.692769","-73.960824","302","35","3000000","3019090047","193","BK0204"
"1782","360 Van Duzer Street Apartments","Rental","New Construction","3","995582","3211","360","VAN DUZER STREET","SI",,"1","2",,,,,,,"3",,"10304","40.62933","-74.07938","501","49","5013507","5005150036","21","SI0102"
"3858","92 West 169th Street Apartments","Rental","New Construction","12","0","6185","92","W 169th St","BX","6","4","2",,,,,,,"12",,"10452","40.839533","-73.923209","204","16","2127053","2025170028","211","BX0402"
"3964","The Posh Waiting List","Rental","New Construction","13","1001628","6257","1941","Coney Island Avenue","BK","3","8","2",,,,,,,"13",,"11223","40.609893","-73.962353","315","48","3182286","3067740001","554","BK1501"
"3021","56-15 Van Cleef Street Apartment","Rental","New Construction","3","701504","4562","56-15","Van Cleef St","QN",,"3",,,,,,,,"3",,"11368","40.740532","-73.852056","404","21","4000000","4019680073","43701","QN0402"
"3119","737 Fenimore Street Apartments","Rental","New Construction","2","1006065","4591","737","Fenimore St","BK",,"2",,,,,,,,"2",,"11203","40.659484","-73.937888","309","40","3428948","3048130054","87401","BK0902"
"7431","183-03 Hillside Avenue Apartments","Rental","New Construction","14","0","7879","183-03","Hillside Ave.","QN","4","10",,,,,,,,"14",,"11432","40.713889","-73.77873","408","24","4000000","4099500064","472","QN0804"
"7349","1970 Crotona Avenue Apartments","Rental","New Construction","10","1012973","7805","1970","CROTONA AVENUE","BX","2","6","2",,,,,"10",,,,"10457","40.845814","-73.890774","206","15","2000000","2030920004","371","BX0602"
"7336","196 South 3rd Street Apartments","Rental","New Construction","9","0","7792","196","SOUTH 3 STREET","BK",,"4","5",,,,,,,"9",,"11211","40.711611","-73.96007","301","34","3399969","3024320015","523","BK0102"
"2255","2741 Fulton Street - Units Still Available","Rental","New Construction","3","998938","3804","2741","FULTON STREET","BK",,"1","2",,,,,,,"3",,"11207","40.678008","-73.893425","305","37","3083220","3036640052","1146","BK0501"
"1830","Mother Gaston Hinsdale Homes","Owner","New Construction","1","0","3382","668","Vermont St","BK",,,"1",,,,,,"1",,,"11207","40.662924","-73.891571","305","42","3421406","3038410032","1128","BK0503"
"4658","2311 White Plains Road Apartments","Rental","New Construction","15","1011901","6737","2311","WHITE PLAINS ROAD","BX","3","4","8",,,,,,,"15",,"10467","40.860468","-73.867519","211","15","2129690","2043420094","33201","BX1104"
"7413","Brownsville Crossing","Rental","New Construction","9","342830","7799","47","New Lots Ave","BK","2","3","2","2",,"2","4","3",,,,"11212","40.657275","-73.903355","316","42","3000000","3038550040","920","BK1602"
"3597","300 East 39th Apartments","Rental","New Construction","13","824086","5998","300","EAST 39 STREET","MN","2","10","1",,,,,,,"13",,"10016","40.747862","-73.973481","106","04","1081685","1009440045","78","MN0603"
"1712","410 East 28th Street Apartments","Rental","New Construction","3","255045","3172","410","EAST 28 STREET","BK",,,"3",,,,,,,"3",,"11226","40.640487","-73.950394","317","45","3120436","3052140013","828","BK1701"
"4597","Water's Edge","Rental","New Construction","23","0","6702","5","Stuyvesant Pl","SI","3","17","3",,,,,,,"23",,"10301","40.645958","-74.078625","501","49",,,"7","SI0101"
"7425","2892 Nostrand Ave Apartments","Rental","New Construction","20","1012225","7881","2892","Nostrand Ave","BK",,"14","6",,,,"8","8","3","1",,"11229","40.613822","-73.944399","315","46","3000000","3076900073","642","BK1502"
"1744","36-08 28th Avenue Apartments","Rental","New Construction","7","996391","3178","36-08","28 AVENUE","QN",,"6","1",,,,,,,"7",,"11103","40.766521","-73.91594","401","22","4619948","4006300019","6502","QN0103"
"7406","2305 Belmont Avenue","Rental","Preservation","4","988624","7866","2305","BELMONT AVENUE","BX",,"3","1",,,,,,,"4",,"10458","40.852848","-73.887061","206","15","2012470","2030870056","391","BX0603"
"4363","923 Broadway Apartments","Rental","New Construction","3","1012234","6523","923","BROADWAY","BK",,,"3",,,,,,,"3",,"11206","40.697476","-73.936111","304","34","3071866","3031500001","389","BK0401"
"4699","1148 Washington Avenue Apartments","Rental","New Construction","8","1013525","6709","1148","WASHINGTON AVENUE","BX","2","6",,,,,,,,"8",,"10456","40.828897","-73.908226","203","16","2001293","2023710022","18501","BX0301"
"7424","827 Sterling Place Units Still Available","Rental","Preservation","5","1016816","7876","827","STERLING PLACE","BK","1","4",,,,,,,,"5",,"11216","40.672594","-73.951279","308","36","3427446","3012400049","31701","BK0802"
"5196","63 & 65 Stanhope Street Apartments","Rental","New Construction","3","375679","7007","65","Stanhope St","BK",,"3",,,,,,,,"3",,"11221","40.696217","-73.924849","304","34","3429887","3032540066","421","BK0401"
"1761","857 Hornaday Place Apartments","Rental","New Construction","5","998906","3258","857","Hornaday Pl","BX","1","1","3",,,,,,,"5",,"10460","40.846835","-73.882647","206","15","2128755","2031190048","363","BX0601"
"5417","563 west 170th Street Apartments","Rental","New Construction","8","998732","7136","563","WEST 170 STREET","MN",,"4","4",,,,,,,"8",,"10032","40.84191","-73.938021","112","10","1089165","1021270026","253","MN1201"
"7445","COURTLANDT MANOR","Rental","New Construction","19","0","7909","784","Courtlandt Ave","BX","2","8","7","2",,"5","1","13",,,,"10451","40.822396","-73.916801","201","17","2000000","2024040001","69","BX0102"
"7350","Glenmore Manor Apartments","Rental","New Construction","150","220005","7806","76","CHRISTOPHER AVENUE","BK","32","24","66","28",,"60","16","74",,,,"11212","40.671956","-73.906448","316","37","3326760","3036920001","908","BK1602"
"3541","71-82 Parsons Blvd Apartments","Rental","New Construction","29","0","5874","79-71","Parsons Blvd","QN","2","19","8",,,,,"24",,"5",,"11366","40.720216","-73.809117","408","24",,,"1257","QN0802"
"5221","527 Grand Avenue Apartments","Rental","New Construction","14","302710","7010","527","Grand St","BK",,"7","7",,,,"4","7",,"3",,"11211","40.711058","-73.950133","301","34","3069333","3027797501","513","BK0102"
"2492","Cyrus Place Apartments","Rental","New Construction","44","993492","3971","4697","3rd Ave.","BX","6","16","16","6",,"4","12","28",,,,"10458","40.85869","-73.891129","206","15","2129313","2030417501","385","BX0603"
"7470","Bedford Beverly Phase 2","Rental","New Construction","89","0","7936","2201","Beverley Rd","BK","35","34","20",,,,,,,"89",,"11226","40.644673","-73.956492","314","40","3000000","3051330044","79201","BK1401"
"5296","Bedford Green House II","Rental","New Construction","46","979423","7045","2880","JEROME AVENUE","BX","32","9","5",,,"16","17","13",,,,"10468","40.87181","-73.89161","207","14","2131059","2033190046","40701","BX0702"
"1681","Harry T. Nance Apartments","Rental","New Construction","55","287721","2988","1860","EASTERN PARKWAY","BK","15","21","12","7",,"6","15","34",,,,"11233","40.675822","-73.908126","316","37","3337899","3014367501","36502","BK1601"
"4840","27 Brighton 11 Street  Apartments","Rental","New Construction","5","0","6806","27","Brighton 11th St","BK",,"3","1","1",,,,,,"5",,"11235","40.581674","-73.956468","313","48","3000000","3087117501","61004","BK1303"
"2456","850 Flatbush Avenue Apartments Unit Still Available","Rental","New Construction","1","292955","4000","850","FLATBUSH AVENUE","BK",,,"1",,,,,,,"1",,"11226","40.651629","-73.959035","314","40","3116577","3050820032","50801","BK1401"
"3558","Pacific Park Apartments","Rental","New Construction","240","989274","5949","595","DEAN STREET","BK","99","93","48",,,,,,,"240",,"11238","40.680653","-73.970133","308","35","3428601","3011297503","163","BK0801"
"7367","2043 Webster Avenue Apartments","Rental","New Construction","14","0","7830","2043","Webster Ave","BX","6","7","1",,,,,,,"14",,"10457","40.851138","-73.898884","205","15","2000000","2031420065","379","BX0502"
"2484","Cypress Avenue Apartments","Rental","New Construction","26","992093","4047","80-97","CYPRESS AVENUE","QN","10","6","10",,,,,"26",,,,"11385","40.692336","-73.893687","405","30","4554538","4037310065","565","QN0503"
"4068","1073 Tiffany Street Apartments","Rental","New Construction","13","114961","6351","1073","Tiffany St","BX","13",,,,,,,,,"13",,"10459","40.825197","-73.894862","202","17","2130636","2027160048","131","BX0202"
"2641","56-12 Van Cleef Apartments","Rental","New Construction","3","0","4223","55-56","Van Cleef St","QN",,"3",,,,,,,,"3",,"11368","40.74083","-73.853044","404","21",,,"439","QN0402"
"3170","435 West 31st Street Waiting List","Rental","New Construction","170","966632","4593","435","WEST 31 STREET","MN","53","90","25","2",,,"86","83","1",,,"10001","40.752032","-73.998957","104","03","1089664","1007297502","103","MN0401"
"7455","25-16 37th Avenue Apartments","Rental","New Construction","12","0","7922","25-16","37th Ave","QN","1","8","3",,,,,,,"12",,"11101","40.756874","-73.93453","401","26","4000000","4003680022","51","QN0105"
"7401","107 South 6th Street Apartments","Rental","New Construction","8","920169","7861","107","SOUTH 6 STREET","BK","3","3","2",,,,"2","3","3",,,"11249","40.710734","-73.964554","301","34","3339457","3024560034","549","BK0102"
"3467","627 Franklin Avenue Apartments","Rental","New Construction","3","1009038","5904","627","Franklin Ave","BK",,,"3",,,,,,,"3",,"11238","40.677031","-73.95566","308","35","3429055","3012110003","221","BK0802"
"3817","37 Hillside Senior Apartments","Rental","New Construction","56","22842","5863","37","Hillside Ave","MN","41","15",,,,,"56",,,,,"10040","40.858536","-73.929601","112","10","1091669","1021707501","283","MN1202"
"2575","23-29 30th Drive Apartments","Rental","New Construction","3","416480","4122","23-29","30 DRIVE","QN","1","2",,,,,,,,"3",,"11102","40.767476","-73.927502","401","22","4006730","4005710010","73","QN0103"
"2230","Balton Commons","Rental","New Construction","32","989032","3765","267","W 126th St","MN","10","11","9","2",,"11",,"14","7",,,"10027","40.810409","-73.949628","110","09","1091580","1019327501","224","MN1002"
"7460","3030 Colden Avenue Apartments","Rental","New Construction","3","0","7924","3030","Colden Ave","BX",,"1","2",,,,,"3",,,,"10469","40.870013","-73.859459","212","12","2000000","2045760018","342","BX1104"
"7470","Bedford Beverly Phase 2","Rental","New Construction","107","0","7937","2366","Bedford Ave","BK","38","32","37",,,,,,,"107",,"11226","40.645924","-73.955313","314","40","3000000","3051330046","79201","BK1401"
"7465","166-13 91st Avenue Apartments","Rental","New Construction","9","0","7929","166-11","91st Ave","QN","2","3","4",,,,,"8",,"1",,"11432","40.706612","-73.794321","412","27","4000000","4097960047","460","QN1201"
"4207","333 Linden Blvd. Apartments-Units Still Available","Rental","New Construction","3","0","6439","333","Linden Blvd","BK",,,"3",,,,,,,"3",,"11226","40.65278","-73.947358","317","40","3429233","3048530075","818","BK1701"
"7378","WILLETS POINT COMMONS","Rental","New Construction","291","0","7796","126-55","39th Avenue","QN","86","142","40","23",,"23","39","65","137","27",,"11368","40.756726","-73.841343","407","21","4624493","4018330135","38301","QN0707"
"2293","18A Bleecker Street - Units Still Available","Rental","New Construction","2","993965","3860","18A","BLEECKER STREET","BK",,"2",,,,,,,,"2",,"11221","40.693095","-73.923198","304","37","3075588","3033040007","395","BK0402"
"3525","THE ATRIUM AT SUMNER SENIOR HOUSING","Rental","Preservation","118","0","5886","57","Marcus Garvey Blvd","BK","98","20",,,,,"118",,,,,"11206","40.697473","-73.940921","303","36","3428961","3015800010","28502","BK0302"
"7344","86-05 Britton Avenue Apartments","Rental","New Construction","3","0","7795","86-05","Britton Ave","QN",,"1","2",,,,,"3",,,,"11373","40.746551","-73.879745","404","25","4000000","4015030048","26901","QN0401"
"7394","354 East 28th Street Apartments","Rental","New Construction","7","0","7838","354","E 28th St","BK",,"3","4",,,,,"7",,,,"11226","40.641896","-73.950545","317","45","3119924","3051930028","828","BK1701"
"2045","2115 Burr Avenue Apartments","Rental","New Construction","7","988545","3526","2115","BURR AVENUE","BX",,"3","4",,,,,,,"7",,"10461","40.854968","-73.828171","210","13","2047830","2042520023","300","BX1003"
"2630","1245 Bedford Avenue","Rental","New Construction","9","205591","4156","1245","BEDFORD AVENUE","BK",,"4","5",,,,,,,"9",,"11216","40.680576","-73.953346","303","36","3053705","3018607501","247","BK0301"
"1771","2490 3rd Avenue Apartments","Rental","New Construction","9","988947","3252","2490","3rd Ave","BX","2","5","2",,,,,,,"9",,"10454","40.810009","-73.928637","201","08","2130381","2023187501","51","BX0101"
"2253","1068 Fulton Street - Waiting List","Rental","New Construction","13","988444","3798","1068","FULTON STREET","BK",,"6","7",,,,,,,"13",,"11238","40.68164","-73.958137","303","36","3422360","3020160012","227","BK0301"
"3449","Woodside Central","Rental","New Construction","89","990968","5897","46-09","69th St","QN","23","48","18",,,,,"89",,,,"11377","40.739858","-73.895856","402","26","4623448","4024320009","489","QN0203"
"7400","Eight80 BK","Rental","New Construction","65","0","7860","880","Atlantic Ave","BK","6","39","20",,,,"48","4",,"13",,"11238","40.681393","-73.965788","308","35","3000000","3011220021","203","BK0801"
"1739","The Crown","Rental","New Construction","9","1007272","3227","524","Ocean View Ave","BK",,"5","4",,,,,,,"9",,"11235","40.579489","-73.96255","313","48","3421742","3086750076","362","BK1303"
"2799","Lyra at 555 West 38th Street","Rental","New Construction","177","1007354","4410","555","W 38th St","MN","80","78","19",,,,,"59",,"118",,"10018","40.758062","-73.999527","104","03","1091000","1007100001","117","MN0401"
"1677","260 Gold Street Apartments","Rental","New Construction","86","996886","2974","260","GOLD STREET","BK","14","46","22","4",,,,,,"86",,"11201","40.696652","-73.983184","302","33","3000220","3001210003","1501","BK0202"
"1821","Mapes Apartments","Rental","New Construction","21","997164","3202","801","EAST 181ST STREET","BX","2","4","11","4",,,"4","9","8",,,"10460","40.847263","-73.884746","206","15","2129395","2031117501","36501","BX0602"
"2490","30 Kent Street Apartments","Rental","New Construction","24","984244","4010","30","KENT STREET","BK","8","6","10",,,,,"6",,"18",,"11222","40.73035","-73.960149","301","33","3336994","3025560045","565","BK0101"
"7467","Astoria Cove Phase 1(A)","Rental","New Construction","42","0","7932","4-34","26th Ave","QN","10","11","21",,,,,"26",,"16",,"11102","40.776048","-73.932284","401","22","4000000","4009090035","87","QN0102"
"7366","HAVEN COURT APARTMENTS","Rental","New Construction","100","0","7826","299","E 148th St","BX","16","47","37",,,"6","32","34","28",,,"10451","40.816422","-73.921986","201","17","2000000","2023300016","65","BX0102"
"7378","WILLETS POINT COMMONS","Rental","New Construction","456","0","7831","126-43","39th Avenue","QN","96","239","74","47",,"37","60","104","202","53",,"11368","40.756613","-73.841394","407","21","4624494","4018330130","38301","QN0707"
"2439","1111 Fulton Street Apartments","Rental","New Construction","6","990870","3996","1111","FULTON STREET","BK","2","2","2",,,,,,,"6",,"11238","40.681429","-73.957037","303","36","3399785","3019970060","227","BK0301"
"5408","499 President Street Apartments","Rental","New Construction","88","1000370","7107","499","President St","BK","23","50","15",,,,"35","35","18",,,"11215","40.678027","-73.986657","306","39","3000000","3004400001","11901","BK0601"
"7358","ROCKAWAY VILLAGE APARTMENTS PHASE 5","Rental","New Construction","120",,"7798","1523","Village Lane","QN","17","30","61","12",,"13","38","69",,,,"11691","40.607227","-73.751828","414","31","4000000","4155370100","103202","QN1401"
"3738","58 Vanderbilt Avenue aka 205 Park Avenue Apartments","Rental","New Construction","23","973044","6095","205","Park Ave","BK","9","10","4",,,,"9","9","5",,,"11205","40.696148","-73.970901","302","35","3428621","3020337503","211","BK0203"
"7384","133 Carlton Avenue Apartments","Rental","New Construction","2","0","7833","133","Carlton Ave","BK",,"2",,,,,,"2",,,,"11205","40.693735","-73.973019","302","35","3000000","3020440003","18501","BK0203"
"3642","1325 Southern Boulevard Apartments","Rental","New Construction","22","975336","4408","1325","SOUTHERN BOULEVARD","BX","5","10","5","2",,,"6","13","3",,,"10459","40.831084","-73.891496","203","17","2010494","2029760098","123","BX0303"
"2220","1121 36th Street Apartments","Rental","New Construction","2","991377","3760","1121","36 STREET","BK",,,,"2",,,,,,"2",,"11218","40.644266","-73.987842","312","39","3429344","3053027501","498","BK1203"
"3335","Sunset Ridge Senior Apartments","Rental","New Construction","57","988831","5800","6309","4th Ave","BK","36","21",,,,,"57",,,,,"11220","40.639017","-74.020307","307","38","3429067","3058097501","122","BK0703"
"3684","28-15 35th Street Apartments","Rental","New Construction","6","0","6058","2815","35th Ave","QN",,"6",,,,,,,,"6",,"11106","40.759169","-73.930695","401","22",,,"53","QN0103"
"7364","2339 Nostrand Avenue Units Still Available","Rental","New Construction","1","0","7820","2339","NOSTRAND AVENUE","BK",,"1",,,,,,,,"1",,"11210","40.627775","-73.947053","318","45","3429878","3075940016","742","BK1801"
"4564","45 Lenox Road Apartments","Rental","New Construction","14","324161","6673","45","LENOX ROAD","BK","1","10","3",,,,,,,"14",,"11226","40.653676","-73.957928","314","40","3116214","3050640097","79602","BK1401"
"2657","1543 Jesup Avenue Apartments","Rental","New Construction","7","89096","4178","1543","JESUP AVENUE","BX","2","3","2",,,,,,,"7",,"10452","40.844563","-73.918476","204","16","2008696","2028720230","21302","BX0403"
"2951","378 Weirfield Street Apartments","Rental","New Construction","12","1005523","4519","378","Weirfield St","BK","3","3","6",,,,,,,"12",,"11237","40.695866","-73.906415","304","37","3429032","3034070026","439","BK0402"
"7441","599 Tinton Avenue  Apartments","Rental","New Construction","11","115240","7905","599","TINTON AVENUE","BX",,"10","1",,,,,"11",,,,"10455","40.813975","-73.905877","201","08","2004672","2026530044","79","BX0102"
"4906","93 Gerry Street Apartments","Rental","New Construction","2","0","6839","93","Gerry St","BK",,,,"2",,,,,,"2",,"11206","40.70178","-73.946973","301","33","3000000","3022660039","507","BK0103"
"7399","Belle Eden Apartments - Waiting List","Rental","Preservation","29","81701","7682","1466","GRAND CONCOURSE","BX",,"11","13","5",,,,"29",,,,"10457","40.840612","-73.912796","204","16","2007993","2028320040","225","BX0403"
"4357","37-25 32nd Street  apartments","Rental","New Construction","7","1010366","6520","37-25","32 STREET","QN",,,"7",,,,,,,"7",,"11101","40.754168","-73.930595","401","26","4531227","4003740010","55","QN0105"
"4460","2537 Ocean Avenue Apartments","Rental","New Construction","3","0","6585","2537","OCEAN AVENUE","BK",,"3",,,,,,,,"3",,"11229","40.599901","-73.951494","315","48","3198327","3073250052","578","BK1502"
"1777","61 Schaefer Street Apartments","Rental","New Construction","3","366877","3260","61","SCHAEFER STREET","BK",,"3",,,,,,,,"3",,"11207","40.686282","-73.911173","304","37","3079223","3034210059","401","BK0402"
"2154","703 Hart Street - Units Still Available","Rental","New Construction","4","994111","3678","703","HART STREET","BK",,"3","1",,,,,,,"4",,"11221","40.699259","-73.925373","304","34","3421832","3032180047","423","BK0401"
"4014","1258 Shakespeare Avenue Apartments","Rental","New Construction","19","1005067","6276","1258","Shakespeare Ave","BX",,"19",,,,,,,,"19",,"10452","40.83877","-73.922903","204","16","2130883","2025060082","211","BX0402"
"2104","188 Humboldt Street - Units Still Available","Rental","New Construction","4","991971","3572","188","Humboldt St","BK","1",,"3",,,,,,,"4",,"11206","40.70776","-73.941551","301","34","3426421","3030547504","49302","BK0104"
"2702","The Bishop Rene Valero Senior Residence","Rental","New Construction","56","1002756","4260","23-11","31st Rd","QN","7","49",,,,,"56",,,,,"11106","40.765808","-73.928818","401","22","4619746","4005690017","75","QN0103"
"3609","11 Lewis Avenue Apartments","Rental","New Construction","4","324753","6003","11","Lewis Ave","BK","4",,,,,,,,,"4",,"11206","40.697617","-73.937982","303","36","3427315","3015820002","287","BK0302"
"5077","807 Washington Avenue","Rental","New Construction","4","971016","6932","807","WASHINGTON AVENUE","BK","1","1","2",,,,,,,"4",,"11238","40.672277","-73.962682","308","35","3427449","3011800005","215","BK0801"
"2610","64  Scholes Street Senior Housing","Rental","New Construction","44","987866","4224","64","Scholes St","BK","44",,,,,,,"44",,,,"11206","40.708378","-73.947584","301","34","3426365","3030410009","511","BK0104"
"2516","810 Fulton Street Apartments Phase II - Units Still Available","Rental","New Construction","10","298475","4042","810","Fulton St","BK","8","2",,,,,,,,"10",,"11238","40.684141","-73.969046","302","35","3426518","3020097501","199","BK0204"
"7466","1730 Bedford Avenue Apartments - Units Still Available","Rental","New Construction","11","1019578","7931","1730","BEDFORD AVENUE","BK",,"10","1",,,,,,,"11",,"11225","40.664186","-73.95729","309","35","3430013","3013060049","327","BK0902"
"3848","363 East 145th street Apartments","Rental","New Construction","3","1008893","5864","363","EAST 145 STREET","BX",,"3",,,,,,,,"3",,"10454","40.813975","-73.920721","201","08","2000667","2023070030","43","BX0101"
"3300","103 Schenectady Avenue Apartments","Rental","New Construction","3","367293","5785","103","Schenectady Ave","BK",,"3",,,,,,,,"3",,"11213","40.67567","-73.933244","308","36","3429081","3013480006","309","BK0802"
"4405","312 West 43rd Street Apartments","Rental","New Construction","83","998765","6556","312","W 43rd St","MN","10","60","13",,,,"33","33","17",,,"10036","40.758182","-73.989973","104","03","1024945","1010337501","12101","MN0402"
"7468","694 Rutland Road Apartments - Units Still Available","Rental","New Construction","2","1020376","7935","694","RUTLAND ROAD","BK",,,"2",,,,,,,"2",,"11203","40.660186","-73.93775","309","40","3000000","3048130031","87401","BK0902"
"7333","HELP Hinsdale C","Rental","New Construction","30","0","7789","314","Hinsdale St","BK",,,"19","11",,,"5","25",,,,"11207","40.667562","-73.899588","305","42","3000000","3037660042","1134","BK0502"
"2135","200 Clifton Place Apartments","Rental","New Construction","3","997560","3658","200","CLIFTON PLACE","BK",,,"3",,,,,,,"3",,"11216","40.688551","-73.956312","303","36","3425979","3019540009","233","BK0301"
"7383","1081 Anderson Avenue Apartments","Rental","New Construction","3","1018532","7850","1081","ANDERSON AVENUE","BX",,"1","2",,,,,"3",,,,"10452","40.834193","-73.925723","204","16","2129692","2025090022","193","BX0402"
"1907","CLOTH Amsterdam","Rental","New Construction","5","3615","3437","2488","7 AVENUE","MN",,"1","4",,,,"1","4",,,,"10030","40.821307","-73.93933","110","09","1060458","1020300033","232","MN1002"
"7469","Aria Platt 7","Rental","New Construction","75","0","7938","7-13","Platt St","MN","40","22","13",,,,,"25",,"50",,"10038","40.707641","-74.006528","101","01","1000000","1000690053","1502","MN0101"
"1717","65 Graham Avenue Apartments","Rental","New Construction","3","302249","2986","65","GRAHAM AVENUE","BK",,,"3",,,,,,,"3",,"11206","40.703869","-73.942643","301","34","3325956","3030960025","491","BK0104"
"3065","1104 Bedford Avenue Apartments","Rental","New Construction","10","991164","4570","1104","Bedford Ave","BK","3","6","1",,,,,"6",,"4",,"11216","40.686942","-73.954636","303","36","3425776","3019710028","229","BK0301"
"4588","53-10 102nd Street","Rental","New Construction","3","1013200","6685","53-10","102nd St","QN",,"2","1",,,,,,,"3",,"11368","40.741214","-73.859207","404","21","4621036","4019380018","44301","QN0402"
"4384","3001 Grand Concourse Apartments","Rental","New Construction","43","81911","6548","3001","Grand Concourse","BX","8","27","8",,,,,,,"43",,"10468","40.873123","-73.887211","207","14","2129739","2033100074","411","BX0702"
"2303","1035 Cortelyou Road - Units Still Available","Rental","New Construction","1","995981","3876","1035","CORTELYOU ROAD","BK",,,"1",,,,,,,"1",,"11218","40.639418","-73.968451","314","39","3118198","3051417502","1522","BK1402"
"2533","2065 & 2067 Ryer Avenue Apartments","Rental","New Construction","20","1003329","4084","2065","RYER AVENUE","BX","6","14",,,,,,,,"20",,"10457","40.852175","-73.901116","205","15","2130448","2031560063","381","BX0502"
"2205","735 Fenimore Street Apartments","Rental","New Construction","2","999046","3743","735","Fenimore St","BK",,"1","1",,,,,,,"2",,"11203","40.659481","-73.93792","309","40","3426232","3048130055","87401","BK0902"
"7461","3914 15th Avenue Apartments - Units Still Available","Rental","New Construction","12","0","7926","3914","15th Ave","BK",,"6","6",,,,,,,"12",,"11218","40.637832","-73.982042","312","39","3000000","3053460043","228","BK1202"
"2880","188 Humboldt Street Waitlist Lottery","Rental","New Construction","5","991971","4477","188","HUMBOLDT STREET","BK","1","1","3",,,,,,,"5",,"11206","40.70776","-73.941551","301","34","3426421","3030547504","49302","BK0104"
"2437","50 Clarkson Avenue - Units Still Available","Rental","New Construction","14","977103","3988","50","Clarkson Ave","BK",,"7","7",,,,,,,"14",,"11226","40.654931","-73.958067","314","40","3425069","3050640036","79602","BK1401"
"7358","ROCKAWAY VILLAGE APARTMENTS PHASE 5","Rental","New Construction","205",,"7797","1518","Village Lane","QN",,"51","127","27",,"26","68","111",,,,"11691","40.607257","-73.751839","414","31","4000000","4155370065","103202","QN1401"
"7390","2854 Webb Avenue Apartments","Rental","New Construction","2","0","7854","2854","Webb Ave","BX",,"2",,,,,,"2",,,,"10468","40.873328","-73.900633","208","14","2000000","2032500070","26702","BX0801"
"2874","Sea Breeze Tower - Units Still Available","Rental","New Construction","6","998002","4469","271","SEA BREEZE AVENUE","BK","2","4",,,,,,,,"6",,"11224","40.575929","-73.971926","313","48",,,"35602","BK1302"
"4455","491 Evergreen Avenue Apartments","Rental","New Construction","3","0","6582","491","Evergreen Ave","BK",,"1","2",,,,,,,"3",,"11221","40.690955","-73.916666","304","37","3000000","3033680007","415","BK0402"
"4556","1629 Brooklyn Avenue Apartments","Rental","New Construction","7","1011580","6670","1629","Brooklyn Ave","BK",,,"7",,,,,,,"7",,"11210","40.633292","-73.941886","317","45","3427373","3075640026","784","BK1702"
"2290","2502 & 2506 Newkirk Avenue - Units Still Available","Rental","New Construction","1","1000164","3856","2502","NEWKIRK AVENUE","BK",,,"1",,,,,,,"1",,"11226","40.639693","-73.953054","317","45","3428879","3052120041","79002","BK1701"
"1914","508 West 134th Street","Owner","Preservation","4","40680","3463","508","WEST 134 STREET","MN",,,"1","3",,,,,"4",,,"10031","40.81853","-73.953448","109","07","1059745","1019870041","219","MN0902"
"1674","CHARLIE WEST 505 WEST 43rd STREET","Owner","New Construction","9","973747","2978","505","WEST 43 STREET","MN",,"4","5",,,,,"9",,,,"10036","40.760634","-73.995748","104","03","1090720","1010727501","12901","MN0402"
"1929","770 & 774 Lexington Avenue Apartments","Rental","New Construction","3","992725","3242","774","LEXINGTON AVENUE","BK",,"1","2",,,,,,,"3",,"11221","40.690252","-73.928495","303","36","3426468","3016270036","387","BK0302"
"1828","2278 Bronx Park East","Rental","New Construction","10","984966","3400","2278","Bronx Park E","BX","2","5","3",,,,,,,"10",,"10467","40.8595","-73.8708","211","15","2130350","2043400008","33201","BX1104"
"3654","2316 Clarendon Road Apartments","Rental","New Construction","5","220777","6040","2316","CLARENDON ROAD","BK",,"2","3",,,,,,,"5",,"11226","40.642836","-73.955239","314","45","3119670","3051890007","79001","BK1401"
"5007","3178 Villa Avenue Apartments","Rental","New Construction","21","117820","6889","3178","Villa Ave","BX","21",,,,,,,,,"21",,"10468","40.876554","-73.886873","207","11","2130865","2033110035","411","BX0702"
"7377","36 India Street Apartments","Rental","New Construction","16","0","7843","36","INDIA STREET","BK",,"12","4",,,,,,,"16",,"11222","40.731886","-73.959141","301","33","3000000","3025390001","565","BK0101"
"2364","1225 42nd Street Apartments - Units still available","Rental","New Construction","1","999265","3922","1225","42 STREET","BK",,,"1",,,,,,,"1",,"11219","40.639855","-73.989529","312","39","3135707","3055930060","224","BK1202"
"2244","KB25 - Waiting List","Rental","New Construction","55","953668","3644","325","EAST 25 STREET","MN","10","18","27",,,,,"22","11","22",,"10010","40.738855","-73.979204","106","02","1090206","1009310017","66","MN0603"
"1792","1266 Ocean Parkway Apartments - Units Still Available","Rental","New Construction","3","984581","3303","1266","OCEAN PARKWAY","BK",,,"3",,,,,,,"3",,"11230","40.617918","-73.969296","312","44","3171719","3065410035","448","BK1204"
"3270","308 Linden Boulevard Apartments","Rental","New Construction","4","1006273","5772","308","Linden Blvd","BK","2",,"2",,,,,,,"4",,"11226","40.652731","-73.947967","317","40","3429121","3048680039","818","BK1701"
"3391","21 Meserole Street Apartments","Rental","New Construction","8","1009813","5850","21","MESEROLE STREET","BK",,"7","1",,,,,,,"8",,"11206","40.707493","-73.949518","301","34","3427297","3030400044","511","BK0104"
"3154","Brook Avenue Apartments","Rental","New Construction","42","927217","4653","740","Brook Ave","BX","9","15","11","7",,"6","14","19","3",,,"10451","40.820013","-73.912017","201","17","2129384","2023607502","71","BX0102"
"1856","Gloria Willoughby - Units Still Available","Rental","New Construction","8","995051","3346","1127","WILLOUGHBY AVENUE","BK",,"3","5",,,,,,,"8",,"11237","40.701696","-73.92533","304","34","3429706","3031970042","429","BK0401"
"4503","58-12 & 58-14 Granger Street Apartments","Rental","New Construction","2","1011805","6635","58-12","GRANGER STREET","QN",,"1",,"1",,,,,,"2",,"11368","40.738442","-73.854876","404","21","4624348","4019570012","43702","QN0402"
"3878","360 East 184th Street Apartments","Rental","New Construction","4","1010101","6202","360","E 184th St","BX","1","2","1",,,,,,,"4",,"10458","40.857673","-73.895602","205","15","2129657","2031430281","38303","BX0503"
"7386","3602 Holland Avenue Apartments","Rental","New Construction","13","85980","7851","3602","HOLLAND AVENUE","BX","12","1",,,,,,,,"13",,"10467","40.878939","-73.863805","212","12","2057803","2046610040","380","BX1201"
"7404","714 Beach Avenue Apartments","Rental","New Construction","9","0","7863","714","Beach Ave","BX",,"6","2","1",,,,"9",,,,"10473","40.819469","-73.86346","209","18","2000000","2035980012","38","BX0902"
"3741","H1H2 APARTMENTS","Rental","New Construction","316","999156","6073","35","Commercial St","BK","79","79","158",,,"66","68","111","71",,,"11222","40.736593","-73.957951","301","33","3428687","3024727504","56302","BK0101"
"7444","773 East 183 Street Apartments","Rental","New Construction","7","0","7886","773","E 183rd St","BX","5","2",,,,,,"7",,,,"10460","40.851373","-73.883359","206","15","2000000","2031140041","393","BX0603"
"1720","141 Woodbine Street Apartments","Rental","New Construction","3","989746","3142","141","WOODBINE STREET","BK",,"3",,,,,,,,"3",,"11221","40.692473","-73.916809","304","37","3076597","3033500040","417","BK0402"
"2116","WSFSSH AT WEST 108","Rental","New Construction","79","988143","3516","145","W 108th St","MN",,"53","18","8",,"10",,"69",,,,"10025","40.801173","-73.963393","107","07","1090749","1018637501","193","MN0703"
"4819","2438 Lyvere Gardens Apartments","Rental","New Construction","14","979527","6799","2438","LYVERE STREET","BX","2","11","1",,,,,,,"14",,"10461","40.842175","-73.852195","210","18","2042240","2039970046","204","BX1001"
"4936","Fabric Astoria 46th Homeownership","Owner","New Construction","10","0","6865","2254","46th St","QN",,"1","7","2",,,,"10",,,,"11105","40.769352","-73.903644","401","22","4624959","4007690025","137","QN0101"
"7363","1591 Jesup Avenue Apartments","Rental","New Construction","18","0","7819","1591","Jesup Ave","BX","3","11","4",,,,,,,"18",,"10452","40.845447","-73.918323","205","14","2000000","2028720243","21301","BX0501"
"4928","12-19 31st Drive Apartments","Rental","New Construction","6","417658","6848","12-19","31st drive","QN",,"2","4",,,,,,,"6",,"11106","40.767754","-73.934007","401","22","4620881","4005180003","77","QN0102"
"7310","Bedford Beverly Phase 1","Rental","New Construction","28","1020668","8072","158","LOTT STREET","BK","14","7","7",,,,,,,"28",,"11226","40.646001","-73.954087","317","40","3000000","3051350029","79202","BK1701"
"7423","Lighthouse Point - Units Still Available","Rental","New Construction","5","0","7878","35R","Bay St","SI",,,"5",,,,,,,"5",,"10301","40.6415","-74.075734","501","49",,,"3","SI0101"
"2250","2692 Creston Avenue","Rental","New Construction","4","958554","3789","2692","Creston Ave","BX",,"2","2",,,,,,,"4",,"10468","40.867537","-73.894755","207","14","2128768","2033140023","40304","BX0702"
"7352","The Orchard","Rental","New Construction","248","686190","7807","42-06","Orchard St","QN","81","107","55","5",,,,,,"248",,"11101","40.74817","-73.938805","402","26","4000000","4002650013","1902","QN0201"
"2452","2484 Bedford Avenue","Rental","New Construction","8","1001384","4013","2484","Bedford Ave","BK",,,"8",,,,,,,"8",,"11226","40.643121","-73.954561","314","40","3428925","3051670045","79201","BK1401"
"4534","The Sierra Chelsea","Rental","New Construction","11","836661","6494","130","WEST 15 STREET","MN","11",,,,,,,,,"11",,"10011","40.738519","-73.997492","104","03","1080572","1007907502","81","MN0401"
"5175","3545 White Plains Roads Apartment","Rental","New Construction","6","1014800","6982","3545","White Plains Rd","BX",,"4","2",,,,,,,"6",,"10467","40.878666","-73.865714","212","12","2129759","2046430048","378","BX1201"
"2298","648 Midwood Street Apartments - Units Still Available","Rental","New Construction","3","999667","3850","648","MIDWOOD STREET","BK",,"1","2",,,,,,,"3",,"11203","40.660824","-73.939072","309","40","3107093","3048050014","87401","BK0902"
"4009","40 Bruckner Boulevard Apartments","Rental","New Construction","110","1000143","6295","40","Bruckner Blvd","BX","16","54","40",,,,,,,"110",,"10454","40.806681","-73.92713","201","08","2129670","2022950051","1901","BX0101"
"1734","1214 Greene Avenue","Rental","New Construction","3","997276","3230","1214","Greene Ave","BK",,"1","2",,,,,,,"3",,"11221","40.695439","-73.922073","304","37","3426531","3032960041","419","BK0402"
"7409","The Garrison Units Still Available","Rental","New Construction","15","0","7869","151","Carlton Ave","BK",,"15",,,,,,,,"15",,"11205","40.692972","-73.972796","302","35",,,"183","BK0203"
"1862","410 Tompkins - Units Still Available","Rental","New Construction","3","990823","3225","410","Tompkins Ave","BK","2","1",,,,,,,,"3",,"11216","40.68313","-73.94388000000001","303","36","3425716","3018397502","267","BK0301"
"4386","1140 Grant Avenue Apartments","Rental","New Construction","15","82050","6545","1140","GRANT AVENUE","BX",,"5","2","8",,,,,,"15",,"10456","40.831784999999996","-73.916024","204","16","2002572","2024490014","18101","BX0401"
"4431","1541 New York Avenue","Rental","New Construction","3","343561","6516","1541","NEW YORK AVENUE","BK",,,"3",,,,,,,"3",,"11210","40.635204","-73.944979","317","45","3114069","3050080021","784","BK1702"
"5333","Grand Concourse Apartments","Rental","New Construction","25","1002864","7038","2017","Grand Concourse","BX","6","11","8",,,"3","14",,"8",,,"10453","40.851716","-73.904197","205","14","2000000","2028080090","23501","BX0502"
"7372","The Lotus","Rental","New Construction","48","1012012","7839","255","E 39th St","MN","2","39","7",,,,,"16",,"32",,"10016","40.748247","-73.974347","106","04",,,"88","MN0603"
"7453","87-57 150th Street AKA 150-02 Hillside Avenue Apartments","Rental","New Construction","18",,"7918","87-57","150th Street","QN",,"12","6",,,,,,,"18",,"11435","40.706564","-73.806545","412","27","4000000","4096970008","236","QN1201"
"1964","2741 Fulton Street Apartments","Rental","New Construction","3","297897","3304","2741","FULTON STREET","BK",,"1","2",,,,,,,"3",,"11207","40.678008","-73.893425","305","37","3083220","3036640052","1146","BK0501"
"4587","3831 Carpenter Avenue","Rental","New Construction","9","1012939","6596","3831","Carpenter Ave","BX","3","6",,,,,,,,"9",,"10467","40.885453","-73.865147","212","12","2129652","2046530085","394","BX1201"
"2046","26 Lawton Street","Rental","New Construction","3","323225","3550","26","LAWTON STREET","BK",,"3",,,,,,,,"3",,"11221","40.6954","-73.930447","304","34","3073414","3032290010","393","BK0401"
"7452","Cove 41","Rental","New Construction","3",,"7917","132-55","41 Road","QN",,"1","2",,,,,,,"3",,"11355","40.756043","-73.832307","407","20","4114189","4050390038","84902","QN0707"
"7422","Douglass Port Apartments","Rental","New Construction","65","0","7857","251","Douglass St","BK","11","19","35",,,,"26","26","13",,,"11217","40.680708","-73.985308","306","39","3006610","3004120050","127","BK0601"
"3213","101 Varet Street Apartments","Rental","New Construction","3","386465","4723","101","VARET STREET","BK","2","1",,,,,,,,"3",,"11206","40.703174","-73.941371","301","34","3071522","3031060029","491","BK0104"
"2299","Roosevelt Apartments Phase I","Rental","New Construction","2","998987","3837","108-55","ROOSEVELT AVENUE","QN",,"2",,,,,,,,"2",,"11368","40.750871","-73.858277","403","21","4619680","4017807505","40102","QN0303"
"7429","18-15 Linden Street - Units Still Available","Rental","New Construction","1","0","7893","18-15","Linden St","QN",,,"1",,,,,,,"1",,"11385","40.704015","-73.908852","405","34","4602514","4034390052","547","QN0502"
"3402","41-25 149th Place","Rental","New Construction","3","0","5860","42-41","149th Pl","QN",,,"3",,,,,,,"3",,"11355","40.759618","-73.813499","407","20",,,"1187","QN0705"
"5331","372 East 194th Street Apartments","Rental","New Construction","7","976785","7077","372","EAST 194 STREET","BX",,"6","1",,,,,,,"7",,"10458","40.86361","-73.890419","207","15","2016341","2032760031","39901","BX0701"
"7379","The Hana","Rental","New Construction","12",,"7845","45-10","215th Place","QN","6","5","1",,,,,,,"12",,"11361","40.760054","-73.766445","411","19","4000000","4073340070","1471","QN1102"
"7463","325 Bond Street Apartments","Rental","New Construction","153","0","7925","325","Bond St","BK","37","78","38",,,,"68","54","26","5",,"11231","40.679405","-73.989912","306","39","3000000","3004380001","75","BK0601"
"3861","2454 East 15th Street Apartments","Rental","New Construction","3","245576","6188","2454","EAST 15 STREET","BK",,"2","1",,,,,,,"3",,"11235","40.591069","-73.954942","315","48","3254241","3074160028","590","BK1503"
"2823","1232 50th Street Apartments","Rental","New Construction","3","154006","4160","1232","50 STREET","BK",,,"3",,,,,,,"3",,"11219","40.635264","-73.994041","312","44","3138035","3056480020","220","BK1202"
"2178","348 Nostrand Avenue - Units Still Available","Rental","New Construction","2","996472","3701","348","NOSTRAND AVENUE","BK",,"2",,,,,,,,"2",,"11216","40.687832","-73.951073","303","36","3426326","3017970059","243","BK0301"
"7437","779 East 181 Street Apartments","Rental","New Construction","3","0","7888","779","E 181st St","BX",,"3",,,,,,"3",,,,"10460","40.84756","-73.88535","206","15",,,"371","BX0602"
"3384","200 Montague Street Apartments","Rental","New Construction","38","994100","5840","200","MONTAGUE STREET","BK","8","18","8","4",,,,"1",,"37",,"11201","40.693903","-73.991129","302","33","3002107","3002500039","9","BK0201"
"7402","815 Kings Highway Apartments","Rental","New Construction","8","0","7862","815","Kings Hwy","BK",,,"8",,,,,,,"8",,"11223","40.606556","-73.964397","315","44","3000000","3066650014","418","BK1501"
"7393","449 Humboldt Street Apartments","Rental","New Construction","2","955521","7855","449","HUMBOLDT STREET","BK",,"2",,,,,,"2",,,,"11211","40.717906","-73.94324399999999","301","34","3322790","3027400024","497","BK0104"
"7474","Las Raices Apartments","Rental","New Construction","38","0","7945","1761","Park Ave","MN","7","19","12",,,,"21","17",,,,"10035","40.803258","-73.940329","111","09","1000000","1017710001","196","MN1102"
"2889","601 West 29th Street Apartments","Rental","New Construction","235","1005800","4184","601","W 29th St","MN","38","159","38",,,,"94","94","47",,,"10001","40.752825","-74.004681","104","03","1091671","1006750012","9902","MN0401"
"3008","4435 White Plain Road Apartments","Rental","New Construction","27","1007103","4550","4435","White Plains Rd","BX","11","15","1",,,,,,,"27",,"10470","40.899163","-73.853714","212","11","2129638","2050690045","414","BX1203"
"2530","2110 Hughes Avenue Apartments","Rental","New Construction","3","927554","3925","2110","Hughes Ave","BX",,"3",,,,,,,,"3",,"10457","40.849398","-73.890168","206","15","2127264","2030810006","373","BX0602"
"3460","30-41 31st Street Apartments","Rental","New Construction","3","1007039","5908","30-41","31 STREET","QN",,"2","1",,,,,,,"3",,"11102","40.765951","-73.922139","401","22","4008477","4006150020","63","QN0103"
"7351","2721 Colden Avenue Apartments","Rental","New Construction","13","0","7808","2721","Colden Ave","BX","2","8","3",,,,,"13",,,,"10469","40.866003","-73.859608","211","13","2000000","2045160046","342","BX1104"
"3650","CASA CELINA SENIOR","Rental","New Construction","134","120184","5974","1810","WATSON AVENUE","BX","106","28",,,,,"134",,,,,"10472","40.827858","-73.864953","209","18","2102921","2037300001","44","BX0901"
"1853","91 Franklin Avenue Apartments","Rental","New Construction","3","998273","3419","91","Franklin Ave","BK",,"1",,"2",,,,,,"3",,"11205","40.69605","-73.958319","303","33","3425883","3018990024","1237","BK0301"
"2069","Hooper Street Apartments","Rental","New Construction","5","313517","3477","293","HOOPER STREET","BK",,,"5",,,,,"5",,,,"11211","40.707299","-73.953894","301","34","3063606","3024630024","527","BK0102"
"2388","The Lois - Units Still Available","Rental","New Construction","52","970944","3768","350","CLARKSON AVENUE","BK","15","23","12","2",,,,,,"52",,"11226","40.655517","-73.94835","317","40","3426069","3048370027","818","BK1701"
"5105","18-15 Linden Street Apartments","Rental","New Construction","3","1011881","6946","18-15","Linden St","QN",,"1","2",,,,,,,"3",,"11385","40.704015","-73.908852","405","34","4602514","4034390052","547","QN0502"
"4468","413 Throop AVenue Apartments","Rental","New Construction","2","0","6497","413","Throop Ave","BK",,"1","1",,,,,,,"2",,"11221","40.688874","-73.942101","303","36","3000000","3018010001","279","BK0302"
"2446","43-46 51st Street Apartments","Rental","New Construction","23","981262","3537","50-11","QUEENS BOULEVARD","QN","2","14","7",,,,,"14",,"9",,"11377","40.742717","-73.914775","402","26","4618650","4013190021","25302","QN0202"
"4833","2777 Atlantic Avenue Apartments","Rental","New Construction","19","186124","6801","2777","ATLANTIC AVENUE","BK","6","13",,,,,"6","8",,"5",,"11207","40.67636","-73.891747","305","37","3427362","3039460042","1198","BK0502"
"2252","933 Rogers Avenue Apartments","Rental","New Construction","10","993206","3788","933","ROGERS AVENUE","BK","2","2","6",,,,,,,"10",,"11226","40.647479","-73.952119","317","40","3117824","3051290041","824","BK1701"
"3656","3436 Kingsbridge Avenue Apartments","Rental","New Construction","12","89750","6043","3436","KINGSBRIDGE AVENUE","BX","3","3","6",,,,,,,"12",,"10463","40.882783","-73.903645","208","11","2083687","2057600123","287","BX0802"
"1667","380 Grove Street Apartments","Rental","New Construction","12","305043","2966","380","GROVE STREET","BK","2","6","4",,,,,,,"12",,"11237","40.700371","-73.913715","304","37","3076177","3033280026","441","BK0401"
"2675","173 Morningside Avenue - Units Still Available","Rental","New Construction","1","996243","4271","173","MORNINGSIDE AVENUE","MN",,,"1",,,,,,,"1",,"10027","40.812494","-73.953243","109","09","1090564","1019530062","21303","MN0902"
"2189","37 Montrose Avenue - Re-Rental","Rental","New Construction","3","984321","3712","37","MONTROSE AVENUE","BK",,"3",,,,,,,,"3",,"11206","40.706811","-73.948751","301","34","3071055","3030490037","511","BK0104"
"4418","Norwood Terrace Waiting List","Rental","New Construction","56","120756","6496","3349","WEBSTER AVENUE","BX",,"17","37","2",,,"3","53",,,,"10467","40.877965","-73.871769","207","11","2128753","2033550121","42902","BX0703"
"7474","Las Raices Apartments","Rental","New Construction","16","0","7948","505","E 118th St","MN","4","5","4","3",,,"8","8",,,,"10035","40.796284","-73.932007","111","08","1000000","1018150006","178","MN1102"
"2450","JEROME AVENUE APARTMENTS","Rental","New Construction","60","989049","3970","1769","Jerome Ave","BX","22","5","29","4",,,,"60",,,,"10453","40.848423","-73.911846","205","14","2130601","2028617501","217","BX0501"
"2583","601 West 148th Street Cooperatives","Owner","Preservation","8","8083","3738","601","WEST 148 STREET","MN",,"1","7",,,,,,"8",,,"10031","40.828503","-73.949383","109","07","1062436","1020950029","233","MN0903"
"3794","577 East 161st Street","Rental","New Construction","4","1008704","6137","577","E 161 St","BX","2","1","1",,,,,,,"4",,"10456","40.822283","-73.908806","203","17","2130585","2026200053","141","BX0301"
"7448","169-30 90th Avenue Apartments","Rental","Preservation","16","498898","7914","169-17","90th Avenue","QN","2","6","8",,,,,,,"16",,"11432","40.708478","-73.791409","412","27","4000000","4098030006","460","QN1201"
"7438","107 Mott Street Apartments","Rental","New Construction","3","0","7903","107","Mott St","MN",,"3",,,,,,"1",,"2",,"10013","40.717418","-73.997399","102","01","1091657","1002050025","41","MN0201"
"4650","34-21 109th Street","Rental","New Construction","2","987955","6729","34-21","109 STREET","QN",,"1","1",,,,,,,"2",,"11368","40.756129","-73.859569","403","21","4043689","4017530115","381","QN0303"
"4675","1014 Ogden Avenue Apartments","Rental","New Construction","16","1012674","6735","1014","Ogden Ave","BX","6","10",,,,,,,,"16",,"10452","40.833391","-73.929107","204","16","2000000","2025120005","189","BX0402"
"7395","584 Gates Avenue Apartments","Rental","New Construction","9","0","7859","584","Gates Ave","BK",,"9",,,,,,,,"9",,"11221","40.687164","-73.942283","303","36","3332253","3018150040","265","BK0301"
"2040","168 Force Tube Avenue Apartments","Rental","New Construction","8","345797","3182","168","FORCE TUBE AVENUE","BK",,"3","4","1",,,,,,"8",,"11208","40.682981","-73.878923","305","37","3319710","3041240018","1174","BK0501"
"2001","3 West 128th Street - Units Still Available","Rental","New Construction","2","39938","3539","3","WEST 128 STREET","MN",,"2",,,,,,,,"2",,"10027","40.808558","-73.941368","110","09","1089812","1017260132","208","MN1002"
"3722","134-16 36 Road Apartments","Rental","New Construction","8","641247","6049","133-33","36th Rd","QN","1","5","2",,,,,,,"8",,"11354","40.761174","-73.834658","407","20","4112214","4049680024","869","QN0707"
"7439","75-42 Grand Central Parkway","Rental","Preservation","3","0","7902","75-42","Grand Central Pkwy","QN",,"2","1",,,,,,,"3",,"11375","40.7188","-73.834226","406","29","4052774","4022650103","75701","QN0602"
"2802","535 East 12th Street Apartments","Rental","New Construction","11","11870","4393","535","E 12th St","MN","1","10",,,,,,,,"11",,"10009","40.728708","-73.980405","103","02","1091639","1004060047","34","MN0303"
"1840","2001 Arthur Avenue Apartments","Rental","New Construction","14","46149","3357","2001","ARTHUR AVENUE","BX",,"8","6",,,,,,,"14",,"10457","40.847394","-73.892799","206","15","2094641","2030680033","37504","BX0602"
"5341","Trylon Tower Apartments","Rental","New Construction","43","1009169","7086","98-81","Queens Blvd","QN",,"33","9","1",,,"17","19","7",,,"11374","40.727612","-73.855473","406","29","4000000","4021050001","71304","QN0602"
"3596","659 East 222nd Street Apartments","Rental","New Construction","3","1007124","5996","659","E 222nd St","BX","1","2",,,,,,,,"3",,"10467","40.886192","-73.863179","212","12","2130470","2048240025","394","BX1201"
"3350","325 Lafayette Avenue Apartments - Units Still Available`","Rental","New Construction","16","987604","5776","325","LAFAYETTE AVENUE","BK","14","2",,,,,,,,"16",,"11238","40.688594","-73.962568","302","35","3055380","3019337501","193","BK0204"
"4710","90 Liberty Avenue Apartments","Rental","New Construction","3","1007093","6755","90","LIBERTY AVENUE","BK",,"1","2",,,,,,,"3",,"11212","40.672781","-73.90737","316","37","3425974","3036920016","908","BK1602"
"2268","321 Wythe Avenue - Waiting List","Rental","New Construction","39","988599","3809","321","WYTHE AVENUE","BK",,"17","22",,,,,,,"39",,"11249","40.71394","-73.965288","301","34","3425680","3024160001","551","BK0102"
"3948","99-45 66th Avenue Apartments","Rental","New Construction","4","458509","6247","99-45","66 AVENUE","QN",,"4",,,,,,,,"4",,"11374","40.728445","-73.854439","406","29","4050958","4021167503","71304","QN0602"
"7376","Maison Bond Apartments","Rental","Preservation","18","211137","7813","335","BOND STREET","BK",,"9","9",,,,"7","7","4",,,"11231","40.679018","-73.990179","306","39","3000000","3004450001","75","BK0601"
"2223","Austin 147","Rental","New Construction","16","63584","3736","880","EAST 147 STREET","BX","1","4","11",,,,"10","6",,,,"10455","40.810326","-73.904325","201","08","2004081","2026007502","31","BX0101"
"7385","3217 Westchester Avenue","Rental","New Construction","11","1017831","7837","3217","WESTCHESTER AVENUE","BX","4","6","1",,,,,"11",,,,"10461","40.851863","-73.829423","210","13","2000000","2042450016","300","BX1003"
"3875","36-45 Prince Street Apartments","Rental","New Construction","2","424220","6201","36-45","Prince St","QN",,"1","1",,,,,,,"2",,"11354","40.761339","-73.832857","407","20","4618583","4049710001","869","QN0707"
"3898","The Eliza","Rental","New Construction","138","8337","6215","4790","Broadway","MN","34","59","38","7",,"17","35","86",,,,"10034","40.865947","-73.926075","112","10","1091724","1022337501","291","MN1203"
"4591","ROCKAWAY VILLAGE PHASE 4 APARTMENTS","Rental","New Construction","110","1000221","6474","1605","Village Ln","QN","8","37","54","11",,"12","33","65",,,,"11691","40.606446","-73.752314","414","31","4000000","4155377501","103202","QN1401"
"2819","48 Bleecker Street Apartments","Rental","New Construction","3","1004291","4436","48","Bleecker St","BK",,"1","2",,,,,,,"3",,"11221","40.694072","-73.922245","304","37","3428946","3033050012","419","BK0402"
"7427","28 Spencer Place Apartments","Rental","New Construction","5","0","7889","28","Spencer Pl","BK",,"3","2",,,,,,,"5",,"11216","40.681252","-73.954489","303","36","3000000","3019990029","227","BK0301"
"4189","45-57 Davis Street Apartments - Waiting List","Rental","New Construction","48","999682","6420","45-57","DAVIS STREET","QN","12","23","12","1",,,,,,"48",,"11101","40.744259","-73.944615","402","26","4000715","4000850030","1901","QN0201"
"2144","314 Troutman Street Apartments","Rental","New Construction","2","381909","3325","314","TROUTMAN STREET","BK",,"2",,,,,,,"2",,,"11237","40.704271","-73.925118","304","34","3072556","3031870024","427","BK0401"
"2136","1044 Bedford Avenue Apartment - Units Still Available","Rental","New Construction","5","996161","3662","1044","BEDFORD AVENUE","BK",,"4","1",,,,,,,"5",,"11205","40.68922","-73.955089","303","36","3426102","3019500033","233","BK0301"
"2767","1259 Bedford Avenue Apartments","Rental","New Construction","14","205596","4354","1259","Bedford Ave","BK","6","6","2",,,,,,,"14",,"11216","40.680016","-73.953235","303","36","3429001","3018607502","247","BK0301"
"4657","60 Cedar Street Apartments","Rental","New Construction","42","1013976","6731","60","Cedar St","BK","10","11","21",,,,,,,"42",,"11221","40.69721","-73.927329","304","34","3429267","3032320005","423","BK0401"
"7467","Astoria Cove Phase 1(A)","Rental","New Construction","33","0","7934","442","26th Ave","QN","5","17","11",,,,,"19",,"14",,"11102","40.776048","-73.93228","401","22","4020640","4009080012","87","QN0102"
"3084","Soundview Cooperatives Phase III","Owner","New Construction","24","1010880","4614","351","Bronx River Ave","BX",,"13","3","8",,,,,"24",,,"10473","40.814455","-73.866845","209","18","2129205","2035150020","2001","BX0902"
"2266","Muller Apartments - 555 Nereid Avenue","Rental","New Construction","35","99387","3762","555","NEREID AVENUE","BX","35",,,,,,,"35",,,,"10470","40.899871","-73.857923","212","11","2070559","2050650001","414","BX1203"
"2783","539  Vanderbilt Avenue","Rental","New Construction","80","995212","3975","539","Vanderbilt Ave","BK","25","25","26","4",,,,"54",,"26",,"11238","40.682264","-73.967633","302","35","3057522","3020107505","199","BK0204"
"4310","4023 10th Avenue Apartments","Rental","New Construction","3","982307","6491","4023","10 AVENUE","BK",,"1","2",,,,,,,"3",,"11219","40.643885","-73.993658","312","38","3426644","3055870002","110","BK1201"
"4846","828 Metropolitan Avenue Apartments","Rental","New Construction","35","0","6808","828","Metropolitan Ave","BK","3","19","13",,,,"14","14","4","3",,"11211","40.71468","-73.940816","301","34","3000000","3029160014","481","BK0104"
"3451","260 Gold Street Apartments Waitlist","Rental","New Construction","86","996886","5903","260","GOLD STREET","BK","14","46","22","4",,,,,,"86",,"11201","40.696652","-73.983184","302","33","3000220","3001210003","1501","BK0202"
"7413","Brownsville Crossing","Rental","New Construction","13","0","7801","216","Sackman St","BK","2","7","3","1",,"1","4","8",,,,"11212","40.672691","-73.905679","316","37","3000000","3036930022","908","BK1602"
"4259","1111 Foster Waitlist","Rental","New Construction","18","1005663","6459","1039","CONEY ISLAND AVENUE","BK","4","8","4","2",,,,,,"18",,"11230","40.632454","-73.966811","314","45","3382135","3052327501","526","BK1402"
"3258","Home Simpson Apartments","Rental","New Construction","27","993152","5759","1210","Simpson St","BX","1","11","14","1",,,,"27",,,,"10459","40.828963","-73.892887","203","17","2130453","2029757501","125","BX0303"
"7405","1985 Jerome Avenue Apartments","Rental","New Construction","28","88863","7865","1985","JEROME AVENUE","BX",,"22","6",,,,"11","17",,,,"10453","40.85234","-73.908718","205","14","2128676","2028630050","243","BX0501"
"4355","Mt. Hope Walton Apartments","Rental","New Construction","86","119074","6354","1761","WALTON AVENUE","BX",,"52","20","14",,"10","25","51",,,,"10453","40.847297","-73.910434","205","14","2120490","2028500063","22701","BX0502"
"4519","1716 East 54th Street Apartments","Rental","New Construction","4","270046","6643","1716","EAST 54 STREET","BK",,,"4",,,,,,,"4",,"11234","40.615785","-73.922653","318","46","3239752","3084930061","682","BK1801"
"2693","The Ariel at 44-46 Purves Street","Rental","New Construction","15","954169","4297","44-46","PURVES STREET","QN","3","11","1",,,,,,,"15",,"11101","40.746717","-73.941018","402","26","4607819","4002680031","1902","QN0201"
"5098","435 Coney Island Apartments","Rental","New Construction","39","1012748","6941","435","Coney Island Ave","BK","22","17",,,,,,"26",,"13",,"11218","40.647123","-73.971052","314","40","3000000","3050700019","506","BK1402"
"4656","369 Quentin Road Apartments","Rental","New Construction","14","994567","6703","369","Quentin Rd","BK",,,"13","1",,,,"14",,,,"11223","40.606723","-73.972197","315","44","3430058","3066330045","422","BK1501"
"7462","170 Freeman Street Apartments","Rental","New Construction","21","995716","7383","170","FREEMAN STREET","BK","3","13","5",,,,,"11",,"10",,"11222","40.734481","-73.954532","301","33","3000000","3025130006","575","BK0101"
"7417","Renaissance HDFC - Waitlist","Owner","Preservation","240","818428","7836","120","LENOX AVENUE","MN",,"9","142","89",,,,,,"180","60","10026","40.802162","-73.949569","110","09","1085936","1016007501","190","MN1001"
"3174","45-57 Davis Street Apartments - Units Still Available","Rental","New Construction","16","999682","4630","45-57","DAVIS STREET","QN","12","4",,,,,,,,"16",,"11101","40.744259","-73.944615","402","26","4000715","4000850030","1901","QN0201"
"2097","101 Bruckner Blvd","Rental","New Construction","17","998360","3573","101","Bruckner Blvd","BX","1","16",,,,,,,,"17",,"10454","40.805265","-73.923722","201","08","2129129","2022780070","1902","BX0101"
"2726","40-53 Junction Boulevard Apartments","Rental","New Construction","3","1005537","4176","4053","Junction Blvd","QN",,"3",,,,,,,,"3",,"11368","40.747826","-73.868634","404","21","4040211","4016050049","37501","QN0402"
"1836","Uptown 6","Rental","Preservation","12","41280","3049","122","WEST 139 STREET","MN","7",,"5",,,,,"12",,,,"10030","40.817253","-73.940436","110","09","1060042","1020070048","230","MN1002"
"4497","340 Lenox Road Apartments","Rental","New Construction","14","1013366","6601","340","Lenox Rd","BK","4","10",,,,,,,,"14",,"11226","40.654252","-73.948268","317","40","3429424","3048530041","818","BK1701"
"3321","875 4th Avenue Apartments","Rental","New Construction","45","128950","5808","875","4 AVENUE","BK","6","29","10",,,,,"27",,"18",,"11232","40.656237","-74.002408","307","38","3010094","3006810001","101","BK0702"
"7368","727 East 215th Street Apartments","Rental","New Construction","3","68177","7832","727","E 215th St","BX",,"3",,,,,,"3",,,,"10467","40.880302","-73.863462","212","12","2057917","2046630085","390","BX1201"
"2195","50 PENN","Rental","New Construction","175","297856","3727","2628","FULTON STREET","BK","35","75","47","18",,"22","66","87",,,,"11207","40.677123","-73.897742","305","37","3000000","3036697501","1198","BK0502"
"7382","1451 Sutter Avenue Apartments","Rental","New Construction","17","0","7849","1451","Sutter Ave","BK","7","3","7",,,,,"17",,,,"11208","40.673907","-73.864238","305","42","3000000","3042570040","1200","BK0505"
"2201","516-518 East 147th Street Apartments","Rental","New Construction","3","992041","3741","518","E 147th St","BX",,"3",,,,,,,,"3",,"10455","40.813345","-73.914931","201","08","2129008","2022720110","43","BX0101"
"7447","1435 East Gunhill Road Apartments","Rental","New Construction","4","0","7911","1435","E Gun Hill Rd","BX",,"4",,,,,,"4",,,,"10469","40.869376","-73.844126","212","12","2000000","2047620102","358","BX1202"
"4810","2411 64th Street Apartments","Rental","New Construction","3","164724","6795","2411","64th St","BK",,"1","2",,,,,,,"3",,"11204","40.611511","-73.975926","311","44","3429591","3065617501","436","BK1101"
"3147","63 Lewis Avenue","Rental","New Construction","5","1007024","4669","63","Lewis Ave","BK",,"5",,,,,,,,"5",,"11206","40.69553","-73.937537","303","36","3429578","3015890006","287","BK0302"
"3443","14-43 31st Avenue Apartments","Rental","New Construction","7","1007131","5893","14-43","31 AVENUE","QN","3","4",,,,,,,,"7",,"11106","40.767686","-73.930671","401","22","4619752","4005340007","79","QN0102"
"7418","AURA - Units Still Available","Rental","Preservation","27","1016636","7846","23-10","42 ROAD","QN","21","6",,,,,,,,"27",,"11101","40.750555","-73.942664","402","26","4624033","4004280019","1903","QN0201"
"7434","598 Saratoga Avenue Apartments","Rental","New Construction","2","0","7899","598","Saratoga Ave","BK",,,,"1","1",,,"2",,,,"11212","40.666598","-73.916776","316","41",,,"900","BK1602"
"4559","One Archer-Waiting List","Rental","New Construction","94","0","6668","160-05","Archer Ave","QN","22","55","17",,,,,,,"94",,"11433","40.702792","-73.798221","412","27","4000000","4101010150","44601","QN1201"
"5313","Jasper Hunter's Point Apartments","Rental","New Construction","150","439503","7024","2-33","50th Ave","QN","17","90","41","2",,,,,,"150",,"11101","40.743499","-73.95808","402","26","4625206","4000170001","101","QN0201"
"2865","One Blue Slip - Units Still Available","Rental","New Construction","33","948192","4460","1","Blue Slip","BK","17","13","3",,,,,,,"33",,"11222","40.736165","-73.959012","301","33","3418101","3024727503","56302","BK0101"
"5350","87-34 124th Street Apartments","Rental","New Construction","4","0","7083","87-34","124 STREET","QN",,"2","2",,,,,,,"4",,"11418","40.699887","-73.826137","409","29","4196020","4093320020","14201","QN0902"
"3100","23-61 31st Street-Units Still Available","Rental","New Construction","2","417923","4448","23-61","31 STREET","QN",,"2",,,,,,,,"2",,"11105","40.773","-73.914509","401","22","4017173","4008350014","115","QN0101"
"2654","The Henry - 2395 Palisade Avenue","Rental","New Construction","17","100989","4229","2395","PALISADE AVENUE","BX","3","8","6",,,,,,,"17",,"10463","40.87934","-73.92061","208","11","2130523","2057160264","29301","BX0803"
"2227","1259 51st Street - Units Still Available","Rental","New Construction","1","992631","3766","1259","51 STREET","BK",,,"1",,,,,,,"1",,"11219","40.634369","-73.994041","312","44","3138051","3056480053","220","BK1202"
"3449","Woodside Central","Rental","New Construction","55","991092","5898","46-10","70th St","QN","16","28","11",,,,,"55",,,,"11377","40.739613","-73.894214","402","26","4623447","4024327502","489","QN0203"
"3823","142 Richards Street - Units Still Available","Rental","New Construction","4","1003184","6153","142","RICHARDS STREET","BK",,"3","1",,,,,,,"4",,"11231","40.677267","-74.0103","306","38","3426417","3005560024","5301","BK0601"
"2848","625 Driggs Avenue Apartments","Rental","New Construction","6","982106","4452","625","Driggs Ave","BK","2","2","2",,,,,"4",,"2",,"11211","40.715286","-73.958303","301","34","3427241","3023537503","519","BK0102"
"1718","182 Jefferson Street Apartments","Rental","New Construction","3","976697","3135","182","JEFFERSON STREET","BK",,"1","2",,,,,,,"3",,"11206","40.701325","-73.929179","304","34","3319556","3031730016","425","BK0401"
"7391","585 Jackson Avenue Apartments","Rental","New Construction","16","0","7856","585","Jackson Ave","BX","9","7",,,,,,"16",,,,"10455","40.814117","-73.90877","201","08","2004422","2026230165","73","BX0102"
"7440","121 Mount Hope Place Apartments","Rental","New Construction","6","0","7904","121","Mt Hope Pl","BX","6",,,,,,,"6",,,,"10453","40.848741","-73.907721","205","14","2007633","2028050063","23301","BX0502"
"7410","Gail P. Duke Senior Residence","Rental","Preservation","47","0","7828","350","Livonia Ave","BK","24","23",,,,,"47",,,,,"11212","40.663174","-73.90463","316","41","3000000","3038110017","918","BK1602"
"2334","196 Willoughby Street Apartments","Rental","New Construction","143","1002406","3909","196","Willoughby St","BK","45","71","27",,,,,,,"143",,"11201","40.69195","-73.97996499999999","302","35","3426373","3020857502","3101","BK0203"
"4049","61-13 Utopia Parkway","Rental","New Construction","3","0","6347","6113","Utopia Pkwy","QN",,"1","2",,,,,,,"3",,"11365","40.73866","-73.792942","408","24","4623885","4070700047","1341","QN0803"
"2840","33 Bond Street - Wait List","Rental","New Construction","180","977563","4287","33","BOND STREET","BK","65","65","50",,,,"72","72","36",,,"11201","40.688643","-73.983658","302","33","3422112","3001667502","37","BK0202"
"7433","715 East 216th Street Apartments","Rental","New Construction","5","0","7898","715","E 216th St","BX","2","3",,,,,,"5",,,,"10467","40.881213","-73.863207","212","12","2000000","2046640042","390","BX1201"
"3117","31-07 Astoria Apartments","Rental","New Construction","3","987953","4517","31-07","31st Ave","QN",,"1","2",,,,,,,"3",,"11106","40.764283","-73.9233","401","22","4623225","4006157502","63","QN0103"
"7589","534 Third Avenue Apartments","Rental","New Construction","40","0","8098","534","3rd Ave","MN","21","12","7",,,,"16","16",,"8",,"10016","40.74676","-73.977383","106","04","1000000","1008910044","80","MN0603"
"2779","Amanda's Cove Waiting List","Rental","New Construction","2","947763","4342","2902","ELY AVENUE","BX",,,,"2",,,,,"2",,,"10469","40.869919","-73.835838","212","12","2112930","2047960138","46208","BX1202"
"5260","2232 Kimball Street - Units Still Available","Rental","New Construction","2","948620","7025","2232","KIMBALL STREET","BK",,,"2",,,,,,,"2",,"11234","40.607722","-73.924146","318","46","3242302","3085560055","662","BK1802"
"4218","Arthur Avenue Senior Apartments - Waiting List","Rental","New Construction","122","986550","6435","600","EAST 179 STREET","BX","48","74",,,,,"122",,,,,"10457","40.847915","-73.892263","206","15","2129261","2030680069","373","BX0602"
"7541","1004 Summit Avenue Apartments","Rental","New Construction","3","0","8000","1004","SUMMIT AVENUE","BX","2","1",,,,,,"3",,,,"10452","40.83348","-73.930035","204","16","2003456","2025250002","189","BX0402"
"5184","27-01 Jackson Avenue Apartments","Rental","New Construction","41","667137","6951","27-01","JACKSON AVENUE","QN","6","10","25",,,,,"7","16","18",,"11101","40.747685","-73.940805","402","26","4620935","4004320021","1902","QN0201"
"3549","841a Morris Park Avenue Apartments","Rental","New Construction","3","0","5944","841","Morris Park Ave","BX",,"3",,,,,,,,"3",,"10462","40.846252","-73.861204","211","13",,,"232","BX1101"
"3118","2817 Atlantic Avenue Apartments","Rental","New Construction","14","185776","4652","2817","ATLANTIC AVENUE","BK",,"2","9","3",,,"7","7",,,,"11207","40.676641","-73.89019","305","37","3087808","3039480043","1198","BK0502"
"7512","38-16 Crescent Street Apartments","Rental","New Construction","3","0","7982","38-16","Crescent St","QN",,"3",,,,,,"3",,,,"11101","40.755525","-73.936066","401","26","4000000","4003880018","3302","QN0105"
"2724","990 Woodycrest Avenue Apartments","Rental","New Construction","8","1004320","4171","990","Woodycrest Ave","BX","2","2","4",,,,,,,"8",,"10452","40.832279","-73.928259","204","16","2130514","2025070018","189","BX0402"
"7493","22 Frost Street Apartments - Units Still Avaliable","Rental","New Construction","2","0","7965","22","Frost St","BK","2",,,,,,,,,"2",,"11211","40.717468","-73.951185","301","33","3000000","3027360014","515","BK0102"
"7590","269 Van Cortlandt Avenue E","Rental","New Construction","6","0","8088","269","Van Cortlandt Ave E","BX","2","1",,"3",,,,"6",,,,"10467","40.876657","-73.880389","207","11","2018040","2033360008","419","BX0703"
"2161","Parker West 214 West 72nd Street Apartments","Rental","New Construction","1","983770","3685","214","WEST 72 STREET","MN",,,,"1",,,,"1",,,,"10023","40.779041","-73.982665","107","06","1030422","1011637504","159","MN0701"
"2269","2746 Fulton Street Units Still Available","Rental","New Construction","1","994466","3832","2746","FULTON STREET","BK",,,"1",,,,,,,"1",,"11207","40.677791","-73.89323","305","37","3083379","3036740016","1198","BK0502"
"4095","97-01 55th Avenue Apartments","Rental","New Construction","3","443399","6338","97-01","55 AVENUE","QN",,"1","2",,,,,,,"3",,"11368","40.738676","-73.864521","404","21","4047018","4018970004","44302","QN0402"
"4512","1120 Nelson Avenue Apartments","Rental","New Construction","14","0","6639","1120","Nelson Ave","BX","13","1",,,,,,,,"14",,"10452","40.835665","-73.926752","204","16","2000000","2025130043","199","BX0402"
"7521","673 & 675 East 32nd Street","Rental","New Construction","2","1020696","8006","673","EAST 32 STREET","BK",,"2",,,,,,,,"2",,"11210","40.634881","-73.945938","317","45","3428757","3050070011","78602","BK1702"
"5538","Lenox Avenue HDFC Cooperative ANCP Cluster","Owner","Preservation","16","40420","7019","135","WEST  132 STREET","MN","5",,"8","3",,,,,"16",,,"10027","40.812676","-73.94337","110","09","1058151","1019170016","226","MN1002"
"7528","3530 Willett Avenue","Rental","New Construction","2","0","7998","3530","Willett Ave","BX",,"2",,,,,,"2",,,,"10467","40.878341","-73.867017","212","12",,,"378","BX1201"
"3192","110 Thatford Avenue Apartments","Rental","New Construction","7","1007042","4702","110","THATFORD AVENUE","BK",,"3","3","1",,,,,,"7",,"11212","40.669102","-73.909628","316","41","3425917","3035227501","906","BK1602"
"7475","The Pecora","Rental","New Construction","56","0","7950","41-08","CRESCENT STREET","QN","17","24","15",,,,,,,"56",,"11101","40.751972","-73.93935","401","26","4005002","4004140023","3301","QN0105"
"7483","105 Hawthorne Street Apartments","Rental","New Construction","3","0","7958","105","Hawthorne St","BK","3",,,,,,,"3",,,,"11225","40.65742","-73.957251","309","40","3115524","3050420067","79601","BK0902"
"2066","2494 Amsterdam Avenue Apartment","Rental","New Construction","3","953604","3538","2494","AMSTERDAM AVENUE","MN","1","2",,,,,,"3",,,,"10033","40.849712","-73.929773","112","10","1090762","1021550089","269","MN1202"
"4077","703 West 171st street Apartments","Rental","New Construction","3","891566","6343","703","WEST 171 STREET","MN",,"2","1",,,,,"3",,,,"10032","40.844146","-73.941351","112","10","1089587","1021390199","255","MN1201"
"7543","PENINSULA 1221 & 1225 Spofford Avenue","Rental","New Construction","113","0","7994","1221","Spofford Ave","BX","23","18","48","18","6","11","34","68",,,,"10474","40.813893","-73.890566","202","17",,,"9301","BX0201"
"7498","The Rowan","Rental","New Construction","9","108616","7969","3870","SEDGWICK AVENUE","BX",,"6","3",,,,,"9",,,,"10463","40.882992","-73.894373","208","11","2015232","2032460073","409","BX0702"
"2585","874 Willoughby Avenue Apartments","Rental","New Construction","28","949245","4039","874","WILLOUGHBY AVENUE","BK",,"18","10",,,,,"19",,"9",,"11221","40.695665","-73.93357","303","36","3423327","3015930023","287","BK0302"
"1876","Gloria Bleecker - Units Still Available","Rental","New Construction","6","994051","3424","387","BLEECKER STREET","BK",,"3","3",,,,,,,"6",,"11237","40.702232","-73.914236","304","37","3075549","3033020042","441","BK0401"
"2602","2203 Clarendon Road Apartments","Rental","New Construction","7","1002744","4242","2203","Clarendon Rd","BK",,"1","5","1",,,,,,"7",,"11226","40.642787","-73.956273","314","40","3425803","3051660051","79201","BK1401"
"2276","1755 WATSON AVE LLC","Rental","New Construction","283","984306","3801","1755","WATSON AVENUE","BX","74","117","71","21",,"33","81","75","94",,,"10472","40.827537","-73.867455","209","18","2024208","2037517501","70","BX0901"
"7492","West Harlem Renaissance","Rental","Preservation","21","0","7964","103-109","W 141st St","MN",,"3",,"18",,,"6","15",,,,"10030","40.818117","-73.938574","110","09","1060089","1020100024","230","MN1002"
"7516","50 Commercial Street Apartments","Rental","New Construction","10","0","7996","50","Commercial St","BK",,"5","5",,,,,"6",,"4",,"11222","40.736826","-73.957485","301","33","3000000","3024820001","56302","BK0101"
"4192","Vida aka 43-15 52nd Street Apartments","Rental","New Construction","23","1004233","6410","43-15","52nd St","QN",,"13","10",,,,"9","9","3","2",,"11377","40.743792","-73.912547","402","26","4000000","4013210016","25302","QN0202"
"3123","Astoria West Phase 2","Rental","New Construction","80","416381","4645","11-12","30 DRIVE","QN","8","61","11",,,,,,,"80",,"11102","40.770235","-73.934066","401","22","4623158","4005040122","81","QN0102"
"7474","Las Raices Apartments","Rental","New Construction","5","18898","7946","303","EAST 102 STREET","MN","3",,"2",,,,"4","1",,,,"10029","40.788016","-73.944199","111","08","1091726","1016740104","164","MN1101"
"7300","MBD New Heights Apartments","Rental","New Construction","24","115154","7742","1105","TINTON AVENUE","BX",,"17","7",,,"1","6","17",,,,"10456","40.826737","-73.901457","203","17","2004707","2026610052","135","BX0301"
"7555","217 Bedford Park Boulevard Apartments","Rental","New Construction","6","0","8038","217","Bedford Park Blvd","BX","6",,,,,,,"6",,,,"10458","40.871674","-73.887304","207","14","2017212","2033060052","413","BX0702"
"4273","352 Meeker Avenue Apartments","Rental","New Construction","9","1010119","6467","352","Meeker Ave","BK",,"9",,,,,,,,"9",,"11211","40.717639","-73.947895","301","34","3429036","3027380010","501","BK0104"
"1885","1225 42nd Street","Rental","New Construction","2","999265","3417","1225","42 STREET","BK",,,"2",,,,,,,"2",,"11219","40.639855","-73.989529","312","39","3135707","3055930060","224","BK1202"
"7527","786 Fairmount Place","Rental","Preservation","2","77573","8004","786","FAIRMOUNT PLACE","BX",,"1","1",,,,,"2",,,,"10460","40.842763","-73.889182","206","15","2010022","2029540020","36502","BX0602"
"3338","43-17 & 43-19 108 Street Apartments","Rental","New Construction","3","0","5791","43-19","108th St","QN",,"3",,,,,,,,"3",,"11368","40.748521","-73.857615","404","21","4000000","4019990065","40101","QN0402"
"4505","The MiMa - Waiting List","Rental","New Construction","161","934933","6534","450","WEST 42 STREET","MN","86","52","23",,,,"140","21",,,,"10036","40.759184","-73.994448","104","03","1088437","1010517502","115","MN0402"
"2163","Washington Manor Apartments","Rental","New Construction","9","992662","3305","1969","WASHINGTON AVENUE","BX",,"6","3",,,,,"9",,,,"10457","40.848647","-73.897167","206","15","2128923","2030350044","395","BX0602"
"1797","148 Bleecker Street Apartment","Rental","New Construction","8","996509","3320","148","BLEECKER STREET","BK","1","3","4",,,,,,,"8",,"11221","40.69625","-73.920104","304","37","3325707","3033060018","419","BK0402"
"4341","673 Hart Street","Rental","New Construction","9","0","6512","673","Hart St","BK",,"5","4",,,,,,,"9",,"11221","40.698845","-73.925777","304","34","3428954","3032187501","423","BK0401"
"1749","83-67 116th Street Apartments","Rental","New Construction","14","530526","3176","83-67","116 STREET","QN","4","6","4",,,,,,,"14",,"11418","40.704521","-73.835823","409","29","4617666","4033210175","134","QN0901"
"7518","Belle Garden Phase II","Owner","Preservation","10","311527","7992","444","HERKIMER STREET","BK",,"2","8",,,,,,"10",,,"11213","40.679054","-73.93902","303","36","3000000","3018710043","271","BK0302"
"7571","Botanic Heights","Rental","New Construction","91","0","8063","960","Franklin Ave","BK",,"62","29",,,,,,,"91",,"11225","40.665392","-73.959888","309","35","3000000","3011920040","213","BK0901"
"2779","Amanda's Cove Waiting List","Rental","New Construction","8","853820","4312","3210","OLINVILLE AVENUE","BX",,"1","5","2",,,,"6","2",,,"10467","40.871854","-73.868238","212","12","2056207","2045950004","374","BX1201"
"2940","TRIO","Rental","New Construction","11","0","4513","27-19","Thomson Ave","QN","1","7","3",,,,,,,"11",,"11101","40.746303","-73.942452","402","26","4000694","4000817502","1901","QN0201"
"4527","194 Buffalo Avenue Apartments","Rental","New Construction","3","1014654","6648","194","Buffalo Ave","BK",,"3",,,,,,,,"3",,"11213","40.672536","-73.925211","308","41","3000000","3013680050","347","BK0802"
"3675","438 Union Avenue Apartments","Rental","New Construction","4","1007606","6052","438","UNION AVENUE","BK",,"4",,,,,,,,"4",,"11211","40.713455","-73.951519","301","34","3068769","3027610005","513","BK0102"
"2312","3315 & 3317 Parkside Place","Rental","New Construction","3","1001470","3864","3315","Parkside Pl","BX",,"1","2",,,,,,,"3",,"10467","40.87658","-73.87252","207","11","2128978","2033550250","42902","BX0703"
"7300","MBD New Heights Apartments","Rental","New Construction","2","45452","7743","970","ANDERSON AVENUE","BX",,,"1","1",,,,"2",,,,"10452","40.831609","-73.927667","204","16","2003046","2025040070","189","BX0402"
"2148","103-43 120th Street - Units still available","Rental","New Construction","3","989590","3661","103-43","120 STREET","QN",,"3",,,,,,,,"3",,"11419","40.687518","-73.823612","410","29","4203780","4095580044","15802","QN1001"
"7499","1075 West Farms Road Apartments","Rental","New Construction","4",,"7966","1075","West Farms Road","BX","3","1",,,,,,"4",,,,"10459","40.825487","-73.891129","202","17","2000000","2027440043","12701","BX0202"
"2779","Amanda's Cove Waiting List","Rental","New Construction","2","858153","4320","2189","NEW ENGLAND THRUWAY SERVICE ROAD","BX",,,"1","1",,,,,"2",,,"10475","40.881886","-73.830337","212","12","2113220","2052630182","46209","BX1202"
"2025","25-88 49th Street Apartments","Rental","New Construction","2","982686","3523","25-88","49 STREET","QN",,,"2",,,,,,,"2",,"11103","40.762465","-73.906238","401","22","4014000","4007440080","145","QN0104"
"3194","3836-3838 Carpenter Avenue","Rental","New Construction","3","991506","4676","3836","CARPENTER AVENUE","BX","1","2",,,,,,,,"3",,"10467","40.885541","-73.865075","212","12","2057608","2046550006","394","BX1201"
"7518","Belle Garden Phase II","Owner","Preservation","10","868778","7993","423","HERKIMER STREET","BK",,"2","8",,,,,,"10",,,"11213","40.679096","-73.939488","303","36","3000000","3018640048","271","BK0302"
"7538","87-67 170th Street Apartments","Rental","New Construction","8","0","8026","87-67","170th St","QN","1","6",,"1",,,,"8",,,,"11432","40.710623","-73.791752","412","27","4000000","4098260049","462","QN1201"
"7509","2951 Wallace Avenue Apartments","Rental","Preservation","8","0","7977","2951","Wallace Ave","BX",,"4","4",,,,,"8",,,,"10467","40.869094","-73.864356","211","12","2000000","2045480035","33801","BX1104"
"4641","714 East 217th Street Apartments","Rental","New Construction","16","68498","6708","714","EAST 217 STREET","BX","15","1",,,,,,,,"16",,"10467","40.881926","-73.862873","212","12","2057962","2046640061","390","BX1201"
"4458","236 Berry Street Apartments","Rental","New Construction","15","0","6576","236","Berry St","BK",,"15",,,,,,,,"15",,"11249","40.715293","-73.962596","301","34",,,"555","BK0102"
"7542","3216 Glenwood Road Apartments","Rental","Preservation","4","0","8027","3216","Glenwood Rd","BK",,"2",,"2",,,,"4",,,,"11210","40.634126","-73.945604","317","45","3000000","3075600045","78602","BK1702"
"4149","2233 Bathgate Avenue Apartments","Rental","New Construction","3","1010131","6399","2233","BATHGATE AVENUE","BX",,"3",,,,,,,,"3",,"10457","40.853808","-73.892565","206","15","2129646","2030500088","385","BX0603"
"7473","645 Park Place Aka 711 Franklin Avenue Apartments","Rental","New Construction","18","0","7944","645","Park Pl","BK",,"12","6",,,,,"15",,"3",,"11216","40.674080000000004","-73.956202","308","35","3000000","3012310001","221","BK0802"
"7545","2334-2336 Valentine Avenue Apartments","Rental","New Construction","7","0","8033","2334","Valentine Ave","BX",,"3","4",,,,,"7",,,,"10458","40.857669","-73.8978","205","15","2013434","2031460019","38301","BX0503"
"3191","461 Alabama Avenue Apartments","Rental","New Construction","19","992262","4704","461","Alabama Ave","BK","9","9","1",,,,"3","16",,,,"11207","40.664864","-73.896964","305","42","3429520","3038030006","1130","BK0503"
"7488","74 West 126th Street Apartments","Rental","New Construction","5","39744","7957","74","WEST 126 STREET","MN","5",,,,,,"1","2","2",,,"10027","40.807978","-73.943897","110","09","1053526","1017230065","200","MN1001"
"7519","165 Willoughby Street Apartments","Rental","New Construction","20","1017505","8002","165","WILLOUGHBY STREET","BK","5",,"15",,,,,"20",,,,"11201","40.692038","-73.981948","302","35","3058263","3020620024","1502","BK0202"
"2708","167-171 Chrystie Street Apartments","Rental","New Construction","20","991704","4294","167","Chrystie St","MN","8","10","2",,,,"8","8",,"4",,"10002","40.720791","-73.992485","103","01","1090824","1004250030","18","MN0302"
"1875","283 Powers Street Apartments","Rental","New Construction","6","348901","3427","283","POWERS STREET","BK",,"4","2",,,,,,,"6",,"11211","40.713215","-73.93831","301","34","3070431","3029210001","481","BK0104"
"4208","39-11 Queens Boulevard Apartments","Rental","New Construction","15","0","6441","39-11","Queens Blvd","QN","2","8","5",,,,,"9",,"6",,"11104","40.743982","-73.925669","402","26","4000000","4001910044","17901","QN0202"
"4956","Third At Bankside Waiting List","Rental","New Construction","138","1002080","6872","2385","3 AVENUE","BX","47","49","38","4",,,,,,"138",,"10451","40.80819","-73.931243","201","08","2129132","2023190002","51","BX0101"
"4472","3103 Sedgwick Avenue Apartments","Rental","New Construction","13","1012994","6594","3103","Sedgwick Ave","BX",,,"12","1",,,,,,"13",,"10463","40.876766","-73.899398","208","14","2130725","2032540072","277","BX0801"
"7553","173 Tompkins Avenue Apartments","Rental","Preservation","3","0","8050","173","Tompkins Ave","BK",,"1","2",,,,,,,"3",,"11206","40.693325","-73.945887","303","36","3000000","3017720008","261","BK0301"
"2779","Amanda's Cove Waiting List","Rental","New Construction","2","877025","4329","3628","EASTCHESTER ROAD","BX",,,,"2",,,,,"2",,,"10469","40.881569","-73.848795","212","12","2114600","2049010017","386","BX1202"
"2779","Amanda's Cove Waiting List","Rental","New Construction","1","947260","4339","4187","LACONIA AVENUE","BX",,,,"1",,,,"1",,,,"10466","40.889442","-73.846083","212","12","2065375","2048790071","424","BX1203"
"7583","1938 Prospect Avenue Apartments","Rental","Preservation","3","0","8086","1938","Prospect Ave","BX","2","1",,,,,,"3",,,,"10457","40.843952","-73.889375","206","15","2000000","2029560004","36502","BX0602"
"4107","5920 Bay Parkway Apartments","Rental","New Construction","14","0","6368","5920","Bay Pkwy","BK","3","4","7",,,,,"2","3","9",,"11204","40.617124","-73.978035","312","44","3000000","3055157502","246","BK1204"
"7529","163 Willoughby Street Apartments","Rental","New Construction","20","0","8014","163","Willoughby St","BK","5","5","10",,,,,"20",,,,"11201","40.692041","-73.982013","302","35",,,"1502","BK0202"
"4257","The Metropolitan Senior Apartments","Rental","New Construction","13","998853","6457","132-77","Metropolitan Ave","QN","2","8","3",,,,,"13",,,,"11418","40.70284","-73.818461","409","29","4619099","4092850090","21602","QN0901"
"7533","1143 Hoe Avenue Apartments","Rental","Preservation","10","0","8022","1143","Hoe Ave","BX","1","5","3","1",,,,"10",,,,"10459","40.827293","-73.890909","203","17","2000000","2027450044","125","BX0303"
"7574","2351 Lorillard Place Apartments","Rental","Preservation","18","1020292","8066","2351","Lorillard Pl","BX",,"2","5","11",,,"5","11","2",,,"10458","40.855368","-73.890166","206","15","2011695","2030550033","387","BX0603"
"2733","45-07 48th Avenue Apartments Units Still Available","Rental","New Construction","2","988857","4360","45-07","48 AVENUE","QN",,"1","1",,,,,,,"2",,"11377","40.739406","-73.920214","402","26","4623240","4001707501","18502","QN0202"
"4718","943-947 Teller Avenue - Waiting List","Owner","Preservation","9","112880","6518","943","TELLER AVENUE","BX",,"4","1","2","2",,,,"9",,,"10451","40.826292","-73.915467","204","16","2001965","2024220030","173","BX0401"
"4100","3893 Waldo Avenue AKA 55 Dash Place Apartments","Rental","New Construction","5","0","6384","55","Dash Pl","BX",,"5",,,,,,,,"5",,"10463","40.889556999999996","-73.903896","208","11","2130922","2057787501","335","BX0803"
"7518","Belle Garden Phase II","Owner","Preservation","12","836721","7991","816","HERKIMER STREET","BK",,"9","3",,,,,,"12",,,"11233","40.678366","-73.926416","303","41","3048198","3017100009","299","BK0302"
"1998","86-15 Rockaway Boulevard Apartments","Rental","New Construction","6","692150","3536","86-15","ROCKAWAY BOULEVARD","QN","1",,"5",,,,,,,"6",,"11416","40.683024","-73.853871","409","32","4188326","4090580018","42","QN0904"
"2616","99-21 Corona Avenue Apartments","Rental","New Construction","3","646924","4146","99-21","CORONA AVENUE","QN",,"2","1",,,,,,,"3",,"11368","40.744338","-73.862337","404","21","4040752","4016290103","413","QN0402"
"1830","Mother Gaston Hinsdale Homes","Owner","New Construction","1","820177","3381","21","Malta St","BK",,,"1",,,,,,"1",,,"11207","40.659821","-73.895858","305","42","3421400","3042950072","1130","BK0503"
"2779","Amanda's Cove Waiting List","Rental","New Construction","2","858149","4345","2183","NEW ENGLAND THRUWAY SERVICE ROAD","BX",,,"1","1",,,,"1","1",,,"10475","40.881839","-73.830413","212","12","2113223","2052630185","46209","BX1202"
"2779","Amanda's Cove Waiting List","Rental","New Construction","3","872225","4307","2188","REEDS MILL LANE","BX",,,,"3",,,,"1","2",,,"10475","40.882168","-73.83183","212","12","2113702","2052630179","46209","BX1202"
"2779","Amanda's Cove Waiting List","Rental","New Construction","3","877087","4331","3632","EASTCHESTER ROAD","BX",,,,"3",,,,,"3",,,"10469","40.881626","-73.84882","212","12","2114602","2049010020","386","BX1202"
"2196","276 Grand Concourse Apartments","Rental","New Construction","65","81853","3723","276","GRAND CONCOURSE","BX","10","36","15","4",,,,,,"65",,"10451","40.813912","-73.92929","201","08","2000999","2023410010","51","BX0101"
"4198","1429 East Gunhill Road Apartments","Rental","New Construction","5","0","6436","1429","E Gun Hill Rd","BX",,"4","1",,,,,,,"5",,"10469","40.869472","-73.844307","212","12","2130628","2047620105","358","BX1202"
"2918","3827 Carpenter Avenue","Rental","New Construction","5","1007081","4499","3827","Carpenter Ave","BX","2","3",,,,,,,,"5",,"10467","40.885377","-73.865191","212","12","2130642","2046530087","394","BX1201"
"2725","280 20th Street Apartments","Rental","New Construction","8","1003183","4136","276","20th St","BK",,"4","4",,,,,,,"8",,"11215","40.661306","-73.991854","307","39","3324563","3008910026","145","BK0702"
"4955","114 East 198th Street Apartments","Rental","New Construction","20","0","6875","114","E 198th St","BX","17","3",,,,,,,,"20",,"10468","40.870589","-73.891713","207","14","2000000","2033150050","40303","BX0702"
"2779","Amanda's Cove Waiting List","Rental","New Construction","3","878332","4350","3630","EASTCHESTER ROAD","BX",,"1","1","1",,,,"1","2",,,"10469","40.881596","-73.848806","212","12","2114601","2049010018","386","BX1202"
"1977","5 Pointz LIC","Rental","New Construction","337","667101","3466","22-44","JACKSON AVENUE","QN","78","180","77","2",,,,,,"337",,"11101","40.74564","-73.94609","402","26","4596913","4000867501","1901","QN0201"
"2782","469 Convent Avenue Apartments","Rental","New Construction","6","0","4386","469","Convent Ave","MN","3","3",,,,,,,,"6",,"10031","40.828014","-73.943581","109","09","1000000","1020650019","23501","MN0903"
"2899","27-15 Astoria Blvd Units Still Available","Rental","New Construction","2","995418","4486","27-15","ASTORIA BOULEVARD","QN",,"2",,,,,,,,"2",,"11102","40.770927","-73.921259","401","22","4619947","4008390017","69","QN0103"
"7482","PENINSULA BUILDING 1B WAITING LIST","Rental","Preservation","7","988458","7956","720","TIFFANY STREET","BX","2","2","3",,,,,"7",,,,"10474","40.814593","-73.891324","202","17","2130390","2027387501","9301","BX0201"
"7530","1975 Madison Avenue - Units Still Available","Rental","New Construction","7","0","8016","1975","Madison Ave","MN",,"4","3",,,,,,,"7",,"10035","40.806587","-73.940015","111","09","1000000","1017510020","206","MN1102"
"2779","Amanda's Cove Waiting List","Rental","New Construction","3","887581","4337","3227","HONE AVENUE","BX",,,"1","2",,,,"1","2",,,"10469","40.871866","-73.857538","212","12","2115171","2046110156","370","BX1201"
"2011","Archer Green","Rental","New Construction","351","1000088","3471","9223","168th St","QN","36","143","149","23",,,"39","139","39","134",,"11433","40.705757","-73.792164","412","27","4617186","4102097501","444","QN1201"
"4721","101-07 91st Street Apartments","Rental","New Construction","4","1012778","6763","101-07","91st St","QN",,"4",,,,,,,,"4",,"11416","40.683051","-73.849289","409","32","4000000","4090980001","4001","QN0904"
"5375","99 Fleet Place Apartments","Rental","New Construction","75","0","7106","99","Fleet Pl","BK","18","19","38",,,,"30","32","12","1",,"11201","40.69273","-73.981757","302","35",,,"3101","BK0203"
"4708","27 Montrose Avenue Apartments","Rental","New Construction","3","340168","6750","27","Montrose Ave","BK",,"3",,,,,,,,"3",,"11206","40.706779","-73.94909","301","34","3427461","3030490042","511","BK0104"
"7532","Artifact No. 1861","Rental","New Construction","18","0","7999","1861","Amsterdam Ave","MN","4","12","2",,,,,,,"18",,"10031","40.829873","-73.944204","109","07","1000000","1020670001","23501","MN0903"
"3242","2321 Belmont Ave Apartments","Rental","New Construction","13","49478","4584","2321","BELMONT AVENUE","BX",,"6","7",,,,,,,"13",,"10458","40.85329","-73.88684","206","15","2012457","2030870022","391","BX0603"
"7544","1407 Nelson Avenue Apartments","Rental","New Construction","5","99183","8029","1407","NELSON AVENUE","BX","1",,"4",,,,,"5",,,,"10452","40.842452","-73.922039","204","16","2008783","2028740157","21302","BX0403"
"5129","65 4th Avenue Apartments","Rental","New Construction","9","1013180","6956","65","4th Ave","BK",,"9",,,,,,,,"9",,"11217","40.682242","-73.97977","306","39","3000000","3009320007","12901","BK0602"
"7584","343 Himrod Street Apartments","Rental","Preservation","15","0","8093","343","Himrod St","BK",,,"15",,,,"5","10",,,,"11237","40.702473","-73.917535","304","37","3074538","3032700024","443","BK0401"
"3771","74 North 1st Street Apartments","Rental","New Construction","17","1009131","6112","74","NORTH 1 STREET","BK","1","16",,,,,,"11",,"6",,"11249","40.716484","-73.964172","301","33","3429536","3023780021","555","BK0102"
"4495","2270 Bronx Park East Apartments","Rental","New Construction","10","51999","6599","2270","Bronx Pk E","BX","2","5","3",,,,,,,"10",,"10467","40.859399","-73.870811","211","15","2129683","2043400006","33201","BX1104"
"5246","2528 Grand Avenue Senior","Rental","New Construction","19","997194","6955","2528","GRAND AVENUE","BX",,"9","10",,,,,"19",,,,"10468","40.865215","-73.901429","207","14","2129684","2032040015","265","BX0701"
"3816","325 Gates Waiting List","Rental","New Construction","15","991986","6149","325","GATES AVENUE","BK","5","5","5",,,,,,,"15",,"11216","40.68586","-73.953782","303","36","3050817","3018070001","243","BK0301"
"7548","RIALTO WEST","Rental","Preservation","133","0","7987","509","W 48th St","MN","32","36","53","12",,,"39","31","47","16",,"10036","40.763565","-73.992997","104","03","1000000","1010770029","12902","MN0402"
"7554","The Doria","Rental","New Construction","23",,"8051","34-16","38 Street","QN",,"9","14",,,,"8","15",,,,"11101","40.756649","-73.921998","401","22",,,"57","QN0103"
"3652","375 Lefferts Avenue Apartments","Rental","New Construction","13","1009075","6038","375","Lefferts Ave","BK","3","10",,,,,,,,"13",,"11225","40.662483","-73.948878","309","40","3429150","3013210050","329","BK0902"
"4271","1515 Surf Avenue Apartments","Rental","New Construction","139","1013753","6454","2925","W 16th St","BK",,"129","10",,,,,"93",,"46",,"11224","40.576318","-73.983607","313","47","3429056","3070630012","348","BK1302"
"4584","The Peninsula A1 aka Edgemere Commons Apartments","Rental","New Construction","134","0","6600","5123","Beach Channel Dr","QN",,"77","50","7",,"38",,"96",,,,"11691","40.595196","-73.782775","414","31","4000000","4158437501","97204","QN1402"
"1860","West 129th Street Co-ops - Units Still Available","Owner","Preservation","1","40088","3405","53","WEST 129 STREET","MN",,,,"1",,,,,"1",,,"10027","40.809778","-73.942317","110","09","1053719","1017270010","208","MN1002"
"3400","1010 Pacific Street Apartments","Rental","New Construction","53","994429","5851","1010","PACIFIC STREET","BK","5","39","9",,,,,"52",,"1",,"11238","40.679289","-73.959743","308","35","3428849","3011330032","305","BK0802"
"2779","Amanda's Cove Waiting List","Rental","New Construction","2","927399","4344","2906","ELY AVENUE","BX",,,,"2",,,,,"2",,,"10469","40.869971","-73.835863","212","12","2112931","2047960140","46208","BX1202"
"1846","3915 14th Avenue","Rental","New Construction","3","138981","3414","3915","14 AVENUE","BK",,,,"3",,,,,,"3",,"11218","40.639152","-73.984225","312","39","3124934","3053467501","228","BK1202"
"2102","16 Bartlett Street","Owner","New Construction","2","969482","3625","16","BARTLETT STREET","BK",,,"2",,,,,"2",,,,"11206","40.700671","-73.947151","301","33","3422361","3022727502","507","BK0103"
"3259","1200 & 1202 Decatur Street Apartments","Rental","New Construction","3","1004660","5762","1200","Decatur Street","BK",,"2","1",,,,,,,"3",,"11207","40.688964","-73.90734","304","37","3079741","3034350013","411","BK0402"
"4348","833-837 Maple Street Apartments","Rental","New Construction","6","1013280","6510","833","Maple St","BK",,"6",,,,,,,,"6",,"11203","40.662008","-73.932266","309","41","3099129","3045880102","88001","BK0902"
"7573","3060 3rd Avenue Apartments","Rental","Preservation","6","113658","8071","3060","3 AVENUE","BX","3","1","2",,,,,"6",,,,"10451","40.820702","-73.912667","201","17","2001186","2023640010","71","BX0102"
"7570","1727 Boston Road Apartments","Rental","Preservation","19","50478","8069","1727","Boston Road","BX","5","5","9",,,,,"19",,,,"10460","40.836889","-73.888584","203","15","2009881","2029400053","155","BX0303"
"4466","10 Hallets Point - Waiting List","Rental","New Construction","81","967881","6571","26-01","1 STREET","QN","6","50","24","1",,,,"81",,,,"11102","40.776834","-73.9355","401","22","4617681","4009157501","87","QN0102"
"2204","CONEY ISLAND PHASE I","Rental","New Construction","209","984726","3730","2943","W 20th St","BK","49","71","53","36",,"26","30","106","38","9",,"11224","40.57572","-73.986753","313","47","3426189","3070607501","326","BK1302"
"7485","1060 Prospect Avenue","Rental","New Construction","6","0","7949","1060","Prospect Ave","BX",,"3","3",,,,,"6",,,,"10459","40.824614","-73.899556","202","17",,,"131","BX0202"
"7549","106 Fleet Place Apartments","Rental","New Construction","20",,"8035","106","Fleet Place","QN","5","5","10",,,,,"20",,,,,,,,,,,,
"7511","2171 Frederick Douglass - Units Still Available","Rental","New Construction","3","0","7980","2171","Frederick Douglass Blvd","MN",,"1","2",,,,,,,"3",,"10026","40.805197","-73.954816","110","09","1000000","1019440029","20102","MN1001"
"1804","371 Stockholm Street Apartments - Units Still Available","Rental","New Construction","9","995048","3297","371","STOCKHOLM STREET","BK",,,"9",,,,,,,"9",,"11237","40.704609","-73.917753","304","37","3414373","3032490035","445","BK0401"
"2779","Amanda's Cove Waiting List","Rental","New Construction","2","881054","4328","1149","EAST 224 STREET","BX",,,,,"2",,,"1","1",,,"10466","40.882822","-73.847993","212","12","2115229","2049030021","386","BX1202"
"7572","COLUMBIA COMMONS I","Rental","Preservation","239","0","7873","498","Columbia St","BK","68","86","85",,,,"67","111","61",,,"11231","40.67453","-74.007769","306","38","3000000","3005790003","5302","BK0601"
"3893","280 West 24th Street Senior Apartments","Rental","New Construction","48","4335","6217","278","8th Ave","MN","13","24","10","1",,,"19","25",,"4",,"10011","40.745848","-73.998069","104","03","1091035","1007730001","91","MN0401"
"4583","132-53 41st Avenue Apartments","Rental","New Construction","5","992554","6690","132-53","41 AVENUE","QN",,"4",,"1",,,,,,"5",,"11355","40.757231","-73.831658","407","20","4602879","4050370089","871","QN0707"
"7521","673 & 675 East 32nd Street","Rental","New Construction","2","1020698","8007","675","EAST 32 STREET","BK",,"2",,,,,,,,"2",,"11210","40.634848","-73.945934","317","45","3429087","3050070010","78602","BK1702"
"7520","100 South 9th Street Apartments - Units still Available","Rental","New Construction","6","372586","8005","100","SOUTH 9 STREET","BK",,,"6",,,,,,,"6",,"11249","40.708799","-73.964962","301","34","3379696","3021460015","547","BK0102"
"4667","35-10 Union Street Apartments","Rental","New Construction","14","1012779","6740","35-10","Union St","QN","3","4","7",,,,,,,"14",,"11354","40.765075","-73.82793","407","20","4623963","4049617504","869","QN0707"
"2228","1489 & 1495 Brooklyn Avenue - Units still available","Rental","New Construction","3","998083","3672","1495","Brooklyn Ave","BK",,,"3",,,,,,,"3",,"11210","40.637017","-73.942283","317","45","3424479","3050000009","782","BK1702"
"2208","3915 14th Avenue-  Still Units Available","Rental","New Construction","1","138981","3739","3915","14 AVENUE","BK",,,,"1",,,,,,"1",,"11218","40.639152","-73.984225","312","39","3124934","3053467501","228","BK1202"
"3058","160 Clarkson Avenue Apartments","Rental","New Construction","26","1004402","4141","160","Clarkson Ave","BK",,"18","8",,,,,,,"26",,"11226","40.655146","-73.95453499999999","317","40","3116233","3050650039","822","BK1701"
"2283","104 Linden Boulevard - Units Still Available","Rental","New Construction","3","327013","3846","104","LINDEN BOULEVARD","BK","3",,,,,,,,,"3",,"11226","40.652369","-73.954782","317","40","3116747","3050870021","822","BK1701"
"1924","465 West 163 Street","Rental","New Construction","5","1000414","3472","465","W 163rd St","MN","2","3",,,,,,,,"5",,"10032","40.836213","-73.938633","112","10","1090982","1021100104","24301","MN1201"
"2790","320 West 135th Street Apartments","Rental","New Construction","6","1002206","4409","320","W 135th St","MN",,"3","3",,,,,,,"6",,"10030","40.816771","-73.94721","110","09","1089809","1019590054","22102","MN1002"
"3420","426 Manhattan Avenue Apartments","Rental","New Construction","10","1005140","5845","426","MANHATTAN AVENUE","BK","1","6","1","2",,,,,,"10",,"11222","40.719132","-73.946862","301","33","3429439","3027240001","499","BK0101"
"1963","177 & 185 Veronica Place","Rental","New Construction","3","387297","3512","185","VERONICA PLACE","BK",,"1","2",,,,,,,"3",,"11226","40.645662","-73.952596","317","40","3117972","3051370037","79202","BK1701"
"3767","584 4th Avenue Apartments","Rental","New Construction","14","129340","6120","584","4 AVENUE","BK","1","10","3",,,,,,,"14",,"11215","40.665827","-73.992513","307","38","3024085","3010510039","117","BK0601"
"4303","Vista65 (97-12 65th Road)","Rental","New Construction","56","690151","6487","97-12","65 ROAD","QN","16","31","9",,,,,,,"56",,"11374","40.727901","-73.858503","406","29","4619386","4030867501","71306","QN0602"
"2329","53-08 102nd Street - Units Still Available","Rental","New Construction","1","988169","3897","53-08","102 STREET","QN",,"1",,,,,,,,"1",,"11368","40.741219","-73.859214","404","21","4047633","4019380016","44301","QN0402"
"7487","89-61 162nd Apartments","Rental","New Construction","18","0","7960","89-61","162nd St","QN",,"9","9",,,,,"14","4",,,"11432","40.705331","-73.798304","412","27","4208879","4097610014","44601","QN1201"
"2301","East Village aka 302 East 2nd Street","Rental","New Construction","36","0","3704","302","E 2nd St","MN","8","17","11",,,"5","9","7",,"15",,"10009","40.720081","-73.979203","103","02","1091579","1003727503","2202","MN0303"
"3885","477 Gerard Avenue Apartments","Rental","New Construction","20","1013094","6213","477","Gerard Ave","BX",,"10","10",,,,,,,"20",,"10451","40.818051","-73.929614","201","08","2129457","2023510022","6301","BX0401"
"3646","The Ridgewood Apartments","Rental","New Construction","40","0","6034","1607","Woodbine St","QN",,"37","3",,,,,,,"40",,"11385","40.699838","-73.909594","405","34","4624518","4034450027","549","QN0502"
"4390","Burrelli NYC Apartments","Rental","New Construction","3","640422","6549","23-09","Broadway","QN",,"2","1",,,,,,,"3",,"11106","40.764332","-73.930057","401","22","4623428","4005670021","75","QN0103"
"7537","Two Waterline Square at 400 West 61st Street - Waiting List","Rental","New Construction","156","4652","8023","400","WEST 31 STREET","MN","33","31","92",,,,,"156",,,,"10001","40.751488","-73.997708","104","03","1012833","1007287501","103","MN0401"
"2683","14 Duffield Street Apartments","Rental","New Construction","4","234710","4296","14","DUFFIELD STREET","BK",,"3","1",,,,,,,"4",,"11201","40.69797","-73.984031","302","33","3000191","3001080019","1501","BK0202"
"1685","The Arches Apartments","Rental","New Construction","72","999140","3099","224","EAST 135 STREET","BX","27","24","21",,,,,,,"72",,"10451","40.809944","-73.930338","201","08","2129362","2023197501","51","BX0101"
"7507","34-20 Junction Boulevard Apartments","Rental","Preservation","50","669729","7979","34-20","JUNCTION BOULEVARD","QN","18","23","9",,,,,,,"50",,"11372","40.754464","-73.872404","403","21","4000000","4014550007","27302","QN0301"
"7480","1259 St Marks Avenue Apartments","Rental","New Construction","5","0","7953","1259","St Marks Ave","BK","1","1","3",,,,,"5",,,,"11213","40.673972","-73.92722499999999","308","41","3035936","3013560075","307","BK0802"
"3737","64-16 Wetherole street Apartments","Rental","New Construction","5","703782","6097","64-16","WETHEROLE STREET","QN",,"3","2",,,,,,,"5",,"11374","40.727367","-73.861906","406","30","4072479","4030960079","693","QN0601"
"2779","Amanda's Cove Waiting List","Rental","New Construction","5","853825","4308","3212","OLINVILLE AVENUE","BX","1","2","2",,,,,"4","1",,,"10467","40.871879","-73.868238","212","12","2103652","2045950114","374","BX1201"
"4950","208 East Mosholu Parkway South","Rental","New Construction","18","1003012","6870","208","EAST MOSHOLU PARKWAY SOUTH","BX","15","3",,,,,,,,"18",,"10458","40.873619","-73.883309","207","11","2017287","2033090068","413","BX0702"
"2563","Rockaway Village Apartments","Rental","New Construction","205","1004430","4066","1701","Village Lane","QN","17","69","90","29",,,"91","113","1",,,"11691","40.605863","-73.753032","414","31","4620781","4155377501","103202","QN1401"
"1848","23-81 21st Street","Rental","New Construction","3","406879","3277","23-81","21 STREET","QN",,"1","2",,,,,,,"3",,"11105","40.776916","-73.92114","401","22","4019321","4008767501","97","QN0101"
"5201","Belle Gardens Cooperatives","Owner","New Construction","15","0","6996","20","SUYDAM PLACE","BK",,"14","1",,,,,,"7","8",,"11233","40.677776","-73.926561","303","41","3048184","3017090028","299","BK0302"
"3581","187 20th Street Apartments","Rental","New Construction","3","144990","5979","187","20 STREET","BK",,"3",,,,,,,,"3",,"11232","40.662884","-73.994456","307","38","3388089","3006370076","143","BK0702"
"7479","Park Towers HDFC","Owner","Preservation","24","27323","5913","644","RIVERSIDE DRIVE","MN",,"9","9","2","4",,,,"24",,,"10031","40.82512","-73.953892","109","07","1062334","1020880114","225","MN0903"
"3511","333 Linden Boulevard  Apartments","Rental","New Construction","13","0","5934","333","Linden Blvd","BK",,"6","7",,,,,,,"13",,"11226","40.65278","-73.947358","317","40","3429233","3048530075","818","BK1701"
"3295","St. George Gardens-Waiting List","Rental","New Construction","18","839279","5764","186","St Georges Crescent","BX","4","4","9","1",,,,"6",,"12",,"10458","40.876233","-73.884552","207","11","2130744","2033130012","413","BX0702"
"3866","Beach 101 Apartments","Rental","New Construction","18","998462","6010","101-19","ROCKAWAY BEACH BOULEVARD","QN","4","11","3",,,,,,,"18",,"11694","40.583447","-73.821947","414","32","4303810","4161740023","94201","QN1402"
"2531","312 Broadway - Units Still Available","Rental","New Construction","2","998602","4038","312","BROADWAY","BK","2",,,,,,,,,"2",,"11211","40.708338","-73.95768","301","34","3426089","3021427501","529","BK0103"
"7523","WILLOW TREE RESIDENCES","Rental","New Construction","51","0","7885","225","E 45th St","MN","51",,,,,,,"51",,,,"10017","40.752396","-73.97232","106","04","1000000","1013190011","90","MN0604"
"4663","Elmcor Permanent Supportive Residences","Rental","New Construction","9","1001734","6717","104-10","NORTHERN BOULEVARD","QN","9",,,,,,"1","8",,,,"11368","40.757694","-73.864417","403","21","4620871","4017190004","379","QN0303"
"3572","107 West 105th Street - HDFC Units Still Available","Owner","New Construction","3","37513","5966","107","WEST 105 STREET","MN",,,"3",,,,,,"3",,,"10025","40.798698","-73.963654","107","07","1055933","1018600027","189","MN0703"
"5389","435 Central Avenue Apartments","Rental","New Construction","5","1016506","7122","435","CENTRAL AVENUE","BK",,"1","4",,,,,,,"5",,"11221","40.692404","-73.915153","304","37","3425663","3033690006","415","BK0402"
"4688","Union Avenue Apartments","Owner","New Construction","17","116493","6689","774","UNION AVENUE","BX",,,"11","6",,,,,"17",,,"10455","40.818266","-73.903519","201","17","2004986","2026760036","79","BX0102"
"2614","The Ensemble - Waiting List","Rental","New Construction","28","991240","4181","824","EAST NEW YORK AVENUE","BK","6","19","3",,,,,,,"28",,"11203","40.662499","-73.935567","309","41","3107130","3048060077","876","BK0902"
"5321","14-27 28th Avenue Apartments","Rental","New Construction","11","0","7070","14-27","28th Ave","QN",,"8","3",,,,,,,"11",,"11102","40.772002","-73.928652","401","22",,,"83","QN0102"
"4327","95-01 37th Avenue Apartments Waitlist","Rental","New Construction","14","1009012","6471","35-63","95 STREET","QN",,"7","7",,,,,,,"14",,"11372","40.752749","-73.872534","403","21","4623589","4014697502","27302","QN0301"
"7564","1422 Vyse Avenue","Rental","New Construction","3","0","8055","1422","Vyse Ave","BX","1","2",,,,,,"3",,,,"10459","40.830799","-73.889505","203","17","2010731","2029940010","123","BX0303"
"3261","180 Throop Avenue Apartments","Rental","New Construction","10","1008953","5765","180","Throop Ave","BK",,,"10",,,,,,,"10",,"11206","40.698858","-73.944087","303","36","3428572","3017320019","257","BK0301"
"7517","2683 Atlantic Avenue Apartments","Rental","New Construction","58","807583","7997","2683","ATLANTIC AVENUE","BK",,,"58",,,,"23","24","9","2",,"11207","40.67588","-73.895281","305","37","3339353","3036710038","1198","BK0502"
"4861","649 Hart Street Apartments","Rental","New Construction","12","218584","6817","649","HART STREET","BK","2","6","4",,,,,,,"12",,"11221","40.69853","-73.926668","304","34","3073106","3032170034","423","BK0401"
"7550","3846 Bailey Avenue Apartments","Rental","New Construction","7","0","8039","3846","Bailey Ave","BX","1","5","1",,,,,"7",,,,"10463","40.885153","-73.896235","208","11","2016003","2032630035","279","BX0801"
"2779","Amanda's Cove Waiting List","Rental","New Construction","3","872224","4323","2186","REEDS MILL LANE","BX",,"1",,"2",,,,"2","1",,,"10475","40.882116","-73.831992","212","12","2113701","2052630178","46209","BX1202"
"4295","1042 President Street","Rental","New Construction","18","998854","6404","1042","President St","BK","4","7","7",,,,,"18",,,,"11225","40.668572","-73.95701","309","35","3428914","3012800029","325","BK0901"
"4361","763 Park Avenue Apartments","Rental","New Construction","3","351315","6501","763","PARK AVENUE","BK",,,"3",,,,,,,"3",,"11206","40.698136","-73.944805","303","36","3429283","3017320136","257","BK0301"
"2172","J&J Tower - Units Still Available","Rental","New Construction","8","995644","3696","46-02","70 STREET","QN","2",,"6",,,,,,,"8",,"11377","40.739657","-73.894221","402","26","4619357","4024327501","489","QN0203"
"2784","1223 Putnam Avenue Apartments","Rental","New Construction","6","357764","4403","1223","PUTNAM AVENUE","BK",,"3","3",,,,,,,"6",,"11221","40.691331","-73.915584","304","37","3077043","3033680055","415","BK0402"
"3493","82 4th Avenue Apartments","Rental","New Construction","9","1008750","5923","82","4th Ave","BK",,"9",,,,,,,,"9",,"11217","40.682028","-73.979936","302","39","3429634","3003890041","127","BK0601"
"2362","1510 Gates Avenue Apartments","Rental","New Construction","21","1007352","3914","1510","Gates Ave","BK","5","5","11",,,,,,,"21",,"11237","40.698677","-73.913036","304","37","3428906","3033457502","439","BK0402"
"2771","21 Arden Street HDFC","Owner","Preservation","3","6125","4304","21","ARDEN STREET","MN",,"2","1",,,,,,"3",,,"10040","40.861702","-73.926969","112","10","1064203","1021740188","285","MN1202"
"4016","375 Dean Street Apartments","Rental","New Construction","36","128988","6322","375","Dean St","BK","7","24","5",,,,"29","1","5","1",,"11217","40.682925","-73.978634","306","39","3429236","3009280001","12901","BK0602"
"7543","PENINSULA 1221 & 1225 Spofford Avenue","Rental","New Construction","190","0","7995","1225","Spofford Ave","BX","47","74","32","37",,"21","58","111",,,,"10474","40.813901","-73.890505","202","17",,,"9301","BX0201"
"4655","28-57 45th Street","Rental","New Construction","3","434400","6736","28-57","45 STREET","QN",,"1","2",,,,,,,"3",,"11103","40.763299","-73.909941","401","22","4620904","4007190003","147","QN0104"
"3314","East New York Cluster Apartments","Rental","New Construction","12","986336","5798","581","Belmont Ave","BK",,"8","4",,,"2","4","6",,,,"11207","40.671759","-73.887944","305","42","3428581","3040120032","1150","BK0502"
"7526","105-18 Northern Boulevard Apartments","Rental","Preservation","3","684519","8012","105-18","NORTHERN BOULEVARD","QN",,"2","1",,,,,,,"3",,"11368","40.757726","-73.863464","403","21","4042689","4017200008","379","QN0303"
"3157","LINDEN TERRACE II","Rental","New Construction","128","989116","4656","573","Emerald St","BK","8","69","38","13",,"14","36","78",,,,"11208","40.668754","-73.858798","305","42","3425087","3044960015","1220","BK0505"
"2090","250 Lenox Road - Units Still Available","Rental","New Construction","7","988390","3626","250","LENOX ROAD","BK","4","3",,,,,,,,"7",,"11226","40.654064","-73.951235","317","40","3426540","3050850040","820","BK1701"
"5335","105 Rogers Avenue Apartments","Rental","New Construction","4","1017077","7049","105","Rogers Ave","BK",,"2","2",,,,,,,"4",,"11216","40.674019","-73.952882","308","36","3000000","3012330007","31701","BK0802"
"7495","THE BARNETT","Rental","Preservation","146","0","7942","50-25","Barnett Ave","QN","15","72","45","14",,"18","36","92",,,,"11104","40.750171","-73.913174","402","26","4000000","4001190143","17101","QN0261"
"4518","61 Delmonico Place Apartments","Rental","New Construction","3","1011921","6637","61","DELMONICO PLACE","BK",,"3",,,,,,,,"3",,"11206","40.698411","-73.945234","303","36","3428846","3017320001","257","BK0301"
"7539","1686 Davidson Avenue","Rental","New Construction","7","0","8013","1686","Davidson Ave","BX","1","2","4",,,,,"7",,,,"10453","40.84669","-73.914208","205","14","2008347","2028610020","217","BX0501"
"1934","648 Midwood Street Apartments","Rental","New Construction","3","999667","3487","648","MIDWOOD STREET","BK",,"1","2",,,,,,,"3",,"11203","40.660824","-73.939072","309","40","3107093","3048050014","87401","BK0902"
"7551","477 Central Avenue Apartments","Rental","New Construction","4","1021321","8047","477","CENTRAL AVENUE","BK",,"3","1",,,,,"4",,,,"11221","40.691466","-73.913507","304","37","3414001","3033830003","415","BK0402"
"2867","164-11 Highland Ave Apartments","Rental","New Construction","4","663003","4139","164-11","HIGHLAND AVENUE","QN",,"1","3",,,,,,,"4",,"11432","40.710351","-73.799605","408","24","4210624","4098460010","448","QN0805"
"1852","2633 Ocean Avenue Apartments","Rental","New Construction","18","998443","3420","2633","Ocean Ave","BK","8","4","6",,,,,,,"18",,"11229","40.597167","-73.950977","315","48","3398245","3073817501","59403","BK1503"
"4469","40-43 68th Street Apartments","Rental","New Construction","3","1006501","6282","40-43","68 STREET","QN",,"1","2",,,,,,,"3",,"11377","40.745492","-73.89707","402","26","4623384","4013000006","263","QN0203"
"2533","2065 & 2067 Ryer Avenue Apartments","Rental","New Construction","20","988938","4085","2067","RYER AVENUE","BX","7","7","6",,,,,,,"20",,"10457","40.852232","-73.901102","205","15","2130449","2031560062","381","BX0502"
"5420","The Park Overture aka 4568 Broadway Apartments","Rental","New Construction","28","8310","6978","4586","BROADWAY","MN",,"21","7",,,,,,,"28",,"10040","40.860233","-73.930947","112","10","1064136","1021720004","285","MN1202"
"7481","2404 Cortelyou Road Apartments","Rental","New Construction","8","0","7954","2404","Cortelyou Rd","BK",,"6","2",,,,,,,"8",,"11226","40.644197","-73.954449","317","40",,,"79202","BK1701"
"3176","HALLETTS POINT 7","Rental","New Construction","145","0","4660","3-3","27th Ave","QN","36","36","73",,,,"64","81",,,,"11102","40.774992","-73.934242","401","22",,,"87","QN0102"
"2297","FAC Sunset Park- 372 51st Street","Rental","New Construction","40","989801","3840","372","51 STREET","BK","9","11","10","10",,,"18","22",,,,"11220","40.6463","-74.013823","307","38","3013507","3007987501","78","BK0702"
"4051","1042 Longfellow Avenue Apartments","Rental","New Construction","4","92365","6265","1042","LONGFELLOW AVENUE","BX",,"2","1","1",,,,,"4",,,"10459","40.824416","-73.887695","202","17","2006263","2027560071","119","BX0202"
"3655","1001 Bushwick Avenue Apartments","Rental","New Construction","11","1008810","6039","1001","Bushwick Ave","BK",,"5","6",,,,,,,"11",,"11221","40.691761","-73.922099","304","37","3429085","3033220001","399","BK0402"
"7540","One Waterline Square - Waiting List","Rental","Preservation","64","974109","8021","675","WEST   59 STREET","MN","11","10","41","2",,,,"64",,,,"10019","40.772537","-73.992613","107","06","1089741","1011717512","15102","MN0701"
"5332","250 West 96th Street Condominium","Owner","New Construction","1","995898","7081","2555","BROADWAY","MN",,"1",,,,,,"1",,,,"10025","40.794451","-73.971945","107","07","1091732","1012437504","183","MN0702"
"7568","1211 Fulton Street Apartments","Rental","New Construction","12","0","8053","1211","Fulton St","BK",,"4","8",,,,,,,"12",,"11216","40.680617","-73.952946","303","36","3000000","3018420066","245","BK0301"
"2779","Amanda's Cove Waiting List","Rental","New Construction","3","854140","4315","3471","BRUNER AVENUE","BX",,,,"3",,,,"1","2",,,"10469","40.879399","-73.841749","212","12","2112952","2048830126","46208","BX1202"
"5538","Lenox Avenue HDFC Cooperative ANCP Cluster","Owner","Preservation","7","23596","7021","426","LENOX AVENUE","MN",,"3","4",,,,,,"7",,,"10037","40.811779","-73.94255","110","09","1053826","1017290003","208","MN1002"
"4280","209 North 11th Street Apartments","Rental","New Construction","16","1010423","6470","209","NORTH 11 STREET","BK",,"16",,,,,,,,"16",,"11211","40.718846","-73.953402","301","33","3429695","3022920029","519","BK0102"
"4328","699 East 6th Street Apartments","Rental","New Construction","3","1013084","6480","699","E 6th St","MN",,"2","1",,,,,"1",,"2",,"10009","40.723427","-73.979075","103","02","1091013","1003760001","2602","MN0303"
"3071","GOTHAM POINT NORTH TOWER","Rental","New Construction","463","993728","4596","1-15","57th Ave","QN","136","167","139","21",,"51","67","35",,"310",,"11101","40.739191","-73.961727","402","26","4619856","4000067503","101","QN0201"
"2126","577 3rd Avenue Apartments","Rental","New Construction","6","998702","3556","577","3 AVENUE","BK","2","2","2",,,,,,,"6",,"11215","40.667616","-73.994218","307","38","3023839","3010460007","117","BK0601"
"7582","80 Ainslie Street Apartments","Rental","New Construction","5","183004","8065","80","AINSLIE STREET","BK",,"2","3",,,,,,,"5",,"11211","40.712525","-73.951787","301","34","3062551","3023750012","513","BK0102"
"1839","1027 Reverend James Polite Avenue Apartments","Rental","New Construction","6","996382","3251","1027","REV JAMES A POLITE AVENUE","BX","1","4","1",,,,,,,"6",,"10459","40.82416","-73.898878","202","17","2005247","2026910042","131","BX0202"
"4890","234 East 203rd Street Apartments","Rental","New Construction","20","1012038","6829","234","EAST 203 STREET","BX","20",,,,,,,,,"20",,"10458","40.873657","-73.885352","207","14","2130667","2033080017","413","BX0702"
"7522","223 East 117th Street aka PETER JAY SHARP RESIDENCE","Rental","Preservation","23","866098","8003","223","EAST  117 STREET","MN","23",,,,,,,"23",,,,"10035","40.798344","-73.938827","111","08","1085963","1016670012","188","MN1102"
"2356","1 Flatbush Avenue - Units Still Available","Rental","New Construction","2","956754","3888","1","FLATBUSH AVENUE","BK","1",,"1",,,,,,"2",,,"11217","40.688357","-73.980565","302","35","3424472","3021067503","33","BK0203"
"3880","94-50 45th Avenue Apartments","Rental","New Construction","3","1012597","6176","9450","45th Ave","QN",,,"3",,,,,,,"3",,"11373","40.744021","-73.870147","404","25","4618175","4016020028","463","QN0401"
"7566","104 Fleet Place Apartments","Rental","New Construction","20",,"8062","104","Fleet Place","BK","5","5","10",,,,,"20",,,,"11201","40.692615","-73.981782","302","35","3000000","3020620018","1502","BK0202"
"2779","Amanda's Cove Waiting List","Rental","New Construction","8","872157","4318","1184","EAST 214 STREET","BX",,"1","5","2",,,,"7","1",,,"10469","40.875981","-73.851448","212","12","2113526","2047080181","382","BX1201"
"2225","183 Covert Street - Waiting List","Rental","New Construction","3","989409","3763","183","Covert St.","BK",,"3",,,,,,,,"3",,"11207","40.689797","-73.908893","304","37","3414225","3034170044","413","BK0402"
"7561","282 4th Avenue Apartments","Rental","New Construction","13","128978","8058","282","4 AVENUE","BK",,"6","7",,,,"7","3","3",,,"11215","40.675603","-73.984357","306","39","3332112","3004560032","11901","BK0601"
"2779","Amanda's Cove Waiting List","Rental","New Construction","3","872218","4321","2182","REEDS MILL LANE","BX",,"1",,"2",,,,,"3",,,"10475","40.882083","-73.832101","212","12","2113699","2052630176","46209","BX1202"
"1805","Sea Breeze Tower","Rental","New Construction","34","998002","3250","271","SEA BREEZE AVENUE","BK","7","12","11","4",,,,,,"34",,"11224","40.575929","-73.971926","313","48",,,"35602","BK1302"
"3694","393 Weirfiled Street Apartments","Rental","New Construction","20","1009778","5990","393","Weirfield St","BK","3","10","7",,,,,,,"20",,"11237","40.69577","-73.906537","304","37","3429207","3034000068","439","BK0402"
"7497","1427 Fulton Street Apartments","Rental","New Construction","3","0","7939","1427","Fulton St","BK","1","1","1",,,,,,,"3",,"11216","40.680119","-73.944376","303","36","3053468","3018540048","269","BK0301"
"7565","2406 Hoffman Street Apartments","Rental","New Construction","3","976690","8060","2406","HOFFMAN STREET","BX",,,"3",,,,,,,"3",,"10458","40.856247","-73.888237","206","15","2129016","2030660003","389","BX0603"
"3226","353 Miller Avenue Apartments","Rental","New Construction","5","1005567","4733","353","Miller Ave","BK",,"2","3",,,,,,,"5",,"11207","40.672163","-73.891095","305","42","3425941","3040090015","1152","BK0502"
"2779","Amanda's Cove Waiting List","Rental","New Construction","3","887527","4334","3221","HONE AVENUE","BX",,"1",,"2",,,,"2","1",,,"10469","40.871789","-73.857542","212","12","2115174","2046110159","370","BX1201"
"2779","Amanda's Cove Waiting List","Rental","New Construction","3","887580","4336","3225","HONE AVENUE","BX",,"1",,"2",,,,,"3",,,"10469","40.871841","-73.857539","212","12","2115172","2046110157","370","BX1201"
"1896","53-08 102 Street","Rental","New Construction","3","988169","3473","53-08","102 STREET","QN",,"3",,,,,,,,"3",,"11368","40.741219","-73.859214","404","21","4047633","4019380016","44301","QN0402"
"7563","Three Waterline Square aka 635 West 59th Street - Waiting List","Rental","Preservation","55","989270","8037","635","WEST   59 STREET","MN",,"24","28","3",,,"22","33",,,,"10019","40.772279","-73.991999","107","06","1089374","1011710157","15102","MN0701"
"7562","275 20th Street Apartments","Rental","Preservation","13","145046","8059","275","20 STREET","BK","13",,,,,,"3",,"10",,,"11215","40.661323","-73.991851","307","39","3017170","3008850058","143","BK0702"
"7510","Clermont Area HDFC Apartments","Owner","New Construction","40","222850","7961","389","CLINTON AVENUE","BK",,"21","7","2","10",,,,"40",,,"11238","40.686079","-73.967397","302","35","3055994","3019610027","199","BK0204"
"2049","1074 Washington Avenue Apartments Senior Housing","Rental","New Construction","96","1007258","3544","1074","Washington Ave","BX","63","33",,,,,"96",,,,,"10456","40.827874","-73.908787","203","16","2129119","2023700016","18501","BX0301"
"2133","Woodlawn Senior Living","Rental","New Construction","55","72062","3565","69","EAST 233 STREET","BX","41","14",,,,,"55",,,,,"10470","40.895956","-73.873778","212","11","2018798","2033650071","44901","BX1203"
"2779","Amanda's Cove Waiting List","Rental","New Construction","3","883914","4326","1151","EAST 224 STREET","BX",,,,"1","2",,,"1","2",,,"10466","40.882805","-73.847953","212","12","2115228","2049030020","386","BX1202"
"3285","108 Downing Street","Rental","New Construction","15","1007121","4217","108","Downing St","BK","4","7","4",,,,,"10","5",,,"11238","40.682514","-73.960675","302","35","3426850","3019917501","227","BK0301"
"3292","1921 ATLANTIC APARTMENTS","Rental","New Construction","199","0","5769","1921","Atlantic Ave","BK","40","64","53","42",,"24","58","117",,,,"11233","40.676877","-73.920408","303","41","3000000","3015577501","301","BK1601"
"2776","1669 East 19th Street Apartments","Rental","New Construction","9","988780","4145","1669","E 19th St","BK","3","3","3",,,,,,,"9",,"11229","40.609366","-73.954512","315","48","3426569","3067820059","550","BK1502"
"3620","Riverton Square -- Waiting List","Rental","Preservation","6","2703","6018","2225","5 AVENUE","MN",,"3","3",,,,,,,"6",,"10037","40.813058","-73.937387","111","09","1081109","1017600001","210","MN1102"
"7514","Artifact No. 636","Rental","New Construction","36","0","7984","636","W 158th St","MN","4","27","5",,,,,,,"36",,"10032","40.835585","-73.946606","112","07","1000000","1021340154","241","MN1201"
"3546","30th and 11th Apartments","Rental","New Construction","70","32152","5947","606","WEST 30 STREET","MN","24","31","15",,,,"31","25","14",,,"10001","40.753484","-74.004371","104","03","1012275","1006750039","9902","MN0401"
"2779","Amanda's Cove Waiting List","Rental","New Construction","7","853821","4313","3214","OLINVILLE AVENUE","BX",,"1","4","2",,,,"6","1",,,"10467","40.871904","-73.868237","212","12","2112898","2045950115","374","BX1201"
"4503","58-12 & 58-14 Granger Street Apartments","Rental","New Construction","2","660259","6636","58-14","GRANGER STREET","QN",,"1",,"1",,,,,,"2",,"11368","40.738433","-73.854854","404","21","4624347","4019570013","43702","QN0402"
"5140","21-11 31st Avenue Apartments","Rental","New Construction","43","984503","6945","21-11","31st Ave","QN",,"43",,,,,,"36",,"7",,"11106","40.767238","-73.929646","401","22","4619364","4005510012","79","QN0102"
"4348","833-837 Maple Street Apartments","Rental","New Construction","4","1013220","6511","837","Maple St","BK",,"2","2",,,,,,,"4",,"11203","40.662016","-73.932144","309","41","3099127","3045880098","88001","BK0902"
"2760","90 SANDS APARTMENTS","Rental","New Construction","185","316598","4087","90","SANDS STREET","BK","98","87",,,,"9","9","18","149",,,"11201","40.70007","-73.987219","302","33","3000179","3000870009","13","BK0202"
"7492","West Harlem Renaissance","Rental","Preservation","23","0","7963","121-123","W 144th St","MN","10","13",,,,,"6","15","2",,,"10030","40.820219","-73.937767","110","09","1060166","1020130020","232","MN1002"
"1762","312 Devoe Street Apartments","Rental","New Construction","7","232969","3209","312","DEVOE STREET","BK",,"3","4",,,,,,,"7",,"11211","40.713833","-73.937974","301","34","3070434","3029210012","481","BK0104"
"3337","571 Ocean Parkway Apartments","Rental","New Construction","9","348602","5822","571","Ocean Pkwy","BK",,"9",,,,,,,,"9",,"11218","40.634605","-73.972434","312","40","3428970","3054000072","484","BK1203"
"4182","630 Grand Street Apartments","Rental","New Construction","6","0","6431","630","Grand St","BK",,"6",,,,,,,,"6",,"11211","40.711356","-73.946843","301","34","3000000","3027870010","503","BK0104"
"1908","2010 Walton Avenue","Rental","New Construction","13","119104","3439","2010","WALTON AVENUE","BX","4","7","2",,,,,,,"13",,"10453","40.852537","-73.907293","205","14","2007943","2028290034","241","BX0502"
"1889","91-03 Whitney Avenue Apartments","Rental","New Construction","10","0","3452","91-03","Whitney Ave","QN",,"1","9",,,,,,,"10",,"11373","40.746861","-73.875035","404","21","4618852","4015520043","46902","QN0401"
"3367","133-28 220TH Street Apartments","Rental","New Construction","3","1008611","5839","13328","220th St","QN",,,"3",,,,,,,"3",,"11413","40.679414","-73.748859","413","31","4623562","4129580112","626","QN1305"
"2698","Astoria West - 11-37 31st Avenue","Rental","New Construction","36","417008","4278","11-37","31st Ave","QN",,"28","8",,,,,,,"36",,"11106","40.769245","-73.934496","401","22","4619106","4005040003","81","QN0102"
"4585","2-24 26th Avenue Apartments","Rental","New Construction","42","412315","6686","2-24","26th Ave","QN","3","29","10",,,,,,,"42",,"11102","40.776661","-73.9342","401","22","4621019","4009140022","87","QN0102"
"1785","1626 & 1630 Brooklyn Avenue","Rental","New Construction","3","994564","3273","1626","Brooklyn Ave","BK",,"3",,,,,,,,"3",,"11210","40.633363","-73.941915","317","45","3425739","3075630058","784","BK1702"
"2759","912 Broadway Apartments","Rental","New Construction","25","1007824","4375","912","Broadway","BK",,"12","13",,,,,,,"25",,"11206","40.697561","-73.936305","303","36","3398091","3015847501","287","BK0302"
"3763","94 East 208th Street Apartments","Rental","New Construction","7","1009486","6122","94","E 208th St","BX",,"7",,,,,,,,"7",,"10467","40.878503","-73.881691","207","11","2017730","2033260034","419","BX0703"
"1764","1801 Broadway Apartments","Rental","New Construction","13","996465","3151","1801","BROADWAY","BK","2","4","7",,,,,,,"13",,"11207","40.681883","-73.908641","304","37","3080287","3034567501","403","BK0402"
"2339","25-40 31st Street Units Still Available","Rental","New Construction","2","980038","3910","25-40","31 STREET","QN",,"2",,,,,,,,"2",,"11102","40.76966","-73.918557","401","22","4007828","4005980042","71","QN0103"
"2510","140 West Fordham Road","Rental","New Construction","18","1002863","3977","140","W Fordham Rd","BX","2","14","2",,,,,,"18",,,"10468","40.862792999999996","-73.907062","207","14","2130515","2032250108","255","BX0701"
"4268","2072 Anthony Avenue Apartments","Rental","New Construction","110","45680","6462","2072","ANTHONY AVENUE","BX","29","59","22",,,,,,,"110",,"10457","40.852746","-73.902001","205","15","2129647","2031560049","381","BX0502"
"4924","The Hartby","Rental","New Construction","62","1013142","6855","788","WILLOUGHBY AVENUE","BK","14","45","3",,,,,,,"62",,"11206","40.695275","-73.936913","303","36","3379533","3015920001","287","BK0302"
"2021","Tree of Life","Rental","New Construction","166","570239","3374","89-46","164th St","QN","14","82","40","30",,,"17","63","86",,,"11432","40.707058","-73.796928","412","27","4623027","4097937502","44601","QN1201"
"3255","Waterside Plaza Waiting List","Rental","New Construction","9","0","4706","10","Waterside Plaza","MN",,"4","4","1",,,,,,"9",,"10010","40.737152","-73.974246","106","04","1083706","1009910060","62","MN0603"
"1726","186 East 205th Street Apartments","Rental","New Construction","19","1001908","3221","186","E 205th St","BX","5","9","5",,,,,,,"19",,"10458","40.875017","-73.884601","207","11","2129445","2033110114","413","BX0702"
"4500","1015 Atlantic Avenue Apartments","Rental","New Construction","12","0","6589","1013-1015","Atlantic Ave","BK","4","4","4",,,,,,,"12",,"11238","40.67998","-73.958967","302","35","3000000","3020190051","227","BK0301"
"1748","25-40 31st Street Apartments - Units Still Available","Rental","New Construction","4","980038","3164","25-40","31 STREET","QN",,"4",,,,,,,,"4",,"11102","40.76966","-73.918557","401","22","4007828","4005980042","71","QN0103"
"2335","2369 & 2377 Hoffman Street","Rental","New Construction","3","1006110","3903","2377","HOFFMAN STREET","BX",,"1","2",,,,,,,"3",,"10458","40.855449","-73.888965","206","15","2011669","2030540031","387","BX0603"
"2246","26 Quincy Street Apartments","Rental","New Construction","13","999828","3779","26","Quincy St","BK","3","7","3",,,,,,,"13",,"11238","40.685843","-73.960269","302","35","3429057","3019720010","231","BK0204"
"2845","29 Evelyn Place Apartments","Rental","New Construction","4","1006479","4446","29","EVELYN PLACE","BX","2","1","1",,,,,,,"4",,"10468","40.859451","-73.90476","207","14","2088424","2031980045","253","BX0701"
"4611","161 Meserole Avenue Apartments","Rental","New Construction","9","1013179","6704","161","Meserole Ave","BK",,,"9",,,,,,,"9",,"11222","40.727908","-73.950275","301","33","3429761","3025990025","573","BK0101"
"4003","168 West 136th Street Apartments","Rental","New Construction","9","1009966","6294","168","W 136th St","MN",,"8","1",,,,,,,"9",,"10030","40.815514","-73.942142","110","09","1091040","1019200057","228","MN1002"
"2548","41-30 66th Street Apartments","Rental","New Construction","5","984647","4069","41-30","66 STREET","QN",,"5",,,,"2",,,,"3",,"11377","40.74409","-73.897985","402","26","4030239","4012980075","263","QN0203"
"2822","881 LEXINGTON AVENUE APARTMENTS","Rental","New Construction","8","325379","4162","881","LEXINGTON AVENUE","BK","1","7",,,,,,,,"8",,"11221","40.690591","-73.925707","303","41","3337964","3016230057","387","BK0302"
"5326","4650 Broadway Apartments","Rental","New Construction","67","1013900","7075","4650","Broadway","MN","13","33","21",,,,,,,"67",,"10040","40.862326","-73.929553","112","10","1000000","1021750001","287","MN1202"
"2229","58 Palmetto Street Apartments","Rental","New Construction","9","1001955","3769","58","Palmetto St","BK",,"6","3",,,,,,,"9",,"11221","40.69079","-73.919605","304","37","3427253","3033490011","399","BK0402"
"2525","BEACH 21ST APARTMENTS","Rental","New Construction","200","992168","3997","10-47","Beach 21st St","QN","30","77","63","30",,,"88","22","90",,,"11691","40.603358","-73.753866","414","31","4622929","4157050069","100803","QN1401"
"1888","METCALF AVENUE APARTMENTS","Rental","New Construction","223","985028","3408","1230","METCALF AVENUE","BX","25","94","83","21",,"25","49","50","99",,,"10472","40.830326","-73.872815","209","18","2025407","2037807501","64","BX0901"
"4200","Betances VI Family Apartments","Rental","New Construction","64","0","6427","405","E 146th St","BX",,"30","24","10",,"9","23","32",,,,"10455","40.814067","-73.919008","201","08",,,"43","BX0101"
"4422","2976 Third Avenue Apartments","Rental","New Construction","21","1014140","6559","2976","Third Ave","BX","7","10","4",,,,,,,"21",,"10455","40.818601","-73.914368","201","17","2130806","2023630012","71","BX0102"
"4764","2767 Atlantic Avenue Apartments","Rental","New Construction","13","1011166","6776","2767","ATLANTIC AVENUE","BK","2","4","7",,,,"5","5",,"3",,"11207","40.676311","-73.892029","305","37","3427363","3039460045","1198","BK0502"
"2058","3214 Cruger Avenue","Rental","New Construction","3","995941","3587","3214","CRUGER AVENUE","BX",,"3",,,,,,,,"3",,"10467","40.871929","-73.866133","212","12","2128433","2045970013","374","BX1201"
"2241","CATON FLATS","Rental","New Construction","254","987706","3677","800","FLATBUSH AVENUE","BK","64","97","53","40",,,"27","37","63","127",,"11226","40.653312","-73.959413","314","40","3397264","3050637501","50803","BK1401"
"1976","1250 New York Avenue Apartments - Units Still Available","Rental","New Construction","3","343475","3488","1250","New York Ave","BK",,"1","2",,,,,,,"3",,"11203","40.64242","-73.945773","317","45","3426663","3049490025","830","BK1702"
"2335","2369 & 2377 Hoffman Street","Rental","New Construction","3","999825","3898","2369","HOFFMAN STREET","BX",,"1","2",,,,,,,"3",,"10458","40.855337","-73.889063","206","15","2128438","2030540033","387","BX0603"
"2204","CONEY ISLAND PHASE I","Rental","New Construction","191","984726","3694","2926","WEST 19 STREET","BK","53","86","51","1",,"19","59","71","29","13",,"11224","40.576052","-73.985756","313","47","3426189","3070607501","326","BK1302"
"4566","43-15 63rd Street Apartments","Rental","New Construction","3","1012940","6676","43-15","63rd St","QN",,"1","2",,,,,,,"3",,"11377","40.742002","-73.90225","402","26","4623654","4013400009","249","QN0203"
"5403","27-51 Jackson Avenue Apartments","Rental","New Construction","23","0","7118","27-51","Jackson Ave","QN","3","13","7",,,,,,,"23",,"11101","40.748132","-73.939588","402","26","4000000","4004320003","1902","QN0201"
"1723","One Blue Slip","Rental","New Construction","101","948192","3214","1","Blue Slip","BK","29","48","22","2",,,,,,"101",,"11222","40.736165","-73.959012","301","33","3418101","3024727503","56302","BK0101"
"4565","2175 Davidson Ave Apartments","Rental","New Construction","6","1013130","6674","2175","Davidson Ave","BX","6",,,,,,,,,"6",,"10453","40.856771","-73.906051","205","14","2000000","2031950032","251","BX0501"
"3951","1739 Grand Avenue Apartments","Rental","New Construction","30","81431","6253","1739","Grand Ave","BX","7","13","10",,,,,,,"30",,"10453","40.849536","-73.913312","205","14","2129191","2028670086","21502","BX0501"
"3518","COMPASS SIX RESIDENCES","Rental","New Construction","156","989183","5922","1923","W Farms Rd","BX","20","78","39","19",,"32","53","71",,,,"10460","40.83877","-73.880999","206","15","2010971","2030167503","359","BX0601"
"3972","280 Meeker Avenue Apartments","Rental","New Construction","21","1009756","6251","280","Meeker Ave","BK","5","5","11",,,,,,,"21",,"11211","40.716635","-73.949508","301","34","3428916","3027420009","501","BK0104"
"3069","1101 President Street Apartments","Rental","New Construction","160","988250","3703","1101","PRESIDENT STREET","BK","28","96","22","14",,"21","38","101",,,,"11225","40.668277","-73.954267","309","35","3427018","3012747501","323","BK0901"
"1819","2848 West 15th Street Apartments","Rental","New Construction","6","995371","3317","2848","WEST 15 STREET","BK",,"3","3",,,,,,,"6",,"11224","40.578025","-73.982883","313","47","3256856","3070220028","348","BK1302"
"2213","BETANCES SENIOR RESIDENCE","Rental","New Construction","78","988893","3731","445","E 142nd St","BX","57","21",,,,,"78",,,,,"10454","40.811114","-73.919734","201","08","2129390","2022870026","41","BX0101"
"2652","2026 Walton Avenue","Rental","New Construction","13","994916","4202","2026","WALTON AVENUE","BX","4","7","2",,,,,,,"13",,"10453","40.85283","-73.907025","205","14","2007945","2028290040","241","BX0502"
"3448","282 Grand Street Apartment","Rental","New Construction","8","1009808","5902","282","Grand St","MN",,"8",,,,,,"3",,"5",,"10002","40.717766","-73.992551","103","01","1091810","1004180051","18","MN0302"
"1755","782 New York Avenue Apartments","Rental","New Construction","12","995346","3266","782","NEW YORK AVENUE","BK",,"8","4",,,,,,,"12",,"11203","40.654792","-73.94709","317","40","3426836","3048370065","818","BK1701"
"2357","Bushwick and Evergreen - Waiting List","Rental","New Construction","61","987191","3892","340","EVERGREEN AVENUE","BK","16","11","34",,,,,,,"61",,"11221","40.694752","-73.924833","304","34","3400818","3032740002","395","BK0402"
"5201","Belle Gardens Cooperatives","Owner","New Construction","10","0","6997","331","Ralph Ave","BK",,"3","7",,,,,,"8","2",,"11233","40.677746","-73.921734","303","41","3429875","3015560007","301","BK1601"
"2566","Centennial Astoria Apartments - Units Still Available","Rental","New Construction","5","971669","4211","14-53","31st Avenue","QN",,"1","4",,,,,,,"5",,"11106","40.767576","-73.930419","401","22","4595613","4005340001","79","QN0102"
"5031","EBENEZER PLAZA PHASE 2","Rental","Preservation","165","991993","6810","589","CHRISTOPHER AVENUE","BK","15","94","46","10",,"21","51","93",,,,"11212","40.657206","-73.902652","316","42","3428616","3038610001","920","BK1602"
"4762","5-22 49th Avenue  Apartments","Rental","New Construction","9","1015211","6775","5-22","49th Ave","QN",,"4","5",,,,,,,"9",,"11101","40.743795","-73.95585","402","26","4623858","4000320035","701","QN0201"
"3123","Astoria West Phase 2","Rental","New Construction","46","417008","4646","11-28","30 DRIVE","QN","3","31","12",,,,,,,"46",,"11102","40.770156","-73.933867","401","22","4619107","4005040121","81","QN0102"
"1935","1646 Amsterdam Avenue Apartments","Rental","Preservation","4","5610","3290","1646","AMSTERDAM AVENUE","MN",,,"1","3",,,,,"4",,,"10031","40.822975","-73.949268","109","07","1061796","1020730032","225","MN0903"
"4776","1020 Rogers Avenue Apartments","Rental","New Construction","23","0","6782","1020","Rogers Ave","BK","3","9","11",,,,,,,"23",,"11226","40.645445","-73.951918","317","40","3000000","3051370025","79202","BK1701"
"2486","BROOKLYN CROSSING 18th SIXTH AVENUE APARTMENTS","Rental","New Construction","258","1003182","3990","18","6th Ave","BK","79","134","45",,,,,,,"258",,"11217","40.68251","-73.973885","302","35","3426300","3011187502","12902","BK0602"
"4470","Dean Street - Small Homes Rehab NYCHA","Owner","New Construction","1","230738","6593","1214","DEAN STREET","BK",,,,,"1",,,,"1",,,"11216","40.676814","-73.948904","308","36","3030361","3012130016","315","BK0802"
"4635","414 East 152nd Street Apartments","Rental","New Construction","25","0","6721","414","E 152nd St","BX","8","16","1",,,,,,,"25",,"10455","40.818111","-73.916373","201","17","2000000","2023747501","67","BX0102"
"1832","Centennial Astoria Apartments","Rental","New Construction","14","417083","3402","14-53","31 AVENUE","QN",,"9","5",,,,,,,"14",,"11106","40.767576","-73.930419","401","22","4595613","4005340001","79","QN0102"
"4971","Bridge Rockaway Apartments","Rental","New Construction","86","362749","6845","203","NEWPORT STREET","BK",,"15","46","25",,"35","38","13",,,,"11212","40.659559","-73.907633","316","41","3429686","3036037501","916","BK1602"
"3200","2850 Webster Avenue Senior Apartments","Rental","New Construction","130","1009036","4699","2856","Webster Ave","BX","105","25",,,,,"130",,,,,"10458","40.866723","-73.884546","207","15","2130640","2032737501","397","BX0603"
"2314","1973 Daly Avenue Apartments","Rental","New Construction","47","1003502","4180","1973","Daly Ave","BX","24","14","9",,,,,"47",,,,"10460","40.842214","-73.883573","206","15","2130434","2031217501","363","BX0601"
"2684","425 GRAND CONCOURSE APARTMENTS","Rental","Preservation","248","975396","4281","425","Grand Concourse","BX","41","82","84","41",,"28","55","55","41","69",,"10451","40.817142","-73.927957","201","17","2129044","2023467501","6301","BX0401"
"2973","524 East 14th Street Waiting List","Rental","New Construction","50","983392","4467","524","EAST 14 STREET","MN","12","13","25",,,,,"17",,"33",,"10009","40.72983","-73.978954","103","02","1090264","1004077504","34","MN0303"
"3361","195 Herzl Street Apartments","Rental","New Construction","3","1007529","5834","195","Herzl St","BK",,"3",,,,,,,,"3",,"11212","40.665383","-73.914496","316","41","3428689","3035390005","902","BK1602"
"5387","BEACH GREEN DUNES III","Rental","New Construction","117","0","6842","3-31","Beach 35th St","QN","29","55","31","2",,"15","43","59",,,,"11691","40.596108","-73.767699","414","31","4000000","4158250007","992","QN1401"
"3934","THE YELLOW STONE APARTMENTS","Rental","New Construction","0","0","6221","73-65","Yellowstone Blvd","QN",,,,,,,,,,,,"11375","40.717535","-73.857096","406","29",,,"707","QN0602"
"1830","Mother Gaston Hinsdale Homes","Owner","New Construction","1","0","3396","1633","St Marks Ave","BK",,,,"1",,,,,"1",,,"11233","40.673183","-73.912845","316","41","3429671","3014540066","36501","BK1601"
"5535","Plank Road - Waiting List","Rental","New Construction","94","1003420","7170","662","PACIFIC STREET","BK","24","48","22",,,,,,,"94",,"11217","40.682164","-73.973492","308","35","3428828","3011287505","161","BK0801"
"7080","55 Broad Street Apartments","Rental","New Construction","143","7525","7501","55","BROAD STREET","MN","70","63","9","1",,,"29","76","38",,,"10004","40.705189","-74.011505","101","01","1000821","1000250001","9","MN0101"
"2779","Amanda's Cove Waiting List","Rental","New Construction","3","854141","4309","3473","BRUNER AVENUE","BX",,"1",,"2",,,,"1","2",,,"10469","40.879418","-73.841759","212","12","2112953","2048830125","46208","BX1202"
"3993","Reclaim HDFC -Waiting List","Rental","Preservation","18","66235","6211","503","EAST  180 STREET","BX","2","9","7",,,,"10","8",,,,"10457","40.851016","-73.89464","206","15","2011510","2030470067","37504","BX0602"
"5533","70 Eckford Street aka 257 Driggs Avenue Apartments","Rental","New Construction","6","234532","7219","257","DRIGGS AVENUE","BK","1","1","4",,,,,,,"6",,"11222","40.722662","-73.948013","301","33","3067546","3026990009","499","BK0101"
"1826","NEHEMIAH SPRING CREEK 4B-2","Rental","New Construction","6","985163","3308","1111","Ashford St","BK",,"1","5",,,,"3","3",,,,"11239","40.654766","-73.875056","305","42","3421909","3044520440","107001","BK0504"
"7096","45-07 45th Street Apartments","Rental","New Construction","19","0","7517","4502","Queens Blvd","QN",,"15","4",,,,,"13",,"6",,"11104","40.74324","-73.919477","402","26","4000000","4001640011","183","QN0202"
"5579","28-08 38th Avenue Apartments","Rental","New Construction","15","0","7235","28-08","38 AVENUE","QN","1","6","8",,,,,,,"15",,"11101","40.754922","-73.934179","401","26","4004659","4003850009","31","QN0105"
"1833","Washington Heights HDFC","Owner","Preservation","9","42889","3139","518","WEST 161 STREET","MN",,"1","6","2",,,,,"9",,,"10032","40.835673","-73.940983","112","10","1062835","1021190028","245","MN1201"
"5664","Crotona Park West - Waiting List","Rental","Preservation","10","79800","7187","1729","FULTON AVENUE","BX","2","6","2",,,,"1","9",,,,"10457","40.842345","-73.897347","203","15","2009668","2029300072","165","BX0302"
"6801","25 Water Street Apartments","Rental","New Construction","330","7514","7339","25","WATER STREET","MN","238","73","12","7",,,"66","4","260",,,"10004","40.703026","-74.011202","101","01","1000007","1000050010","9","MN0101"
"6841","46-06 11th Street Apartments","Rental","New Construction","18","401517","7356","46-06","11 STREET","QN",,"12","6",,,,,,,"18",,"11101","40.746205","-73.950388","402","26","4435522","4000480025","702","QN0201"
"5728","1615 Cedar Street Apartments","Rental","New Construction","13","1016623","7310","1615","Cedar St","BK",,"6","7",,,,,,,"13",,"11230","40.617492","-73.95875","314","44","3000000","3067450014","538","BK1403"
"7115","271 East 28th Street Apartments","Rental","New Construction","2","1017302","7544","271","EAST 28 STREET","BK",,"2",,,,,,"2",,,,"11226","40.643652","-73.950713","317","40","3000000","3051720041","826","BK1701"
"5664","Crotona Park West - Waiting List","Rental","Preservation","14","110993","7176","547","ST PAULS PLACE","BX",,"8","6",,,,"6","8",,,,"10456","40.835743","-73.902149","203","16","2009639","2029270033","169","BX0302"
"3620","Riverton Square -- Waiting List","Rental","Preservation","12","20926","6016","45","EAST  135 STREET","MN",,"5","7",,,,,,,"12",,"10037","40.811838","-73.935437","111","09","1082615","1017600101","210","MN1102"
"2836","Tyler's Bronx - Waiting List","Rental","New Construction","3","927254","4429","940","EAST 225 STREET","BX",,"1","1","1",,,,"1","2",,,"10466","40.885582","-73.853506","212","12","2116629","2048600170","404","BX1201"
"3299","Mickeys Corner -Waiting List","Rental","Preservation","1","875189","5747","3709","LACONIA AVENUE","BX",,,,"1",,,,,"1",,,"10469","40.878251","-73.853301","212","12","2114432","2046990001","388","BX1201"
"1826","NEHEMIAH SPRING CREEK 4B-2","Rental","New Construction","8","985163","3328","1117","Ashford St","BK",,"1","7",,,,,,"8",,,"11239","40.654560000000004","-73.874902","305","42","3421922","3044520467","107001","BK0504"
"1826","NEHEMIAH SPRING CREEK 4B-2","Rental","New Construction","79","985164","3298","516","Schroeders Ave","BK",,"79",,,,"60","19",,,,,"11239","40.654753","-73.87324","305","42","3421908","3044520423","107001","BK0504"
"4654","NEHEMIAH SPRING CREEK PHASE 4C","Rental","Preservation","8","991889","6614","465","Vandalia Avenue","BK",,,"1","7",,,,"8",,,,"11239","40.654857","-73.875308","305","42","3426796","3044520121","107001","BK0504"
"6866","Riseboro TPT Ten","Rental","New Construction","4","335743","7244","135","MENAHAN STREET","BK","1","1","1","1",,,,"4",,,,"11221","40.695648","-73.919542","304","37","3075660","3033060053","419","BK0402"
"5518","790 Allerton Avenue Apartments","Rental","New Construction","13","0","7207","790","Allerton Ave","BX",,"8","5",,,,,,,"13",,"10467","40.865492","-73.863883","211","13","2000000","2044390081","328","BX1104"
"4800","Williamsburg Apex","Rental","New Construction","81","0","6796","265","Lorimer St","BK","25","49","7",,,,,,,"81",,"11206","40.704865","-73.947901","301","34","3428765","3030760018","491","BK0104"
"3092","Small Homes Rehab - NYCHA Program Cluster III","Owner","New Construction","1","561907","4603","118-35","153 STREET","QN",,,"1",,,,,"1",,,,"11434","40.680341","-73.789369","412","28","4265039","4122080005","28801","QN1203"
"3255","Waterside Plaza Waiting List","Rental","New Construction","3","0","4707","20","Waterside Plaza","MN","1","2",,,,,,,,"3",,"10010","40.737259","-73.97416","106","04","1083709","1009910060","62","MN0603"
"2779","Amanda's Cove Waiting List","Rental","New Construction","9","857260","4311","3612","BARNES AVENUE","BX","4","4","1",,,,,"6","3",,,"10467","40.878705","-73.861621","212","12","2114916","2046720040","380","BX1201"
"7029","The Botanica","Rental","New Construction","55","991159","7437","931","CARROLL STREET","BK",,"27","28",,,,"22","22","11",,,"11225","40.668183","-73.959685","309","35","3029709","3011880058","213","BK0901"
"3092","Small Homes Rehab - NYCHA Program Cluster III","Owner","New Construction","3","389130","4624","110","WAVERLY AVENUE","BK",,,"2","1",,,,,"1",,,"11205","40.694462","-73.9681","302","35","3054341","3018880177","191","BK0204"
"6999","Prisma House","Rental","New Construction","30","0","7421","126","Sandford St","BK",,"24","6",,,,"12","12","6",,,"11205","40.695324","-73.953512","303","33",,,"1237","BK0301"
"5664","Crotona Park West - Waiting List","Rental","Preservation","14","79807","7194","1779","FULTON AVENUE","BX","1","7","3","3",,,"9","5",,,,"10457","40.843037","-73.896952","203","15","2009661","2029300060","165","BX0302"
"2854","Freeman Apartments - Waitlist","Rental","New Construction","8","984045","4299","215","FREEMAN STREET","BK",,"4","4",,,,,,,"8",,"11222","40.73464","-73.953056","301","33","3063970","3025050028","575","BK0101"
"5465","72-01 Queens Boulevard Apartments","Rental","New Construction","110","690027","7092","72-01","QUEENS BOULEVARD","QN","20","44","38","8",,,,"65",,"45",,"11377","40.739401","-73.891208","402","26","4620900","4013520125","485","QN0401"
"7155","12 Rockwell Place & 625 Fulton Street Apartments","Rental","New Construction","279","298393","7507","625","Fulton St","BK","80","130","69",,,,,,,"279",,"11201","40.688566","-73.980045","302","35","3000000","3020940001","33","BK0203"
"3501","Marion Creston Apartments","Rental","New Construction","11","59324","5928","2861","Creston Ave","BX","4","2","5",,,"2",,"9",,,,"10468","40.870896","-73.891601","207","14","2130690","2033190060","40701","BX0702"
"3086","99, 101 & 103 Grove Street","Rental","New Construction","3","1007038","4638","101","Grove St","BK",,"3",,,,,,,,"3",,"11221","40.693423","-73.920558","304","37","3428721","3033140078","419","BK0402"
"5664","Crotona Park West - Waiting List","Rental","Preservation","15","79803","7190","1763","FULTON AVENUE","BX","1","5","5","4",,,"3","12",,,,"10457","40.842814","-73.897079","203","15","2009665","2029300065","165","BX0302"
"5756","31-61 Vernon Boulevard Apartments","Rental","New Construction","16","0","7325","31-61","Vernon Blvd","QN","2","14",,,,,,,,"16",,"11106","40.76798","-73.935895","401","22","4000000","4005020005","81","QN0102"
"6911","Cadman Towers HDFC - Waiting List","Owner","Preservation","119","222987","7391","10","CLINTON STREET","BK",,"60","48","11",,,,,,"119",,"11201","40.695835","-73.991673","302","33","3319420","3002380035","502","BK0201"
"6911","Cadman Towers HDFC - Waiting List","Owner","Preservation","302","221260","7393","101","CLARK STREET","BK",,"124","121","57",,,,,,"302",,"11201","40.697285","-73.992304","302","33","3001727","3002320001","1","BK0201"
"4043","23-27 Eldert Street Apartments","Rental","New Construction","3","1011074","6345","27","Eldert St","BK",,"1","2",,,,,,,"3",,"11207","40.685928","-73.913864","304","37","3427355","3034080053","401","BK0402"
"4654","NEHEMIAH SPRING CREEK PHASE 4C","Rental","Preservation","5","991883","6609","451","Vandalia Avenue","BK","1","1","3",,,"3","2",,,,,"11239","40.654679","-73.87573","305","42","3426791","3044520115","107001","BK0504"
"5614","The Fifty LIC","Rental","New Construction","16","416957","7255","39-26","30th St","QN",,"16",,,,,,"16",,,,"11101","40.752729","-73.934062","401","26","4625411","4003990031","31","QN0105"
"2779","Amanda's Cove Waiting List","Rental","New Construction","3","883942","4327","1147","EAST 224 STREET","BX",,,,"1","2",,,"2","1",,,"10466","40.882838","-73.848033","212","12","2115230","2049030022","386","BX1202"
"6962","Edgemere Commons B1","Rental","Preservation","189","0","7374","5119","Beach Channel Dr","QN","7","114","62","6",,"35","71","83",,,,"11691","40.595204","-73.782638","414","31","4000000","4158430001","97204","QN1402"
"6866","Riseboro TPT Ten","Rental","New Construction","4","210667","7247","160","BLEECKER STREET","BK",,"3","1",,,,"2","2",,,,"11221","40.696455","-73.919901","304","37","3075647","3033060022","419","BK0402"
"7088","Verdant Fort Greene","Rental","Preservation","139","396614","7509","240","Willoughby Street","BK","25","69","45",,,,,,,"139",,"11201","40.691902999999996","-73.97827","302","35","3058411","3020880025","3101","BK0203"
"2131","336 & 338 East 28th Street - Units Still Available","Rental","New Construction","2","991923","3656","336","EAST 28 STREET","BK",,"2",,,,,,,,"2",,"11226","40.642192","-73.950577","317","45","3119918","3051930021","828","BK1701"
"5707","86 & 88 Marble Hill Avenue Apartments","Rental","New Construction","3","0","7296","88","Marble Hill Ave","MN",,"3",,,,,,,,"3",,"10463","40.876705","-73.909429","208","10","1000000","1022150569","309","BX0802"
"3299","Mickeys Corner -Waiting List","Rental","Preservation","1","71062","5753","848","EAST  228 STREET","BX",,,"1",,,,,,"1",,,"10466","40.888551","-73.855004","212","12","2063996","2048520062","406","BX1201"
"3993","Reclaim HDFC -Waiting List","Rental","Preservation","31","110103","6212","824","EAST  181 STREET","BX","2","16","8","5",,,"15","16",,,,"10460","40.847054","-73.884364","206","15","2012996","2031110010","36501","BX0602"
"5512","1024 Manhattan Avenue Apartments","Rental","New Construction","10","0","7199","1024","Manhattan Ave","BK","1","4","5",,,,,,,"10",,"11222","40.733938","-73.954864","301","33","3427465","3025130002","575","BK0101"
"4166","Habitat Net Zero Homes","Owner","New Construction","1","0","6194","214-13","Hollis Ave","QN",,,,"1",,,,,"1",,,"11429","40.709854","-73.744016","413","27","4000000","4110990076","540","QN1303"
"4688","Union Avenue Apartments","Owner","New Construction","11","116557","6687","993","UNION AVENUE","BX",,,"2","6","3",,,,"11",,,"10459","40.823778","-73.90144","203","17","2004845","2026690041","133","BX0301"
"4654","NEHEMIAH SPRING CREEK PHASE 4C","Rental","Preservation","8","991884","6610","455","Vandalia Avenue","BK",,"1","7",,,,,"8",,,,"11239","40.654723","-73.875604","305","42","3426792","3044520116","107001","BK0504"
"7126","94-15 Sutphin Boulevard Apartments","Rental","New Construction","90","0","7552","94-15","Sutphin Blvd","QN","27","45","17","1",,,,"90",,,,"11435","40.698868","-73.806824","412","27","4000000","4099990001","208","QN1201"
"1826","NEHEMIAH SPRING CREEK 4B-2","Rental","New Construction","6","985149","3332","401","SCHROEDERS AVENUE","BK",,"1","5",,,,"3","3",,,,"11239","40.653215","-73.876886","305","42","3421891","3044520224","107001","BK0504"
"5664","Crotona Park West - Waiting List","Rental","Preservation","37","79793","7185","1591","FULTON AVENUE","BX",,"8","24","5",,,"13","24",,,,"10457","40.838579","-73.899463","203","15","2009651","2029290028","167","BX0302"
"6894","The Dome","Rental","New Construction","21","1008308","7385","237","McGuinness Blvd","BK","5","5","11",,,,,"13",,"8",,"11222","40.730107","-73.951295","301","33","3000000","3025760007","575","BK0101"
"1830","Mother Gaston Hinsdale Homes","Owner","New Construction","1","0","3389","299","Mother Gaston Blvd","BK",,,"1",,,,,,"1",,,"11212","40.672034","-73.907461","316","37","3427299","3036920006","908","BK1602"
"1826","NEHEMIAH SPRING CREEK 4B-2","Rental","New Construction","8","985164","3330","498","Schroeders Ave","BK",,"1","7",,,,,,"8",,,"11239","40.654559","-73.873702","305","42","3421904","3044520417","107001","BK0504"
"3830","Plaza 129","Rental","New Construction","3","0","6162","12921","101st Ave","QN",,"1",,"2",,,,,,"3",,"11419","40.69231","-73.817729","409","29","4597173","4094730024","154","QN0903"
"2779","Amanda's Cove Waiting List","Rental","New Construction","3","854142","4314","3469","BRUNER AVENUE","BX",,,,"3",,,,,"3",,,"10469","40.87938","-73.841738","212","12","2112946","2048830227","46208","BX1202"
"5603","Roosevelt Parc - Waiting List","Rental","Preservation","47","990386","7243","37-46","72 STREET","QN","15","19","9","4",,,,,,"47",,"11372","40.747525","-73.893776","403","25","4618758","4012827501","26501","QN0401"
"5502","55-04 & 55-06 102nd Street Apartments","Rental","New Construction","3","0","7168","52-55","102nd St","QN",,"2","1",,,,,,,"3",,"11368","40.741596","-73.859574","404","21",,,"44301","QN0402"
"6889","Society Brooklyn at Sackett","Rental","New Construction","45","0","7380","504","Sackett St","BK",,"17","16","12",,,"18","18","8","1",,"11231","40.68039","-73.988661","306","39",,,"75","BK0601"
"5529","Bronx Renewal HELP USA Cluster","Rental","Preservation","4","85944","7218","3046","HOLLAND AVENUE","BX",,"1","3",,,,,"4",,,,"10467","40.870215","-73.865236","212","12","2055612","2045700023","33802","BX1201"
"5556","Douglass Street Apartments","Rental","New Construction","48","1016760","7227","164","4th Ave","BK","4","37","7",,,,"38",,,"10",,"11217","40.679223","-73.981829","306","39","3000000","3004200037","11901","BK0601"
"5565","320 Linden Boulevard Apartments","Rental","New Construction","19","327266","7233","320","LINDEN BOULEVARD","BK","8","11",,,,,,,,"19",,"11226","40.652744","-73.947686","317","40","3108517","3048680043","818","BK1701"
"4654","NEHEMIAH SPRING CREEK PHASE 4C","Rental","Preservation","8","991869","6615","406","Vandalia Avenue","BK","1","1","6",,,,,"8",,,,"11239","40.654560000000004","-73.877097","305","42","3000000","3044520204","107001","BK0504"
"1830","Mother Gaston Hinsdale Homes","Owner","New Construction","1","0","3394","2164","Dean St","BK",,,,"1",,,,,"1",,,"11233","40.675008","-73.915778","316","41","3429752","3014470014","303","BK1601"
"3624","2588 - 2590 Heath Avenue Apartments","Rental","New Construction","3","991334","6022","2590","HEATH AVENUE","BX",,"3",,,,,,,,"3",,"10463","40.869015","-73.907003","207","14","2015133","2032370062","269","BX0701"
"3996","Tower 77","Rental","New Construction","88","1012251","6224","87","Commercial St","BK","19","32","27","10",,,,"37","12","39",,"11222","40.73763","-73.956106","301","33","3428897","3024720410","56302","BK0101"
"2539","2779 & 2781 University Avenue Apartments","Rental","New Construction","3","1000962","4128","2779","University Ave","BX",,"3",,,,,,,,"3",,"10468","40.870917","-73.899421","208","14","2130576","2032490105","26702","BX0801"
"2294","Sendero Verde Phase I","Rental","New Construction","85","1007684","3853","75","E 111th St","MN","20","38","27",,,"25","18","39","3",,,"10029","40.79636","-73.946114","111","08","1091648","1016177502","17402","MN1101"
"1932","The Grand Apartments","Rental","New Construction","36","974228","3453","220","EAST 178 STREET","BX","9","16","11",,,,"10","26",,,,"10457","40.850358","-73.904314","205","15","2128505","2028100017","23502","BX0502"
"4162","Bed-Stuy Central","Owner","New Construction","1","926974","6312","687A","HANCOCK STREET","BK",,,"1",,,,,,,"1",,"11233","40.685114","-73.927692","303","36","3341825","3016570059","383","BK0302"
"2072","948 & 954 Herkimer Street Apartments","Rental","New Construction","2","998359","3589","948","Herkimer St","BK",,"2",,,,,,,,"2",,"11233","40.678133","-73.922173","303","41","3424924","3017140016","299","BK0302"
"1946","605 Hart Street Apartments","Rental","New Construction","9","1002743","3505","605","HART STREET","BK",,"8","1",,,,,"9",,,,"11221","40.697964999999996","-73.927599","304","34","3421763","3032177501","423","BK0401"
"7128","1215 Fulton Street aka 12 Halsey Street Apartments","Rental","New Construction","72","0","7550","1215","Fulton St","BK","20","36","16",,,,,,,"72",,"11216","40.680609","-73.952845","303","36","3000000","3018420015","245","BK0301"
"4166","Habitat Net Zero Homes","Owner","New Construction","1","0","6193","117-11","143rd St","QN",,,,,"1",,,,"1",,,"11436","40.678762","-73.798034","412","28","4000000","4120170049","18402","QN1203"
"5446","566 Grand Street Apartments","Rental","New Construction","7","1014239","7150","568","Grand Street","BK","1","2","4",,,,,"4",,"3",,"11211","40.711118","-73.949314","301","34","3000000","3027850027","513","BK0102"
"3501","Marion Creston Apartments","Rental","New Construction","14","1009550","5911","2997","Marion Ave","BX","10","4",,,,"3",,"11",,,,"10458","40.870006","-73.882617","207","11","2129651","2032810023","415","BX0702"
"6909","1353 Castle Hill Avenue Senior Apartments","Rental","New Construction","15","973289","7388","1353","CASTLE HILL AVENUE","BX","4","7","4",,,,,"10",,"5",,"10462","40.835363","-73.852015","209","18","2130358","2039350058","222","BX0904"
"5664","Crotona Park West - Waiting List","Rental","Preservation","15","60076","7178","1451","CROTONA PLACE","BX",,,"15",,,,"8","7",,,,"10456","40.836267","-73.901563","203","16","2009638","2029270031","169","BX0302"
"3996","Tower 77","Rental","New Construction","72","1012251","6223","85","Commercial St","BK","18","18","27","9",,,"20","48","1","3",,"11222","40.7376","-73.95616","301","33","3428896","3024720410","56302","BK0101"
"4654","NEHEMIAH SPRING CREEK PHASE 4C","Rental","Preservation","5","991870","6616","408","Vandalia Avenue","BK","1","1","3",,,"2","3",,,,,"11239","40.654546","-73.876992","305","42","3426064","3044520205","107001","BK0504"
"3092","Small Homes Rehab - NYCHA Program Cluster III","Owner","New Construction","1","571099","4602","114-22","166 STREET","QN",,,,"1",,,,"1",,,,"11434","40.689502","-73.782994","412","28","4267054","4123290038","276","QN1203"
"3299","Mickeys Corner -Waiting List","Rental","Preservation","2","73286","5752","677","EAST  241 STREET","BX",,,"1","1",,,,,"2",,,"10470","40.903748","-73.850991","212","11","2071772","2051070054","414","BX1203"
"3092","Small Homes Rehab - NYCHA Program Cluster III","Owner","New Construction","2","55105","4623","3817","CARPENTER AVENUE","BX",,,,"2",,,,,"1",,,"10467","40.884992","-73.865398","212","12","2057542","2046530021","394","BX1201"
"1826","NEHEMIAH SPRING CREEK 4B-2","Rental","New Construction","6","985164","3311","502","Schroeders Ave","BK",,"1","5",,,,"3","3",,,,"11239","40.6546","-73.873601","305","42","3421906","3044520419","107001","BK0504"
"7042","3825 Carpenter Avenue Apartments","Rental","New Construction","3","1013931","7415","3825","CARPENTER AVENUE","BX","1","1","1",,,,,"3",,,,"10467","40.885338","-73.865209","212","12","2129752","2046530089","394","BX1201"
"6813","1 Putnam Avenue Apartments","Rental","New Construction","13","0","7343","1","Putnam Ave","BK",,"10","3",,,,,"8",,"5",,"11238","40.682649","-73.962135","302","35","3000000","3019810001","201","BK0204"
"5558","Pianist Senior - Units Still Available","Rental","Preservation","13","1009477","7197","3-11","27 AVENUE","QN","3",,"10",,,,,"13",,,,"11102","40.77497","-73.934166","401","22","4020675","4009107501","87","QN0102"
"1830","Mother Gaston Hinsdale Homes","Owner","New Construction","1","0","3395","2178","Dean St","BK",,,,"1",,,,,"1",,,"11233","40.674988","-73.91545","316","41","3000000","3014470020","303","BK1601"
"6812","91 Bruckner Blvd Apartments","Rental","New Construction","27","0","7312","91","Bruckner Blvd","BX",,"13","14",,,,,,,"27",,"10454","40.805639","-73.924596","201","08","2000000","2022780001","1902","BX0101"
"7054","408 Lefferts Avenue Apartments","Rental","New Construction","18","0","7450","408","Lefferts Ave","BK","3","12","3",,,,,,,"18",,"11225","40.662551","-73.947516","309","40","3000000","3013310005","806","BK0902"
"5664","Crotona Park West - Waiting List","Rental","Preservation","14","79791","7182","1573","FULTON AVENUE","BX",,,"3","11",,,"5","8","1",,,"10457","40.838277","-73.89963","203","15","2009653","2029290035","167","BX0302"
"7028","Bushwick Alliance","Rental","New Construction","4","317784","7446","272","Jefferson St","BK",,,"4",,,,"2","2",,,,"11237","40.703986","-73.926568","304","34","3000000","3031750013","427","BK0401"
"5506","150 Noll Street Apartments","Rental","New Construction","25","1016719","7203","150","NOLL STREET","BK",,"20","4","1",,,,,,"25",,"11206","40.702916","-73.931128","304","34","3387637","3031540026","425","BK0401"
"5760","1644 New York Avenue Apartments","Rental","New Construction","11","0","7328","1644","New York Ave","BK","3","5","3",,,,,,,"11",,"11210","40.632723","-73.944733","317","45","3000000","3075600067","78602","BK1702"
"7110","26-18 4th Street Apartments","Rental","Preservation","5","399270","7539","26-18","4 STREET","QN",,"5",,,,,,"5",,,,"11102","40.77576","-73.93284","401","22","4620927","4009100029","87","QN0102"
"6881","321 Franklin Avenue Apartments","Rental","New Construction","3","1017401","7372","321","FRANKLIN AVENUE","BK",,"1","2",,,,,,,"3",,"11238","40.688576","-73.957134","303","36","3427383","3019500001","233","BK0301"
"3993","Reclaim HDFC -Waiting List","Rental","Preservation","8","66477","6210","308","EAST  183 STREET","BX",,"3","5",,,,"3","5",,,,"10458","40.856665","-73.897777","205","15","2013406","2031450021","38301","BX0503"
"2546","Roosevelt Apartments Phase II","Rental","New Construction","3","1003190","4152","108-58","Roosevelt Ave","QN",,,"3",,,,,,,"3",,"11368","40.750855","-73.858266","404","21","4619692","4019960033","40101","QN0402"
"5631","26-38 Jackson Avenue Apartments","Rental","New Construction","109","667135","7259","26-32","JACKSON AVENUE","QN","27","27","37","18",,,,"12","33","64",,"11101","40.747551","-73.94113","402","26","4620885","4002670021","1902","QN0201"
"7089","514 Maple Street Apartments","Rental","New Construction","3","332299","7512","514","MAPLE STREET","BK",,"1",,"2",,,,,,"3",,"11225","40.66124","-73.943826","309","40","3106775","3047980028","806","BK0902"
"4654","NEHEMIAH SPRING CREEK PHASE 4C","Rental","Preservation","5","991875","6631","416","Vandalia Avenue","BK",,"1","4",,,"1","4",,,,,"11239","40.654529","-73.87652","305","42","3000000","3044520250","107001","BK0504"
"6873","Miramar aka West 206th Street Apartments","Rental","New Construction","191","43690","7379","407","WEST 206 STREET","MN","19","112","56","4",,,"74","117",,,,"10034","40.863178","-73.917911","112","10","1091692","1022030009","299","MN1203"
"3593","Park Affordable Apartments","Rental","New Construction","14","152184","5971","983","46 STREET","BK",,"5","5","4",,,,,"14",,,"11219","40.641055","-73.99755","312","38","3136585","3056130044","112","BK1201"
"4654","NEHEMIAH SPRING CREEK PHASE 4C","Rental","Preservation","6","991873","6618","412","Vandalia Avenue","BK",,,"6",,,"2","4",,,,,"11239","40.654532","-73.876776","305","42","3000000","3044520207","107001","BK0504"
"3255","Waterside Plaza Waiting List","Rental","New Construction","2","0","4708","25","Waterside Plaza","MN",,,"2",,,,,,,"2",,"10010","40.737369","-73.974077","106","04","1083708","1009910060","62","MN0603"
"7003","Stevenson Commons Coop","Owner","New Construction","42","1008602","7408","1847","Seward Ave","BX",,"11","22","9",,,,"42",,,,"10473","40.819433","-73.861181","209","18","2000000","2036000004","16","BX0902"
"6932","111 Willoughby Street Apartments","Rental","New Construction","69","0","7397","111","Willoughby St","BK","29","30","10",,,,,,,"69",,"11201","40.69214","-73.984628","302","33","3000000","3020580047","1502","BK0202"
"3593","Park Affordable Apartments","Rental","New Construction","22","152728","5969","914","47 STREET","BK",,"1","21",,,,,,"22",,,"11219","40.641127","-73.999214","312","38","3137063","3056250008","114","BK1201"
"5708","Adam Clayton Powell Jr. Blvd Cluster","Owner","New Construction","4","3518","6584","2274","7 AVENUE","MN",,"4",,,,,,,"4",,,"10030","40.814447","-73.94434","110","09","1058815","1019390034","226","MN1002"
"4654","NEHEMIAH SPRING CREEK PHASE 4C","Rental","Preservation","8","991882","6608","441","Vandalia Avenue","BK","1","1","6",,,,,"8",,,,"11239","40.654575","-73.876195","305","42","3426790","3044520114","107001","BK0504"
"1826","NEHEMIAH SPRING CREEK 4B-2","Rental","Preservation","7","985152","3338","392","Schroeders Ave","BK",,,"1","6",,,"3","4",,,,"11239","40.653182","-73.876919","305","42","3421886","3044520157","107001","BK0504"
"6994","570 Fulton Street Apartments","Rental","New Construction","49","1018181","7414","570","Fulton St","BK","15","28","6",,,,,"6",,"43",,"11217","40.688373","-73.979605","302","35","3000000","3021060035","33","BK0203"
"6827","Cantilever House","Rental","New Construction","15","298679","7324","21","GARDEN STREET","BK",,"12","3",,,,,"11",,"4",,"11206","40.701149","-73.937651","304","34","3326077","3031380013","389","BK0401"
"6978","89 Dekalb Avenue Apartments","Rental","New Construction","98","0","7410","89","DeKalb Ave","BK","34","39","25",,,,,,,"98",,"11201","40.689883","-73.979793","302","35",,,"3101","BK0203"
"2836","Tyler's Bronx - Waiting List","Rental","New Construction","9","899677","4421","717","EAST 220 STREET","BX","2","7",,,,,,"8","1",,,"10467","40.884049","-73.861657","212","12","2117180","2046680042","396","BX1201"
"5538","Lenox Avenue HDFC Cooperative ANCP Cluster","Owner","Preservation","2","23600","7022","432","LENOX AVENUE","MN",,,"2",,,,,,"2",,,"10037","40.811899","-73.94246","110","09","1053884","1017290172","208","MN1002"
"6919","1305 Newkirk Avenue AKA 585 Argyle Road","Rental","New Construction","9","0","7394","585","Argyle Rd","BK",,"1","8",,,,,"6",,"3",,"11230","40.635069","-73.965145","314","40","3000000","3051990037","520","BK1402"
"5529","Bronx Renewal HELP USA Cluster","Rental","Preservation","3","85943","7216","3042","HOLLAND AVENUE","BX",,"1","2",,,,,"3",,,,"10467","40.870193","-73.86524","212","12","2055611","2045700022","33802","BX1201"
"6821","1026 Third Avenue Apartments","Rental","New Construction","27","0","7354","1026","3rd Ave","MN","12","11","4",,,,"11","11",,"5",,"10065","40.762668","-73.965786","108","04","1000000","1013950039","11402","MN0802"
"1830","Mother Gaston Hinsdale Homes","Owner","New Construction","1","0","3390","281","Mother Gaston Blvd","BK",,,,"1",,,,,"1",,,"11212","40.672443","-73.907565","316","37","3427300","3036920012","908","BK1602"
"7079","91 De Sales Place","Rental","New Construction","2","0","7499","91","De Sales Pl","BK",,,"2",,,,,"2",,,,"11207","40.682785","-73.904075","304","37","3000000","3034690030","405","BK0402"
"4654","NEHEMIAH SPRING CREEK PHASE 4C","Rental","Preservation","8","991874","6630","414","Vandalia Avenue","BK","1","1","6",,,,,"8",,,,"11239","40.654526","-73.876642","305","42","3000000","3044520249","107001","BK0504"
"6800","5714A & 5714B Granger Street Apartments","Rental","New Construction","2","0","7344","5714A","Granger St","QN",,"2",,,,,,,,"2",,"11368","40.739153","-73.85709","404","21","4000000","4019500042","43702","QN0402"
"2271","Riverton Square - Waiting List","Rental","Preservation","7","0","3499","2171","Madison Ave","MN",,"3","4",,,,,,,"7",,"10037","40.812628","-73.935613","111","09","1082614","1017600101","210","MN1102"
"4654","NEHEMIAH SPRING CREEK PHASE 4C","Rental","Preservation","6","991885","6611","457","Vandalia Avenue","BK",,"1","5",,,"3","3",,,,,"11239","40.654748","-73.875543","305","42","3426793","3044520117","107001","BK0504"
"3299","Mickeys Corner -Waiting List","Rental","Preservation","7","912724","5746","720","EAST  220 STREET","BX",,"5","2",,,,,"5","2",,,"10467","40.884008","-73.861581","212","12","2113871","2046670065","396","BX1201"
"4162","Bed-Stuy Central","Owner","New Construction","1","0","6314","278","Bainbridge St.","BK",,,,"1",,,,,"1",,,"11233","40.681506","-73.926279","303","36","3429354","3016870047","381","BK0302"
"3183","416 and 420 Kent Avenue Waiting List","Rental","New Construction","65","966338","4692","416","KENT AVENUE","BK","31","18","16",,,,"26","26",,"13",,"11249","40.710219","-73.968532","301","33","3418297","3021280005","549","BK0102"
"5427","29 Featherbed Lane Apartments","Rental","New Construction","40","972809","7135","29","FEATHERBED LANE","BX","8","20","12",,,,"16","24",,,,"10452","40.845947","-73.915229","205","14","2129190","2028650122","217","BX0501"
"2836","Tyler's Bronx - Waiting List","Rental","New Construction","3","927390","4426","935","EAST 224 STREET","BX",,,,"3",,,,,"3",,,"10466","40.884938","-73.854028","212","12","2116631","2048600026","404","BX1201"
"4162","Bed-Stuy Central","Owner","New Construction","1","0","6319","191","Chauncey St","BK",,,,"1",,,,,,"1",,"11233","40.680648","-73.927369","303","36","3000000","3016870073","381","BK0302"
"1830","Mother Gaston Hinsdale Homes","Owner","New Construction","1","313169","3387","653","HINSDALE STREET","BK",,,,"1",,,,,"1",,,"11207","40.658719","-73.897301","305","42","3085955","3038670009","1132","BK0503"
"2685","Evergreen Gardens - Waiting List","Rental","New Construction","94","975616","4206","123","MELROSE STREET","BK","37","37","20",,,,,"94",,,,"11206","40.699546","-73.933007","304","34","3426367","3031520048","391","BK0401"
"3299","Mickeys Corner -Waiting List","Rental","Preservation","3","950724","5745","748","EAST  227 STREET","BX",,,,"3",,,,"1","2",,,"10466","40.888761","-73.858269","212","12","2120062","2048400070","406","BX1201"
"3011","1537, 1539, 1541 Dean Street Apartments","Rental","New Construction","3","1008066","4556","1539","Dean St","BK",,"1","2",,,,,,,"3",,"11213","40.676182","-73.936971","308","36","3035659","3013407506","311","BK0802"
"2779","Amanda's Cove Waiting List","Rental","New Construction","2","947762","4343","2904","ELY AVENUE","BX",,,,"2",,,,"1","1",,,"10469","40.869946","-73.835849","212","12","2112929","2047960139","46208","BX1202"
"2299","Roosevelt Apartments Phase I","Rental","New Construction","2","998993","3843","108-69","ROOSEVELT AVENUE","QN",,"2",,,,,,,,"2",,"11368","40.750874","-73.858263","403","21","4431610","4017807508","40102","QN0303"
"2271","Riverton Square - Waiting List","Rental","Preservation","6","20926","3498","45","EAST 135 STREET","MN",,"4","2",,,,,"2",,"4",,"10037","40.811838","-73.935437","111","09","1082615","1017600101","210","MN1102"
"5578","2123 Glebe Avenue Apartments","Rental","New Construction","50","0","7224","2123","Glebe Ave","BX","4","23","23",,,,,,,"50",,"10462","40.834985","-73.850336","210","18",,,"20601","BX1001"
"6837","132 & 134 Waverly Avenue Apartments","Rental","New Construction","3","1015679","7297","132","Waverly Ave","BK",,"1","2",,,,,,,"3",,"11205","40.694011","-73.96801","302","35","3429253","3018880088","191","BK0204"
"5482","NORTH COVE APARTMENTS","Rental","Preservation","484","4668","7127","375","WEST  207 STREET","MN","118","224","142",,,"61","122","152","149",,,"10034","40.863599","-73.916537","112","10","1089192","1021880001","299","MN1203"
"5179","420 Carroll Street Apartments","Rental","New Construction","30","1000973","6976","424","Carroll St","BK","2","12","12","4",,,"13","11","5","1",,"11215","40.677884","-73.988402","306","39","3000000","3004530001","11901","BK0601"
"2275","Alexander Lofts - Units Still Available","Rental","New Construction","2","996940","3838","308","EAST 134 STREET","BX",,"2",,,,,,,,"2",,"10454","40.807766","-73.927635","201","08","2128911","2023090022","1901","BX0101"
"6882","268 Sullivan Place Apartments","Rental","New Construction","12","379128","7377","268","Sullivan Pl","BK",,"6","6",,,,,,,"12",,"11225","40.664601","-73.9522","309","35","3000000","3013080026","321","BK0901"
"1826","NEHEMIAH SPRING CREEK 4B-2","Rental","New Construction","6","985163","3329","1115","Ashford St","BK",,"1","5",,,,"2","4",,,,"11239","40.654629","-73.874952","305","42","3421923","3044520468","107001","BK0504"
"3620","Riverton Square -- Waiting List","Rental","Preservation","5","804704","6012","10","EAST  138 STREET","MN",,"4","1",,,,,,,"5",,"10037","40.814275","-73.935337","111","09","1081107","1017600001","210","MN1102"
"2836","Tyler's Bronx - Waiting List","Rental","New Construction","9","927393","4419","621","EAST 231 STREET","BX","3","3","3",,,,,"6","3",,,"10466","40.89282","-73.860517","212","11","2117221","2048340044","420","BX1203"
"7084","100 South 9th Street Apartments","Rental","New Construction","15","372586","7504","100","SOUTH 9 STREET","BK","3","4","8",,,,,,,"15",,"11249","40.708799","-73.964962","301","34","3379696","3021460015","547","BK0102"
"4654","NEHEMIAH SPRING CREEK PHASE 4C","Rental","Preservation","8","991866","6621","91","Gateway Drive","BK",,"1","7",,,,,"8",,,,"11239","40.653899","-73.877757","305","42","3426067","3044520228","107001","BK0504"
"2836","Tyler's Bronx - Waiting List","Rental","New Construction","3","927250","4427","936","EAST 225 STREET","BX",,"1",,"2",,,,"1","2",,,"10466","40.885607","-73.853585","212","12","2116627","2048600168","404","BX1201"
"5664","Crotona Park West - Waiting List","Rental","Preservation","13","79781","7180","1469","FULTON AVENUE","BX",,"10","3",,,,"4","9",,,,"10456","40.836096","-73.900876","203","16","2009642","2029270057","169","BX0302"
"5469","Logan Fountain Apartments","Rental","New Construction","68","328417","7153","265","LOGAN STREET","BK",,"18","33","17",,,"23","45",,,,"11208","40.679433","-73.877317","305","37","3426287","3041547501","1192","BK0502"
"6892","CORE NYC","Rental","New Construction","78","0","7382","98-10","63rd Rd","QN","21","27","30",,,,,,,"78",,"11374","40.732079","-73.858674","406","24","4000000","4020980005","71701","QN0601"
"3993","Reclaim HDFC -Waiting List","Rental","Preservation","20","116884","6180","1982","UNIVERSITY AVENUE","BX",,"1","14","5",,,"7","13",,,,"10453","40.854483","-73.911625","205","14","2008555","2028680129","243","BX0501"
"4654","NEHEMIAH SPRING CREEK PHASE 4C","Rental","Preservation","8","991858","6629","71","Gateway Drive","BK",,,"1","7",,,,"8",,,,"11239","40.654333","-73.877782","305","42","3430034","3044520237","107001","BK0504"
"5540","Morris University Apartments","Rental","Preservation","1","116879","6975","1966","UNIVERSITY AVENUE","BX",,,,,"1",,,"1",,,,"10453","40.854275","-73.911849","205","14","2008551","2028680121","243","BX0501"
"2779","Amanda's Cove Waiting List","Rental","New Construction","3","878262","4325","3563","BRONXWOOD AVENUE","BX",,,,"3",,,,"1","2",,,"10469","40.877081","-73.859643","212","12","2115736","2046710073","380","BX1201"
"5629","One Bell Slip Waiting List","Rental","New Construction","125","1002293","7251","1","BELL SLIP","BK","70","32","23",,,,,"42",,"83",,"11222","40.73672","-73.958597","301","33","3426466","3024720200","56302","BK0101"
"1833","Washington Heights HDFC","Owner","Preservation","9","43012","3140","544","WEST 163 STREET","MN",,"1","4","4",,,,,"9",,,"10032","40.837265","-73.940884","112","10","1062944","1021220142","245","MN1201"
"2779","Amanda's Cove Waiting List","Rental","New Construction","3","872221","4322","2184","REEDS MILL LANE","BX",,"1",,"2",,,,,"3",,,"10475","40.882086","-73.832086","212","12","2113700","2052630177","46209","BX1202"
"3993","Reclaim HDFC -Waiting List","Rental","Preservation","8","66480","6209","314","EAST  183 STREET","BX",,"3","5",,,,"3","5",,,,"10458","40.856596","-73.897578","205","15","2013408","2031450024","38301","BX0503"
"1830","Mother Gaston Hinsdale Homes","Owner","New Construction","1","974491","3383","666","SNEDIKER AVENUE","BK",,,"1",,,,,,"1",,,"11207","40.658577","-73.898246","305","42","3342538","3038650046","1132","BK0503"
"1830","Mother Gaston Hinsdale Homes","Owner","New Construction","1","0","3391","273","MOTHER GASTON BOULEVARD","BK",,,,"1",,,,,"1",,,"11212","40.672633","-73.907615","316","37","3083600","3036920015","908","BK1602"
"5488","142 Huron Street Apartments","Rental","New Construction","7","315307","7171","142","HURON STREET","BK","1","4","2",,,,,,,"7",,"11222","40.732903","-73.956001","301","33","3428967","3025320031","56301","BK0101"
"5677","360 West 43rd  Street Apartments","Rental","New Construction","13","826392","7279","360","WEST 43 STREET","MN","5","7","1",,,,,,,"13",,"10036","40.758594","-73.990947","104","03","1086106","1010330001","12101","MN0402"
"2692","2381 & 2383 Lorillard Place","Rental","New Construction","3","992072","4301","2383","Lorillard Pl","BX",,"3",,,,,,,,"3",,"10458","40.8559","-73.889684","206","15","2128558","2030550020","387","BX0603"
"5668","811 Elsmere Place Apartments","Rental","New Construction","4","0","7275","811","Elsmere Pl","BX","2","1","1",,,,,,,"4",,"10460","40.843188","-73.888346","206","15","2000000","2029560040","36502","BX0602"
"2779","Amanda's Cove Waiting List","Rental","New Construction","3","858151","4319","2187","NEW ENGLAND THRUWAY SERVICE ROAD","BX",,,,"1","2",,,"3",,,,"10475","40.88187","-73.830362","212","12","2113221","2052630183","46209","BX1202"
"3092","Small Homes Rehab - NYCHA Program Cluster III","Owner","New Construction","2","389258","4625","99","WAVERLY AVENUE","BK",,,"2",,,,,,"1",,,"11205","40.694698","-73.968125","302","35","3054355","3018890022","191","BK0204"
"2254","1626 & 1630 Brooklyn Avenue - Units Still Available","Rental","New Construction","3","214631","3803","1630","Brooklyn Ave","BK",,"3",,,,,,,,"3",,"11210","40.633292","-73.941908","317","45","3426664","3075630059","784","BK1702"
"5686","32-24 Steinway Street Apartments","Rental","New Construction","3","697518","7280","32-24","STEINWAY STREET","QN",,"3",,,,,,,,"3",,"11103","40.758404","-73.919473","401","22","4010414","4006560047","155","QN0104"
"2779","Amanda's Cove Waiting List","Rental","New Construction","3","887525","4332","3217","HONE AVENUE","BX",,"1","1","1",,,,"1","2",,,"10469","40.87174","-73.857542","212","12","2115175","2046110160","370","BX1201"
"7113","185 Chrystie Street Apartments","Rental","New Construction","11","0","7542","183-185","Chrystie St","MN",,"4","7",,,,"4","7",,,,"10002","40.721548","-73.992096","103","01","1000000","1004260035","3601","MN0302"
"6824","3641 Johnson Avenue Apartments","Rental","New Construction","8","0","7357","3641","JOHNSON AVENUE","BX",,"4","4",,,,,,,"8",,"10463","40.887695","-73.909439","208","11","2129237","2057990059","297","BX0803"
"4166","Habitat Net Zero Homes","Owner","New Construction","1","0","6245","111-50","Witthoff Ave","QN",,,"1",,,,,"1",,,,"11429","40.706547","-73.743033","413","27","4000000","4111270044","538","QN1303"
"5367","258, 260, 262 Rockaway Avenue Apartments","Rental","New Construction","7","1014484","7105","262","ROCKAWAY AVENUE","BK",,"7",,,,,,,,"7",,"11233","40.674233","-73.911139","316","41","3429833","3014480039","36501","BK1601"
"4997","Belmont Daniel LP Waiting List","Rental","New Construction","59","812434","6876","101","DANIEL LOW TERRACE","SI",,"35","15","9",,,,"41","18",,,"10301","40.642429","-74.080981","501","49","5108464","5000200008","9","SI0101"
"2836","Tyler's Bronx - Waiting List","Rental","New Construction","8","931142","4417","2512","CRUGER AVENUE","BX","1","7",,,,,,"6","2",,,"10467","40.863928","-73.866377","211","13","2117653","2044340010","330","BX1104"
"4654","NEHEMIAH SPRING CREEK PHASE 4C","Rental","Preservation","8","991860","6627","79","Gateway Drive","BK",,"1","7",,,,"8",,,,,"11239","40.65416","-73.877789","305","42","3426074","3044520234","107001","BK0504"
"5039","Seaview Estates- Waiting List","Rental","Preservation","79","812467","6898","217","HAMILTON AVENUE","SI","5","55","17","2",,,,"13","66",,,"10301","40.645345","-74.08447","501","49","5112217","5000220070","7","SI0101"
"4654","NEHEMIAH SPRING CREEK PHASE 4C","Rental","Preservation","5","991865","6622","89","Gateway Drive","BK",,,"5",,,,"5",,,,,"11239","40.653943","-73.877768","305","42","3426068","3044520229","107001","BK0504"
"5757","686 Eagle Avenue Apartments","Rental","New Construction","4","1016441","7327","686","EAGLE AVENUE","BX",,"2","2",,,,,,,"4",,"10455","40.81767","-73.910286","201","17","2098028","2026240029","75","BX0102"
"2275","Alexander Lofts - Units Still Available","Rental","New Construction","3","996289","3814","141","ALEXANDER AVENUE","BX",,,"3",,,,,,,"3",,"10454","40.807386","-73.927104","201","08","2128365","2023090023","1901","BX0101"
"5687","2428 Bronx Park East Apartments","Rental","New Construction","12","0","7288","2428","Bronx Pk E","BX","2","8","2",,,,,,,"12",,"10467","40.862058","-73.87052","211","15","2000000","2044240017","33202","BX1104"
"4162","Bed-Stuy Central","Owner","New Construction","1","0","6315","821","Willoughby Ave","BK",,,,"1",,,,,,"1",,"11206","40.695428","-73.935723","303","36","3000000","3015890058","287","BK0302"
"1932","The Grand Apartments","Rental","New Construction","33","980770","3455","2195","Morris Ave","BX","1","3","12","17",,"8","3","22",,,,"10453","40.856214","-73.903135","205","14","2129428","2031810034","239","BX0503"
"7052","The Hart","Rental","New Construction","18","0","7441","1038","Broadway","BK","16","2",,,,,,"12","6",,,"11221","40.69544","-73.932524","303","36","3000000","3015937502","287","BK0302"
"6837","132 & 134 Waverly Avenue Apartments","Rental","New Construction","2","1015680","7298","134","Waverly Ave","BK",,"1",,"1",,,,,,"2",,"11205","40.693973","-73.968003","302","35","3429268","3018880100","191","BK0204"
"7092","300 East 50th Street Apartments","Rental","New Construction","59","1010903","7510","300","E 50th St","MN","16","32","10","1",,,,"20",,"39",,"10022","40.75472","-73.968172","106","04","1000000","1013420051","98","MN0604"
"5664","Crotona Park West - Waiting List","Rental","Preservation","33","79783","7181","1485","FULTON AVENUE","BX",,"12","20","1",,,"14","19",,,,"10456","40.836274","-73.900768","203","16","2009641","2029270050","169","BX0302"
"6807","Prospect House aka 953 Dean Street Apartments","Rental","New Construction","72","231546","7347","953","Dean St","BK","11","38","21","2",,,,"71",,"1",,"11238","40.678176","-73.958301","308","35","3000000","3011340096","305","BK0802"
"5179","420 Carroll Street Apartments","Rental","New Construction","60","1000973","6977","436","Carroll St","BK","10","38","9","3",,,"23","25","12",,,"11215","40.67764","-73.987775","306","39","3000000","3004530001","11901","BK0601"
"5592","927 Atlantic Avenue Apartments","Rental","New Construction","6","0","7242","927","ATLANTIC AVENUE","BK",,"5",,"1",,,,,,"6",,"11238","40.680629","-73.962068","302","35","3425737","3020180057","201","BK0204"
"5632","130 East 177th Street Apartments","Rental","New Construction","24","65873","7261","130","EAST 177 STREET","BX","10","12","2",,,,,,,"24",,"10453","40.849542","-73.907413","205","14","2007628","2028050048","23301","BX0502"
"5574","1700 Jerome Avenue Apartments","Rental","New Construction","11","369117","7238","1700","JEROME AVENUE","BK","1","7","3",,,,,,,"11",,"11235","40.5873","-73.952133","315","48","3429709","3074620067","600","BK1503"
"6800","5714A & 5714B Granger Street Apartments","Rental","New Construction","2","0","7345","5714B","Granger St","QN",,"2",,,,,,,,"2",,"11368","40.739153","-73.85709","404","21","4000000","4019500042","43702","QN0402"
"6825","204 Avenue A Co-ops HDFC","Owner","New Construction","3","972405","7358","204","Avenue A","MN",,"3",,,,,,,,"3",,"10009","40.729512","-73.981","103","02","1000000","1004060006","34","MN0303"
"7082","143-26 84th Road Apartments","Rental","New Construction","13","488502","7500","151-07","84th Rd","QN","3","8","2",,,,,,,"13",,"11432","40.713259","-73.808282","408","24","4208750","4097500017","230","QN0805"
"5664","Crotona Park West - Waiting List","Rental","Preservation","24","79778","7177","1413","FULTON AVENUE","BX",,"13","11",,,,"15","9",,,,"10456","40.834941","-73.901669","203","16","2009628","2029260023","14702","BX0302"
"5679","222 Echo Place Apartments","Rental","New Construction","14","1014157","7270","222","ECHO PLACE","BX","6","5","3",,,,,,,"14",,"10457","40.849728999999996","-73.904695","205","15","2129319","2028090017","23502","BX0502"
"3993","Reclaim HDFC -Waiting List","Rental","Preservation","49","81461","6179","2042","GRAND AVENUE","BX","1","7","25","16",,,"31","18",,,,"10453","40.854174","-73.909225","205","14","2014154","2031930001","251","BX0501"
"2779","Amanda's Cove Waiting List","Rental","New Construction","2","877721","4324","3561","BRONXWOOD AVENUE","BX",,,"1","1",,,,"2",,,,"10469","40.877054","-73.859657","212","12","2115564","2046710075","380","BX1201"
"2836","Tyler's Bronx - Waiting List","Rental","New Construction","9","899636","4422","736","EAST 220 STREET","BX","2","7",,,,,,"5","4",,,"10467","40.883903","-73.861256","212","12","2117178","2046670074","396","BX1201"
"2836","Tyler's Bronx - Waiting List","Rental","New Construction","9","899698","4420","715","EAST 220 STREET","BX","2","2","5",,,,,"7","2",,,"10467","40.88406","-73.861697","212","12","2117181","2046680044","396","BX1201"
"5698","1730 Bedford Avenue Apartments","Rental","New Construction","18","205778","7292","1730","Bedford Ave","BK",,"13","5",,,,,,,"18",,"11225","40.664186","-73.95729","309","35","3430013","3013060049","327","BK0902"
"3085","2750-2754 Frederick Douglas Boulevard Apartments","Rental","New Construction","4","1006805","4635","2754","Frederick Douglass Blvd","MN",,"4",,,,,,,,"4",,"10039","40.823706","-73.941268","110","09","1091005","1020320003","234","MN1002"
"7116","Forten at Columbia","Rental","New Construction","28","0","7545","410","WEST 126 STREET","MN","7","7","14",,,,,,,"28",,"10027","40.812239","-73.954005","109","07","1090761","1019660077","20901","MN0901"
"5525","1890 Pelham Parkway Apartments","Rental","New Construction","18","0","7211","1890","Pelham Pkwy S","BX","2","3","13",,,,,,,"18",,"10461","40.855572","-73.829948","210","13","2000000","2042510030","300","BX1003"
"5540","Morris University Apartments","Rental","Preservation","1","97565","7253","2386","MORRIS AVENUE","BX",,,"1",,,,,"1",,,,"10468","40.860414","-73.900551","205","14","2013902","2031730001","23703","BX0503"
"5727","Longview","Rental","New Construction","50","0","7307","380","4th Ave","BK",,"35","15",,,,"20","20","10",,,"11215","40.67268","-73.986791","306","39","3000000","3009800077","11901","BK0601"
"6852","326 Rockaway Avenue Apartments","Rental","New Construction","85","362586","7138","326","Rockaway Ave","BK","3","54","20","8",,,"51","34",,,,"11212","40.671905","-73.911308","316","41","3427388","3034990025","924","BK1602"
"5468","Union Channel Apartments","Rental","New Construction","58","365942","7097","240","3 AVENUE","BK","14","12","29","3",,,"23","23","10","2",,"11217","40.678691","-73.985207","306","39","3429819","3004330028","11901","BK0601"
"2779","Amanda's Cove Waiting List","Rental","New Construction","3","53351","4340","3475","BRUNER AVENUE","BX",,"1",,"2",,,,"2","1",,,"10469","40.879437","-73.84177","212","12","2065453","2048830124","46208","BX1202"
"4654","NEHEMIAH SPRING CREEK PHASE 4C","Rental","Preservation","5","991863","6624","85","Gateway Drive","BK",,"1","4",,,"1","4",,,,,"11239","40.654028","-73.877779","305","42","3426078","3044520231","107001","BK0504"
"4162","Bed-Stuy Central","Owner","New Construction","1","0","6317","13","Hunterfly Pl","BK",,,,"1",,,,,"1",,,"11233","40.677835","-73.928328","303","36","3000000","3017080067","299","BK0302"
"6867","Society Brooklyn at DeGraw","Rental","New Construction","88","0","7376","500","Degraw St","BK","10","54","24",,,,"35","35","18",,,"11217","40.680967","-73.98807","306","39","3000000","3004240001","75","BK0601"
"4166","Habitat Net Zero Homes","Owner","New Construction","1","529598","6086","198-16","116 AVENUE","QN",,,,,"1",,,"1",,,,"11412","40.695543","-73.754406","412","27","4000000","4110700147","530","QN1205"
"1826","NEHEMIAH SPRING CREEK 4B-2","Rental","New Construction","8","985164","3312","504","Schroeders Ave","BK",,,"1","7",,,,,"8",,,"11239","40.654622","-73.873546","305","42","3421907","3044520420","107001","BK0504"
"5678","25-01 Queens Plaza North Apartments","Rental","New Construction","126","639741","7256","4134","27th Street","QN","3","107","16",,,,,,,"126",,"11101","40.751349","-73.938777","401","26","4624843","4004150004","3301","QN0105"
"3624","2588 - 2590 Heath Avenue Apartments","Rental","New Construction","3","1009899","6021","2588","HEATH AVENUE","BX",,,"3",,,,,,,"3",,"10463","40.868999","-73.907024","207","14","2129236","2032370060","269","BX0701"
"1830","Mother Gaston Hinsdale Homes","Owner","New Construction","1","0","3385","1745","LINDEN BOULEVARD","BK",,,"1",,,,,,"1",,,"11207","40.657561","-73.897829","305","42","3429005","3038660068","1132","BK0503"
"5563","2423 Barker Avenue Apartments","Rental","New Construction","12","0","7226","2423","Barker Ave","BX","1","8","2","1",,,,,,"12",,"10467","40.861955","-73.869429","211","15","2000000","2044240048","33202","BX1104"
"3993","Reclaim HDFC -Waiting List","Rental","Preservation","41","60070","6206","2104","CROTONA PARKWAY","BX","1","20","15","5",,,"18","23",,,,"10460","40.846008","-73.883957","206","15","2013101","2031190029","363","BX0601"
"2836","Tyler's Bronx - Waiting List","Rental","New Construction","10","927420","4418","4152","CARPENTER AVENUE","BX","4","1","5",,,,,"7","3",,,"10466","40.893183","-73.860871","212","11","2117220","2048340046","420","BX1203"
"1826","NEHEMIAH SPRING CREEK 4B-2","Rental","Preservation","8","985151","3339","127","Gateway Dr","BK",,"1","7",,,,,,"8",,,"11239","40.652877","-73.877056","305","42","3421885","3044520156","107001","BK0504"
"3620","Riverton Square -- Waiting List","Rental","Preservation","17","805055","6015","2190","MADISON AVENUE","MN",,"7","10",,,,,,,"17",,"10037","40.813243","-73.935439","111","09","1081106","1017600001","210","MN1102"
"4654","NEHEMIAH SPRING CREEK PHASE 4C","Rental","Preservation","5","991867","6620","93","Gateway Drive","BK",,,"5",,,"3","2",,,,,"11239","40.653858","-73.877747","305","42","3426065","3044520227","107001","BK0504"
"2779","Amanda's Cove Waiting List","Rental","New Construction","7","868637","4349","1185","EAST 213 STREET","BX",,,"6","1",,,,"3","4",,,"10469","40.875397","-73.851941","212","12","2113524","2047080005","382","BX1201"
"5707","86 & 88 Marble Hill Avenue Apartments","Rental","New Construction","3","0","7295","86","Marble Hill Ave","MN",,"3",,,,,,,,"3",,"10463","40.876661","-73.909444","208","10","1000000","1022150569","309","BX0802"
"3092","Small Homes Rehab - NYCHA Program Cluster III","Owner","New Construction","1","578905","4611","146-23","176 STREET","QN",,,"1",,,,,"1",,,,"11434","40.661752","-73.770069","413","31","4285427","4133060180","320","QN1306"
"6901","Atlantic BK","Rental","New Construction","138","185570","7389","1057","Atlantic Ave","BK",,"102","27","9",,,,"92","45","1",,"11238","40.679504","-73.956678","303","36","3000000","3020200068","227","BK0301"
"5718","712 East 180th Street Apartments","Rental","New Construction","11","66256","7305","712","East 180th Street","BX","5","3","3",,,,,,,"11",,"10457","40.847895","-73.888371","206","15","2012675","2030950035","371","BX0602"
"2546","Roosevelt Apartments Phase II","Rental","New Construction","3","1011527","4105","108-40","ROOSEVELT AVENUE","QN",,,"3",,,,,,,"3",,"11368","40.750852","-73.858281","404","21","4307718","4019960025","40101","QN0402"
"6866","Riseboro TPT Ten","Rental","New Construction","2","327611","7248","115","LINDEN STREET","BK","1","1",,,,,"1","1",,,,"11221","40.6932","-73.91961","304","37","3076110","3033230060","417","BK0402"
"2977","Williamsbridge Gardens","Rental","New Construction","42","996761","4483","713","E 211th St","BX",,"32","10",,,,"11","31",,,,"10467","40.877719","-73.865239","212","12","2129406","2046570042","380","BX1201"
"2299","Roosevelt Apartments Phase I","Rental","New Construction","2","998988","3867","108-57","ROOSEVELT AVENUE","QN",,"2",,,,,,,,"2",,"11368","40.750871","-73.858274","403","21","4619681","4017807509","40102","QN0303"
"4800","Williamsburg Apex","Rental","New Construction","20","0","6779","255","Lorimer St","BK","6","9","5",,,,,,,"20",,"11206","40.704549","-73.947851","301","34",,,"491","BK0104"
"3255","Waterside Plaza Waiting List","Rental","New Construction","9","0","4709","30","Waterside Plaza","MN","2","5","1","1",,,,,,"9",,"10010","40.737655","-73.973867","106","04","1083710","1009910060","62","MN0603"
"5542","35-15 146th Street Apartments","Rental","New Construction","16","0","7222","35-15","146th St","QN","7",,"9",,,,,,,"16",,"11354","40.765869","-73.820835","407","20","4000000","4050040008","116301","QN0704"
"1907","CLOTH Amsterdam","Rental","New Construction","3","4160","3438","2794","8 AVENUE","MN",,"1",,"2",,,"2","1",,,,"10039","40.825021","-73.940306","110","09","1060550","1020340003","234","MN1002"
"7007","2070 Honeywell Avenue Apartments","Rental","New Construction","17","1015645","7429","2070","Honeywell Ave","BX","3","10","4",,,,,,,"17",,"10460","40.844354","-73.882952","206","15","2000000","2031220035","363","BX0601"
"5543","2-21 Malt Drive Apartments","Rental","New Construction","244","0","7221","2","21 Malt Dr","QN","75","103","66",,,,,,,"244",,,,,,,,,,
"3299","Mickeys Corner -Waiting List","Rental","Preservation","2","947544","5754","3248","WICKHAM AVENUE","BX",,,,"2",,,,,"2",,,"10469","40.875349","-73.840507","212","12","2121760","2047550065","358","BX1202"
"3092","Small Homes Rehab - NYCHA Program Cluster III","Owner","New Construction","2","516172","4621","144-29","105 AVENUE","QN",,,,"2",,,,,"1",,,"11435","40.692244","-73.807741","412","28","4214792","4100430019","204","QN1201"
"7033","360 Shepherd Avenue Apartments","Rental","New Construction","15","999860","7387","360","Shepherd Ave","BK","2","5","8",,,,"7","5","3",,,"11208","40.675899","-73.881257","305","37","3000000","3039880028","1166","BK0502"
"2977","Williamsbridge Gardens","Rental","New Construction","42","996758","4484","718","E 212th St","BX",,"19","4","19",,,"15","27",,,,"10467","40.878308","-73.864804","212","12","2129408","2046570071","380","BX1201"
"4162","Bed-Stuy Central","Owner","New Construction","1","317454","6316","697","JEFFERSON AVENUE","BK",,,,"1",,,,,"1",,,"11221","40.685544","-73.930457","303","36","3045505","3016510053","295","BK0302"
"6836","1073 Tiffany Street Apartments -  Units Still Available","Rental","New Construction","9","1013264","7368","1073","TIFFANY STREET","BX","9",,,,,,,,,"9",,"10459","40.825197","-73.894862","202","17","2130636","2027160048","131","BX0202"
"7062","150 Lawrence Street Apartmens","Rental","New Construction","20","0","7490","150","Lawrence St","BK","5","5","10",,,,,"20",,,,"11201","40.691825","-73.986301","302","33","3000000","3001510037","11","BK0202"
"7098","1229 Eastern Parkway Apartments","Rental","New Construction","17","1017561","7526","1229","Eastern Pkwy","BK",,"12","5",,,,,,,"17",,"11213","40.668609000000004","-73.927454","308","41","3000000","3013920073","35701","BK0802"
"4654","NEHEMIAH SPRING CREEK PHASE 4C","Rental","Preservation","8","991864","6623","87","Gateway Drive","BK","1","1","6",,,,,"8",,,,"11239","40.653987","-73.877775","305","42","3426076","3044520230","107001","BK0504"
"7103","544 Carroll","Rental","New Construction","35","128976","7532","544","Carroll St","BK","1","12","22",,,,"14","14","7",,,"11215","40.676305","-73.984325","306","39","3000000","3004560023","11901","BK0601"
"2836","Tyler's Bronx - Waiting List","Rental","New Construction","9","899700","4423","738","EAST 220 STREET","BX","2","2","5",,,,,"7","2",,,"10467","40.88389","-73.861212","212","12","2117179","2046670075","396","BX1201"
"3993","Reclaim HDFC -Waiting List","Rental","Preservation","51","806990","6205","2317","TIEBOUT AVENUE","BX",,"28","23",,,,"32","19",,,,"10458","40.857057","-73.89697","205","15","2013443","2031460063","38301","BX0503"
"1836","Uptown 6","Rental","Preservation","3","38571","3047","281","WEST 118 STREET","MN","1","1","1",,,,,"3",,,,"10026","40.805446","-73.953728","110","09","1058438","1019240104","220","MN1001"
"3011","1537, 1539, 1541 Dean Street Apartments","Rental","New Construction","3","1004444","4555","1537","Dean St","BK",,"1","2",,,,,,,"3",,"11213","40.676185","-73.937021","308","36","3429138","3013407504","311","BK0802"
"5664","Crotona Park West - Waiting List","Rental","Preservation","40","79802","7189","1743","FULTON AVENUE","BX",,"25","15",,,,"13","27",,,,"10457","40.842537","-73.897234","203","15","2009666","2029300066","165","BX0302"
"3993","Reclaim HDFC -Waiting List","Rental","Preservation","7","117050","6208","2242","VALENTINE AVENUE","BX",,"3","4",,,,"6","1",,,,"10457","40.856171","-73.898428","205","15","2013404","2031450012","38301","BX0503"
"6798","751 Crotona Park North Apartments","Rental","New Construction","4","1015440","7336","751","Crotona Park N","BX","3","1",,,,,,,,"4",,"10457","40.841262","-73.892513","206","15","2129775","2029480050","36902","BX0602"
"4166","Habitat Net Zero Homes","Owner","New Construction","1","654963","6082","142-06","FOCH BOULEVARD","QN",,,,"1",,,,"1",,,,"11436","40.67875","-73.799426","412","28","4260618","4120140003","182","QN1203"
"4654","NEHEMIAH SPRING CREEK PHASE 4C","Rental","Preservation","8","991862","6625","83","Gateway Drive","BK",,"1","7",,,,,"8",,,,"11239","40.654072","-73.877782","305","42","3426079","3044520232","107001","BK0504"
"3085","2750-2754 Frederick Douglas Boulevard Apartments","Rental","New Construction","5","1007357","4636","2750","8 AVENUE","MN",,"3","2",,,,,,,"5",,"10039","40.823599","-73.941348","110","09","1060495","1020320001","234","MN1002"
"2836","Tyler's Bronx - Waiting List","Rental","New Construction","3","927251","4428","938","EAST 225 STREET","BX",,"1",,"2",,,,"1","2",,,"10466","40.885593","-73.853545","212","12","2116628","2048600169","404","BX1201"
"5487","The BAY NYC aka 2971 Shell Road","Rental","New Construction","57","1016001","7156","2971","SHELL ROAD","BK",,"28","29",,,,,,,"57",,"11224","40.580357","-73.976164","313","47","3429395","3072690001","348","BK1302"
"1836","Uptown 6","Rental","Preservation","2","40514","3046","30","WEST 132 STREET","MN",,,,,"2",,,"2",,,,"10037","40.811316","-73.940145","110","09","1053860","1017290049","208","MN1002"
"3092","Small Homes Rehab - NYCHA Program Cluster III","Owner","New Construction","1","571220","4608","144-23","166 STREET","QN",,,"1",,,,,"1",,,,"11434","40.665609","-73.777395","413","31","4284945","4132720054","306","QN1306"
"5650","2605 Snyder Avenue Apartments","Rental","New Construction","19","1016873","7269","2605","Snyder Ave","BK","4","5","10",,,,,,,"19",,"11226","40.648789","-73.952547","317","40","3000000","3051070088","794","BK1701"
"4166","Habitat Net Zero Homes","Owner","New Construction","1","0","6192","106-10","215th St","QN",,,,,"1",,,,"1",,,"11429","40.710561","-73.74346800000001","413","27","4000000","4110990062","540","QN1303"
"3993","Reclaim HDFC -Waiting List","Rental","Preservation","31","116849","6207","1821","UNIVERSITY AVENUE","BX","1","16","5","9",,,"10","21",,,,"10453","40.851288","-73.91464","205","14","2009097","2028790117","24501","BX0501"
"3299","Mickeys Corner -Waiting List","Rental","Preservation","3","883859","5750","4129","SETON AVENUE","BX",,,,"3",,,,,"3",,,"10466","40.8946","-73.838605","212","12","2116359","2050280015","448","BX1203"
"4654","NEHEMIAH SPRING CREEK PHASE 4C","Rental","Preservation","8","991872","6617","410","Vandalia Avenue","BK",,"1","7",,,,,"8",,,,"11239","40.654538","-73.876884","305","42","3000000","3044520206","107001","BK0504"
"3086","99, 101 & 103 Grove Street","Rental","New Construction","3","1007037","4637","99","Grove St","BK",,"3",,,,,,,,"3",,"11221","40.693385","-73.920594","304","37","3428720","3033140080","419","BK0402"
"4166","Habitat Net Zero Homes","Owner","New Construction","1","0","6195","214-15","Hollis Ave","QN",,,,"1",,,,,"1",,,"11429","40.709884","-73.743871","413","27","4000000","4110990076","540","QN1303"
"1826","NEHEMIAH SPRING CREEK 4B-2","Rental","New Construction","5","985163","3326","1121","Ashford St","BK",,,"5",,,,"2","3",,,,"11239","40.654423","-73.874797","305","42","3421920","3044520465","107001","BK0504"
"4654","NEHEMIAH SPRING CREEK PHASE 4C","Rental","Preservation","8","991877","6633","422","Vandalia Avenue","BK",,,"1","7",,"5","3",,,,,"11239","40.654564","-73.876152","305","42","3000000","3044520252","107001","BK0504"
"3947","Garden Towers Seniors Apartments","Rental","New Construction","45","0","6226","1332","Clinton Ave","BX","37","8",,,,,"45",,,,,"10456","40.832203","-73.900116","203","17","2129702","2029340015","151","BX0301"
"3092","Small Homes Rehab - NYCHA Program Cluster III","Owner","New Construction","1","606962","4604","119-12","219 STREET","QN",,,,"1",,,,"1",,,,"11411","40.691835","-73.74288","413","27","4275406","4127780128","610","QN1304"
"7117","The Baltic Canal","Rental","New Construction","25","198481","7506","526","BALTIC STREET","BK","1","6","18",,,,"10","11",,"4",,"11217","40.681949","-73.984399","306","39","3395579","3004060018","127","BK0601"
"1826","NEHEMIAH SPRING CREEK 4B-2","Rental","Preservation","8","985155","3335","400","Schroeders Ave","BK","1","1","6",,,,,,"8",,,"11239","40.653245","-73.876778","305","42","3421889","3044520160","107001","BK0504"
"4162","Bed-Stuy Central","Owner","New Construction","1","978711","6311","179","Chauncey St","BK",,,,"1",,,,,"1",,,"11233","40.680593","-73.927827","303","36","3000000","3016870080","381","BK0302"
"5439","767 East 232nd Street Apartments","Rental","New Construction","9","0","7147","767","E 232nd St","BX","6","3",,,,,,,,"9",,"10466","40.892078","-73.855585","212","11",,,"422","BX1203"
"6862","Eagle Loft Collection Phase 2","Rental","New Construction","91","690166","7370","43-14","Queens St","QN","75","16",,,,,,,,"91",,"11101","40.747075","-73.939149","402","26","4621008","4002660027","1902","QN0201"
"6878","Bruckner Heights","Rental","Preservation","61","0","7349","2070","Chatterton Ave","BX","11","26","19","5",,"10","18","33",,,,"10472","40.827855","-73.853669","209","18","2000000","2037970033","78","BX0903"
"3996","Tower 77","Rental","New Construction","70","1012251","6222","77","Commercial St","BK","17","18","35",,,,,"21","21","28",,"11222","40.737474","-73.95637","301","33","3428895","3024720410","56302","BK0101"
"2651","3512 - 3514 Farragut Road Apartments","Rental","New Construction","3","1002041","4251","3514","Farragut Rd","BK",,"3",,,,,,,,"3",,"11210","40.636573","-73.942975","317","45","3425529","3050100043","784","BK1702"
"4043","23-27 Eldert Street Apartments","Rental","New Construction","3","288495","6344","23","ELDERT STREET","BK",,"1","2",,,,,,,"3",,"11207","40.685854","-73.913939","304","37","3256503","3034080055","401","BK0402"
"5630","88-11 179th Place Apartments","Rental","New Construction","15","580035","7232","88-11","179th Pl","QN",,"7","8",,,,,"10",,"5",,"11432","40.712413","-73.78341","412","23","4625391","4099150028","468","QN1201"
"1830","Mother Gaston Hinsdale Homes","Owner","New Construction","1","809462","3397","668","Snediker Ave","BK",,,,"1",,,,,"1",,,"11207","40.658544","-73.898235","305","42","3428515","3038650047","1132","BK0503"
"3314","East New York Cluster Apartments","Rental","New Construction","9","991743","5797","221","Vermont St","BK",,"4","5",,,,"1","8",,,,"11207","40.674309","-73.894494","305","37","3428580","3037060012","1144","BK0502"
"7005","Paseo on 5th aka 120 5th Avenue Apartments","Rental","New Construction","36","0","7634","55","Paseo Place","BK","11","17","8",,,,"14","19","3",,,,,,,,,,,
"5699","18 India Street Apartments","Rental","New Construction","251","395243","7291","18","India St","BK","65","145","41",,,,,"84",,"167",,"11222","40.731774","-73.9604","301","33","3000000","3025380001","565","BK0101"
"2546","Roosevelt Apartments Phase II","Rental","New Construction","3","1003189","4106","108-42","Roosevelt Ave","QN",,,"3",,,,,,,"3",,"11368","40.750852","-73.858281","404","21","4619687","4019960026","40101","QN0402"
"1826","NEHEMIAH SPRING CREEK 4B-2","Rental","Preservation","5","985154","3336","398","Schroeders Ave","BK",,,"5",,,,"3","2",,,,"11239","40.653228","-73.876814","305","42","3421888","3044520159","107001","BK0504"
"3299","Mickeys Corner -Waiting List","Rental","Preservation","3","876224","5749","924","EAST  230 STREET","BX",,,"1","2",,,,"1","2",,,"10466","40.889203","-73.851845","212","12","2113889","2048650174","424","BX1203"
"3487","The Bronx Grove","Rental","New Construction","62","889540","4687","270","EAST 203 STREET","BX","14","26","16","6",,"17","32","13",,,,"10458","40.873342","-73.88405","207","11","2113436","2033080059","413","BX0702"
"6983","2371 8th Avenue Apartments","Rental","New Construction","9","4042","7407","2369","Frederick Douglass Boulevard","MN","9",,,,,,,,,"9",,"10027","40.811579","-73.950155","110","09","1059380","1019540029","215","MN1002"
"5664","Crotona Park West - Waiting List","Rental","Preservation","35","79792","7183","1581","FULTON AVENUE","BX",,"5","27","3",,,"20","15",,,,"10457","40.838411","-73.899557","203","15","2009652","2029290031","167","BX0302"
"4164","Lower East Side Cluster ANCP","Owner","Preservation","6","11701","6298","533","EAST 11 STREET","MN","3",,"3",,,,,,"6",,,"10009","40.728085","-73.980907","103","02","1005188","1004050046","34","MN0303"
"1826","NEHEMIAH SPRING CREEK 4B-2","Rental","Preservation","8","985148","3333","389","Schroeders Ave","BK","1","1","6",,,,,,"8",,,"11239","40.653105","-73.877135","305","42","3421892","3044520225","107001","BK0504"
"3617","85-87 Herkimer Street Apartments","Rental","New Construction","2","1008550","6007","85","Herkimer St","BK",,"1","1",,,,,,,"2",,"11216","40.679705","-73.950726","303","36","3323684","3018600066","247","BK0301"
"5502","55-04 & 55-06 102nd Street Apartments","Rental","New Construction","3","0","7165","55-04","102nd St","QN",,"2","1",,,,,,,"3",,"11368","40.740065","-73.857864","404","21","4000000","4019390045","44301","QN0402"
"7099","The Garrison","Rental","New Construction","19","0","7527","151","Carlton Ave","BK",,"19",,,,,,,,"19",,"11205","40.692972","-73.972796","302","35",,,"183","BK0203"
"5708","Adam Clayton Powell Jr. Blvd Cluster","Owner","New Construction","5","40472","6445","24","WEST 132 STREET","MN",,,"5",,,,,,"5",,,"10037","40.811258","-73.940004","110","09","1053857","1017290045","208","MN1002"
"2271","Riverton Square - Waiting List","Rental","Preservation","9","0","3496","2181","Madison Ave","MN",,"2","7",,,,,"2",,"7",,"10037","40.812628","-73.935613","111","09","1082614","1017600101","210","MN1102"
"3007","227 West Street & 27 Eagle Street","Rental","New Construction","116","1004313","4549","227","West St","BK","32","58","26",,,,,,,"116",,"11222","40.735084","-73.960128","301","33","3428862","3024720021","56302","BK0101"
"5489","3914 15th Avenue Apartments","Rental","New Construction","13","0","7172","3914","15th Ave","BK",,"6","7",,,,,,,"13",,"11218","40.637832","-73.982042","312","39","3000000","3053460043","228","BK1202"
"5747","DeKalb Commons","Rental","New Construction","3","297313","7302","1187","FULTON STREET","BK",,,"3",,,"1",,"2",,,,"11216","40.680793","-73.954049","303","36","3057467","3020000043","227","BK0301"
"4166","Habitat Net Zero Homes","Owner","New Construction","1","547824","6079","133-24","135 PLACE","QN",,,,"1",,,,"1",,,,"11420","40.66879","-73.802653","410","28","4256344","4117950068","814","QN1001"
"5664","Crotona Park West - Waiting List","Rental","Preservation","11","79806","7193","1775","FULTON AVENUE","BX",,"4","4","3",,,"4","7",,,,"10457","40.842979","-73.896984","203","15","2009662","2029300061","165","BX0302"
"5367","258, 260, 262 Rockaway Avenue Apartments","Rental","New Construction","7","1014516","7104","260","ROCKAWAY AVENUE","BK",,"7",,,,,,,,"7",,"11233","40.674301","-73.911132","316","41","3429189","3014480038","36501","BK1601"
"6908","The Brighton","Rental","New Construction","9","0","7392","2833","BRIGHTON 3 STREET","BK","2","2","5",,,,,,,"9",,"11235","40.582226","-73.965587","313","48","3421711","3072610032","366","BK1303"
"2546","Roosevelt Apartments Phase II","Rental","New Construction","6","1003191","4107","108-46","Roosevelt Ave","QN",,,"6",,,,,,,"6",,"11368","40.750852","-73.858277","404","21","4619688","4019960027","40101","QN0402"
"5682","1351 Jerome Avenue Apartments","Rental","New Construction","98","88776","7267","1351","PLAZA DRIVE","BX","1","96","1",,,,"4","1",,"93",,"10452","40.839368","-73.918501","204","16","2008287","2028560011","219","BX0403"
"7078","239 East 28th Street Apartments","Rental","New Construction","2","254816","7498","239","EAST 28 STREET","BK","1","1",,,,,,"2",,,,"11226","40.644042","-73.950752","317","40","3429969","3051720051","826","BK1701"
"6811","40 Bruckner Boulevard Apartments - Units Still Available","Rental","New Construction","9","1011479","7351","40","BRUCKNER BOULEVARD","BX",,,"9",,,,,,,"9",,"10454","40.806681","-73.92713","201","08","2129670","2022950051","1901","BX0101"
"5560","444 Graham Avenue Apartments","Rental","New Construction","18","302167","7228","444","GRAHAM AVENUE","BK","6","12",,,,,,,,"18",,"11211","40.718302","-73.944994","301","34","3068099","3027350004","497","BK0104"
"5367","258, 260, 262 Rockaway Avenue Apartments","Rental","New Construction","7","1014482","7103","258","ROCKAWAY AVENUE","BK",,"7",,,,,,,,"7",,"11233","40.67437","-73.911124","316","41","3429202","3014480037","36501","BK1601"
"7097","Altara Senior Apartments","Rental","New Construction","15","998642","7518","44-14","DOUGLASTON PARKWAY","QN","4","8","3",,,,,"14",,"1",,"11363","40.766209","-73.745283","411","19","4542820","4080920025","1479","QN1103"
"4162","Bed-Stuy Central","Owner","New Construction","1","0","6320","1835","Atlantic Ave","BK",,,"1",,,,,,,"1",,"11233","40.677125","-73.925087","303","41","3000000","3017100051","299","BK0302"
"5664","Crotona Park West - Waiting List","Rental","Preservation","37","79777","7175","1409","FULTON AVENUE","BX",,"21","16",,,,"14","22","1",,,"10456","40.834845","-73.901731","203","16","2009629","2029260027","14702","BX0302"
"4654","NEHEMIAH SPRING CREEK PHASE 4C","Rental","Preservation","8","991886","6612","459","Vandalia Avenue","BK","1","1","6",,,,,"8",,,,"11239","40.654772","-73.875482","305","42","3426794","3044520118","107001","BK0504"
"4166","Habitat Net Zero Homes","Owner","New Construction","1","543067","6081","114-11","130 STREET","QN",,,,,"1",,,,"1",,,"11420","40.680889","-73.811415","410","28","4251748","4116560067","174","QN1001"
"2836","Tyler's Bronx - Waiting List","Rental","New Construction","3","927282","4424","933","EAST 224 STREET","BX",,,,"3",,,,,"3",,,"10466","40.884949","-73.854064","212","12","2116633","2048600027","404","BX1201"
"3487","The Bronx Grove","Rental","New Construction","65","991337","4686","261","EAST 202 STREET","BX","17","25","16","7",,"16","32","17",,,,"10458","40.872791","-73.884688","207","11","2017263","2033080092","413","BX0702"
"5549","IMPACCT Myrtle Residences","Rental","New Construction","23","340984","7225","778","MYRTLE AVENUE","BK","9","8","6",,,,"8","15",,,,"11206","40.695079","-73.95176","303","36","3427444","3017540020","253","BK0301"
"7043","229 Beach 14th Street Apartments","Rental","New Construction","5","0","7448","229","Beach 14th St","QN",,,"5",,,,,,,"5",,"11691","40.596048","-73.748218","414","31","4000000","4156270036","101004","QN1401"
"4654","NEHEMIAH SPRING CREEK PHASE 4C","Rental","Preservation","6","991861","6626","81","Gateway Drive","BK",,"1","5",,,"3","3",,,,,"11239","40.654116","-73.877786","305","42","3426075","3044520233","107001","BK0504"
"3620","Riverton Square -- Waiting List","Rental","Preservation","4","805053","6014","2156","MADISON AVENUE","MN",,"1","3",,,,,,,"4",,"10037","40.812626","-73.935884","111","09","1081105","1017600001","210","MN1102"
"3593","Park Affordable Apartments","Rental","New Construction","50","153907","5967","864","49 STREET","BK","2","12","30","6",,,,,"50",,,"11220","40.640863","-74.001794","312","43","3137539","3056370032","10802","BK1201"
"4654","NEHEMIAH SPRING CREEK PHASE 4C","Rental","Preservation","8","991868","6619","95","Gateway Drive","BK",,"1","7",,,,,"8",,,,"11239","40.653814","-73.877736","305","42","3426066","3044520226","107001","BK0504"
"5664","Crotona Park West - Waiting List","Rental","Preservation","17","79799","7186","1727","FULTON AVENUE","BX",,"3","14",,,,"8","9",,,,"10457","40.842318","-73.897361","203","15","2009669","2029300074","165","BX0302"
"4166","Habitat Net Zero Homes","Owner","New Construction","1","0","6196","209-26","Nashville Blvd","QN",,,,"1",,,,,"1",,,"11411","40.698553","-73.743792","413","27","4000000","4110550021","53401","QN1304"
"1826","NEHEMIAH SPRING CREEK 4B-2","Rental","New Construction","8","985163","3307","1113","Ashford St","BK",,"1","7",,,,,,"8",,,"11239","40.654698","-73.875006","305","42","3421924","3044520469","107001","BK0504"
"5600","Loden","Rental","New Construction","104","994360","7008","54","CROWN STREET","BK","34","38","32",,,,"42","42","20",,,"11225","40.66722","-73.959667","309","35","3330787","3011900029","213","BK0901"
"3314","East New York Cluster Apartments","Rental","New Construction","15","958442","5796","190","Essex St","BK",,"9","6",,,"4","2","9",,,,"11208","40.679859","-73.882732","305","37","3428583","3039560059","1168","BK0501"
"1721","51 and 55 Veronica Place","Rental","New Construction","3","993745","3216","51","Veronica Pl","BK",,"3",,,,,,,,"3",,"11226","40.649253","-73.952845","317","40","3425585","3051070093","794","BK1701"
"2072","948 & 954 Herkimer Street Apartments","Rental","New Construction","2","982272","3590","954","HERKIMER STREET","BK",,"2",,,,,,,,"2",,"11233","40.678125","-73.921986","303","41","3048270","3017140017","299","BK0302"
"7075","FISCHER SENIOR APARTMENTS","Rental","New Construction","25","0","7496","97","W 169th St","BX",,"25",,,,,"25",,,,,"10452","40.839538","-73.923177","204","16",,,"211","BX0402"
"3092","Small Homes Rehab - NYCHA Program Cluster III","Owner","New Construction","1","551178","4620","185-10","141 AVENUE","QN",,,,"1",,,,,"1",,,"11413","40.670979","-73.758779","412","31","4280842","4130570050","330","QN1204"
"7068","417 Rutland Road Apartments","Rental","New Construction","3","364824","7494","417","RUTLAND ROAD","BK",,"2","1",,,,,,,"3",,"11203","40.659644","-73.946769","309","40","3106979","3048020048","810","BK0902"
"5708","Adam Clayton Powell Jr. Blvd Cluster","Owner","New Construction","9","40587","6446","202","WEST 133 STREET","MN",,"6","3",,,,,,"9",,,"10030","40.814198","-73.945117","110","09","1058786","1019380038","226","MN1002"
"3830","Plaza 129","Rental","New Construction","3","994402","6161","129-19","101st Ave","QN",,"1",,"2",,,,,,"3",,"11419","40.692307","-73.81774","409","29","4618156","4094730026","154","QN0903"
"6878","Bruckner Heights","Rental","Preservation","213","0","7350","1017","Olmstead Ave","BX","46","90","62","15",,"24","68","121",,,,"10472","40.827586","-73.853196","209","18","2000000","2037970033","78","BX0903"
"1826","NEHEMIAH SPRING CREEK 4B-2","Rental","New Construction","8","985163","3327","1119","Ashford St","BK",,"1","7",,,,,,"8",,,"11239","40.654492","-73.874851","305","42","3421921","3044520466","107001","BK0504"
"3092","Small Homes Rehab - NYCHA Program Cluster III","Owner","New Construction","1","654423","4615","231","FERNSIDE PLACE","QN",,,,"1",,,,"1",,,,"11691","40.596062","-73.757523","414","31","4301314","4157820054","99801","QN1401"
"5442","34-31 9th Street Apartments","Rental","New Construction","2","702500","7148","34-34","9 STREET","QN",,,"2",,,,,,,"2",,"11106","40.764302","-73.939999","401","22","4003826","4003230014","39","QN0105"
"7028","Bushwick Alliance","Rental","New Construction","4","938202","7447","332","ELDERT STREET","BK",,"1","3",,,,"2","2",,,,"11237","40.693401","-73.906494","304","37","3079126","3034190024","437","BK0402"
"5619","56 Beach Street Apartments","Rental","New Construction","9","714243","7258","56","BEACH STREET","SI",,,"9",,,,,,,"9",,"10304","40.628134","-74.078251","501","49","5013701","5005210121","21","SI0102"
"5664","Crotona Park West - Waiting List","Rental","Preservation","33","79801","7188","1735","FULTON AVENUE","BX",,"21","11","1",,,"11","21","1",,,"10457","40.842428","-73.8973","203","15","2009667","2029300070","165","BX0302"
"7077","217 Eckford Street Apartments","Rental","Preservation","5","288341","7497","217","Eckford St","BK","1","4",,,,,,,,"5",,"11222","40.726761","-73.950474","301","33","3000000","3026210020","573","BK0101"
"7005","Paseo on 5th aka 120 5th Avenue Apartments","Rental","New Construction","9","0","7635","50","Paseo Place","BK","2","3","4",,,,"4","4","1",,,,,,,,,,,
"5519","163-16 89th Avenue Apartments","Rental","New Construction","3","0","7208","163-16","89th Ave","QN",,"2",,"1",,,,,,"3",,"11432","40.707115","-73.797959","412","27","4000000","4097930056","44601","QN1201"
"2539","2779 & 2781 University Avenue Apartments","Rental","New Construction","3","1000959","4129","2781","University Ave","BX",,"3",,,,,,,,"3",,"10468","40.870966","-73.899403","208","14","2129474","2032490104","26702","BX0801"
"5561","129 3rd Street Apartments","Rental","New Construction","33","0","7229","129","3rd St.","BK",,"21","12",,,,"13","17",,"3",,"11231","40.676765","-73.991477","306","39","3429971","3004620006","77","BK0601"
"2692","2381 & 2383 Lorillard Place","Rental","New Construction","3","985901","4300","2381","Lorillard Pl","BX",,"3",,,,,,,,"3",,"10458","40.855867","-73.88971599999999","206","15","2130467","2030550021","387","BX0603"
"7111","The Brook","Rental","New Construction","178","0","7511","589","Fulton St","BK","23","127","28",,,,,"8",,"170",,"11201","40.689238","-73.981765","302","33","3000000","3001490014","33","BK0203"
"1946","605 Hart Street Apartments","Rental","New Construction","8","380326","3506","118","SUYDAM STREET","BK",,,"8",,,,,"1",,"7",,"11221","40.698363","-73.928324","304","34","3421763","3032177501","423","BK0401"
"1836","Uptown 6","Rental","Preservation","1","28125","3022","123","WEST 112 STREET","MN",,,,"1",,,,"1",,,,"10026","40.800110000000004","-73.953071","110","09","1054981","1018220015","216","MN1001"
"4166","Habitat Net Zero Homes","Owner","New Construction","1","529638","6083","202-06","116 AVENUE","QN",,,,,"1",,,"1",,,,"11412","40.696469","-73.750883","412","27","4000000","4110740054","530","QN1205"
"3183","416 and 420 Kent Avenue Waiting List","Rental","New Construction","121","966339","4691","420","KENT AVENUE","BK","70","27","24",,,,,"121",,,,"11249","40.709915","-73.968525","301","33","3425676","3021340056","547","BK0102"
"7003","Stevenson Commons Coop","Owner","New Construction","16","0","7409","1843","Seward Ave","BX",,,"9","7",,,,"16",,,,"10473","40.819417","-73.861325","209","18","2000000","2036000004","16","BX0902"
"3092","Small Homes Rehab - NYCHA Program Cluster III","Owner","New Construction","1","630845","4617","69-33","BAYFIELD AVENUE","QN",,,,"1",,,,"1",,,,"11692","40.598853","-73.79970900000001","414","31","4302902","4160450015","954","QN1402"
"1932","The Grand Apartments","Rental","New Construction","25","974227","3454","225","EAST 179 STREET","BX","5","9","11",,,,"6","19",,,,"10457","40.850906","-73.903645","205","15","2128910","2028120001","23502","BX0502"
"6988","Greenpoint Central Apartments - 65 Dupont Street","Rental","New Construction","84","235077","7398","65","Dupont St","BK","26","43","15",,,,,"52",,"32",,"11222","40.735668","-73.957396","301","33","3000000","3024870017","56301","BK0101"
"5544","747 Bedford Avenue Apartments","Rental","New Construction","7","207142","7223","747","Bedford Ave","BK",,,"7",,,,,,,"7",,"11205","40.698136","-73.956839","303","33","3427462","3017150021","1237","BK0301"
"5664","Crotona Park West - Waiting List","Rental","Preservation","11","79805","7192","1771","FULTON AVENUE","BX","1","2","4","4",,,"6","5",,,,"10457","40.842924","-73.897017","203","15","2009663","2029300062","165","BX0302"
"1830","Mother Gaston Hinsdale Homes","Owner","New Construction","1","837527","3392","38","Christopher Ave","BK",,,,"1",,,,,"1",,,"11212","40.672706","-73.906638","316","37","3427301","3036920019","908","BK1602"
"1826","NEHEMIAH SPRING CREEK 4B-2","Rental","Preservation","6","985156","3334","402","Schroeders Ave","BK",,"1","5",,,,"2","4",,,,"11239","40.653258","-73.876746","305","42","3421890","3044520161","107001","BK0504"
"2299","Roosevelt Apartments Phase I","Rental","New Construction","2","998986","3842","108-59","ROOSEVELT AVENUE","QN",,"2",,,,,,,,"2",,"11368","40.750871","-73.858274","403","21","4044831","4017807501","40102","QN0303"
"3007","227 West Street & 27 Eagle Street","Rental","New Construction","108","1005965","4542","1","EAGLE STREET","BK","23","31","48","6",,,,"76",,"32",,"11222","40.73458","-73.961023","301","33","3426510","3024720021","56302","BK0101"
"5444","827 Sterling Place Apartments","Rental","New Construction","23","376899","7151","827","Sterling Pl","BK","3","15","5",,,,,,,"23",,"11216","40.672594","-73.951279","308","36","3427446","3012400049","31701","BK0802"
"1721","51 and 55 Veronica Place","Rental","New Construction","3","998276","3215","55","Veronica Pl","BK",,"3",,,,,,,,"3",,"11226","40.649164999999996","-73.952838","317","40","3425586","3051070091","794","BK1701"
"5664","Crotona Park West - Waiting List","Rental","Preservation","38","79794","7184","1605","FULTON AVENUE","BX",,"2","36",,,,"17","21",,,,"10457","40.838815","-73.899333","203","15","2009650","2029290024","167","BX0302"
"3092","Small Homes Rehab - NYCHA Program Cluster III","Owner","New Construction","3","185434","4622","305","ATKINS AVENUE","BK",,,"2","1",,,,,"1",,,"11208","40.671236","-73.878165","305","42","3089899","3040550012","1194","BK0502"
"7132","19 Rockwell Place Apartments","Rental","New Construction","53","363342","7557","19","ROCKWELL PLACE","BK","10","32","11",,,,,"6",,"47",,"11217","40.689285","-73.979418","302","35","3430082","3020950010","33","BK0203"
"5664","Crotona Park West - Waiting List","Rental","Preservation","8","79804","7191","1767","FULTON AVENUE","BX",,"4","2","2",,,"3","5",,,,"10457","40.842869","-73.897046","203","15","2009664","2029300063","165","BX0302"
"4654","NEHEMIAH SPRING CREEK PHASE 4C","Rental","Preservation","4","991881","6607","437","Vandalia Avenue","BK",,,"4",,,,"4",,,,,"11239","40.654564","-73.876268","305","42","3426789","3044520113","107001","BK0504"
"5538","Lenox Avenue HDFC Cooperative ANCP Cluster","Owner","Preservation","5","23579","7023","406","LENOX AVENUE","MN",,,"5",,,,,,"5",,,"10037","40.811095","-73.943049","110","09","1053770","1017280002","208","MN1002"
"7006","Williamsburg Wharf A1 aka 482 Kent Avenue","Rental","New Construction","75","0","7422","482","Kent Ave","BK","24","35","16",,,,,"75",,,,"11249","40.707291","-73.968411","301","33","3000000","3021340001","547","BK0102"
"4654","NEHEMIAH SPRING CREEK PHASE 4C","Rental","Preservation","8","991876","6632","418","Vandalia Avenue","BK",,"1","7",,,,,"8",,,,"11239","40.654534","-73.876397","305","42","3000000","3044520251","107001","BK0504"
"5689","ASTORIA TOWERS II","Rental","New Construction","73","0","7283","32-14","111th St","QN","36","37",,,,,"73",,,,,"11369","40.759403","-73.85918","403","21","4000000","4017040012","373","QN0302"
"3620","Riverton Square -- Waiting List","Rental","Preservation","13","804798","6013","2255","FIFTH AVENUE","MN",,"10","3",,,,,,,"13",,"10037","40.81413","-73.936609","111","09","1081108","1017600001","210","MN1102"
"4166","Habitat Net Zero Homes","Owner","New Construction","1","0","6242","99-19","194th St","QN",,,,"1",,,,"1",,,,"11423","40.709992","-73.765102","412","27","4000000","4108410001","50201","QN1206"
"6842","The Houston aka 280 East Houston Street","Rental","New Construction","40","1011164","7363","280","EAST HOUSTON STREET","MN","18","14","8",,,,"16","16",,"8",,"10002","40.721627","-73.984307","103","02","1004960","1003977503","3002","MN0303"
"5648","THE YELLOWSTONE - Units Still Available","Rental","New Construction","7","0","7268","73-65","Yellowstone Blvd","QN",,"1","6",,,,,,,"7",,"11375","40.717535","-73.857096","406","29",,,"707","QN0602"
"2854","Freeman Apartments - Waitlist","Rental","New Construction","6","986856","4298","197","FREEMAN STREET","BK","1","2","3",,,,,,,"6",,"11222","40.734582","-73.953658","301","33","3063978","3025050050","575","BK0101"
"6834","ATLANTIC CHESTNUT PHASE 2","Rental","Preservation","369","1006279","7330","254","EUCLID AVENUE","BK","51","131","131","56",,"43","109","180","37",,,"11208","40.682273","-73.873905","305","37","3428952","3041430002","1178","BK0501"
"4654","NEHEMIAH SPRING CREEK PHASE 4C","Rental","Preservation","4","991887","6613","461","Vandalia Avenue","BK",,,"4",,,"1","3",,,,,"11239","40.6548","-73.875424","305","42","3426795","3044520119","107001","BK0504"
"3593","Park Affordable Apartments","Rental","New Construction","13","152733","5970","926","47 STREET","BK","1","4","7","1",,,,,"13",,,"11219","40.641014","-73.999027","312","38","3137064","3056250011","114","BK1201"
"5529","Bronx Renewal HELP USA Cluster","Rental","Preservation","7","122960","7213","1233","WHITE PLAINS ROAD","BX","1","5","1",,,,,"7",,,,"10472","40.831489","-73.862073","209","18","2024876","2037670074","72","BX0903"
"1907","CLOTH Amsterdam","Rental","New Construction","4","5781","3468","2110","AMSTERDAM AVENUE","MN","3",,"1",,,,"3","1",,,,"10032","40.837711","-73.938498","112","10","1062896","1021210037","24301","MN1201"
"6803","63-68 Austin Street Apartments","Rental","New Construction","24","454272","7332","63-68","AUSTIN STREET","QN",,"14","10",,,,,"19",,"5",,"11374","40.727204","-73.863642","406","30","4072830","4031040016","69701","QN0601"
"2779","Amanda's Cove Waiting List","Rental","New Construction","3","858150","4346","2185","NEW ENGLAND THRUWAY SERVICE ROAD","BX",,,,"1","2",,,"2","1",,,"10475","40.881853","-73.830387","212","12","2113222","2052630184","46209","BX1202"
"2254","1626 & 1630 Brooklyn Avenue - Units Still Available","Rental","New Construction","3","994564","3802","1626","Brooklyn Ave","BK",,"3",,,,,,,,"3",,"11210","40.633363","-73.941915","317","45","3425739","3075630058","784","BK1702"
"1830","Mother Gaston Hinsdale Homes","Owner","New Construction","1","0","3384","642","Hinsdale St","BK",,,,"1",,,,,"1",,,"11207","40.658949","-73.897384","305","42","3427294","3038660041","1132","BK0503"
"5593","122 Huron Street Apartments","Rental","New Construction","3","0","6929","122","HURON STREET","BK",,"1","2",,,,,,,"3",,"11222","40.732846","-73.9566","301","33","3064267","3025320021","56301","BK0101"
"5039","Seaview Estates- Waiting List","Rental","Preservation","78","784121","6897","90","ST MARKS PLACE","SI","9","47","20","2",,,,"12","66",,,"10301","40.646479","-74.083271","501","49","5112219","5000220070","7","SI0101"
"2546","Roosevelt Apartments Phase II","Rental","New Construction","6","1007660","4150","108-50","Roosevelt Ave","QN",,,"6",,,,,,,"6",,"11368","40.750855","-73.858274","404","21","4620702","4019967503","40101","QN0402"
"7118","Marcus Garvey Building G","Rental","New Construction","53","0","7546","305","Chester St","BK",,"37","2","14",,,,"53",,,,"11212","40.664368","-73.910337","316","41","3000000","3035600001","924","BK1602"
"7021","555 West 45th Street Apartments","Rental","New Construction","12","1017777","7438","555","W 45th St","MN","3","3","6",,,,,"12",,,,"10036","40.762349","-73.995946","104","03","1000000","1010740063","12901","MN0402"
"2685","Evergreen Gardens - Waiting List","Rental","New Construction","89","966797","4207","54","NOLL STREET","BK","19","52","18",,,,,"89",,,,"11206","40.700554","-73.934214","304","34","3418158","3031520001","391","BK0401"
"1830","Mother Gaston Hinsdale Homes","Owner","New Construction","1","0","3386","655","Hinsdale St","BK",,,,"1",,,,,"1",,,"11207","40.658683","-73.897294","305","42","3427293","3038670008","1132","BK0503"
"1830","Mother Gaston Hinsdale Homes","Owner","New Construction","1","0","3393","1915","Bergen St","BK",,,,"1",,,,,"1",,,"11233","40.674352999999996","-73.917823","316","41","3000000","3014460056","303","BK1601"
"3593","Park Affordable Apartments","Rental","New Construction","28","152724","5968","902","47 STREET","BK",,,"25","3",,,,,"28",,,"11219","40.641242","-73.999402","312","38","3137062","3056250005","114","BK1201"
"5520","38-03 31st Street Apartments","Rental","New Construction","3","1017157","7209","38-03","31st Street","QN",,"3",,,,,,,,"3",,"11101","40.753604","-73.932159","401","26","4004595","4003820015","31","QN0105"
"4162","Bed-Stuy Central","Owner","New Construction","1","927563","6313","358","MALCOLM X BOULEVARD","BK",,,,"1",,,,,,"1",,"11233","40.680657","-73.928617","303","36","3047821","3016860048","297","BK0302"
"6873","Miramar aka West 206th Street Apartments","Rental","New Construction","90","43689","7378","405","WEST 206 STREET","MN","11","53","24","2",,,"34","56",,,,"10034","40.863167","-73.917886","112","10","1091691","1022030021","299","MN1203"
"5753","20 & 30 Halletts Point Apartments","Rental","New Construction","41","0","7287","2602","1st St","QN","10","11","20",,,,,,"41",,,"11102","40.776821","-73.935533","401","22","4618772","4009160010","87","QN0102"
"2546","Roosevelt Apartments Phase II","Rental","New Construction","3","0","4151","108-54","108-54","QN",,,"3",,,,,,,"3",,,,,,,,,,
"2779","Amanda's Cove Waiting List","Rental","New Construction","3","887579","4335","3223","HONE AVENUE","BX",,"1",,"2",,,,"1","2",,,"10469","40.871817","-73.857539","212","12","2115173","2046110158","370","BX1201"
"2779","Amanda's Cove Waiting List","Rental","New Construction","2","927400","4341","2900","ELY AVENUE","BX",,,,"2",,,,,"2",,,"10469","40.869894","-73.835827","212","12","2112928","2047960137","46208","BX1202"
"3299","Mickeys Corner -Waiting List","Rental","Preservation","3","875694","5748","914","EAST  230 STREET","BX",,,"1","2",,,,"2","1",,,"10466","40.889269","-73.852051","212","12","2113884","2048650169","424","BX1203"
"6777","Williamsburg Wharf A2","Rental","New Construction","26","0","7334","478","Kent Ave","BK","8","13","5",,,,,,,"26",,"11249","40.707453","-73.968415","301","33","3000000","3021340001","547","BK0102"
"5734","Maison 78 AKA 356 East 78th Street Apartments","Rental","New Construction","45","0","7304","1487","1st Ave.","MN","8","14","23",,,,,"15",,"30",,"10075","40.771378","-73.953405","108","05","1000000","1014520027","134","MN0801"
"7133","706 East 32nd Street Apartments","Rental","New Construction","7","1017347","7558","706","EAST 32 STREET","BK",,"7",,,,,,,,"7",,"11210","40.633665","-73.945827","314","45","3205941","3075590047","78601","BK1401"
"2779","Amanda's Cove Waiting List","Rental","New Construction","2","887526","4333","3219","HONE AVENUE","BX",,"1",,"1",,,,,"2",,,"10469","40.871765","-73.857542","212","12","2115167","2046110060","370","BX1201"
"7028","Bushwick Alliance","Rental","New Construction","11","1002849","7445","63","STOCKHOLM STREET","BK","3","4","4",,,,"3","8",,,,"11221","40.696583","-73.92566","304","34","3325516","3032430065","421","BK0401"
"1860","West 129th Street Co-ops - Units Still Available","Owner","Preservation","3","40069","3404","39","WEST 129 STREET","MN",,,,"2","1",,,,"3",,,"10027","40.809665","-73.942057","110","09","1053722","1017270016","208","MN1002"
"4164","Lower East Side Cluster ANCP","Owner","Preservation","9","11581","6297","406","EAST 10 STREET","MN",,,"6","3",,,,,"9",,,"10009","40.725658","-73.977032","103","02","1004543","1003790012","28","MN0303"
"2299","Roosevelt Apartments Phase I","Rental","New Construction","2","998989","3868","108-61","ROOSEVELT AVENUE","QN",,"2",,,,,,,,"2",,"11368","40.750871","-73.85827","403","21","4619682","4017807503","40102","QN0303"
"7125","88-30 54th Avenue Apartments","Rental","New Construction","3","1016665","7551","88-30","54th Ave","QN",,"3",,,,,,,,"3",,"11373","40.737065","-73.874916","404","25","4000000","4018400011","473","QN0401"
"1860","West 129th Street Co-ops - Units Still Available","Owner","Preservation","0","40063","3403","31","WEST 129 STREET","MN",,,,,,,,,,,,"10027","40.809604","-73.941909","110","09","1053724","1017270020","208","MN1002"
"5521","Whitlock Point Phase I","Rental","New Construction","222","0","7144","1001","Whitlock Ave","BX","50","88","72","12",,"30","61","131",,,,"10459","40.823427","-73.887057","202","17","2000000","2027560085","119","BX0202"
"2384","Apex Place Apartments","Rental","New Construction","163","990455","3918","62-11","108th Street","QN","14","67","68","14",,"1","37","37","45","43",,"11375","40.73653","-73.851437","406","24","4619475","4021597501","745","QN0602"
"2836","Tyler's Bronx - Waiting List","Rental","New Construction","3","927249","4425","934","EAST 225 STREET","BX",,"1",,"2",,,,,"3",,,"10466","40.88562","-73.853625","212","12","2116626","2048600167","404","BX1201"
"7016","77 Kosciuszko Street Apartments","Rental","New Construction","110","0","7433","77","Kosciuszko St","BK","4","41","65",,,,,"110",,,,"11205","40.690523","-73.952337","303","36",,,"241","BK0301"
"2651","3512 - 3514 Farragut Road Apartments","Rental","New Construction","3","992724","4250","3512","Farragut Rd","BK",,"3",,,,,,,,"3",,"11210","40.63657","-73.942989","317","45","3425627","3050100042","784","BK1702"
"4654","NEHEMIAH SPRING CREEK PHASE 4C","Rental","Preservation","4","991859","6628","77","Gateway Drive","BK",,,"4",,,"2","2",,,,,"11239","40.654204","-73.877789","305","42","3426077","3044520236","107001","BK0504"
"5527","The Smile - Waiting List","Rental","Preservation","70","999853","7195","158","EAST  126 STREET","MN","21","42","7",,,,,"47",,"23",,"10035","40.804778999999996","-73.936315","111","08","1090966","1017747501","196","MN1102"
"6866","Riseboro TPT Ten","Rental","New Construction","3","307996","7245","301","HARMAN STREET","BK",,"2","1",,,,"2","1",,,,"11237","40.700072","-73.918721","304","37","3074838","3032790048","431","BK0401"
"1826","NEHEMIAH SPRING CREEK 4B-2","Rental","Preservation","6","985153","3337","396","Schroeders Ave","BK",,"1","5",,,,"1","5",,,,"11239","40.653215","-73.876847","305","42","3421887","3044520158","107001","BK0504"
"7100","3815 Carpenter Avenue Apartments","Rental","New Construction","4","55104","7528","3815","Carpenter Ave","BX","3","1",,,,,,"4",,,,"10467","40.884943","-73.865423","212","12","2000000","2046530022","394","BX1201"
"2294","Sendero Verde Phase I","Rental","New Construction","239","988996","3852","60","E 112th St","MN","68","77","58","36",,"47","54","111","27",,,"10029","40.796931","-73.945507","111","08","1091648","1016177502","17402","MN1101"
"5486","2040 McGraw Avenue Apartments","Rental","New Construction","19","0","7048","2040","McGraw Ave","BX",,"13","6",,,,,,,"19",,"10462","40.835303","-73.85697","209","18","2000000","2039320163","222","BX0904"
"2299","Roosevelt Apartments Phase I","Rental","New Construction","2","998990","3869","108-63","ROOSEVELT AVENUE","QN",,"2",,,,,,,,"2",,"11368","40.750871","-73.85827","403","21","4619685","4017807507","40102","QN0303"
"7083","The Elliot","Rental","New Construction","20","0","7434","151","S Elliott Pl","BK","5","5","10",,,,,"20",,,,"11217","40.684881","-73.975125","302","35",,,"35","BK0203"
"5602","288 4th Avenue Apartments","Rental","New Construction","18","1001566","7240","288","4th Ave","BK","2","14","2",,,,"7","7","2","2",,"11215","40.675477","-73.984458","306","39","3000000","3004560034","11901","BK0601"
"3617","85-87 Herkimer Street Apartments","Rental","New Construction","2","1008549","6008","87","Herkimer St","BK",,"1","1",,,,,,,"2",,"11216","40.679705","-73.950679","303","36","3323683","3018600064","247","BK0301"
"5740","Baisley Pond Park Residences","Rental","Preservation","125","1009059","7293","144-02","135th Ave","QN","108","13","4",,,,"29","96",,,,"11436","40.668035","-73.795035","412","28","4000000","4120990036","792","QN1203"
"6921","Kay's Place","Rental","New Construction","25","0","7395","224","12th St","BK","13","6","3","3",,,,"25",,,,"11215","40.668242","-73.989604","306","38","3000000","3010280007","139","BK0602"
"3092","Small Homes Rehab - NYCHA Program Cluster III","Owner","New Construction","2","209449","4616","349","BERRIMAN STREET","BK",,,"1","1",,,,"1",,,,"11208","40.669779","-73.878756","305","42","3090235","3040700021","1118","BK0503"
"7130","Serén","Rental","New Construction","35","358625","7549","16","West St","BK","4","12","19",,,,"21","9",,"5",,"11222","40.726506","-73.958682","301","33","3000000","3025890001","561","BK0101"
"2384","Apex Place Apartments","Rental","New Construction","104","990467","3920","108-75","62nd Drive","QN","10","42","41","11",,,"23","23","29","29",,"11375","40.736236","-73.849168","406","24","4619735","4021597501","745","QN0602"
"1830","Mother Gaston Hinsdale Homes","Owner","New Construction","1","0","3388","650","Alabama Ave","BK",,,,"1",,,,,"1",,,"11207","40.660042","-73.894971","305","42","3000000","3042950019","1130","BK0503"
"7093","37-42 30th Street Apartments","Rental","New Construction","19","0","7515","37-42","30th St","QN",,"9","10",,,,,,,"19",,"11101","40.754861","-73.932266","401","26","4000000","4003710038","51","QN0105"
"5499","Hillside Homes","Rental","New Construction","8","1013983","7173","215","W Kingsbridge Rd","BX","1","3","4",,,,,"3",,"5",,"10463","40.871832","-73.904435","208","14","2129754","2032560043","273","BX0801"
"7107","948 Bergen Street AKA 637 Franklin Avenue","Rental","New Construction","5","1017621","7538","948","BERGEN STREET","BK",,"2","1","2",,,,,,"5",,"11216","40.676707","-73.955296","308","35","3429491","3012170011","221","BK0802"
"5747","DeKalb Commons","Rental","New Construction","33","0","7309","652","DEKALB AVENUE","BK","4","15","13","1",,"4","7","22",,,,"11216","40.691494","-73.950266","303","36","3049618","3017790022","253","BK0301"
"6810","214-33 41st Avenue Apartments","Rental","New Construction","5","0","7262","21433","41st Avenue","QN",,"4","1",,,,,,,"5",,"11361","40.763701","-73.770396","411","19","4623899","4062880035","1123","QN1102"
"3299","Mickeys Corner -Waiting List","Rental","Preservation","3","950687","5751","746","EAST  227 STREET","BX",,,"1","2",,,,,"3",,,"10466","40.888774","-73.858309","212","12","2117701","2048400069","406","BX1201"
"5577","265 Ocean Parkway Apartments","Rental","New Construction","9","348490","7239","265","OCEAN PARKWAY","BK","1","6","2",,,,,,,"9",,"11218","40.64282","-73.973991","312","39","3125502","3053580091","494","BK1203"
"3947","Garden Towers Seniors Apartments","Rental","New Construction","59","999031","6227","1323","Boston Rd","BX","41","18",,,,,"59",,,,,"10456","40.831657","-73.89951","203","17","2129702","2029340015","151","BX0301"
"7127","The Arcadian Apartments","Rental","New Construction","99","347031","7555","975","Nostrand Ave","BK","47","27","16","9",,,,,,"99",,"11225","40.66479","-73.950982","309","35","3000000","3013090006","319","BK0901"
"7090","1471 Amsterdam Avenue Apartments","Rental","New Construction","3","5572","7513","1471","AMSTERDAM AVENUE","MN",,"3",,,,,,,,"3",,"10027","40.817336","-73.953366","109","07","1059635","1019700064","21303","MN0902"
"5600","Loden","Rental","New Construction","39","0","7009","131","Montgomery St","BK",,"24","15",,,,"18","13","8",,,"11225","40.666394","-73.960151","309","35","3330787","3011900029","213","BK0901"
"5496","195 Humboldt Street Apartments","Rental","New Construction","3","314908","7174","195","Humboldt St","BK",,,"2","1",,,,,,"3",,"11206","40.708337","-73.941669","301","34","3000000","3030440025","49302","BK0104"
"7131","335 8th Avenue Apartments","Rental","Preservation","57","0","7554","335","8 AVENUE","MN","18","31","8",,,,,"19",,"38",,"10001","40.747563","-73.996849","104","03","1000000","1007510020","97","MN0401"
"6866","Riseboro TPT Ten","Rental","New Construction","1","338416","7246","230","MOFFAT STREET","BK",,"1",,,,,,"1",,,,"11207","40.688638","-73.905318","304","37","3080172","3034470033","411","BK0402"
"4997","Belmont Daniel LP Waiting List","Rental","New Construction","59","714902","6867","100","BELMONT PLACE","SI","3","34","15","7",,,,"42","17",,,"10301","40.642636","-74.079663","501","49","5112989","5000200008","9","SI0101"
"5654","16 Wade Square Apartments","Rental","New Construction","23","0","7237","16","Wade Square","BX","5","6","5","6","1",,,,,"23",,"10457","40.85193","-73.891082","206","15","2000000","2030630152","37504","BX0602"
"5433","120 East 144th Street Apartments","Rental","New Construction","86","0","7141","120","E 144th St","BX","3","59","24",,,,,"86",,,,"10451","40.816951","-73.929876","201","08","2000000","2023440112","6301","BX0401"
"2779","Amanda's Cove Waiting List","Rental","New Construction","6","868877","4316","1183","EAST 213 STREET","BX",,,"6",,,,,"5","1",,,"10469","40.875405","-73.85197","212","12","2113525","2047080008","382","BX1201"
"3092","Small Homes Rehab - NYCHA Program Cluster III","Owner","New Construction","1","516144","4618","143-03","105 AVENUE","QN",,,,"1",,,,,"1",,,"11435","40.69154","-73.808568","412","28","4214750","4100410120","202","QN1202"
"5039","Seaview Estates- Waiting List","Rental","Preservation","80","812578","6899","80","ST MARKS PLACE","SI","9","53","17","1",,,,"11","69",,,"10301","40.646539","-74.083509","501","49","5112218","5000220070","7","SI0101"
"4688","Union Avenue Apartments","Owner","New Construction","14","116558","6688","995","UNION AVENUE","BX",,,"2","5","7",,,,"14",,,"10459","40.823814","-73.901426","203","17","2004844","2026690040","133","BX0301"
"2275","Alexander Lofts - Units Still Available","Rental","New Construction","3","996030","3813","139","ALEXANDER AVENUE","BX",,"3",,,,,,,,"3",,"10454","40.807359","-73.927122","201","08","2130542","2023090024","1901","BX0101"
"7067","NORTHEASTERN TOWERS ANNEX Senior - Waiting List","Rental","Preservation","102","683521","7451","131-10","Guy R Brewer Blvd","QN","37","65",,,,,"102",,,,,"11434","40.675567","-73.777343","412","28","4266168","4122770001","294","QN1204"
"2271","Riverton Square - Waiting List","Rental","Preservation","32","805053","3495","2156","MADISON AVENUE","MN",,"20","12",,,,,"13",,"19",,"10037","40.812626","-73.935884","111","09","1081105","1017600001","210","MN1102"
"4162","Bed-Stuy Central","Owner","New Construction","1","0","6318","1662","Bergen St","BK",,,,"1",,,,,"1",,,"11213","40.674876","-73.927685","308","41","3000000","3013560006","307","BK0802"
"7094","196 Willoughby Street - Waiting List","Rental","Preservation","143","1002406","7508","196","WILLOUGHBY STREET","BK","45","71","27",,,,,,,"143",,"11201","40.69195","-73.97996499999999","302","35","3426373","3020857502","3101","BK0203"
"1826","NEHEMIAH SPRING CREEK 4B-2","Rental","Preservation","6","985164","3331","500","Schroeders Ave","BK",,,"6",,,,"3","3",,,,"11239","40.654581","-73.873651","305","42","3421905","3044520418","107001","BK0504"
"3092","Small Homes Rehab - NYCHA Program Cluster III","Owner","New Construction","1","516281","4619","171-40","105 AVENUE","QN",,,,"1",,,,,"1",,,"11433","40.702116","-73.785373","412","27","4218258","4102410027","440","QN1202"
"2131","336 & 338 East 28th Street - Units Still Available","Rental","New Construction","0","992206","3657","338","EAST 28 STREET","BK",,,,,,,,,,,,"11226","40.642159","-73.950573","317","45","3426404","3051930022","828","BK1701"
"2779","Amanda's Cove Waiting List","Rental","New Construction","2","90935","4338","4183","LACONIA AVENUE","BX",,,,"2",,,,"2",,,,"10466","40.889371","-73.846123","212","12","2117227","2048790171","424","BX1203"
"6958","2104 Ryer Avenue Apartments","Rental","New Construction","17","107766","7405","2104","Ryer Ave","BX","4","4","9",,,,,,,"17",,"10457","40.853385","-73.90067","205","15","2000000","2031490082","381","BX0502"
"6849","62-66 West Tremont Avenue Apartments","Rental","Preservation","67","0","7142","62-66","W Tremont Ave","BX","18","39","9","1",,,"8","59",,,,"10453","40.851486","-73.911777","205","14","2008383","2028620008","217","BX0501"
"4166","Habitat Net Zero Homes","Owner","New Construction","1","0","6244","126-01","116th Ave","QN",,,"1",,,,,,"1",,,"11420","40.677051","-73.812475","410","28","4000000","4116700040","176","QN1001"
