"lottery_id","lottery_name","lottery_status","development_type","lottery_start_date","lottery_end_date","building_count","unit_count","unit_distribution_studio","unit_distribution_1bed","unit_distribution_2bed","unit_distribution_3bed","unit_distribution_4bed","applied_income_ami_ext_low","applied_income_ami_very_low","applied_income_ami_low","applied_income_ami_moderate","applied_income_ami_middle","applied_income_ami_above","lottery_mobility_percent","lottery_vision_hearing_percent","lottery_community_board_percent","lottery_municipal_employee_percent","lottery_nycha_percent","lottery_62_percent","borough","postcode","community_board","latitude","longitude"
"3249","Melrose North Apartments","All Units Filled","Rental","2022-12-01T00:00:00.000","2023-01-30T00:00:00.000","1","67",,"36","25","6",,,"26","41",,,,"5","2","50","5","25",,"BX","10451","203","40.8252485992528","-73.9147961678595"
"4646","NME 3 Coops","Tenant Selection","Owner","2024-04-19T00:00:00.000","2024-06-18T00:00:00.000","2","52","1","20","19","12",,,,,"23","29",,"5","2","50","5",,,"MN","Multiple","110","Multiple","Multiple"
"3722","134-16 36 Road Apartments","Tenant Selection","Rental","2023-05-05T00:00:00.000","2023-06-01T00:00:00.000","1","8","1","5","2",,,,,,,"8",,,,,,,,"QN","11354","407","40.7616531718064","-73.8341697443512"
"7427","28 Spencer Place Apartments","Tenant Selection","Rental","2026-01-26T00:00:00.000","2026-02-17T00:00:00.000","1","5",,"3","2",,,,,,,"5",,,,,,,,"BK","11216","303","40.6811097","-73.954694"
"2150","545 St. Marks Avenue Apartments","All Units Filled","Rental","2021-05-03T00:00:00.000","2021-05-24T00:00:00.000","1","3",,"3",,,,,,,,"3",,,,,,,,"BK","11216","308","40.6761082327392","-73.9555447697458"
"3600","422 East 31 Street","All Units Filled","Rental","2023-04-03T00:00:00.000","2023-05-24T00:00:00.000","1","3",,"1","2",,,,,,,"3",,,,,,,,"BK","11226","317","40.6404502680504","-73.9477783337579"
"4667","35-10 Union Street Apartments","All Units Filled","Rental","2024-03-28T00:00:00.000","2024-05-09T00:00:00.000","1","14","3","4","7",,,,,,,"14",,,,,,,,"QN","11354","407","40.7650749562235","-73.8279303948033"
"4155","Astoria West Waitlist","Tenant Selection","Rental","2023-11-24T00:00:00.000","2023-12-26T00:00:00.000","1","36",,"28","8",,,,,,,"36",,,,,,,,"QN","11106","401","40.7693262858396","-73.9338682364581"
"3581","187 20th Street Apartments","All Units Filled","Rental","2023-03-31T00:00:00.000","2023-05-12T00:00:00.000","1","3",,"3",,,,,,,,"3",,,,,,,,"BK","11232","307","40.663103696874","-73.9943626289627"
"2775","50 Nevins Street Apartments","All Units Filled","Rental","2022-03-21T00:00:00.000","2022-05-20T00:00:00.000","1","50","41",,"7","2",,,,"50",,,,"5","2","50","5",,,"BK","11217","302","40.6871357085518","-73.9822128043325"
"3728","311 Franklin Avenue Apartments","All Units Filled","Rental","2023-05-05T00:00:00.000","2023-05-25T00:00:00.000","1","3",,,"3",,,,,,,"3",,,,,,,,"BK","11238","303","40.6888967463746","-73.9571733003457"
"5098","435 Coney Island Apartments","Tenant Selection","Rental","2024-10-16T00:00:00.000","2024-12-16T00:00:00.000","1","39","22","17",,,,,,"26",,"13",,"5","2","20","5",,,"BK","11218","314","40.6471228199878","-73.9710523300776"
"2008","56 Ainslie Street Apartments","All Units Filled","Rental","2021-04-20T00:00:00.000","2021-05-11T00:00:00.000","1","9","1","8",,,,,,"5",,"4",,"5","2","50","5",,,"BK","11211","301","40.7126427832617","-73.9528691578747"
"3069","1101 President Street Apartments","All Units Filled","Rental","2022-07-20T00:00:00.000","2022-09-19T00:00:00.000","1","160","28","96","22","14",,"21","38","101",,,,"5","2","50","5",,,"BK","11225","309","40.6687049987756","-73.9540861713166"
"2269","2746 Fulton Street Units Still Available","All Units Filled","Rental","2021-07-30T00:00:00.000","2021-08-30T00:00:00.000","1","1",,,"1",,,,,,,"1",,,,,,,,"BK","11207","305","40.6775823676832","-73.8931983520622"
"7460","3030 Colden Avenue Apartments","Tenant Selection","Rental","2026-03-23T00:00:00.000","2026-04-13T00:00:00.000","1","3",,"1","2",,,,,"3",,,,,,,,,,"BX","10469","212","40.8705266","-73.8592399"
"2339","25-40 31st Street Units Still Available","All Units Filled","Rental","2021-10-27T00:00:00.000","2021-11-29T00:00:00.000","1","2",,"2",,,,,,,,"2",,,,,,,,"QN","11102","401","40.7696104933122","-73.9190191074969"
"3621","641 East 28th Street Apartments","All Units Filled","Rental","2023-05-01T00:00:00.000","2023-05-22T00:00:00.000","1","12","1","8","3",,,,,"6",,"6",,"5","2","50","5",,,"BK","11210","314","40.6355709590081","-73.9498502572227"
"7433","715 East 216th Street Apartments","Tenant Selection","Rental","2026-02-10T00:00:00.000","2026-03-04T00:00:00.000","1","5","2","3",,,,,,"5",,,,,,,,,,"BX","10467","212","40.8813947","-73.8631718"
"3695","1760 Grand Avenue Apartments","Tenant Selection","Rental","2023-04-28T00:00:00.000","2023-05-26T00:00:00.000","1","5","1","1","3",,,,,,,"5",,,,,,,,"BX","10453","205","40.8498533691392","-73.9127007261802"
"3213","101 Varet Street Apartments","All Units Filled","Rental","2022-09-26T00:00:00.000","2022-10-18T00:00:00.000","1","3","2","1",,,,,,,,"3",,,,,,,,"BK","11206","301","40.7033931946318","-73.9414859399818"
"4269","Arris Grand","All Units Filled","Rental","2023-11-28T00:00:00.000","2024-02-05T00:00:00.000","1","34","1","25","8",,,,,"20",,"14",,"5","2","50","5",,,"BK","11238","302","40.6821790938553","-73.9615582832161"
"7310","Bedford Beverly Phase 1","Tenant Selection","Rental","2025-12-11T00:00:00.000","2026-02-12T00:00:00.000","2","69","22","26","21",,,,,,,"69",,,,,,,,"BK","11226","317","Multiple","Multiple"
"5086","773 Grote Street Apartments","Tenant Selection","Rental","2024-09-23T00:00:00.000","2024-10-15T00:00:00.000","1","11","2","3","6",,,,,,,"11",,,,,,,,"BX","10460","206","40.8507579949416","-73.8834644240427"
"5036","2532 Grand Avenue Apartments","All Units Filled","Rental","2024-08-01T00:00:00.000","2024-08-22T00:00:00.000","1","15","5","10",,,,,,,,"15",,,,,,,,"BX","10468","207","40.8655078546469","-73.9009047208973"
"7394","354 East 28th Street Apartments","Tenant Selection","Rental","2025-12-23T00:00:00.000","2026-01-22T00:00:00.000","1","7",,"3","4",,,,,"7",,,,,,,,,,"BK","11226","317","40.6417689","-73.9507472"
"2226","232 East 54th Street Apartments","All Units Filled","Rental","2021-06-29T00:00:00.000","2021-08-30T00:00:00.000","1","40","18","19","3",,,,,"13",,"27",,"5","2","50","5",,,"MN","10022","106","40.7576162","-73.9677182"
"3088","2311 Andrews Avenue Apartments","All Units Filled","Rental","2022-09-07T00:00:00.000","2022-09-28T00:00:00.000","1","4","1","2","1",,,,,,,"4",,,,,,,,"BX","10468","207","40.8616074007887","-73.9072227031229"
"4956","Third At Bankside Waiting List","Tenant Selection","Rental","2024-07-25T00:00:00.000","2024-08-26T00:00:00.000","1","138","47","49","38","4",,,,,,"138",,,,,,,,"BX","10451","201","40.8086736324959","-73.9319146001982"
"2577","Rose Castle","All Units Filled","Rental","2021-12-21T00:00:00.000","2022-02-17T00:00:00.000","1","59",,"20","39",,,"6",,"7","14","32",,"5","2","50","5",,,"BK","11205","303","40.6979141650826","-73.9595296602598"
"1848","23-81 21st Street","All Units Filled","Rental","2020-11-16T00:00:00.000","2020-12-08T00:00:00.000","1","3",,"1","2",,,,,,,"3",,,,,,,,"QN","11105","401","40.7768468353831","-73.9207578451927"
"5286","11-24 31st Drive Aprtments","Tenant Selection","Rental","2024-09-30T00:00:00.000","2024-10-29T00:00:00.000","1","16","9","7",,,,,,,,"16",,,,,,,,"QN","11106","401","40.7683746831191","-73.9353168537952"
"2224","Two Blue Slip","All Units Filled","Rental","2021-06-30T00:00:00.000","2021-09-15T00:00:00.000","1","127","35","65","25","2",,,,,,"127",,,,,,,,"BK","11222","301","40.7361567357863","-73.9590301225864"
"7222","61 Metropolitan Avenue","All Units Filled","Rental","2025-09-22T00:00:00.000","2025-10-14T00:00:00.000","1","8",,"8",,,,,,"5",,"3",,"5","2","20","5",,,"BK","11249","301","40.7174886053458","-73.9641424596455"
"3546","30th and 11th Apartments","Tenant Selection","Rental","2023-04-26T00:00:00.000","2023-06-26T00:00:00.000","1","70","24","31","15",,,,"31","25","14",,,"5","2","50","5",,,"MN","10001","104","40.7533817419515","-74.0047174100915"
"2178","348 Nostrand Avenue - Units Still Available","All Units Filled","Rental","2021-05-19T00:00:00.000","2021-06-21T00:00:00.000","1","2",,"2",,,,,,,,"2",,,,,,,,"BK","11216","303","40.6879694626309","-73.9513937955978"
"3031","Allen Affordable HDFC","All Units Filled","Owner","2022-12-27T00:00:00.000","2023-01-26T00:00:00.000","1","1",,,,"1",,,,,,"1",,,,,,,,"QN","11433","412","40.6954699356497","-73.7895559834916"
"1880","586 & 596 East 32nd Street Apartments","All Units Filled","Rental","2020-12-14T00:00:00.000","2021-01-06T00:00:00.000","2","6",,"6",,,,,,,,"6",,,,,,,,"BK","11210","317","Multiple","Multiple"
"7429","18-15 Linden Street - Units Still Available","Tenant Selection","Rental","2026-02-03T00:00:00.000","2026-03-06T00:00:00.000","1","1",,,"1",,,,,,,"1",,,,,,,,"QN","11385","405","40.7041759","-73.908997"
"2333","2269 1st Avenue Apartments","All Units Filled","Rental","2021-10-26T00:00:00.000","2022-01-15T00:00:00.000","1","27","7","16","4",,,,,,,"27",,,,,,,,"MN","10035","111","40.7966537590355","-73.9354410673198"
"2386","30 East 29th Street Apartments","All Units Filled","Rental","2021-10-15T00:00:00.000","2021-11-21T00:00:00.000","1","3",,"3",,,,,,,,"3",,,,,,,,"BK","11226","317","40.6474067439026","-73.9504683891186"
"2090","250 Lenox Road - Units Still Available","All Units Filled","Rental","2021-03-16T00:00:00.000","2021-04-15T00:00:00.000","1","7","4","3",,,,,,,,"7",,,,,,,,"BK","11226","317","40.6537392433587","-73.9511340226352"
"4327","95-01 37th Avenue Apartments Waitlist","Tenant Selection","Rental","2024-01-19T00:00:00.000","2024-02-19T00:00:00.000","1","14",,"7","7",,,,,,,"14",,,,,,,,"QN","11372","403","40.7514113168047","-73.8719659409415"
"4177","681 Dumont Avenue Apartments","All Units Filled","Rental","2023-11-17T00:00:00.000","2023-12-11T00:00:00.000","1","2",,,"2",,,,,,,"2",,,,,,,,"BK","11207","305","40.6665049712329","-73.8937675995591"
"3428","Parish House","All Units Filled","Rental","2023-02-27T00:00:00.000","2023-04-28T00:00:00.000","1","42",,"36","6",,,,,,,"42",,,,,,,,"BK","11205","302","40.692638","-73.9610096"
"1734","1214 Greene Avenue","All Units Filled","Rental","2020-08-19T00:00:00.000","2020-09-10T00:00:00.000","1","3",,"1","2",,,,,,,"3",,,,,,,,"BK","11221","304","40.6954383316236","-73.9220735001954"
"3130","276 GRAND CONCOURSE APARTMENTS - Units Still Available","Tenant Selection","Rental","2022-08-15T00:00:00.000","2022-10-31T00:00:00.000","1","31","3","19","9",,,,,,,"31",,,,,,,,"BX","10451","201","40.8138895197647","-73.9288818846897"
"2196","276 Grand Concourse Apartments","All Units Filled","Rental","2021-06-30T00:00:00.000","2021-11-01T00:00:00.000","1","65","10","36","15","4",,,,,,"65",,,,,,,,"BX","10451","201","40.8138895197647","-73.9288818846897"
"4257","The Metropolitan Senior Apartments","All Units Filled","Rental","2024-01-26T00:00:00.000","2024-03-08T00:00:00.000","1","13","2","8","3",,,,,"13",,,,"5","2","50","5",,"100","QN","11418","409","40.7028394683793","-73.8184613759724"
"2840","33 Bond Street - Wait List","Tenant Selection","Rental","2022-05-13T00:00:00.000","2022-06-13T00:00:00.000","1","180","65","65","50",,,,"72","72","36",,,"5","2",,,,,"BK","11201","302","40.6882557255101","-73.9832149226533"
"5353","Kent Avenue Apartments aka 346 Kent Avenue","Tenant Selection","Rental","2024-10-11T00:00:00.000","2025-01-17T00:00:00.000","1","120","30","54","33","3",,,,,,"120",,"5","2","20","5",,,"BK","11249","301","40.7131063410037","-73.9679359437922"
"3235","224 West 124th Street Apartments","All Units Filled","Rental","2022-10-12T00:00:00.000","2022-12-15T00:00:00.000","1","51","12","13","26",,,,,,,"51",,,,,,,,"MN","10027","110","40.8086937847867","-73.9497956743698"
"2250","2692 Creston Avenue","All Units Filled","Rental","2021-07-20T00:00:00.000","2021-08-10T00:00:00.000","1","4",,"2","2",,,,,,,"4",,,,,,,,"BX","10468","207","40.8675362308721","-73.8947552794762"
"3299","Mickeys Corner -Waiting List","Tenant Selection","Rental","2022-12-12T00:00:00.000","2023-01-13T00:00:00.000","12","38",,"11","9","18",,,,"16","22",,,,,,,,,"BX","Multiple","212","Multiple","Multiple"
"3337","571 Ocean Parkway Apartments","All Units Filled","Rental","2022-11-30T00:00:00.000","2022-12-22T00:00:00.000","1","9",,"9",,,,,,,,"9",,,,,,,,"BK","11218","312","40.6346041913398","-73.9724340750933"
"7395","584 Gates Avenue Apartments","Active","Rental","2026-01-12T00:00:00.000","2026-06-02T00:00:00.000","1","9",,"9",,,,,,,,"9",,,,,,,,"BK","11221","303","40.6870167","-73.9419298"
"7456","Forte Living","Tenant Selection","Rental","2026-02-26T00:00:00.000","2026-04-27T00:00:00.000","1","53","1","27","25",,,,"21","21",,"11",,"5","2","20","10",,,"MN","10029","111","40.7940774","-73.9423788"
"3089","855 East 167th street","All Units Filled","Rental","2022-08-23T00:00:00.000","2022-09-16T00:00:00.000","1","9",,"4","5",,,,,,,"9",,,,,,,,"BX","10459","202","40.8264340261402","-73.8975700168238"
"7378","WILLETS POINT COMMONS","Tenant Selection","Rental","2025-12-12T00:00:00.000","2026-02-25T00:00:00.000","2","747","182","381","114","70",,"60","99","169","339","80",,"5","2","20","10",,,"QN","11368","407","Multiple","Multiple"
"2259","65 Woodbine Street Apartments - Units Still Available","All Units Filled","Rental","2021-07-21T00:00:00.000","2021-10-08T00:00:00.000","1","3",,"3",,,,,,,,"3",,,,,,,,"BK","11221","304","40.6907452881573","-73.9188444452545"
"3320","167 Malcolm X Boulevard Apartments","All Units Filled","Rental","2022-11-01T00:00:00.000","2022-11-23T00:00:00.000","1","3","3",,,,,,,,,"3",,,,,,,,"BK","11221","303","40.6875302297622","-73.9299613688908"
"3283","2001 Nostrand Avenue Apartments","All Units Filled","Rental","2022-11-04T00:00:00.000","2022-12-06T00:00:00.000","1","16",,"11","5",,,,,,,"16",,,,,,,,"BK","11210","317","40.6369096264499","-73.9480729510248"
"4003","168 West 136th Street Apartments","All Units Filled","Rental","2023-09-07T00:00:00.000","2023-10-16T00:00:00.000","1","9",,"8","1",,,,,,,"9",,,,,,,,"MN","10030","110","40.8155135773889","-73.9421424175284"
"5305","2-20 Malt Drive Apartments","Tenant Selection","Rental","2024-10-24T00:00:00.000","2024-12-30T00:00:00.000","1","173","61","64","48",,,,,,,"173",,,,,,,,"QN","11101","402","40.7397489","-73.9589299"
"4510","50 Varet Street","All Units Filled","Rental","2024-04-01T00:00:00.000","2024-04-22T00:00:00.000","1","11","3","6","2",,,,,,,"11",,,,,,,,"BK","11206","301","40.7030069000167","-73.942914498772"
"1756","168 East 100 Street Apartment","All Units Filled","Rental","2020-09-23T00:00:00.000","2020-10-15T00:00:00.000","1","5",,"5",,,,,,,,"5",,,,,,,,"MN","10029","111","40.7878166719265","-73.9481899838615"
"2201","516-518 East 147th Street Apartments","All Units Filled","Rental","2021-06-11T00:00:00.000","2021-07-02T00:00:00.000","2","6",,"6",,,,,,,,"6",,,,,,,,"BX","10455","201","Multiple","Multiple"
"2116","WSFSSH AT WEST 108","All Units Filled","Rental","2021-04-19T00:00:00.000","2021-06-18T00:00:00.000","1","79",,"53","18","8",,"10",,"69",,,,"5","2","50","5",,,"MN","10025","107","40.8011728681962","-73.963393053819"
"2631","Third at Bankside- 2401 3rd Avenue","All Units Filled","Rental","2022-01-25T00:00:00.000","2022-04-13T00:00:00.000","1","134","47","49","38",,,,,,,"134",,,,,,,,"BX","10451","201","40.8082861437726","-73.9311022244573"
"3674","18 Monitor Street Apartments","All Units Filled","Rental","2024-08-26T00:00:00.000","2024-09-17T00:00:00.000","1","5",,"2","3",,,,,,,"5",,,,,,,,"BK","11222","301","40.7197392","-73.941487"
"2439","1111 Fulton Street Apartments","All Units Filled","Rental","2021-11-29T00:00:00.000","2022-01-10T00:00:00.000","1","6","2","2","2",,,,,,,"6",,,,,,,,"BK","11238","303","40.6816422908602","-73.9571094555136"
"7434","598 Saratoga Avenue Apartments","Tenant Selection","Rental","2026-02-17T00:00:00.000","2026-03-10T00:00:00.000","1","2",,,,"1","1",,,"2",,,,,,,,,,"BK","11212","316","40.6661923","-73.9166676"
"4972","Harborview Senior Apartments AKA 80 Scarboro Ave Apartments","All Units Filled","Rental","2024-07-16T00:00:00.000","2024-09-16T00:00:00.000","1","31",,"15","16",,,,,"28",,"3",,"5","2","20","5",,"90","SI","10305","501","40.6141095352321","-74.0612776273049"
"7382","1451 Sutter Avenue Apartments","Tenant Selection","Rental","2025-12-09T00:00:00.000","2026-01-02T00:00:00.000","1","17","7","3","7",,,,,"17",,,,,,,,,,"BK","11208","305","40.6740868","-73.8641661"
"2229","58 Palmetto Street Apartments","All Units Filled","Rental","2021-06-30T00:00:00.000","2021-07-22T00:00:00.000","1","9",,"6","3",,,,,,,"9",,,,,,,,"BK","11221","304","40.6907897384936","-73.9196052477368"
"4329","81-07 Kew Gardens Road Apartments","Tenant Selection","Rental","2023-12-13T00:00:00.000","2024-01-12T00:00:00.000","1","16",,"11","5",,,,,,,"16",,,,,,,,"QN","11415","409","40.7129244661255","-73.8297062793525"
"3951","1739 Grand Avenue Apartments","Tenant Selection","Rental","2023-10-09T00:00:00.000","2024-01-02T00:00:00.000","1","30","7","13","10",,,,,,,"30",,,,,,,,"BX","10453","205","40.8495354442597","-73.9133120043025"
"2183","26-02 4th Street Apartments","All Units Filled","Rental","2021-06-25T00:00:00.000","2021-07-19T00:00:00.000","1","14","1","9","3","1",,,,,,"14",,,,,,,,"QN","11102","401","40.7760449137129","-73.9330130798617"
"3825","494 Manhattan Avenue","All Units Filled","Rental","2023-06-26T00:00:00.000","2023-07-18T00:00:00.000","1","7","1","2","4",,,,,,,"7",,,,,,,,"BK","11222","301","40.7208365834062","-73.9480905349341"
"2392","Plank Road Apartments","All Units Filled","Rental","2021-11-15T00:00:00.000","2022-01-18T00:00:00.000","1","94","24","48","22",,,,,,,"94",,,,,,,,"BK","11217","308","40.6821632485741","-73.9734924563982"
"2170","36-23 172nd Street Apartments","All Units Filled","Rental","2021-05-17T00:00:00.000","2021-06-08T00:00:00.000","1","6",,"3","3",,,,,,,"6",,,,,,,,"QN","11358","407","40.7627717147474","-73.7942130391819"
"2654","The Henry - 2395 Palisade Avenue","All Units Filled","Rental","2022-03-28T00:00:00.000","2022-05-18T00:00:00.000","1","17","3","8","6",,,,,,,"17",,,,,,,,"BX","10463","208","40.8792578436836","-73.9210444155177"
"3971","83-15 Parsons Boulevard Apartments","All Units Filled","Rental","2023-10-05T00:00:00.000","2023-10-26T00:00:00.000","1","10","2","3","5",,,,,,,"10",,,,,,,,"QN","11432","408","40.7153545975793","-73.8076919907343"
"5374","Geel Webster Avenue Apartments","All Units Filled","Rental","2025-02-05T00:00:00.000","2025-04-07T00:00:00.000","1","45","19","18","8",,,,"24","21",,,,"5","2","20","5",,,"BX","10467","207","40.8710873427028","-73.8775315330265"
"5321","14-27 28th Avenue Apartments","All Units Filled","Rental","2024-09-26T00:00:00.000","2024-10-18T00:00:00.000","1","11",,"8","3",,,,,,,"11",,,,,,,,"QN","11102","401","40.77200204045","-73.9286522304912"
"4040","Dutch House Apartments - Units Still Available","Tenant Selection","Rental","2023-09-06T00:00:00.000","2023-10-10T00:00:00.000","1","28","12","16",,,,,,,,"28",,,,,,,,"QN","11101","401","40.7549069800688","-73.9318648827502"
"2251","455 Onderdonk Avenue Apartments","All Units Filled","Rental","2021-06-29T00:00:00.000","2021-07-21T00:00:00.000","1","5",,"3","2",,,,,,,"5",,,,,,,,"QN","11385","405","40.7072667239602","-73.9122851179724"
"4967","3055 Sedgwick Avenue Apartments","Tenant Selection","Rental","2024-07-29T00:00:00.000","2024-08-19T00:00:00.000","1","6",,"3","3",,,,,,,"6",,,,,,,,"BX","10468","208","40.8764092267775","-73.9002556696174"
"5273","30-67 31 Street Apartments","All Units Filled","Rental","2024-09-18T00:00:00.000","2024-10-09T00:00:00.000","1","3",,"1","2",,,,,,,"3",,,,,,,,"QN","11102","401","40.765081304673","-73.9224793630495"
"4200","Betances VI Family Apartments","Tenant Selection","Rental","2023-12-06T00:00:00.000","2024-02-13T00:00:00.000","1","64",,"30","24","10",,"9","23","32",,,,"5","2","50","5","25",,"BX","10455","201","40.8140669030872","-73.9190083648928"
"2323","633 Marcy Avenue - Units Still Available","All Units Filled","Rental","2021-08-23T00:00:00.000","2021-10-01T00:00:00.000","1","6",,"3","3",,,,,,,"6",,,,,,,,"BK","11206","303","40.6929773762627","-73.9484259530098"
"7324","69 Hope Street Apartments","All Units Filled","Rental","2025-11-17T00:00:00.000","2025-12-08T00:00:00.000","1","6","6",,,,,,,,,"6",,,,,,,,"BK","11211","301","40.7132503171685","-73.9552278171062"
"3995","2097 Davidson Avenue Apartments","Tenant Selection","Rental","2023-10-11T00:00:00.000","2023-11-01T00:00:00.000","1","3","1","2",,,,,,,,"3",,,,,,,,"BX","10453","205","40.8553825726912","-73.9074157451236"
"2925","61-63 Pitt Street Apartments","All Units Filled","Rental","2022-05-20T00:00:00.000","2022-06-13T00:00:00.000","1","18","3","12","3",,,,,"6",,"12",,,,,,,,"MN","10002","103","40.7178771596171","-73.9827240685937"
"2261","Capitol Towers (254 West 51st Street) Waiting List","Tenant Selection","Rental","2021-09-29T00:00:00.000","2021-10-22T00:00:00.000","1","28","13","15",,,,,,,,"28",,,,,,,,"MN","10019","105","40.7625373959329","-73.9855173289846"
"3848","363 East 145th street Apartments","All Units Filled","Rental","2023-08-02T00:00:00.000","2023-08-23T00:00:00.000","1","3",,"3",,,,,,,,"3",,,,,,,,"BX","10454","201","40.8140678542677","-73.9203739396759"
"3226","353 Miller Avenue Apartments","All Units Filled","Rental","2022-10-07T00:00:00.000","2022-11-30T00:00:00.000","1","5",,"2","3",,,,,,,"5",,,,,,,,"BK","11207","305","40.6721622057366","-73.8910945311246"
"3370","American Copper - Waiting List","Tenant Selection","Rental","2022-12-23T00:00:00.000","2023-01-23T00:00:00.000","1","160","43","66","41","10",,,,"160",,,,"2","3",,,,,"MN","10016","106","40.7444579893741","-73.9719411237362"
"1976","1250 New York Avenue Apartments - Units Still Available","Tenant Selection","Rental","2021-04-23T00:00:00.000","2021-06-10T00:00:00.000","1","3",,"1","2",,,,,,,"3",,,,,,,,"BK","11203","317","40.6424200964298","-73.9457733347686"
"3713","West 54th Apartments","Tenant Selection","Rental","2023-05-26T00:00:00.000","2023-06-16T00:00:00.000","1","12","2","9","1",,,,,,,"12",,,,,,,,"MN","10019","104","40.7675772322424","-73.9901660565458"
"5333","Grand Concourse Apartments","Tenant Selection","Rental","2025-01-13T00:00:00.000","2025-03-14T00:00:00.000","1","25","6","11","8",,,"3","14",,"8",,,,"2",,,,,"BX","10453","205","40.8518588","-73.9045611"
"2294","Sendero Verde Phase I","All Units Filled","Rental","2021-12-27T00:00:00.000","2022-02-25T00:00:00.000","2","324","88","115","85","36",,"72","72","150","30",,,"5","2","50","5",,,"MN","10029","111","Multiple","Multiple"
"1677","260 Gold Street Apartments","All Units Filled","Rental","2020-11-10T00:00:00.000","2021-01-13T00:00:00.000","1","86","14","46","22","4",,,,,,"86",,,,,,,,"BK","11201","302","40.6964845927575","-73.9835590521088"
"4623","One Blue Slip Waitlist","Tenant Selection","Rental","2024-04-01T00:00:00.000","2024-05-01T00:00:00.000","1","101","29","48","22","2",,,,,,"101",,,,,,,,"BK","11222","301","40.7368264772334","-73.9590910543515"
"3614","596 Metropolitan Avenue Apartments","All Units Filled","Rental","2023-05-19T00:00:00.000","2023-06-12T00:00:00.000","1","4",,"4",,,,,,,,"4",,,,,,,,"BK","11211","301","40.7138460853304","-73.9490013867412"
"2230","Balton Commons","All Units Filled","Rental","2021-08-05T00:00:00.000","2021-10-01T00:00:00.000","1","32","10","11","9","2",,"11",,"14","7",,,"5","2","50","5",,,"MN","10027","110","40.8104091637381","-73.9496282084136"
"4506","26-25 4th Street Apartments","All Units Filled","Rental","2024-03-21T00:00:00.000","2024-05-20T00:00:00.000","1","50","9","22","19",,,,,,,"50",,,,,,,,"QN","11102","401","40.7751908297864","-73.9322087918906"
"3058","160 Clarkson Avenue Apartments","All Units Filled","Rental","2022-08-15T00:00:00.000","2022-10-31T00:00:00.000","1","26",,"18","8",,,,,,,"26",,,,,,,,"BK","11226","317","40.6551459664093","-73.9545351944366"
"4268","2072 Anthony Avenue Apartments","Tenant Selection","Rental","2023-12-12T00:00:00.000","2024-02-12T00:00:00.000","1","110","29","59","22",,,,,,,"110",,,,,,,,"BX","10457","205","40.8526441292032","-73.9017118972745"
"2652","2026 Walton Avenue","All Units Filled","Rental","2022-01-19T00:00:00.000","2022-02-14T00:00:00.000","1","13","4","7","2",,,,,,,"13",,,,,,,,"BX","10453","205","40.8527745538811","-73.9067325752494"
"5339","Tryon North","Tenant Selection","Rental","2024-12-02T00:00:00.000","2025-02-03T00:00:00.000","1","23","5","10","8",,,,"9","9","3","2",,"5","2","20","5",,,"MN","10034","112","40.8658178994508","-73.9264437717569"
"3270","308 Linden Boulevard Apartments","All Units Filled","Rental","2022-10-31T00:00:00.000","2022-11-21T00:00:00.000","1","4","2",,"2",,,,,,,"4",,,,,,,,"BK","11226","317","40.6527305190592","-73.9479669357144"
"2698","Astoria West - 11-37 31st Avenue","Tenant Selection","Rental","2022-03-18T00:00:00.000","2022-05-19T00:00:00.000","1","36",,"28","8",,,,,,,"36",,,,,,,,"QN","11106","401","40.7692443025062","-73.9344964931514"
"2562","2851 University Avenue Apartments","All Units Filled","Rental","2022-11-09T00:00:00.000","2022-11-30T00:00:00.000","1","6","2","3","1",,,,,,,"6",,,,,,,,"BX","10468","208","40.8729636314371","-73.8991001550808"
"1964","2741 Fulton Street Apartments","All Units Filled","Rental","2021-01-15T00:00:00.000","2021-02-08T00:00:00.000","1","3",,"1","2",,,,,,,"3",,,,,,,,"BK","11207","305","40.6779970087891","-73.8933923723278"
"3352","60 Fulton Street Apartments - Waiting list","Tenant Selection","Rental","2022-12-23T00:00:00.000","2023-01-23T00:00:00.000","1","30","9","10","11",,,,"12","12",,"6",,"5","2",,,,,"MN","10038","101","40.7085241922297","-74.0051687066142"
"4540","351 East 10th Street Apartments","All Units Filled","Rental","2024-03-07T00:00:00.000","2024-04-05T00:00:00.000","1","11","2","6","3",,,,,"3",,"8",,,,,,,,"MN","10009","103","40.7268190041243","-73.9792256920342"
"3741","H1H2 APARTMENTS","All Units Filled","Rental","2023-05-31T00:00:00.000","2023-07-31T00:00:00.000","1","316","79","79","158",,,"66","68","111","71",,,"5","2","50","5",,,"BK","11222","301","40.7365927625649","-73.9579509330067"
"3572","107 West 105th Street - HDFC Units Still Available","Tenant Selection","Owner","2023-03-31T00:00:00.000","2023-05-01T00:00:00.000","1","3",,,"3",,,,,,"3",,,,,,,,,"MN","10025","107","40.7990019228261","-73.963816830129"
"7189","600 Crown Street Apartments","Tenant Selection","Rental","2025-08-04T00:00:00.000","2025-10-06T00:00:00.000","1","30",,"12","18",,,,,,,"30",,,,,,,,"BK","11213","309","40.665272","-73.938113"
"4718","943-947 Teller Avenue - Waiting List","Tenant Selection","Owner","2024-04-29T00:00:00.000","2024-05-29T00:00:00.000","1","9",,"4","1","2","2",,,,"9",,,,,,,,,"BX","10451","204","40.8262920852453","-73.9154669052333"
"1793","5241 CENTER BLVD APARTMENTS","All Units Filled","Rental","2020-09-23T00:00:00.000","2020-12-09T00:00:00.000","1","185","89","36","60",,,,"80",,,"105",,"5","2","50","5",,,"QN","11101","402","40.7414107556668","-73.9606471953464"
"5373","2414 Cambreleng Avenue Apartments","Tenant Selection","Rental","2024-11-18T00:00:00.000","2024-12-10T00:00:00.000","1","4",,"4",,,,,,,,"4",,,,,,,,"BX","10458","206","40.8548325494104","-73.8848706915225"
"2543","595 New York Avenue Apartments","All Units Filled","Rental","2021-12-20T00:00:00.000","2022-01-12T00:00:00.000","1","5",,"3","2",,,,,,,"5",,,,,,,,"BK","11203","309","40.6599656097486","-73.9476296977426"
"5176","303 Wythe Avenue Apartments","All Units Filled","Rental","2024-09-05T00:00:00.000","2024-10-03T00:00:00.000","1","7","1","2","4",,,,,,,"7",,,,,,,,"BK","11249","301","40.7144311526169","-73.9648258715348"
"5046","Weeksville Place","Tenant Selection","Rental","2024-08-27T00:00:00.000","2024-10-28T00:00:00.000","1","36","15","7","14",,,"10","13","13",,,,"5","2","20","5",,"56","BK","11233","308","40.6729245640671","-73.924479098291"
"2438","319 South 4th Street","All Units Filled","Rental","2021-11-10T00:00:00.000","2021-12-06T00:00:00.000","1","3",,"1","2",,,,,,,"3",,,,,,,,"BK","11211","301","40.709039791849","-73.9550755466781"
"4497","340 Lenox Road Apartments","All Units Filled","Rental","2024-03-11T00:00:00.000","2024-04-01T00:00:00.000","1","14","4","10",,,,,,,,"14",,,,,,,,"BK","11226","317","40.6542512644687","-73.9482684838984"
"2983","328 21st Street Apartments","All Units Filled","Rental","2022-07-22T00:00:00.000","2022-08-22T00:00:00.000","1","2",,"2",,,,,,,,"2",,,,,,,,"BK","11215","307","40.6592772160275","-73.9904487363488"
"3551","3029 and 3031 Bronxwood Avenue","All Units Filled","Rental","2023-03-13T00:00:00.000","2023-04-18T00:00:00.000","2","6","1","5",,,,,,,,"6",,,,,,,,"BX","10469","212","Multiple","Multiple"
"2838","The Allerton","All Units Filled","Rental","2022-07-12T00:00:00.000","2022-09-10T00:00:00.000","1","35","3","23","8","1",,,,"4","31",,,"5","2","50","5",,,"BX","10467","211","40.8587122816714","-73.8682816865564"
"2446","43-46 51st Street Apartments","All Units Filled","Rental","2022-08-03T00:00:00.000","2022-10-04T00:00:00.000","1","23","2","14","7",,,,,"14",,"9",,"5","2","50","5",,,"QN","11377","402","40.74308456162","-73.9142552730785"
"3763","94 East 208th Street Apartments","All Units Filled","Rental","2023-06-02T00:00:00.000","2023-07-06T00:00:00.000","1","7",,"7",,,,,,,,"7",,,,,,,,"BX","10467","207","40.8785023572513","-73.8816908976526"
"2211","428 Wythe Avenue Apartments","All Units Filled","Rental","2021-06-28T00:00:00.000","2021-07-20T00:00:00.000","1","12",,"10","1","1",,,,,,"12",,,,,,,,"BK","11249","301","40.711135284106","-73.9668150979147"
"4456","2733 East 27 Street Apartments","Tenant Selection","Rental","2024-01-26T00:00:00.000","2024-02-19T00:00:00.000","1","2",,"1","1",,,,,,,"2",,,,,,,,"BK","11235","315","40.5861581077752","-73.9417902778968"
"1879","629 East 222nd Street Apartments","All Units Filled","Rental","2020-12-16T00:00:00.000","2021-01-08T00:00:00.000","1","3",,"3",,,,,,,,"3",,,,,,,,"BX","10467","212","40.8867114404791","-73.8639911893901"
"4167","Emerald Green - Waiting List","Tenant Selection","Rental","2023-12-06T00:00:00.000","2024-01-12T00:00:00.000","1","120","21","67","32",,,,"120",,,,,,,,,,,"MN","10018","104","40.7549681008221","-73.9931962281591"
"4926","103-41 120th Street Apartments","All Units Filled","Rental","2024-07-17T00:00:00.000","2024-08-21T00:00:00.000","1","3",,"3",,,,,,,,"3",,,,,,,,"QN","11419","410","40.6871795027981","-73.8230869392491"
"4587","3831 Carpenter Avenue","Tenant Selection","Rental","2024-03-11T00:00:00.000","2024-04-01T00:00:00.000","1","9","3","6",,,,,,,,"9",,,,,,,,"BX","10467","212","40.8854529846076","-73.8651474328351"
"4304","1000 Lorimer Street Apartments","Tenant Selection","Rental","2023-12-01T00:00:00.000","2023-12-29T00:00:00.000","1","15","3","4","8",,,,,,,"15",,,,,,,,"BK","11222","301","40.7257845842138","-73.9526037064376"
"1751","885 Rogers Plaza","All Units Filled","Rental","2020-12-04T00:00:00.000","2021-02-05T00:00:00.000","1","32","7","9","16",,,,,,,"32",,,,,,,,"BK","11226","317","40.6485847558116","-73.9516423120995"
"7186","Crotona Belmont Senior Housing","Tenant Selection","Rental","2025-11-26T00:00:00.000","2026-01-30T00:00:00.000","1","92","48","44",,,,,"10","82",,,,"5","2",,,,"100","BX","10457","206","40.844111","-73.892442"
"2366","65 Buchanan Place Apartments","All Units Filled","Rental","2021-10-08T00:00:00.000","2021-11-01T00:00:00.000","1","7",,"7",,,,,,,,"7",,,,,,,,"BX","10453","205","40.8585080885455","-73.9065473973731"
"2411","251 West 117th Street - Unit Still Available","All Units Filled","Rental","2021-12-10T00:00:00.000","2022-01-03T00:00:00.000","1","6","6",,,,,,,,,"6",,,,,,,,"MN","10026","110","40.804622257965","-73.9537251209876"
"4306","3470 Fort Independence-Waiting list","Tenant Selection","Rental","2023-11-29T00:00:00.000","2024-01-08T00:00:00.000","1","36","8","9","16","3",,,,"12",,"24",,,,,,,,"BX","10463","208","40.881741","-73.898385"
"2126","577 3rd Avenue Apartments","All Units Filled","Rental","2021-04-09T00:00:00.000","2021-04-30T00:00:00.000","1","6","2","2","2",,,,,,,"6",,,,,,,,"BK","11215","307","40.6674349357605","-73.9939513280945"
"2290","2502 & 2506 Newkirk Avenue - Units Still Available","All Units Filled","Rental","2021-08-10T00:00:00.000","2021-09-10T00:00:00.000","2","4",,,"4",,,,,,,"4",,,,,,,,"BK","11226","317","Multiple","Multiple"
"4060","2715 Fulton Street Apartments","Tenant Selection","Rental","2023-10-14T00:00:00.000","2023-11-03T00:00:00.000","1","15",,,"15",,,,"7","5","3",,,"5","2","50","5",,,"BK","11207","305","40.6776192802011","-73.8945322333624"
"2685","Evergreen Gardens - Waiting List","All Units Filled","Rental","2022-03-28T00:00:00.000","2022-04-27T00:00:00.000","2","183","56","89","38",,,,,"183",,,,,,,,,,"BK","11206","304","Multiple","Multiple"
"1818","Arthur Avenue Senior Apartments","All Units Filled","Rental","2020-11-12T00:00:00.000","2021-01-14T00:00:00.000","1","122","48","74",,,,"19","103",,,,,,,,,,"100","BX","10457","206","40.8479147979139","-73.8922634214531"
"5563","2423 Barker Avenue Apartments","All Units Filled","Rental","2025-03-18T00:00:00.000","2025-04-08T00:00:00.000","1","12","1","8","2","1",,,,,,"12",,,,,,,,"BX","10467","211","40.8621399","-73.8696655"
"4903","Mason Gray aka 959 Sterling Place Apartments","Tenant Selection","Rental","2024-07-15T00:00:00.000","2024-09-13T00:00:00.000","1","48","10","31","7",,,,,,,"48",,,,,,,,"BK","11213","308","40.6723413598607","-73.9466394318163"
"4009","40 Bruckner Boulevard Apartments","All Units Filled","Rental","2023-08-28T00:00:00.000","2023-11-06T00:00:00.000","1","110","16","54","40",,,,,,,"110",,,,,,,,"BX","10454","201","40.8066807825459","-73.9271304293704"
"4736","36-26 172nd Street Apartments","Tenant Selection","Rental","2024-04-18T00:00:00.000","2024-05-10T00:00:00.000","1","2",,,"2",,,,,,,"2",,,,,,,,"QN","11358","407","40.7622810578353","-73.7945791484136"
"2907","2442 Ocean Avenue Waiting List","All Units Filled","Rental","2022-06-08T00:00:00.000","2022-07-08T00:00:00.000","1","32","8","13","11",,,,,,,"32",,,,,,,,"BK","11229","315","40.6019565430296","-73.9523386969156"
"3467","627 Franklin Avenue Apartments","All Units Filled","Rental","2023-01-26T00:00:00.000","2023-02-16T00:00:00.000","1","3",,,"3",,,,,,,"3",,,,,,,,"BK","11238","308","40.6770305213191","-73.9556595216921"
"2645","1709 Park Place - Units Still Available","All Units Filled","Rental","2022-03-24T00:00:00.000","2022-09-30T00:00:00.000","1","3",,"3",,,,,,,,"3",,,,,,,,"BK","11233","316","40.6718297085175","-73.920857383193"
"4840","27 Brighton 11 Street  Apartments","All Units Filled","Rental","2024-05-20T00:00:00.000","2024-06-10T00:00:00.000","1","5",,"3","1","1",,,,,,"5",,,,,,,,"BK","11235","315","40.5817285","-73.9561419"
"4424","The Pearl aka 475 Bay Street Apartments","Tenant Selection","Rental","2024-02-21T00:00:00.000","2024-04-22T00:00:00.000","1","131",,"43","55","33",,,,"131",,,,"5","2","50","5",,"2","SI","10304","501","40.6305169236358","-74.0766365844326"
"3609","11 Lewis Avenue Apartments","All Units Filled","Rental","2023-04-20T00:00:00.000","2023-05-11T00:00:00.000","1","4","4",,,,,,,,,"4",,,,,,,,"BK","11206","303","40.6976163706377","-73.9379820569218"
"2556","67-47 Alderton Street Apartment","All Units Filled","Rental","2022-01-26T00:00:00.000","2022-03-10T00:00:00.000","1","6",,"6",,,,,,,,"6",,,,,,,,"QN","11374","406","40.7165868604178","-73.8587541683584"
"2007","1 Union Square South Apartments","All Units Filled","Rental","2021-03-12T00:00:00.000","2021-04-12T00:00:00.000","1","12","3","8","1",,,,,,,"12",,,,,,,,"MN","10003","102","40.7341585","-73.990037"
"1885","1225 42nd Street","All Units Filled","Rental","2020-12-14T00:00:00.000","2021-01-06T00:00:00.000","1","2",,,"2",,,,,,,"2",,,,,,,,"BK","11219","312","40.6399510924858","-73.9892444284287"
"4586","645 East 9th Street Apartments","Tenant Selection","Rental","2024-03-07T00:00:00.000","2024-04-19T00:00:00.000","1","3",,"2","1",,,,,"1",,"2",,,,,,,,"MN","10009","103","40.7257540091165","-73.9790636709635"
"2528","89-28 138 Place Apartments","All Units Filled","Rental","2022-01-05T00:00:00.000","2022-02-28T00:00:00.000","1","3",,"1","2",,,,,,,"3",,,,,,,,"QN","11435","412","40.7016683692939","-73.8138806396865"
"4673","456 Blake Avenue Apartments","Tenant Selection","Rental","2024-03-26T00:00:00.000","2024-04-17T00:00:00.000","1","3",,"1","1","1",,,,,,"3",,,,,,,,"BK","11212","316","40.6664878584061","-73.9023322573955"
"7236","205 Cabrini Boulevard Apartments","Tenant Selection","Rental","2025-09-02T00:00:00.000","2025-10-20T00:00:00.000","1","7",,"1","6",,,,,,,"7",,,,,,,,"MN","10033","112","40.854301","-73.9386449"
"4978","5722 7th Avenue Apartments","Tenant Selection","Rental","2024-11-18T00:00:00.000","2024-12-09T00:00:00.000","1","16",,"8","8",,,,,"10",,"6",,"5","2","20","5",,,"BK","11220","307","40.6383399183742","-74.0105895683805"
"1681","Harry T. Nance Apartments","All Units Filled","Rental","2021-03-04T00:00:00.000","2021-05-03T00:00:00.000","1","55","15","21","12","7",,"6","15","34",,,,"5","2","50","5",,,"BK","11233","316","40.6758712600049","-73.9077803170442"
"3204","1182 Ogden Apartments","All Units Filled","Rental","2023-08-22T00:00:00.000","2023-09-12T00:00:00.000","1","7",,"7",,,,,,,,"7",,,,,,,,"BX","10452","204","40.8374269166617","-73.9268184824801"
"2707","Avalon Midtown West- Waiting List","Tenant Selection","Rental","2022-03-18T00:00:00.000","2022-04-18T00:00:00.000","1","28","3","20","5",,,,,,,"28",,,,,,,,"MN","10019","105","40.7618265448276","-73.985817096931"
"3835","Federation Nameoke Apartments","All Units Filled","Rental","2023-08-25T00:00:00.000","2023-10-26T00:00:00.000","1","45","5","30","10",,,,,"45",,,,"5","2","50","5",,,"QN","11691","414","40.6079513731416","-73.7519333653435"
"7304","1761 Topping Ave Apartments","Tenant Selection","Rental","2025-11-06T00:00:00.000","2025-12-08T00:00:00.000","1","2",,"2",,,,,,"2",,,,,,,,,,"BX","10457","305","40.8457194","-73.9059526"
"7143","30-85 31st Street Apartments","Tenant Selection","Rental","2025-07-24T00:00:00.000","2025-08-14T00:00:00.000","1","6","1","5",,,,,,,,"6",,,,,,,,"QN","11102","401","40.7646259248916","-73.9228481082682"
"4955","114 East 198th Street Apartments","Tenant Selection","Rental","2024-10-07T00:00:00.000","2024-12-10T00:00:00.000","1","20","17","3",,,,,,,,"20",,,,,,,,"BX","10468","207","40.8702781","-73.8915679"
"2454","32-72 41st Street Apartments","All Units Filled","Rental","2022-01-12T00:00:00.000","2022-02-28T00:00:00.000","1","8",,"6","2",,,,,,,"8",,,,,,,,"QN","11103","401","40.7682810968264","-73.9103347000449"
"2973","524 East 14th Street Waiting List","Tenant Selection","Rental","2022-06-17T00:00:00.000","2022-08-01T00:00:00.000","1","50","12","13","25",,,,,"17",,"33",,,,,,,,"MN","10009","103","40.7295747202116","-73.9791201994137"
"2811","The Dime-Units Still Available","All Units Filled","Rental","2022-05-11T00:00:00.000","2022-06-03T00:00:00.000","1","17","5","12",,,,,,,,"17",,,,,,,,"BK","11211","301","40.7095362","-73.9588129"
"3751","Linden Terrace III","Tenant Selection","Rental","2023-05-24T00:00:00.000","2023-07-24T00:00:00.000","1","125","9","67","35","14",,"9","40","76",,,,"5","2","50","5",,,"BK","11208","305","40.6685725532293","-73.8587513081637"
"3986","Virginia House Senior Residences","Tenant Selection","Rental","2023-09-15T00:00:00.000","2023-10-19T00:00:00.000","1","33","32","1",,,,,"33",,,,,"5","2",,,,"100","MN","10029","111","40.7961451007923","-73.9442684612418"
"1852","2633 Ocean Avenue Apartments","All Units Filled","Rental","2020-12-16T00:00:00.000","2021-01-25T00:00:00.000","1","18","8","4","6",,,,,,,"18",,,,,,,,"BK","11229","315","40.5971662980422","-73.9509773757411"
"5019","2915 Albemarle Road Apartments","Tenant Selection","Rental","2024-07-24T00:00:00.000","2024-08-14T00:00:00.000","1","8",,"8",,,,,,,,"8",,,,,,,,"BK","11226","317","40.6481337704061","-73.9496822538983"
"5137","Belmont Cove","Tenant Selection","Rental","2024-08-22T00:00:00.000","2024-10-21T00:00:00.000","1","129","10","69","37","13",,"16","38","75",,,,"5","2","20","5",,,"BX","10457","206","40.8442267662401","-73.8931838057252"
"7225","Grace's Place Senior Apartments","Tenant Selection","Rental","2025-10-27T00:00:00.000","2025-12-30T00:00:00.000","1","56","56",,,,,,"56",,,,,"5","2",,,,"100","QN","11691","414","40.6068351","-73.7504574"
"4815","51 West 174th Street Apartments","Tenant Selection","Rental","2024-05-23T00:00:00.000","2024-06-21T00:00:00.000","1","8","8",,,,,,,,,"8",,,,,,,,"BX","10453","205","40.8476210941032","-73.9152699204842"
"3493","82 4th Avenue Apartments","All Units Filled","Rental","2023-02-17T00:00:00.000","2023-05-15T00:00:00.000","1","9",,"9",,,,,,,,"9",,,,,,,,"BK","11217","302","40.6820273138284","-73.9799355034706"
"2097","101 Bruckner Blvd","All Units Filled","Rental","2021-03-22T00:00:00.000","2021-04-12T00:00:00.000","1","17","1","16",,,,,,,,"17",,,,,,,,"BX","10454","201","40.8052650442288","-73.9237221032805"
"2936","485 East 28th Street Apartments","All Units Filled","Rental","2022-08-19T00:00:00.000","2022-09-12T00:00:00.000","1","6",,"3","3",,,,,,,"6",,,,,,,,"BK","11210","317","40.638906029429","-73.9502044627034"
"3781","Concern Pitkin","Tenant Selection","Rental","2023-09-15T00:00:00.000","2023-11-14T00:00:00.000","1","22","2","15","5",,,,"13","9",,,,"5","2","50","5",,"23","BK","11207","305","40.6735846782283","-73.8861244817962"
"4592","1 Park Point","Tenant Selection","Rental","2024-04-04T00:00:00.000","2024-06-04T00:00:00.000","1","95",,"67","28",,,,"38","38","19",,,"5","2","50","5",,,"BK","11218","307","40.6506311716707","-73.9731914552748"
"2597","266 Kent Avenue Apartments","All Units Filled","Rental","2021-12-30T00:00:00.000","2022-04-18T00:00:00.000","1","89","28","36","25",,,,,"33",,"56",,"5","2","50","5",,,"BK","11249","301","40.7159467911801","-73.9666070853714"
"1706","31 Ainslie Street Apartments","All Units Filled","Rental","2020-08-04T00:00:00.000","2020-08-25T00:00:00.000","1","15","3","4","8",,,,,"15",,,,"5","2","50","5",,,"BK","11211","301","40.7131479400623","-73.953164588124"
"3300","103 Schenectady Avenue Apartments","All Units Filled","Rental","2022-11-04T00:00:00.000","2022-11-25T00:00:00.000","1","3",,"3",,,,,,,,"3",,,,,,,,"BK","11213","308","40.6756692697923","-73.9332436846263"
"2133","Woodlawn Senior Living","All Units Filled","Rental","2021-08-27T00:00:00.000","2021-10-27T00:00:00.000","1","55","41","14",,,,,"55",,,,,"5","2",,,,"100","BX","10470","212","40.8962600735713","-73.873531658159"
"1837","722 Hinsdale Street Apartments","All Units Filled","Rental","2020-11-10T00:00:00.000","2020-12-03T00:00:00.000","1","3",,"1","2",,,,,,,"3",,,,,,,,"BK","11207","305","40.6568159414487","-73.8968357182506"
"2301","East Village aka 302 East 2nd Street","All Units Filled","Rental","2021-10-18T00:00:00.000","2021-12-20T00:00:00.000","1","36","8","17","11",,,"5","9","7",,"15",,"5","2","50","5",,,"MN","10009","103","40.720458","-73.979134"
"4355","Mt. Hope Walton Apartments","Tenant Selection","Rental","2023-12-15T00:00:00.000","2024-02-13T00:00:00.000","1","86",,"52","20","14",,"10","25","51",,,,"5","2","50","5",,,"BX","10453","205","40.8475736150008","-73.9105495030886"
"7160","33 Bedford Park Boulevard Apartments","Tenant Selection","Rental","2025-08-11T00:00:00.000","2025-09-02T00:00:00.000","1","6",,"6",,,,,,,,"6",,,,,,,,"BX","10468","207","40.8728740655715","-73.8882781091299"
"3170","435 West 31st Street Waiting List","Tenant Selection","Rental","2022-09-12T00:00:00.000","2022-10-17T00:00:00.000","1","170","53","90","25","2",,,"86","83","1",,,"5","2",,,,,"MN","10001","104","40.7523909781998","-73.9987439676399"
"2161","Parker West 214 West 72nd Street Apartments","All Units Filled","Rental","2021-08-03T00:00:00.000","2021-08-24T00:00:00.000","1","1",,,,"1",,,,"1",,,,"100","100","100","100",,,"MN","10023","107","40.7787529301008","-73.9827154962315"
"3242","2321 Belmont Ave Apartments","All Units Filled","Rental","2022-09-27T00:00:00.000","2022-10-28T00:00:00.000","1","13",,"6","7",,,,,,,"13",,,,,,,,"BX","10458","206","40.8535281384282","-73.8869622919818"
"3866","Beach 101 Apartments","All Units Filled","Rental","2023-07-31T00:00:00.000","2023-08-21T00:00:00.000","1","18","4","11","3",,,,,,,"18",,,,,,,,"QN","11694","414","40.583163898795","-73.8219944190404"
"2546","Roosevelt Apartments Phase II","Tenant Selection","Rental","2022-01-28T00:00:00.000","2022-04-14T00:00:00.000","7","27",,,"27",,,,,,,"27",,,,,,,,"QN","11368","404","Multiple","Multiple"
"5389","435 Central Avenue Apartments","Tenant Selection","Rental","2024-11-12T00:00:00.000","2024-12-04T00:00:00.000","1","5",,"1","4",,,,,,,"5",,,,,,,,"BK","11221","304","40.6926007610337","-73.915052224679"
"3737","64-16 Wetherole street Apartments","All Units Filled","Rental","2023-06-01T00:00:00.000","2023-07-05T00:00:00.000","1","5",,"3","2",,,,,,,"5",,,,,,,,"QN","11374","406","40.727196708405","-73.8621267411535"
"7273","134 Erasmus Street Apartments","Tenant Selection","Rental","2025-09-29T00:00:00.000","2025-10-21T00:00:00.000","1","9",,"5","4",,,,,,,"9",,,,,,,,"BK","11226","317","40.6496207","-73.951292"
"5140","21-11 31st Avenue Apartments","Tenant Selection","Rental","2024-09-03T00:00:00.000","2024-11-04T00:00:00.000","1","43",,"43",,,,,,"36",,"7",,"5","2","20","5",,,"QN","11106","401","40.7672377820153","-73.9296465002004"
"1946","605 Hart Street Apartments","All Units Filled","Rental","2021-01-22T00:00:00.000","2021-02-12T00:00:00.000","2","17",,"8","9",,,,,"10",,"7",,,,,,,,"BK","11221","304","40.6981347639708","-73.927927064839"
"2225","183 Covert Street - Waiting List","All Units Filled","Rental","2021-07-01T00:00:00.000","2021-08-02T00:00:00.000","1","3",,"3",,,,,,,,"3",,,,,,,,"BK","11207","304","40.6897963838277","-73.9088933110317"
"2779","Amanda's Cove Waiting List","Tenant Selection","Rental","2022-03-23T00:00:00.000","2022-04-20T00:00:00.000","40","141","5","21","40","65","10",,,"74","67",,,,,,,,,"BX","Multiple","212","Multiple","Multiple"
"7148","2519 Sedgwick Avenue Apartments","Tenant Selection","Rental","2025-07-28T00:00:00.000","2025-08-18T00:00:00.000","1","8","1","5","2",,,,,"8",,,,,,,,,,"BX","10468","207","40.8670342606006","-73.9079599273554"
"4136","505 State Street","All Units Filled","Rental","2023-10-10T00:00:00.000","2023-12-11T00:00:00.000","1","45","5","32","6","2",,,"18","18","9",,,"5","2","50","5",,,"BK","11217","302","40.6855101748476","-73.9785246391271"
"1738","1780 Sheepshead Bay Road","Closed","Rental","2020-10-02T00:00:00.000","2020-10-26T00:00:00.000","1","7","1","2","4",,,,,,,"7",,,,,,,,"BK","11235","315","40.5841723422427","-73.950810504184"
"3675","438 Union Avenue Apartments","All Units Filled","Rental","2023-05-11T00:00:00.000","2023-06-16T00:00:00.000","1","4",,"4",,,,,,,,"4",,,,,,,,"BK","11211","301","40.7135286467958","-73.9512020122226"
"5049","The Monarch","Tenant Selection","Rental","2024-09-03T00:00:00.000","2024-11-04T00:00:00.000","1","182",,"150","32",,,,,"30",,"152",,"5","2","20","5",,,"QN","11433","412","40.7038585304467","-73.795967409854"
"3972","280 Meeker Avenue Apartments","Tenant Selection","Rental","2023-08-25T00:00:00.000","2023-10-24T00:00:00.000","1","21","5","5","11",,,,,,,"21",,,,,,,,"BK","11211","301","40.7166349860961","-73.9495078895217"
"2450","JEROME AVENUE APARTMENTS","All Units Filled","Rental","2021-11-19T00:00:00.000","2022-01-18T00:00:00.000","1","60","22","5","29","4",,,,"60",,,,"5","2","50","5",,,"BX","10453","205","40.8484227273379","-73.9118459670721"
"2721","55-44 97 Place Apartments","All Units Filled","Rental","2022-03-17T00:00:00.000","2022-04-21T00:00:00.000","1","3",,,"3",,,,,,,"3",,,,,,,,"QN","11368","404","40.7375873062245","-73.8635450283494"
"3761","317 Franklin Avenue Apartments","All Units Filled","Rental","2023-06-21T00:00:00.000","2023-07-12T00:00:00.000","1","5",,"2","3",,,,,,,"5",,,,,,,,"BK","11238","303","40.688704603086","-73.957148182865"
"2724","990 Woodycrest Avenue Apartments","All Units Filled","Rental","2022-04-01T00:00:00.000","2022-05-17T00:00:00.000","1","8","2","2","4",,,,,,,"8",,,,,,,,"BX","10452","204","40.8322787414769","-73.9282587534541"
"3365","1376 Dekalb Avenue Apartments","All Units Filled","Rental","2023-03-17T00:00:00.000","2023-04-07T00:00:00.000","1","3",,"3",,,,,,,,"3",,,,,,,,"BK","11221","304","40.6991175942684","-73.9239769882402"
"4656","369 Quentin Road Apartments","Tenant Selection","Rental","2024-06-05T00:00:00.000","2024-06-26T00:00:00.000","1","14",,,"13","1",,,,"14",,,,"5","2","20","5",,,"BK","11223","315","40.6067225396582","-73.9721970899305"
"4971","Bridge Rockaway Apartments","Tenant Selection","Rental","2024-07-23T00:00:00.000","2024-09-23T00:00:00.000","1","86",,"15","46","25",,"35","38","13",,,,"5","2","20","5",,,"BK","11212","316","40.6600283831386","-73.9077625716415"
"5157","Tiebout Residence aka 2385 Tiebout Avenue Apartments","Tenant Selection","Rental","2024-09-16T00:00:00.000","2024-10-07T00:00:00.000","1","12","3","9",,,,,,,,"12",,,,,,,,"BX","10458","205","40.8589904703346","-73.8961172261432"
"4906","93 Gerry Street Apartments","All Units Filled","Rental","2024-06-03T00:00:00.000","2024-06-24T00:00:00.000","1","2",,,,"2",,,,,,"2",,,,,,,,"BK","11206","301","40.7017791860946","-73.9469729176514"
"2298","648 Midwood Street Apartments - Units Still Available","Tenant Selection","Rental","2021-08-31T00:00:00.000","2021-10-01T00:00:00.000","1","3",,"1","2",,,,,,,"3",,,,,,,,"BK","11203","309","40.6606256132407","-73.9390364710845"
"3617","85-87 Herkimer Street Apartments","All Units Filled","Rental","2023-04-24T00:00:00.000","2023-05-30T00:00:00.000","2","4",,"2","2",,,,,,,"4",,,,,,,,"BK","11216","303","Multiple","Multiple"
"2541","781 Elsmere Place Apartments","All Units Filled","Rental","2021-12-22T00:00:00.000","2022-01-14T00:00:00.000","1","8","1","7",,,,,,,,"8",,,,,,,,"BX","10460","206","40.8434431931434","-73.8888696717249"
"7089","514 Maple Street Apartments","All Units Filled","Rental","2025-05-19T00:00:00.000","2025-06-16T00:00:00.000","1","3",,"1",,"2",,,,,,"3",,,,,,,,"BK","11225","309","40.661047952289","-73.9437217360911"
"4902","1182 Woodycrest  Apartments","Tenant Selection","Rental","2024-11-06T00:00:00.000","2025-01-07T00:00:00.000","1","36",,"19","9","8",,,"1","27","8",,,"5","2",,,,"3","BX","10452","204","40.8364841229515","-73.9247090301038"
"4342","26-31 3rd Street Apartment","All Units Filled","Rental","2023-12-15T00:00:00.000","2024-01-08T00:00:00.000","1","5","1","3","1",,,,,,,"5",,,,,,,,"QN","11102","401","40.7754469869909","-73.9337502313102"
"5289","250 Winthrop Street Senior Apartments","All Units Filled","Rental","2024-10-15T00:00:00.000","2024-12-17T00:00:00.000","1","27","12","15",,,,,,"27",,,,"5","2","20","5",,"100","BK","11225","309","40.6569893496887","-73.951809217873"
"3824","2801 Tilden Avenue Apartments","All Units Filled","Rental","2023-06-12T00:00:00.000","2023-07-05T00:00:00.000","1","4",,"2","2",,,,,,,"4",,,,,,,,"BK","11226","317","40.6470418777667","-73.9509119015596"
"3423","124 Withers Street Apartments","All Units Filled","Rental","2023-02-06T00:00:00.000","2023-06-05T00:00:00.000","1","5",,"5",,,,,,,,"5",,,,,,,,"BK","11211","301","40.7169275750835","-73.947058264595"
"4218","Arthur Avenue Senior Apartments - Waiting List","Tenant Selection","Rental","2024-04-17T00:00:00.000","2024-05-17T00:00:00.000","1","122","48","74",,,,,"122",,,,,,,,,,"100","BX","10457","206","40.847615615147","-73.8922530626495"
"7207","2250 Aqueduct Avenue Apartments","Tenant Selection","Rental","2025-11-12T00:00:00.000","2025-12-03T00:00:00.000","1","17","4",,"12","1",,,,,,"17",,,,,,,,"BX","10453","205","40.8588131","-73.9070756"
"3654","2316 Clarendon Road Apartments","All Units Filled","Rental","2023-05-11T00:00:00.000","2023-06-26T00:00:00.000","1","5",,"2","3",,,,,,,"5",,,,,,,,"BK","11226","314","40.6426024322037","-73.9548572326992"
"3875","36-45 Prince Street Apartments","All Units Filled","Rental","2023-08-04T00:00:00.000","2023-08-25T00:00:00.000","1","2",,"1","1",,,,,,,"2",,,,,,,,"QN","11354","407","40.7613383728011","-73.8328565682832"
"3816","325 Gates Waiting List","Tenant Selection","Rental","2023-06-16T00:00:00.000","2023-07-31T00:00:00.000","1","15","5","5","5",,,,,,,"15",,,,,,,,"BK","11216","303","40.6860876735367","-73.9541318936596"
"2313","23 West Street aka 40 Oak Street Apartments","All Units Filled","Rental","2022-01-25T00:00:00.000","2022-04-04T00:00:00.000","1","205","43","54","108",,,,,"205",,,,"5","2","50","5",,,"BK","11222","301","40.7267833024842","-73.9587652926216"
"2232","922 Dekalb Avenue Apartments","Closed","Rental","2021-07-12T00:00:00.000","2021-09-15T00:00:00.000","1","3",,"3",,,,,,,,"3",,,,,,,,"BK","11221","303","40.6925856349135","-73.9387764616218"
"4190","26- 12 4th Street Apartments","All Units Filled","Rental","2023-11-03T00:00:00.000","2023-11-27T00:00:00.000","1","7",,"7",,,,,,,,"7",,,,,,,,"QN","11102","401","40.7758224702429","-73.9328075017384"
"4568","The Haru Apartments at 138-25 Barclay Avenue","Tenant Selection","Rental","2024-04-02T00:00:00.000","2024-05-01T00:00:00.000","1","15","1","6","8",,,,,,,"15",,,,,,,,"QN","11355","407","40.7582613175855","-73.8271466621895"
"1699","1520 Fulton Street Apartments","All Units Filled","Rental","2020-09-24T00:00:00.000","2020-10-16T00:00:00.000","1","15",,"7","8",,,,,,,"15",,,,,,,,"BK","11216","303","40.6795787699838","-73.9399312981293"
"3303","1079 Lafayette Avenue Apartments","Closed","Rental","2022-11-25T00:00:00.000","2023-01-03T00:00:00.000","1","7","1",,"6",,,,,,,"7",,,,,,,,"BK","11221","303","40.6926679071356","-73.9290905184556"
"7149","21 East 29th Street Apartments","Tenant Selection","Rental","2025-06-26T00:00:00.000","2025-08-25T00:00:00.000","1","29",,"21","6","2",,,,,,"29",,,,,,,,"BK","11226","317","40.6476041342193","-73.9499276995169"
"1937","25-49 38th Street Apartment","All Units Filled","Rental","2021-05-26T00:00:00.000","2021-06-17T00:00:00.000","1","7",,"5","2",,,,,,,"7",,,,,,,,"QN","11103","401","40.7677862816873","-73.9129202154207"
"4758","138 Bruckner Boulevard Apartments","Tenant Selection","Rental","2024-04-23T00:00:00.000","2024-07-24T00:00:00.000","1","135","8","93","34",,,,,,,"135",,,,,,,,"BX","10454","201","40.8039015066814","-73.9205341966279"
"4289","318-322 East 32nd Street Apartments","All Units Filled","Rental","2023-11-30T00:00:00.000","2023-12-21T00:00:00.000","1","4",,"2",,"2",,,,,,"4",,,,,,,,"BK","11226","317","40.6427994860646","-73.9470810465007"
"2673","3506 - 3508 Farragut Road - Units Still Available","All Units Filled","Rental","2022-02-14T00:00:00.000","2022-03-25T00:00:00.000","2","6",,"6",,,,,,,,"6",,,,,,,,"BK","11210","317","Multiple","Multiple"
"1799","45-57 Davis Street Apartments","All Units Filled","Rental","2020-11-16T00:00:00.000","2021-01-19T00:00:00.000","1","48","12","23","12","1",,,,,,"48",,,,,,,,"QN","11101","402","40.7444150700221","-73.9444416535848"
"3777","Help Hinsdale B LLC","Tenant Selection","Rental","2023-08-14T00:00:00.000","2023-10-13T00:00:00.000","1","27","13","8","6",,,,,"27",,,,"5","2","50","5",,,"BK","11207","305","40.667993","-73.899980"
"2292","1407 Flatbush Avenue Apartments","All Units Filled","Rental","2021-08-27T00:00:00.000","2021-09-20T00:00:00.000","1","7",,"3","4",,,,,,,"7",,,,,,,,"BK","11210","314","40.6364087979294","-73.951431351536"
"2172","J&J Tower - Units Still Available","All Units Filled","Rental","2021-05-27T00:00:00.000","2021-06-28T00:00:00.000","1","8","2",,"6",,,,,,,"8",,,,,,,,"QN","11377","402","40.7396400679871","-73.8946144884786"
"1718","182 Jefferson Street Apartments","All Units Filled","Rental","2020-09-04T00:00:00.000","2020-09-28T00:00:00.000","1","3",,"1","2",,,,,,,"3",,,,,,,,"BK","11206","304","40.7012424575482","-73.9289191047587"
"3168","29-19 Newtown Avenue - Units Still Available","All Units Filled","Rental","2022-10-06T00:00:00.000","2022-11-09T00:00:00.000","1","7","2","2","3",,,,,,,"7",,,,,,,,"QN","11102","401","40.7690659822041","-73.9214638706648"
"4531","299 East 161st Street Apartments","Tenant Selection","Rental","2024-03-28T00:00:00.000","2024-05-28T00:00:00.000","1","47","12","25","10",,,,,"27",,"20",,"5","2","50","5",,,"BX","10451","204","40.8253055130827","-73.9175746803961"
"1761","857 Hornaday Place Apartments","All Units Filled","Rental","2020-09-22T00:00:00.000","2020-10-14T00:00:00.000","1","5","1","1","3",,,,,,,"5",,,,,,,,"BX","10460","206","40.8468349799787","-73.882647209938"
"2104","188 Humboldt Street - Units Still Available","Tenant Selection","Rental","2021-04-06T00:00:00.000","2021-05-06T00:00:00.000","1","4","1",,"3",,,,,,,"4",,,,,,,,"BK","11206","301","40.7077601485552","-73.9415506372502"
"2929","1780 Sheepshead Bay- Units Still Available","All Units Filled","Rental","2022-06-13T00:00:00.000","2022-07-15T00:00:00.000","1","3",,,"3",,,,,,,"3",,,,,,,,"BK","11235","315","40.5841697157888","-73.9510877213292"
"5326","4650 Broadway Apartments","Tenant Selection","Rental","2024-11-27T00:00:00.000","2025-01-29T00:00:00.000","1","67","13","33","21",,,,,,,"67",,,,,,,,"MN","10040","112","40.8623258388713","-73.9295531389914"
"1721","51 and 55 Veronica Place","All Units Filled","Rental","2020-09-30T00:00:00.000","2020-10-22T00:00:00.000","2","6",,"6",,,,,,,,"6",,,,,,,,"BK","11226","317","Multiple","Multiple"
"2604","1073 Summit Avenue Apartments","All Units Filled","Rental","2022-02-11T00:00:00.000","2022-04-14T00:00:00.000","1","32","6","9","17",,,,,,"32",,,,,,,,,"BX","10452","204","40.8351284339426","-73.9293614966798"
"4109","27-23 27th Street Apartments","Tenant Selection","Rental","2023-11-01T00:00:00.000","2023-11-22T00:00:00.000","1","3","1","2",,,,,,,,"3",,,,,,,,"QN","11102","401","40.7691220258906","-73.9231678173473"
"4566","43-15 63rd Street Apartments","Tenant Selection","Rental","2024-03-06T00:00:00.000","2024-03-28T00:00:00.000","1","3",,"1","2",,,,,,,"3",,,,,,,,"QN","11377","402","40.7420018003231","-73.9022504299641"
"2783","539  Vanderbilt Avenue","Tenant Selection","Rental","2022-05-05T00:00:00.000","2022-07-07T00:00:00.000","1","80","25","25","26","4",,,,"54",,"26",,"5","2","50","5",,,"BK","11238","302","40.6822633062817","-73.9676334905144"
"2475","Rise LIC","All Units Filled","Rental","2022-01-18T00:00:00.000","2022-03-24T00:00:00.000","1","31","8","11","10","2",,,,"19",,"12",,"5","2","50","5",,,"QN","11101","401","40.7522054294735","-73.9353794747793"
"4927","43-34 53rd Street Apartments","Tenant Selection","Rental","2024-06-12T00:00:00.000","2024-07-03T00:00:00.000","1","8",,"8",,,,,,,,"8",,,,,,,,"QN","11377","402","40.7427962","-73.9121652"
"2021","Tree of Life","All Units Filled","Rental","2021-02-25T00:00:00.000","2021-04-27T00:00:00.000","1","166","14","82","40","30",,,"17","63","86",,,"5","2","50","5",,,"QN","11432","412","40.7070578880356","-73.7969278582762"
"4613","104-18 Northern Boulevard Apartments","All Units Filled","Rental","2024-03-18T00:00:00.000","2024-04-08T00:00:00.000","1","3",,"2","1",,,,,,,"3",,,,,,,,"QN","11368","403","40.7574405572013","-73.8639338959304"
"2854","Freeman Apartments - Waitlist","Tenant Selection","Rental","2022-04-20T00:00:00.000","2022-05-20T00:00:00.000","3","23","1","10","12",,,,,,,"23",,,,,,,,"BK","11222","301","Multiple","Multiple"
"2302","59-24 41st Avenue","All Units Filled","Rental","2021-08-23T00:00:00.000","2021-09-14T00:00:00.000","1","3",,"1","2",,,,,,,"3",,,,,,,,"QN","11377","402","40.744015951641","-73.904936058268"
"3331","The Jackson","All Units Filled","Rental","2023-01-03T00:00:00.000","2023-02-07T00:00:00.000","1","12","2","5","5",,,,,,,"12",,,,,,,,"QN","11372","403","40.75024437792","-73.881846497498"
"3478","6020 3 Avenue Apartments","Tenant Selection","Rental","2023-02-13T00:00:00.000","2023-04-03T00:00:00.000","1","16",,"1","15",,,,,,,"16",,,,,,,,"BK","11220","307","40.6417118755727","-74.0207514142765"
"2204","CONEY ISLAND PHASE I","All Units Filled","Rental","2021-06-16T00:00:00.000","2021-08-16T00:00:00.000","2","400","102","157","104","37",,"45","89","177","67","22",,"5","2","50","5",,,"BK","11224","313","Multiple","Multiple"
"2499","ALVISTA TOWERS II","All Units Filled","Rental","2021-12-08T00:00:00.000","2022-02-07T00:00:00.000","1","353","73","169","111",,,,"163",,"162","28",,"5","2","50","5",,,"QN","11435","412","40.6992214596751","-73.8064257911633"
"3861","2454 East 15th Street Apartments","All Units Filled","Rental","2023-10-11T00:00:00.000","2023-11-20T00:00:00.000","1","3",,"2","1",,,,,,,"3",,,,,,,,"BK","11235","315","40.5908165512393","-73.9551874864245"
"4014","1258 Shakespeare Avenue Apartments","All Units Filled","Rental","2023-08-31T00:00:00.000","2023-10-06T00:00:00.000","1","19",,"19",,,,,,,,"19",,,,,,,,"BX","10452","204","40.8387692741713","-73.9229030699319"
"2579","One Archer","All Units Filled","Rental","2022-02-17T00:00:00.000","2022-04-21T00:00:00.000","1","95","22","56","17",,,,,,,"95",,,,,,,,"QN","11433","412","40.7029671","-73.7982731"
"3573","509 Third Avenue Apartments","All Units Filled","Rental","2023-04-24T00:00:00.000","2023-06-26T00:00:00.000","1","58","18","29","11",,,,"23","23",,"12",,"5","2","50","5",,,"MN","10016","106","40.7458810856898","-73.9779963187426"
"1770","325 Lafayette Avenue - Units Still Available","All Units Filled","Rental","2020-10-26T00:00:00.000","2020-11-30T00:00:00.000","1","13","13",,,,,,,,,"13",,,,,,,,"BK","11238","302","40.6888410060547","-73.9626253795888"
"2477","668 Bushwick Avenue Apartments","All Units Filled","Rental","2021-11-26T00:00:00.000","2021-12-17T00:00:00.000","1","15",,"11","4",,,,,,,"15",,,,,,,,"BK","11221","304","40.6972178108891","-73.932111367187"
"4754","ANDREWS AVENUE SOUTH SENIOR RESIDENCE","Tenant Selection","Rental","2024-05-08T00:00:00.000","2024-07-09T00:00:00.000","1","80","56","24",,,,,"24","56",,,,"5","2",,,,"100","BX","10453","205","40.8502791892542","-73.9169473242711"
"4390","Burrelli NYC Apartments","All Units Filled","Rental","2024-04-29T00:00:00.000","2024-05-20T00:00:00.000","1","3",,"2","1",,,,,,,"3",,,,,,,,"QN","11106","401","40.7643313502229","-73.9300574931449"
"1775","Glassworks Apartments - Units Still Available","All Units Filled","Rental","2020-09-21T00:00:00.000","2020-10-12T00:00:00.000","1","3","1","1","1",,,,,,,"3",,,,,,,,"BK","11237","304","40.702274950166","-73.9172831881697"
"1665","570 Nostrand Avenue","All Units Filled","Rental","2020-08-12T00:00:00.000","2020-09-02T00:00:00.000","1","8","2","2","4",,,,,,,"8",,,,,,,,"BK","11216","303","40.6791087139459","-73.9499400980328"
"4708","27 Montrose Avenue Apartments","All Units Filled","Rental","2024-04-11T00:00:00.000","2024-06-10T00:00:00.000","1","3",,"3",,,,,,,,"3",,,,,,,,"BK","11206","301","40.7067783594258","-73.9490897507217"
"2790","320 West 135th Street Apartments","All Units Filled","Rental","2022-04-07T00:00:00.000","2022-05-16T00:00:00.000","1","6",,"3","3",,,,,,,"6",,,,,,,,"MN","10030","110","40.8167703461652","-73.9472100561893"
"4776","1020 Rogers Avenue Apartments","Tenant Selection","Rental","2024-06-11T00:00:00.000","2024-08-12T00:00:00.000","1","23","3","9","11",,,,,,,"23",,,,,,,,"BK","11226","317","40.645184","-73.9522272"
"3009","2333 Beaumont Avenue Apartments","All Units Filled","Rental","2022-07-26T00:00:00.000","2022-08-24T00:00:00.000","1","4","4",,,,,,,,,"4",,,,,,,,"BX","10458","206","40.8532135186938","-73.8852168963952"
"4051","1042 Longfellow Avenue Apartments","All Units Filled","Rental","2023-10-11T00:00:00.000","2023-11-01T00:00:00.000","1","4",,"2","1","1",,,,,"4",,,"5","2","50","5",,,"BX","10459","202","40.8244950305969","-73.8874235169624"
"3947","Garden Towers Seniors Apartments","Tenant Selection","Rental","2023-08-03T00:00:00.000","2023-10-02T00:00:00.000","2","104","78","26",,,,,"104",,,,,"5","2",,,,"100","BX","10456","203","Multiple","Multiple"
"4468","413 Throop AVenue Apartments","Tenant Selection","Rental","2024-02-09T00:00:00.000","2024-03-01T00:00:00.000","1","2",,"1","1",,,,,,,"2",,,,,,,,"BK","11221","303","40.6888434","-73.9418833"
"4641","714 East 217th Street Apartments","Tenant Selection","Rental","2024-04-01T00:00:00.000","2024-04-22T00:00:00.000","1","16","15","1",,,,,,,,"16",,,,,,,,"BX","10467","212","40.8817671914831","-73.8630936086422"
"3727","97 Varet Street Apartments","All Units Filled","Rental","2023-05-24T00:00:00.000","2023-06-15T00:00:00.000","1","3",,,"3",,,,,,,"3",,,,,,,,"BK","11206","301","40.7031598988105","-73.9415041778735"
"4654","NEHEMIAH SPRING CREEK PHASE 4C","All Units Filled","Rental","2024-03-28T00:00:00.000","2024-05-28T00:00:00.000","30","203","7","20","148","28",,"26","58","119",,,,"5","2","50","5",,,"BK","Multiple","305","40.654271","-73.876488"
"2867","164-11 Highland Ave Apartments","Tenant Selection","Rental","2022-06-21T00:00:00.000","2022-07-14T00:00:00.000","1","4",,"1","3",,,,,,,"4",,,,,,,,"QN","11432","408","40.7106910075342","-73.7995138586751"
"3561","Sunrose Tower Apartments","All Units Filled","Rental","2023-03-22T00:00:00.000","2023-09-30T00:00:00.000","1","72","18","18","36",,,,,,,"72",,,,,,,,"MN","10031","109","40.8318335562582","-73.9476606453443"
"3885","477 Gerard Avenue Apartments","All Units Filled","Rental","2023-08-23T00:00:00.000","2023-10-24T00:00:00.000","1","20",,"10","10",,,,,,,"20",,,,,,,,"BX","10451","201","40.8180509659943","-73.9296144590281"
"2162","495 St. Johns Place - Units Still Available","All Units Filled","Rental","2021-04-15T00:00:00.000","2021-05-17T00:00:00.000","1","4","1","1","2",,,,,,,"4",,,,,,,,"BK","11238","308","40.6733244816095","-73.9616463021048"
"3793","ATLANTIC CHESTNUT PHASE I","All Units Filled","Rental","2023-06-18T00:00:00.000","2023-08-16T00:00:00.000","1","341","34","142","114","51",,"40","101","200",,,,"5","2","50","5",,,"BK","11208","305","40.6825398997608","-73.8746184254708"
"7214","81A Malcolm X Boulevard","Tenant Selection","Rental","2025-08-21T00:00:00.000","2025-09-12T00:00:00.000","1","2",,"2",,,,,,"2",,,,,,,,,,"BK","11221","303","40.6911206","-73.9305459"
"1700","42 East 132nd Street Apartments","All Units Filled","Rental","2020-08-25T00:00:00.000","2020-09-16T00:00:00.000","1","3",,"2","1",,,,,"3",,,,,,"50","5",,,"MN","10037","111","40.8097634833576","-73.9370900554055"
"4556","1629 Brooklyn Avenue Apartments","All Units Filled","Rental","2024-02-16T00:00:00.000","2024-03-08T00:00:00.000","1","7",,,"7",,,,,,,"7",,,,,,,,"BK","11210","317","40.6333300520873","-73.9415797981826"
"4100","3893 Waldo Avenue AKA 55 Dash Place Apartments","All Units Filled","Rental","2023-10-23T00:00:00.000","2023-11-15T00:00:00.000","1","5",,"5",,,,,,,,"5",,,,,,,,"BX","10463","208","40.8895566340986","-73.9038960813305"
"2437","50 Clarkson Avenue - Units Still Available","All Units Filled","Rental","2021-11-01T00:00:00.000","2021-12-31T00:00:00.000","1","14",,"7","7",,,,,,,"14",,,,,,,,"BK","11226","314","40.6549304705888","-73.9580672770138"
"2479","57-41 Granger Street Apartments","All Units Filled","Rental","2022-02-10T00:00:00.000","2022-03-04T00:00:00.000","1","6",,"2","4",,,,,,,"6",,,,,,,,"QN","11368","404","40.7391210189257","-73.8562778275017"
"2524","PENINSULA BUILDING 1B","All Units Filled","Rental","2021-12-22T00:00:00.000","2022-02-21T00:00:00.000","1","164","34","55","53","22",,"18","36","110",,,,"5","2","50","5",,,"BX","10474","202","40.8145930765292","-73.8913238811832"
"4466","10 Hallets Point - Waiting List","Tenant Selection","Rental","2024-03-11T00:00:00.000","2024-04-10T00:00:00.000","1","81","6","50","24","1",,,,"81",,,,"5","2",,,,,"QN","11102","401","40.7764880572884","-73.9351826019768"
"2388","The Lois - Units Still Available","All Units Filled","Rental","2021-11-08T00:00:00.000","2021-12-20T00:00:00.000","1","52","15","23","12","2",,,,,,"52",,,,,,,,"BK","11226","317","40.6551544492726","-73.9486065621991"
"5362","5306 9th Avenue Apartments","Tenant Selection","Rental","2024-11-12T00:00:00.000","2024-12-05T00:00:00.000","1","3",,,"3",,,,,,,"3",,,,,,,,"BK","11220","312","40.6380027476752","-74.0033761059596"
"7256","3509 & 3511 Farragut Road Apartments","Tenant Selection","Rental","2025-11-17T00:00:00.000","2025-12-09T00:00:00.000","2","6","2","4",,,,,,,,"6",,,,,,,,"BK","11210","317","Multiple","Multiple"
"2246","26 Quincy Street Apartments","All Units Filled","Rental","2021-07-21T00:00:00.000","2021-10-01T00:00:00.000","1","13","3","7","3",,,,,,,"13",,,,,,,,"BK","11238","302","40.6858429266806","-73.9602689408913"
"4341","673 Hart Street","Tenant Selection","Rental","2023-12-18T00:00:00.000","2024-01-24T00:00:00.000","1","9",,"5","4",,,,,,,"9",,,,,,,,"BK","11221","304","40.6988442922976","-73.9257768889087"
"2602","2203 Clarendon Road Apartments","All Units Filled","Rental","2022-02-01T00:00:00.000","2022-02-24T00:00:00.000","1","7",,"1","5","1",,,,,,"7",,,,,,,,"BK","11226","314","40.6427868799683","-73.9562732284489"
"7306","897 New York Avenue Apartments","Tenant Selection","Rental","2025-11-05T00:00:00.000","2025-12-05T00:00:00.000","1","3",,"2","1",,,,,,,"3",,,,,,,,"BK","11203","317","40.6516539","-73.9465031"
"4361","763 Park Avenue Apartments","All Units Filled","Rental","2024-02-09T00:00:00.000","2024-03-18T00:00:00.000","1","3",,,"3",,,,,,,"3",,,,,,,,"BK","11206","303","40.6983308207301","-73.9449741292558"
"5180","218  Front  Street  Apartments","Tenant Selection","Rental","2024-08-29T00:00:00.000","2024-11-12T00:00:00.000","1","66","16","17","33",,,,,,,"66",,,,,,,,"BK","11201","302","40.7023090072551","-73.983698272201"
"3169","597 Marcy Avenue Apartments","All Units Filled","Rental","2022-09-30T00:00:00.000","2022-11-07T00:00:00.000","1","7","1","3","3",,,,,"4",,"3",,"5","2","50","5",,,"BK","11206","303","40.694528438508","-73.949026981373"
"3694","393 Weirfiled Street Apartments","Tenant Selection","Rental","2023-05-31T00:00:00.000","2023-07-31T00:00:00.000","1","20","3","10","7",,,,,,,"20",,,,,,,,"BK","11237","304","40.6957698598289","-73.9065374957258"
"1749","83-67 116th Street Apartments","All Units Filled","Rental","2020-09-22T00:00:00.000","2020-10-14T00:00:00.000","1","14","4","6","4",,,,,,,"14",,,,,,,,"QN","11418","409","40.7047371136531","-73.8355700724743"
"3200","2850 Webster Avenue Senior Apartments","Tenant Selection","Rental","2022-11-02T00:00:00.000","2023-01-03T00:00:00.000","1","130","105","25",,,,,"130",,,,,"5","2",,,,"100","BX","10458","207","40.8667222714145","-73.8845464052837"
"2465","288 Willoughby Avenue Apartments","All Units Filled","Rental","2021-11-22T00:00:00.000","2021-12-22T00:00:00.000","1","4",,"4",,,,,,,,"4",,,,,,,,"BK","11205","303","40.6925563823334","-73.9595437304623"
"2504","1533 East 19th Street- Units Still Available","All Units Filled","Rental","2021-11-22T00:00:00.000","2021-12-22T00:00:00.000","1","17","1","14","2",,,,,,,"17",,,,,,,,"BK","11230","314","40.6127390971765","-73.9548053927171"
"5403","27-51 Jackson Avenue Apartments","Tenant Selection","Rental","2024-12-23T00:00:00.000","2025-02-21T00:00:00.000","1","23","3","13","7",,,,,,,"23",,,,,,,,"QN","11101","402","40.7483289","-73.9395277"
"2175","2337 Bedford Avenue","All Units Filled","Rental","2021-05-07T00:00:00.000","2021-06-22T00:00:00.000","1","9",,"6","3",,,,,,,"9",,,,,,,,"BK","11226","317","40.6468213833589","-73.9554129328094"
"2671","CHESTNUT COMMONS APARTMENTS","All Units Filled","Rental","2022-02-01T00:00:00.000","2022-04-02T00:00:00.000","1","219","22","62","87","48",,"49","115","55",,,,"5","2","50","5",,,"BK","11208","305","40.6814263692038","-73.8753992965551"
"4961","1543 Bergen Street","All Units Filled","Rental","2024-08-01T00:00:00.000","2024-08-22T00:00:00.000","1","3",,"2","1",,,,,,,"3",,,,,,,,"BK","11213","308","40.6751472426415","-73.9323537451922"
"4356","88 Tompkins Avenue Apartments","All Units Filled","Rental","2023-12-29T00:00:00.000","2024-01-23T00:00:00.000","1","17",,"6","11",,,,,"13",,"4",,"5","2","50","5",,,"BK","11206","303","40.6961852510622","-73.9467573857515"
"7364","2339 Nostrand Avenue Units Still Available","All Units Filled","Rental","2026-01-08T00:00:00.000","2026-02-09T00:00:00.000","1","1",,"1",,,,,,,,"1",,,,,,,,"BK","11210","318","40.6276178884392","-73.9467004070557"
"3387","576 Lenox Road Apartments","All Units Filled","Rental","2023-01-09T00:00:00.000","2023-06-01T00:00:00.000","1","3",,"1","2",,,,,,,"3",,,,,,,,"BK","11203","317","40.6546089965727","-73.9389302451675"
"2327","1609 Voorhies Avenue - Units Still Available","All Units Filled","Rental","2021-09-07T00:00:00.000","2021-10-07T00:00:00.000","1","3",,,"3",,,,,,,"3",,,,,,,,"BK","11235","315","40.5860670010117","-73.9525840564532"
"2144","314 Troutman Street Apartments","All Units Filled","Rental","2021-08-02T00:00:00.000","2021-09-01T00:00:00.000","1","2",,"2",,,,,,,"2",,,,,,,,,"BK","11237","304","40.7042702694518","-73.9251180377554"
"2452","2484 Bedford Avenue","All Units Filled","Rental","2021-12-06T00:00:00.000","2021-12-28T00:00:00.000","1","8",,,"8",,,,,,,"8",,,,,,,,"BK","11226","314","40.6431210801458","-73.9545614047951"
"2941","781 Fountain Avenue Apartments","All Units Filled","Rental","2022-05-20T00:00:00.000","2022-06-13T00:00:00.000","1","3","1","2",,,,,,,,"3",,,,,,,,"BK","11208","305","40.6613063559349","-73.8673342683976"
"3129","724 Elton Avenue Apartments","Tenant Selection","Rental","2022-09-01T00:00:00.000","2022-09-23T00:00:00.000","1","5","4",,"1",,,,,,,"5",,,,,,,,"BX","10455","201","40.8199672814317","-73.9141489849759"
"5130","The Vordonia Towers","Tenant Selection","Rental","2024-11-07T00:00:00.000","2025-01-09T00:00:00.000","1","112","22","72","18",,,,,"22",,"90",,,,,,,,"QN","11106","401","40.7648046251511","-73.9420745598676"
"2942","1463 New York Avenue Apartments","All Units Filled","Rental","2023-01-26T00:00:00.000","2023-02-16T00:00:00.000","1","6",,"3","3",,,,,,,"6",,,,,,,,"BK","11210","317","40.6372815847369","-73.9452010203139"
"3100","23-61 31st Street-Units Still Available","All Units Filled","Rental","2023-06-12T00:00:00.000","2023-07-14T00:00:00.000","1","2",,"2",,,,,,,,"2",,,,,,,,"QN","11105","401","40.7728787567037","-73.9142277422044"
"7248","2135 Reeds Mill Lane Apartments","Tenant Selection","Rental","2025-10-16T00:00:00.000","2025-11-07T00:00:00.000","1","3",,"1","2",,,,,"3",,,,,,,,,,"BX","10475","212","40.8816009522152","-73.832749507871"
"1794","33-29 103 Street Apartments","All Units Filled","Rental","2020-10-05T00:00:00.000","2020-10-27T00:00:00.000","1","3",,"3",,,,,,,,"3",,,,,,,,"QN","11368","403","40.7570032972253","-73.8655518642225"
"7418","AURA - Units Still Available","Tenant Selection","Rental","2026-01-12T00:00:00.000","2026-02-25T00:00:00.000","1","27","21","6",,,,,,,,"27",,,,,,,,"QN","11101","402","40.7503264249956","-73.9427368010319"
"3523","2441 Crotona Avenue Apartments","All Units Filled","Rental","2023-04-21T00:00:00.000","2023-06-20T00:00:00.000","1","25","5","18","1","1",,,,,,"25",,,,,,,,"BX","10458","206","40.8550338503086","-73.8830737568958"
"7180","361 A & B East 194th Street Apartments","Tenant Selection","Rental","2025-08-21T00:00:00.000","2025-09-12T00:00:00.000","1","4",,"4",,,,,,"4",,,,,,,,,,"BX","10458","207","40.863774938704","-73.8906686714162"
"1963","177 & 185 Veronica Place","All Units Filled","Rental","2021-02-25T00:00:00.000","2021-03-18T00:00:00.000","2","6",,"2","4",,,,,,,"6",,,,,,,,"BK","11226","317","Multiple","Multiple"
"7440","121 Mount Hope Place Apartments","Tenant Selection","Rental","2026-02-10T00:00:00.000","2026-03-04T00:00:00.000","1","6","6",,,,,,,"6",,,,,,,,,,"BX","10453","205","40.8488948","-73.90742"
"1702","48 Jefferson Street Apartments","All Units Filled","Rental","2020-09-10T00:00:00.000","2020-10-01T00:00:00.000","1","3",,"3",,,,,,,,"3",,,,,,,,"BK","11206","304","40.6984042833611","-73.9333651746466"
"2535","1405 Herkimer Street Apartments","All Units Filled","Rental","2021-12-13T00:00:00.000","2022-01-12T00:00:00.000","1","3",,,"1","2",,,,,,"3",,,,,,,,"BK","11233","316","40.6775393763274","-73.9069019371887"
"1795","881 Erskine Street aka Fountain Seaview B3 Apartments","All Units Filled","Rental","2020-11-24T00:00:00.000","2021-01-27T00:00:00.000","1","114","22","49","21","22",,"15","15","84",,,,"5","5","50","5",,,"BK","11239","305","40.6558886764624","-73.8677883429502"
"2299","Roosevelt Apartments Phase I","All Units Filled","Rental","2021-08-16T00:00:00.000","2021-09-07T00:00:00.000","9","18",,"18",,,,,,,,"18",,,,,,,,"QN","11368","403","Multiple","Multiple"
"3225","322 Grand Concourse Apartments","Tenant Selection","Rental","2022-10-05T00:00:00.000","2022-12-15T00:00:00.000","1","25","5","7","13",,,,,"25",,,,"5","2","50","5",,,"BX","10451","201","40.814570208036","-73.9288775446381"
"4501","26-36 4th Street Apartments","All Units Filled","Rental","2024-02-22T00:00:00.000","2024-03-14T00:00:00.000","1","3",,"3",,,,,,,,"3",,,,,,,,"QN","11102","401","40.7755727749439","-73.9329377333404"
"5378","2077 Ryer Avenue  Apartments","Tenant Selection","Rental","2024-10-17T00:00:00.000","2024-12-19T00:00:00.000","1","58",,"1","57",,,,,,,"58",,,,,,,,"BX","10457","205","40.8525063100635","-73.9010289182315"
"2533","2065 & 2067 Ryer Avenue Apartments","All Units Filled","Rental","2022-02-23T00:00:00.000","2022-04-25T00:00:00.000","2","40","13","21","6",,,,,,,"40",,,,,,,,"BX","10457","205","Multiple","Multiple"
"4303","Vista65 (97-12 65th Road)","Tenant Selection","Rental","2023-12-05T00:00:00.000","2024-02-05T00:00:00.000","1","56","16","31","9",,,,,,,"56",,,,,,,,"QN","11374","406","40.727921279559","-73.8575792027623"
"2912","115 Park Avenue Apartments","All Units Filled","Rental","2022-05-17T00:00:00.000","2022-06-07T00:00:00.000","1","3","1","1","1",,,,,,,"3",,,,,,,,"BK","11205","302","40.6965022983","-73.9751528488908"
"2684","425 GRAND CONCOURSE APARTMENTS","All Units Filled","Rental","2022-02-10T00:00:00.000","2022-04-11T00:00:00.000","1","248","41","82","84","41",,"28","55","55","41","69",,"5","2","50","5",,,"BX","10451","201","40.8171414400508","-73.9279571451906"
"3391","21 Meserole Street Apartments","All Units Filled","Rental","2022-12-27T00:00:00.000","2023-01-18T00:00:00.000","1","8",,"7","1",,,,,,,"8",,,,,,,,"BK","11206","301","40.7076871267133","-73.9496589418923"
"4835","Kelly Residentials aka 1034 Kelly Street Apartments","All Units Filled","Rental","2024-05-16T00:00:00.000","2024-06-06T00:00:00.000","1","3","1","2",,,,,,,,"3",,,,,,,,"BX","10459","202","40.8243392","-73.895543"
"4422","2976 Third Avenue Apartments","All Units Filled","Rental","2024-02-16T00:00:00.000","2024-04-17T00:00:00.000","1","21","7","10","4",,,,,,,"21",,,,,,,,"BX","10455","201","40.818600573523","-73.9143675209773"
"1748","25-40 31st Street Apartments - Units Still Available","All Units Filled","Rental","2020-08-28T00:00:00.000","2020-09-23T00:00:00.000","1","4",,"4",,,,,,,,"4",,,,,,,,"QN","11102","401","40.7696104933122","-73.9190191074969"
"1889","91-03 Whitney Avenue Apartments","All Units Filled","Rental","2020-12-03T00:00:00.000","2020-12-24T00:00:00.000","1","10",,"1","9",,,,,,,"10",,,,,,,,"QN","11373","404","40.7469156","-73.8750019"
"3762","The Biltmore","Tenant Selection","Rental","2023-07-03T00:00:00.000","2023-09-01T00:00:00.000","1","24","24",,,,,,,,,"24",,,,,,,,"MN","10036","105","40.7605092073651","-73.9869977586076"
"2314","1973 Daly Avenue Apartments","All Units Filled","Rental","2021-09-08T00:00:00.000","2021-11-08T00:00:00.000","1","47","24","14","9",,,,,"47",,,,"5","2",,,,,"BX","10460","206","40.842213828255","-73.8835733598526"
"2768","1329 Morris Avenue Apartments","All Units Filled","Rental","2022-03-28T00:00:00.000","2022-04-19T00:00:00.000","1","7","3","3","1",,,,,,,"7",,,,,,,,"BX","10456","204","40.8363600680773","-73.9122883842142"
"2776","1669 East 19th Street Apartments","All Units Filled","Rental","2022-04-06T00:00:00.000","2022-05-30T00:00:00.000","1","9","3","3","3",,,,,,,"9",,,,,,,,"BK","11229","315","40.6093656288704","-73.954512348881"
"1755","782 New York Avenue Apartments","All Units Filled","Rental","2020-09-01T00:00:00.000","2020-09-23T00:00:00.000","1","12",,"8","4",,,,,,,"12",,,,,,,,"BK","11203","317","40.6546378467217","-73.9473167280202"
"2424","385 Harman Street Apartments","All Units Filled","Rental","2021-10-12T00:00:00.000","2021-11-25T00:00:00.000","1","3",,"3",,,,,,,,"3",,,,,,,,"BK","11237","304","40.7017286045258","-73.9170927190582"
"2772","95-01 37th Avenue Apartments","Tenant Selection","Rental","2022-04-26T00:00:00.000","2022-05-17T00:00:00.000","1","14",,"7","7",,,,,,,"14",,,,,,,,"QN","11372","403","40.7527486395588","-73.8725336418195"
"2663","New Roads Plaza","All Units Filled","Rental","2022-02-17T00:00:00.000","2022-04-19T00:00:00.000","1","37",,"19","18",,,,,"37",,,,"5","2","50","5",,,"BX","10456","203","40.8257551514625","-73.9095887977549"
"1678","65 Woodbine Street Apartments","Closed","Rental","2020-09-14T00:00:00.000","2020-10-05T00:00:00.000","1","3",,"3",,,,,,,,"3",,,,,,,,"BK","11221","304","40.6907452881573","-73.9188444452545"
"2202","Bedford 203 HDFC","All Units Filled","Rental","2021-09-14T00:00:00.000","2021-11-15T00:00:00.000","1","41","2","21","18",,,,"21","20",,,,"5","2","40","5",,"35","BX","10458","207","40.8738490332007","-73.886085245108"
"7146","54 Clinton Place Apartments","Tenant Selection","Rental","2025-08-06T00:00:00.000","2025-08-27T00:00:00.000","1","3","1","1","1",,,,,"3",,,,,,,,,,"BX","10453","205","40.8569552217292","-73.9073340266875"
"2651","3512 - 3514 Farragut Road Apartments","All Units Filled","Rental","2022-01-19T00:00:00.000","2022-03-01T00:00:00.000","2","6",,"6",,,,,,,,"6",,,,,,,,"BK","11210","317","Multiple","Multiple"
"1896","53-08 102 Street","All Units Filled","Rental","2020-12-22T00:00:00.000","2021-01-14T00:00:00.000","1","3",,"3",,,,,,,,"3",,,,,,,,"QN","11368","404","40.7410104698502","-73.8593591702192"
"1884","2317 Cambreleng Avenue Apartments","All Units Filled","Rental","2020-12-29T00:00:00.000","2021-03-02T00:00:00.000","1","24","7","14","3",,,,,,"24",,,,,,,,,"BX","10458","206","40.8530361620926","-73.8862763250514"
"5323","268 Barbey Street Apartments","Tenant Selection","Rental","2024-11-25T00:00:00.000","2025-01-24T00:00:00.000","1","80","19","42","16","3",,,"32","32","13","3",,"5","2","20","5",,,"BK","11207","305","40.6764035672796","-73.8889353133254"
"7269","1824 Anthony Avenue Apartments","Tenant Selection","Rental","2025-11-03T00:00:00.000","2026-01-02T00:00:00.000","1","39","9","10","20",,,,,,,"39",,,,,,,,"BX","10457","206","40.8469101","-73.9035054"
"5129","65 4th Avenue Apartments","All Units Filled","Rental","2024-08-21T00:00:00.000","2024-09-19T00:00:00.000","1","9",,"9",,,,,,,,"9",,,,,,,,"BK","11217","306","40.6822413770368","-73.9797695864448"
"1872","66 LINDEN STREET","All Units Filled","Rental","2020-11-27T00:00:00.000","2020-12-18T00:00:00.000","1","3",,"3",,,,,,,,"3",,,,,,,,"BK","11221","304","40.6917703490254","-73.920653413801"
"3192","110 Thatford Avenue Apartments","Tenant Selection","Rental","2022-10-04T00:00:00.000","2022-11-21T00:00:00.000","1","7",,"3","3","1",,,,,,"7",,,,,,,,"BK","11212","316","40.6690192833958","-73.9099670771743"
"1792","1266 Ocean Parkway Apartments - Units Still Available","All Units Filled","Rental","2020-10-21T00:00:00.000","2020-11-23T00:00:00.000","1","3",,,"3",,,,,,,"3",,,,,,,,"BK","11230","312","40.617728588023","-73.9699088331582"
"4527","194 Buffalo Avenue Apartments","All Units Filled","Rental","2024-03-13T00:00:00.000","2024-05-31T00:00:00.000","1","3",,"3",,,,,,,,"3",,,,,,,,"BK","11213","308","40.6725352841179","-73.9252113476324"
"3625","61 Clarkson Avenue Apartments","Tenant Selection","Rental","2023-04-20T00:00:00.000","2023-06-20T00:00:00.000","1","4",,"4",,,,,,,,"4",,,,,,,,"BK","11226","309","40.6551719045179","-73.9577751989065"
"7251","303 Sumpter Street Apartments","Tenant Selection","Rental","2025-10-01T00:00:00.000","2025-10-30T00:00:00.000","1","3",,"1","2",,,,,,,"3",,,,,,,,"BK","11233","316","40.6810463568083","-73.9128351826719"
"3550","4180 Carpenter Avenue Apartments","All Units Filled","Rental","2023-06-21T00:00:00.000","2023-09-05T00:00:00.000","1","28","1","23","4",,,,,,,"28",,,,,,,,"BX","10466","212","40.8938078168534","-73.8605296956559"
"1856","Gloria Willoughby - Units Still Available","Closed","Rental","2020-11-12T00:00:00.000","2020-12-14T00:00:00.000","1","8",,"3","5",,,,,,,"8",,,,,,,,"BK","11237","304","40.7018853033919","-73.9254813721862"
"4879","3991 Saxon Avenue Apartments","All Units Filled","Rental","2024-06-06T00:00:00.000","2024-07-15T00:00:00.000","1","17","4","1","8","4",,,,,,"17",,,,,,,,"BX","10463","208","40.883991055522","-73.8893009606739"
"2616","99-21 Corona Avenue Apartments","All Units Filled","Rental","2022-01-28T00:00:00.000","2022-02-22T00:00:00.000","1","3",,"2","1",,,,,,,"3",,,,,,,,"QN","11368","404","40.7445546958236","-73.8622496096829"
"3399","Ruby","All Units Filled","Rental","2023-01-31T00:00:00.000","2023-03-27T00:00:00.000","1","144","58","75","10","1",,,,"96",,"48",,"5","2","50","5",,,"MN","10001","105","40.7483670813575","-73.9951097096275"
"7249","25-14 21st Street Apartments","Tenant Selection","Rental","2025-10-14T00:00:00.000","2025-11-05T00:00:00.000","1","2",,"2",,,,,,"2",,,,,,,,,,"QN","11102","401","40.7743317","-73.9246269"
"2788","2735 East 13th Street Apartments","All Units Filled","Rental","2022-05-19T00:00:00.000","2022-06-09T00:00:00.000","1","6",,"6",,,,,,,,"6",,,,,,,,"BK","11235","315","40.5845914994114","-73.9555912879191"
"4737","32-34 PUTNAM CLUSTER PHASE 1 COOP (ANCP)","Tenant Selection","Owner","2025-03-06T00:00:00.000","2025-05-05T00:00:00.000","2","7",,"1","6",,,,,,"7",,,"5",,,,,,"BK","11205","Multiple","Multiple","Multiple"
"2062","776 Franklin Avenue Apartments","All Units Filled","Rental","2021-03-05T00:00:00.000","2021-03-26T00:00:00.000","1","3",,,"3",,,,,,,"3",,,,,,,,"BK","11238","308","40.6720056415353","-73.9577969860268"
"7274","The Gregory - Units Still Available","Tenant Selection","Rental","2025-10-06T00:00:00.000","2025-11-07T00:00:00.000","1","2",,,"1","1",,,,,,"2",,,,,,,,"BK","11213","308","40.671725939782","-73.9453818057661"
"3292","1921 ATLANTIC APARTMENTS","All Units Filled","Rental","2022-11-04T00:00:00.000","2023-01-04T00:00:00.000","1","199","40","64","53","42",,"24","58","117",,,,"5","2","50","5",,,"BK","11233","303","40.677127","-73.9203692"
"3836","1462 Southern Boulevard","All Units Filled","Rental","2023-07-26T00:00:00.000","2023-08-16T00:00:00.000","1","3",,"3",,,,,,,,"3",,,,,,,,"BX","10460","203","40.8324767148206","-73.8903226022076"
"7216","2425 Pacific Street Apartments","Tenant Selection","Rental","2025-10-28T00:00:00.000","2025-12-29T00:00:00.000","1","93",,"34","31","28",,"12","25","56",,,,"5","2","20","5",,,"BK","11233","316","40.6754827","-73.9056813"
"3216","961 Madison Street  Apartments - Units Still Available","All Units Filled","Rental","2022-10-13T00:00:00.000","2022-11-15T00:00:00.000","1","2",,"1",,"1",,,,,,"2",,,,,,,,"BK","11221","304","40.6888299358328","-73.9195535229282"
"2563","Rockaway Village Apartments","All Units Filled","Rental","2021-12-19T00:00:00.000","2022-02-21T00:00:00.000","3","550","53","185","239","73",,"21","194","249","86",,,"5","2","50","5",,,"QN","11691","414","Multiple","Multiple"
"3900","148-37 88th Avenue - Unit Still Available","All Units Filled","Rental","2023-07-31T00:00:00.000","2023-08-30T00:00:00.000","1","1",,,"1",,,,,,,"1",,,,,,,,"QN","11435","412","40.7058535722856","-73.8068682001672"
"4174","1 Boerum Place - Waiting List","Tenant Selection","Rental","2023-10-30T00:00:00.000","2023-12-04T00:00:00.000","1","42","10","11","21",,,,,,,"42",,,,,,,,"BK","11201","302","40.6915720841235","-73.9887745339369"
"2926","Victory Commons aka Victory Baptist","Tenant Selection","Rental","2023-04-12T00:00:00.000","2023-06-12T00:00:00.000","1","79","6","40","26","7",,"18","17","44",,,,"5","2","50","5",,,"BX","10459","203","40.8241513570258","-73.9018009547592"
"3693","50 Clarkson Avenue - Waiting List","Tenant Selection","Rental","2023-05-26T00:00:00.000","2023-07-20T00:00:00.000","1","28","2","17","9",,,,,,,"28",,,,,,,,"BK","11226","314","40.6545955665103","-73.9579557635824"
"2746","Silver Point Apartments","All Units Filled","Rental","2022-03-30T00:00:00.000","2022-05-06T00:00:00.000","1","5",,,"5",,,,,,,"5",,,,,,,,"QN","11377","402","40.7433964038568","-73.9128438298143"
"4761","83rd and 2nd Apartments","Tenant Selection","Rental","2024-07-31T00:00:00.000","2024-09-30T00:00:00.000","1","28","7","7","14",,,,,"7",,"21",,"5","2","20","5",,,"MN","10028","108","40.7757665272409","-73.9528172602918"
"5264","951 Bedford Avenue Apartments","All Units Filled","Rental","2024-09-09T00:00:00.000","2024-10-01T00:00:00.000","1","6",,,"6",,,,,,,"6",,,,,,,,"BK","11205","303","40.6916189394891","-73.9555416402469"
"4122","2973 Ocean Parkway Apartments","Tenant Selection","Rental","2023-10-20T00:00:00.000","2023-11-10T00:00:00.000","1","3",,"2","1",,,,,,,"3",,,,,,,,"BK","11235","313","40.5787106033669","-73.9674100799907"
"4181","Amnia AKA 131 Concord Street","All Units Filled","Rental","2023-11-24T00:00:00.000","2024-01-22T00:00:00.000","1","22","4","7","11",,,,,,,"22",,,,,,,,"BK","11201","302","40.69793","-73.986229"
"4092","5 Withers Street Apartments","All Units Filled","Rental","2023-11-02T00:00:00.000","2023-12-04T00:00:00.000","1","7",,"5","2",,,,,,,"7",,,,,,,,"BK","11211","301","40.7167845070954","-73.9525740329135"
"5411","AURA","Tenant Selection","Rental","2024-11-22T00:00:00.000","2025-02-04T00:00:00.000","1","72","25","34","13",,,,,,,"72",,,,,,,,"QN","11101","402","40.7505542030817","-73.9426644214427"
"5007","3178 Villa Avenue Apartments","Tenant Selection","Rental","2024-09-19T00:00:00.000","2024-11-21T00:00:00.000","1","21","21",,,,,,,,,"21",,,,,,,,"BX","10468","207","40.8765533313583","-73.8868725227566"
"1993","2266 Pacific Street","All Units Filled","Rental","2021-02-12T00:00:00.000","2021-03-08T00:00:00.000","1","3","1","1","1",,,,,,,"3",,,,,,,,"BK","11233","316","40.675196993217","-73.908970936596"
"2551","980 WESTCHESTER APARTMENTS","All Units Filled","Rental","2021-12-10T00:00:00.000","2022-02-10T00:00:00.000","1","119","16","64","22","17",,"20","40","59",,,,"5","2","50","5",,,"BX","10459","202","40.8232036816812","-73.8947314545891"
"2283","104 Linden Boulevard - Units Still Available","All Units Filled","Rental","2021-08-06T00:00:00.000","2021-09-07T00:00:00.000","1","3","3",,,,,,,,,"3",,,,,,,,"BK","11226","317","40.6520637117216","-73.9548796617079"
"7240","962 Bushwick Avenue Apartments","Tenant Selection","Rental","2025-09-11T00:00:00.000","2025-10-03T00:00:00.000","1","12","1","5","6",,,,,,,"12",,,,,,,,"BK","11221","304","40.6921043612691","-73.9234512927771"
"2205","735 Fenimore Street Apartments","All Units Filled","Rental","2021-06-17T00:00:00.000","2021-07-09T00:00:00.000","1","2",,"1","1",,,,,,,"2",,,,,,,,"BK","11203","309","40.6594804427814","-73.9379201963195"
"1833","Washington Heights HDFC","Tenant Selection","Owner","2020-12-10T00:00:00.000","2021-02-11T00:00:00.000","2","18",,"2","10","6",,,,,"18",,,"5","2",,,,,"MN","10032","112","Multiple","Multiple"
"4340","689 Franklin Avenue Apartments","All Units Filled","Rental","2023-12-14T00:00:00.000","2024-01-11T00:00:00.000","1","3",,"2","1",,,,,,,"3",,,,,,,,"BK","11238","308","40.674914591047","-73.9564216037048"
"5421","525 W 52nd Street - Waiting List","Tenant Selection","Rental","2024-12-02T00:00:00.000","2025-01-03T00:00:00.000","1","79","19","39","21",,,,,"79",,,,"5","2",,,,,"MN","10019","104","40.7668362921624","-73.9919712015744"
"4372","266 West 96th Street Apartments","Tenant Selection","Rental","2023-12-15T00:00:00.000","2024-02-16T00:00:00.000","1","52","27","12","11","2",,,,"19",,"33",,"5","2","50","5",,,"MN","10025","107","40.7949531077922","-73.9725229775615"
"3243","637 East 176th Street Apartments","All Units Filled","Rental","2022-10-24T00:00:00.000","2022-11-16T00:00:00.000","1","14","2","8","4",,,,,,,"14",,,,,,,,"BX","10457","206","40.8446798898806","-73.8934505362083"
"7326","11 Gerry Street Apartments","Tenant Selection","Rental","2025-12-31T00:00:00.000","2026-03-04T00:00:00.000","1","120",,"40","40","16","24",,"53","52","15",,,"5","2","20","10",,,"BK","11206","301","40.7002736248865","-73.9499097796671"
"4382","The Clinton","All Units Filled","Rental","2023-12-13T00:00:00.000","2024-02-05T00:00:00.000","1","6","6",,,,,,,,,"6",,,,,,,,"MN","10036","104","40.7637705445937","-73.9941014151305"
"2444","Glassworks Waiting List","All Units Filled","Rental","2021-12-23T00:00:00.000","2022-01-24T00:00:00.000","1","19","3","6","10",,,,,,,"19",,,,,,,,"BK","11237","304","40.7023136509666","-73.9176654375011"
"2075","2720 Claflin Avenue","Tenant Selection","Rental","2021-03-16T00:00:00.000","2021-04-06T00:00:00.000","1","5","1","1","3",,,,,,,"5",,,,,,,,"BX","10468","208","40.8696110569945","-73.9007648269919"
"3330","Parkside Manor","All Units Filled","Rental","2023-02-10T00:00:00.000","2023-04-11T00:00:00.000","1","27","2","15","10",,,,,"18",,"9",,"5","2","50","5",,,"QN","11435","412","40.703837537304","-73.8060517204307"
"3560","Simba Simbi Seniors","All Units Filled","Rental","2023-03-27T00:00:00.000","2023-05-26T00:00:00.000","1","108","52","56",,,,,"108",,,,,"5","2",,,,"100","BK","11212","316","40.6621105171311","-73.909767346423"
"4149","2233 Bathgate Avenue Apartments","Tenant Selection","Rental","2023-11-09T00:00:00.000","2023-12-15T00:00:00.000","1","3",,"3",,,,,,,,"3",,,,,,,,"BX","10457","206","40.8535066091455","-73.8931725175185"
"4585","2-24 26th Avenue Apartments","All Units Filled","Rental","2024-03-25T00:00:00.000","2024-06-17T00:00:00.000","1","42","3","29","10",,,,,,,"42",,,,,,,,"QN","11102","401","40.7766604190586","-73.9342003496905"
"2882","1985 Honeywell Avenue","All Units Filled","Rental","2022-05-27T00:00:00.000","2022-06-21T00:00:00.000","1","10","2","6","2",,,,,,,"10",,,,,,,,"BX","10460","206","40.8427607954451","-73.8843386118318"
"7289","2164 Hughes Avenue Apartments","Tenant Selection","Rental","2025-11-05T00:00:00.000","2025-11-28T00:00:00.000","1","7","1","3","3",,,,,"7",,,,,,,,,,"BX","10457","206","40.8509448425672","-73.8892475193647"
"3068","1477 Greene Avenue Apartments","All Units Filled","Rental","2022-07-25T00:00:00.000","2022-08-16T00:00:00.000","1","3",,"1","2",,,,,,,"3",,,,,,,,"BK","11237","304","40.7027864538251","-73.9148589153391"
"2737","170-22 Cedarcroft Road Apartments","All Units Filled","Rental","2022-04-07T00:00:00.000","2022-04-28T00:00:00.000","1","3",,"1","2",,,,,,,"3",,,,,,,,"QN","11432","408","40.7116713693206","-73.7920478339199"
"7161","The Somerly","Tenant Selection","Rental","2025-07-30T00:00:00.000","2025-08-29T00:00:00.000","1","9","1","7","1",,,,,,,"9",,,,,,,,"BK","11233","316","40.6788622196539","-73.9101809233918"
"2065","2625 Grand Avenue Apartments","All Units Filled","Rental","2021-03-11T00:00:00.000","2021-04-01T00:00:00.000","1","6","1","2","3",,,,,,,"6",,,,,,,,"BX","10468","207","40.8674119835754","-73.9001028504729"
"1814","2502 & 2506 Newkirk Avenue","Closed","Rental","2020-10-29T00:00:00.000","2020-11-23T00:00:00.000","2","6",,,"6",,,,,,,"6",,,,,,,,"BK","11226","317","Multiple","Multiple"
"4166","Habitat Net Zero Homes","Tenant Selection","Owner","2023-10-23T00:00:00.000","2023-12-26T00:00:00.000","15","15",,,"2","8","5",,,"7","8",,,"5","2","50","5","25",,"QN","Multiple","Multiple","Multiple","Multiple"
"5370","822 60th Street Apartments","All Units Filled","Rental","2024-10-29T00:00:00.000","2024-11-20T00:00:00.000","1","4",,"1","2","1",,,,,,"4",,,,,,,,"BK","11220","312","40.6349227834583","-74.009133440364"
"2726","40-53 Junction Boulevard Apartments","All Units Filled","Rental","2022-03-09T00:00:00.000","2022-03-30T00:00:00.000","1","3",,"3",,,,,,,,"3",,,,,,,,"QN","11368","404","40.7478256656366","-73.8686344654766"
"7136","2216 Aqueduct Avenue Apartments","Tenant Selection","Rental","2026-01-22T00:00:00.000","2026-02-12T00:00:00.000","1","5","1","2","2",,,,,"5",,,,,,,,,,"BX","10453","205","40.8586263","-73.9072914"
"3065","1104 Bedford Avenue Apartments","All Units Filled","Rental","2022-08-04T00:00:00.000","2022-08-26T00:00:00.000","1","10","3","6","1",,,,,"6",,"4",,"5","2","50","5",,,"BK","11216","303","40.6869414973082","-73.9546361108079"
"2630","1245 Bedford Avenue","All Units Filled","Rental","2022-02-18T00:00:00.000","2022-03-14T00:00:00.000","1","9",,"4","5",,,,,,,"9",,,,,,,,"BK","11216","303","40.6803506526104","-73.9530253795362"
"3558","Pacific Park Apartments","All Units Filled","Rental","2023-05-01T00:00:00.000","2023-08-15T00:00:00.000","1","240","99","93","48",,,,,,,"240",,,,,,,,"BK","11238","308","40.6809463046165","-73.9694224189415"
"4591","ROCKAWAY VILLAGE PHASE 4 APARTMENTS","All Units Filled","Rental","2024-03-15T00:00:00.000","2024-05-14T00:00:00.000","2","155","12","54","74","15",,"18","46","91",,,,"5","2","50","5",,,"QN","11691","414","Multiple","Multiple"
"4405","312 West 43rd Street Apartments","Tenant Selection","Rental","2024-02-20T00:00:00.000","2024-04-22T00:00:00.000","1","83","10","60","13",,,,"33","33","17",,,"5","2","50","5",,,"MN","10036","104","40.7581819618076","-73.9899725251157"
"5056","967 East 167th Street Apartments","Tenant Selection","Rental","2024-08-15T00:00:00.000","2024-09-06T00:00:00.000","1","4","2","2",,,,,,,,"4",,,,,,,,"BX","10459","203","40.8270348892805","-73.8913216271936"
"2391","Raven Hall","All Units Filled","Rental","2021-10-19T00:00:00.000","2021-12-20T00:00:00.000","1","138","39","65","15","19",,,"22","94","22",,,"5","2","50","5",,,"BK","11224","313","40.5743914077462","-73.9868504057044"
"4500","1015 Atlantic Avenue Apartments","All Units Filled","Rental","2024-02-08T00:00:00.000","2024-03-01T00:00:00.000","1","12","4","4","4",,,,,,,"12",,,,,,,,"BK","11238","302","40.680204","-73.958557"
"3150","1010 Bedford Avenue & 263 Skillman Street Apartments","Tenant Selection","Rental","2022-09-13T00:00:00.000","2022-11-07T00:00:00.000","1","16",,"4",,"12",,,,,,"16",,,,,,,,"BK","11205","303","40.6903592001634","-73.9558273487512"
"2778","407 East 117th Street","Closed","Rental","2022-04-28T00:00:00.000","2022-05-20T00:00:00.000","1","4","1",,"3",,,,,,,"4",,,,,,,,"MN","10035","111","40.7966338536908","-73.9342167243462"
"3445","Lincoln At Bankside","All Units Filled","Rental","2023-02-22T00:00:00.000","2023-04-25T00:00:00.000","1","145","19","72","43","11",,,,,,"145",,,,,,,,"BX","10454","201","40.8071491451382","-73.9299691521183"
"2136","1044 Bedford Avenue Apartment - Units Still Available","All Units Filled","Rental","2021-04-14T00:00:00.000","2021-05-14T00:00:00.000","1","5",,"4","1",,,,,,,"5",,,,,,,,"BK","11205","303","40.6891760236077","-73.9553593698562"
"3570","Seed Cooperatives - Units Still Available","Tenant Selection","Owner","2023-04-20T00:00:00.000","2023-05-22T00:00:00.000","1","4",,,"4",,,,,"4",,,,,,,,,,"BK","11233","316","40.6713009732788","-73.9145890864068"
"4494","1009 Nelson Avenue Apartments","All Units Filled","Rental","2024-02-14T00:00:00.000","2024-03-06T00:00:00.000","1","5","5",,,,,,,,,"5",,,,,,,,"BX","10452","204","40.8330943168532","-73.9288974931945"
"4819","2438 Lyvere Gardens Apartments","All Units Filled","Rental","2024-06-04T00:00:00.000","2024-06-26T00:00:00.000","1","14","2","11","1",,,,,,,"14",,,,,,,,"BX","10461","210","40.8420646081613","-73.8516136238601"
"7244","Concern Logan","Tenant Selection","Rental","2025-10-03T00:00:00.000","2025-12-05T00:00:00.000","1","25","2","17","6",,,,,"25",,,,"12","8","20","5",,,"BK","11208","305","40.674554","-73.8759132"
"3151","6915 15th Avenue Apartments","All Units Filled","Rental","2023-05-15T00:00:00.000","2023-06-09T00:00:00.000","1","6",,"4",,"2",,,,,,"6",,,,,,,,"BK","11228","311","40.6205047659204","-73.9996505907916"
"4273","352 Meeker Avenue Apartments","All Units Filled","Rental","2023-11-30T00:00:00.000","2024-01-02T00:00:00.000","1","9",,"9",,,,,,,,"9",,,,,,,,"BK","11211","301","40.717572864133","-73.947649366206"
"3185","1686 Weeks Avenue Apartments","All Units Filled","Rental","2022-10-27T00:00:00.000","2022-11-17T00:00:00.000","1","5","1","4",,,,,,,,"5",,,,,,,,"BX","10457","204","40.8440551236295","-73.907355610915"
"2692","2381 & 2383 Lorillard Place","All Units Filled","Rental","2022-03-02T00:00:00.000","2022-04-07T00:00:00.000","2","6",,"6",,,,,,,,"6",,,,,,,,"BX","10458","206","Multiple","Multiple"
"2889","601 West 29th Street Apartments","All Units Filled","Rental","2022-06-08T00:00:00.000","2022-08-09T00:00:00.000","1","235","38","159","38",,,,"94","94","47",,,"5","2","50","5",,,"MN","10001","104","40.7528245598951","-74.0046812775148"
"7213","150-11 41st Avenue Apartments","Tenant Selection","Rental","2025-08-04T00:00:00.000","2025-09-03T00:00:00.000","1","3",,"2","1",,,,,,,"3",,,,,,,,"QN","11354","407","40.7629323","-73.8136769"
"3026","1516 Park Avenue Apartments","All Units Filled","Rental","2022-07-18T00:00:00.000","2022-09-30T00:00:00.000","1","18","6","9","3",,,,,,,"18",,,,,,,,"MN","10029","111","40.7955640266548","-73.9459664137076"
"7271","1992 Arthur Avenue Apartments","Tenant Selection","Rental","2025-09-23T00:00:00.000","2025-10-15T00:00:00.000","1","3","2","1",,,,,,"3",,,,,,,,,,"BX","10457","206","40.8471773","-73.8926629"
"2285","148-37 88th Avenue Apartments","All Units Filled","Rental","2021-08-27T00:00:00.000","2021-11-02T00:00:00.000","1","33","1","19","12","1",,,,,,"33",,,,,,,,"QN","11435","408","40.7086782962477","-73.8087247989726"
"3567","104-08 Northern Blvd Apartments","Tenant Selection","Rental","2023-04-06T00:00:00.000","2023-05-08T00:00:00.000","1","3",,"3",,,,,,,,"3",,,,,,,,"QN","11368","403","40.7574162845602","-73.8642985115813"
"7270","836 East 34th Street Apartments","Tenant Selection","Rental","2025-10-16T00:00:00.000","2025-11-07T00:00:00.000","1","2",,,"2",,,,,"2",,,,,,,,,,"BK","11210","317","40.6358366","-73.9443252"
"5382","Lumen LIC Apartments","Tenant Selection","Rental","2024-10-31T00:00:00.000","2024-12-30T00:00:00.000","1","282","56","117","99","10",,,,,,"282",,,,,,,,"QN","11101","402","40.7483648205635","-73.9445574589444"
"7351","2721 Colden Avenue Apartments","Tenant Selection","Rental","2025-12-15T00:00:00.000","2026-01-14T00:00:00.000","1","13","2","8","3",,,,,"13",,,,"5","2","20","10",,,"BX","10469","211","40.8662393","-73.8597456"
"1698","HORIZON HDFC","All Units Filled","Owner","2020-08-13T00:00:00.000","2020-10-13T00:00:00.000","1","15",,,"15",,,,,"3",,"12",,,,"50","5",,,"MN","10031","109","40.8283074311848","-73.9495279370272"
"7247","3044 & 3046 Decatur Avenue Apartments","Tenant Selection","Rental","2025-09-29T00:00:00.000","2025-10-29T00:00:00.000","2","4",,"4",,,,,,"4",,,,,,,,,,"BX","10467","207","Multiple","Multiple"
"2315","1603 Lincoln Place Apartments - Unit Still Available","All Units Filled","Rental","2021-08-27T00:00:00.000","2021-09-27T00:00:00.000","1","1","1",,,,,,,,,"1",,,,,,,,"BK","11233","308","40.6695396229593","-73.9235240524863"
"5392","Ray Harlem","Tenant Selection","Rental","2024-12-02T00:00:00.000","2025-02-03T00:00:00.000","1","58","24","27","7",,,,"23","23",,"12",,"5","2","20","5",,,"MN","10035","111","40.8068675905054","-73.9419223617947"
"7175","Inwood Living","Tenant Selection","Rental","2025-08-06T00:00:00.000","2025-10-06T00:00:00.000","1","70","17","18","35",,,,"28","28","12","2",,"5","2","20","5",,,"MN","10034","112","40.8641649687667","-73.9174108250444"
"4106","241-15 Northern Boulevard Senior Apartments","Tenant Selection","Rental","2024-01-22T00:00:00.000","2024-02-12T00:00:00.000","1","17","3","8","6",,,,,"16",,"1",,,,"50",,,"95","QN","11362","411","40.7655204","-73.745044"
"5041","1634 aka 1640 Flatbush Avenue Apartments","All Units Filled","Rental","2024-08-07T00:00:00.000","2024-10-07T00:00:00.000","1","45","9","19","17",,,,"18","26",,"1",,"5","2","20","5",,,"BK","11210","314","40.6305459043073","-73.9452641942397"
"3593","Park Affordable Apartments","Tenant Selection","Rental","2023-07-26T00:00:00.000","2023-09-25T00:00:00.000","5","127","3","22","88","14",,,,,"127",,,,,,,,,"BK","Multiple","312","Multiple","Multiple"
"2725","280 20th Street Apartments","All Units Filled","Rental","2022-04-04T00:00:00.000","2022-06-08T00:00:00.000","1","8",,"4","4",,,,,,,"8",,,,,,,,"BK","11215","307","40.6613057163121","-73.9918541463211"
"3746","290 Linden Boulevard Apartments","All Units Filled","Rental","2023-05-23T00:00:00.000","2023-06-23T00:00:00.000","1","10","5","5",,,,,,,,"10",,,,,,,,"BK","11226","317","40.6523820910317","-73.9483203875597"
"3940","Maven Mott Haven Apartments","Tenant Selection","Rental","2023-08-23T00:00:00.000","2023-10-24T00:00:00.000","1","60",,"46","11","3",,,,,,"60",,,,,,,,"BX","10451","201","40.8083601886256","-73.9309973903974"
"2303","1035 Cortelyou Road - Units Still Available","All Units Filled","Rental","2021-08-11T00:00:00.000","2021-10-13T00:00:00.000","1","1",,,"1",,,,,,,"1",,,,,,,,"BK","11218","314","40.6397440868291","-73.9682090065562"
"4322","1707 Dean Street Apartments","Tenant Selection","Rental","2024-01-12T00:00:00.000","2024-02-02T00:00:00.000","1","4",,"4",,,,,,,,"4",,,,,,,,"BK","11213","308","40.6758795638243","-73.9314517152031"
"2227","1259 51st Street - Units Still Available","All Units Filled","Rental","2021-06-24T00:00:00.000","2021-07-26T00:00:00.000","1","1",,,"1",,,,,,,"1",,,,,,,,"BK","11219","312","40.634486556823","-73.9937813747517"
"7241","972 Bushwick Avenue Apartments","Tenant Selection","Rental","2025-09-15T00:00:00.000","2025-10-06T00:00:00.000","1","13","1","5","7",,,,,,,"13",,,,,,,,"BK","11221","304","40.6920462","-73.9229193"
"3771","74 North 1st Street Apartments","All Units Filled","Rental","2023-06-23T00:00:00.000","2023-07-14T00:00:00.000","1","17","1","16",,,,,,"11",,"6",,"5","2","50","5",,,"BK","11249","301","40.7161711821441","-73.9643415714038"
"4567","69 Adams Street Apartments","Tenant Selection","Rental","2024-03-25T00:00:00.000","2024-05-24T00:00:00.000","1","70","18","23","29",,,,,,,"70",,,,,,,,"BK","11201","302","40.7021723545018","-73.9885563548392"
"4071","2882 86th Street Apartment","All Units Filled","Rental","2023-10-25T00:00:00.000","2023-12-01T00:00:00.000","1","2",,,"2",,,,,,,"2",,,,,,,,"BK","11223","313","40.5913306371766","-73.9763189650071"
"1744","36-08 28th Avenue Apartments","All Units Filled","Rental","2020-10-27T00:00:00.000","2020-11-19T00:00:00.000","1","7",,"6","1",,,,,,,"7",,,,,,,,"QN","11103","401","40.7662487295636","-73.9159474401962"
"4936","Fabric Astoria 46th Homeownership","All Units Filled","Owner","2024-07-10T00:00:00.000","2024-09-12T00:00:00.000","1","10",,"1","7","2",,,,"10",,,,"5","2","20","5",,,"QN","11105","401","40.7692662","-73.9040936"
"2189","37 Montrose Avenue - Re-Rental","All Units Filled","Rental","2021-06-08T00:00:00.000","2021-07-09T00:00:00.000","1","3",,"3",,,,,,,,"3",,,,,,,,"BK","11206","301","40.7070444446019","-73.9487360777994"
"1924","465 West 163 Street","All Units Filled","Rental","2021-01-20T00:00:00.000","2021-02-10T00:00:00.000","1","5","2","3",,,,,,,,"5",,,,,,,,"MN","10032","112","40.8362124116987","-73.9386334508272"
"2306","2015 Vyse Avenue Apartments","All Units Filled","Rental","2021-11-05T00:00:00.000","2021-11-28T00:00:00.000","1","9",,"4","5",,,,,,,"9",,,,,,,,"BX","10460","206","40.8427309355566","-73.8819569105367"
"3036","540 Waverly Avenue Apartments","All Units Filled","Rental","2022-10-21T00:00:00.000","2023-01-03T00:00:00.000","1","41","9","20","12",,,,,"34",,"7",,"5","2","50","5",,,"BK","11238","302","40.6818126712815","-73.9659283225464"
"7242","1584 Fulton Street Apartments","Tenant Selection","Rental","2025-09-16T00:00:00.000","2025-10-07T00:00:00.000","1","11",,"10","1",,,,,,,"11",,,,,,,,"BK","11213","303","40.6794648969356","-73.9374220824057"
"1922","1893 Crotona Avenue Apartments","All Units Filled","Rental","2021-02-03T00:00:00.000","2021-02-25T00:00:00.000","1","9","2","5","2",,,,,,,"9",,,,,,,,"BX","10457","206","40.8444208674951","-73.8923522086515"
"1715","1337 Gates Avenue","Closed","Rental","2020-08-13T00:00:00.000","2020-09-03T00:00:00.000","1","5","2","1","1","1",,,,,,"5",,,,,,,,"BK","11221","304","40.6951492348006","-73.9168701042597"
"2884","33-19 103 Street Apartments","Closed","Rental","2022-11-17T00:00:00.000","2022-12-08T00:00:00.000","1","2",,"1",,"1",,,,,,"2",,,,,,,,"QN","11368","403","40.7570056919187","-73.8652522673448"
"1874","855 Dekalb Avenue Apartment","All Units Filled","Rental","2020-12-04T00:00:00.000","2020-12-28T00:00:00.000","1","6",,,"6",,,,,,,"6",,,,,,,,"BK","11221","303","40.6926724452616","-73.942104772059"
"2536","2873 West 17th Street Apartments","All Units Filled","Rental","2022-03-14T00:00:00.000","2022-04-05T00:00:00.000","1","5",,"4","1",,,,,,,"5",,,,,,,,"BK","11224","313","40.5772018022444","-73.9845639657923"
"2271","Riverton Square - Waiting List","All Units Filled","Rental","2021-07-30T00:00:00.000","2021-08-30T00:00:00.000","5","55",,"30","25",,,,,"18",,"37",,,,,,,,"MN","10037","111","Multiple","Multiple"
"7215","22 Frost Street Apartments","All Units Filled","Rental","2025-08-18T00:00:00.000","2025-09-23T00:00:00.000","1","5","2","2","1",,,,,,,"5",,,,,,,,"BK","11211","301","40.7174063","-73.9511319"
"1988","The Astra","All Units Filled","Rental","2021-02-11T00:00:00.000","2021-04-12T00:00:00.000","1","89","14","41","22","12",,,"18",,"27","44",,"5","2","50","5",,,"BK","11221","303","40.6873442157043","-73.9408654082174"
"3401","25-49 38th Street - Units Still Available","All Units Filled","Rental","2023-01-24T00:00:00.000","2023-02-14T00:00:00.000","1","3",,"3",,,,,,,,"3",,,,,,,,"QN","11103","401","40.7677862816873","-73.9129202154207"
"3084","Soundview Cooperatives Phase III","Tenant Selection","Owner","2022-11-14T00:00:00.000","2023-01-13T00:00:00.000","2","72",,"27","33","12",,,,"4","68",,,"5","2","50","5","25",,"BX","10473","209","Multiple","Multiple"
"5529","Bronx Renewal HELP USA Cluster","Tenant Selection","Rental","2025-06-11T00:00:00.000","2025-07-03T00:00:00.000","4","19","1","11","7",,,,,"19",,,,"5",,,,,,"BX","Multiple","Multiple","Multiple","Multiple"
"7173","Vleigh 77","Tenant Selection","Rental","2025-09-29T00:00:00.000","2025-12-04T00:00:00.000","1","24","6","4","14",,,,,"20",,"4",,"5","2","20","5",,,"QN","11367","408","40.7195071","-73.8204721"
"2025","25-88 49th Street Apartments","All Units Filled","Rental","2021-05-17T00:00:00.000","2021-06-08T00:00:00.000","1","2",,,"2",,,,,,,"2",,,,,,,,"QN","11103","401","40.7625744533418","-73.906476241524"
"2300","30-79 31st Street Apartments","All Units Filled","Rental","2021-10-04T00:00:00.000","2021-11-15T00:00:00.000","1","3",,"3",,,,,,,,"3",,,,,,,,"QN","11102","401","40.764831669123","-73.9226818115917"
"2395","804 Jefferson Avenue Apartments Units Still Available","All Units Filled","Rental","2021-10-12T00:00:00.000","2021-11-15T00:00:00.000","1","1",,,"1",,,,,,,"1",,,,,,,,"BK","11221","303","40.6859187195452","-73.9250809550026"
"2449","91-03 Whitney Avenue - Units Still Available","All Units Filled","Rental","2021-11-10T00:00:00.000","2021-12-27T00:00:00.000","1","3",,,"3",,,,,,,"3",,,,,,,,"QN","11373","404","40.7469156","-73.8750019"
"3855","Enclave at The Cathedral Waitlist","Tenant Selection","Rental","2023-08-18T00:00:00.000","2023-09-18T00:00:00.000","1","87","24","43","20",,,,,"87",,,,,,,,,,"MN","10025","109","40.8041914267354","-73.9614300247579"
"5201","Belle Gardens Cooperatives","Tenant Selection","Owner","2024-11-07T00:00:00.000","2025-01-08T00:00:00.000","4","46",,"21","25",,,,,,"28","18",,"5","2","20","5",,,"BK","11233","303","Multiple","Multiple"
"2244","KB25 - Waiting List","Tenant Selection","Rental","2021-08-24T00:00:00.000","2021-09-24T00:00:00.000","1","55","10","18","27",,,,,"22","11","22",,,,,,,,"MN","10010","106","40.7387805113309","-73.9785038608354"
"5067","83-61 116th Street Apartments","Tenant Selection","Rental","2024-07-24T00:00:00.000","2024-08-14T00:00:00.000","1","9","1","4","4",,,,,,,"9",,,,,,,,"QN","11418","409","40.7046414845898","-73.8358768786556"
"1686","1609 Voorhies Avenue Apartments","Closed","Rental","2020-08-27T00:00:00.000","2020-09-23T00:00:00.000","1","3",,,"3",,,,,,,"3",,,,,,,,"BK","11235","315","40.5860670010117","-73.9525840564532"
"2848","625 Driggs Avenue Apartments","All Units Filled","Rental","2022-04-27T00:00:00.000","2022-05-18T00:00:00.000","1","6","2","2","2",,,,,"4",,"2",,"2","5","50","5",,,"BK","11211","301","40.7152853405427","-73.9583034595542"
"5390","Lighthouse Point","Tenant Selection","Rental","2024-11-14T00:00:00.000","2025-01-16T00:00:00.000","1","30","6","17","7",,,,"12","12",,"6",,"5","2","20","5",,,"SI","10301","501","40.6414994192187","-74.0757339619409"
"4846","828 Metropolitan Avenue Apartments","Tenant Selection","Rental","2024-06-10T00:00:00.000","2024-08-09T00:00:00.000","1","35","3","19","13",,,,"14","14","4","3",,"5","2","20","5",,,"BK","11211","301","40.714466","-73.941434"
"3964","The Posh Waiting List","Tenant Selection","Rental","2023-09-15T00:00:00.000","2023-10-16T00:00:00.000","1","13","3","8","2",,,,,,,"13",,,,,,,,"BK","11223","315","40.6097718246825","-73.9619745418711"
"2049","1074 Washington Avenue Apartments Senior Housing","All Units Filled","Rental","2021-03-26T00:00:00.000","2021-05-25T00:00:00.000","1","96","63","33",,,,,"96",,,,,"5","2",,,,"100","BX","10456","203","40.8278734414344","-73.9087873614391"
"4107","5920 Bay Parkway Apartments","All Units Filled","Rental","2023-11-17T00:00:00.000","2023-12-11T00:00:00.000","1","14","3","4","7",,,,,"2","3","9",,"5","2","50","5",,,"BK","11204","312","40.6169682","-73.9785318"
"5365","250 East 83rd Street Apartments","Tenant Selection","Rental","2024-12-11T00:00:00.000","2025-02-10T00:00:00.000","1","33","8","8","17",,,,"13","13",,"7",,"5","2","20","5",,,"MN","10028","108","40.7763819363166","-73.9542755022946"
"4455","491 Evergreen Avenue Apartments","Tenant Selection","Rental","2024-01-26T00:00:00.000","2024-02-19T00:00:00.000","1","3",,"1","2",,,,,,,"3",,,,,,,,"BK","11221","304","40.6911295","-73.9166236"
"7200","3118 Webster Avenue Apartments","Tenant Selection","Rental","2025-09-22T00:00:00.000","2025-11-21T00:00:00.000","1","69","2","27","30","10",,,"35","34",,,,"5","2","20","5",,,"BX","10467","207","40.8713742","-73.8761439"
"1782","360 Van Duzer Street Apartments","All Units Filled","Rental","2020-09-21T00:00:00.000","2020-10-13T00:00:00.000","1","3",,"1","2",,,,,,,"3",,,,,,,,"SI","10304","501","40.629551416203","-74.0797049305557"
"1806","222 East 44th Street Phase II","All Units Filled","Rental","2020-10-01T00:00:00.000","2020-10-23T00:00:00.000","1","16","8","7","1",,,,,,"16",,,,,,,,,"MN","10017","106","40.7517674660669","-73.9728223123614"
"2977","Williamsbridge Gardens","All Units Filled","Rental","2022-06-17T00:00:00.000","2022-08-18T00:00:00.000","2","84",,"51","14","19",,,"26","58",,,,"5","2","50","5",,,"BX","10467","212","Multiple","Multiple"
"3394","1661 Madison Avenue Apartments","Tenant Selection","Rental","2023-01-09T00:00:00.000","2023-02-15T00:00:00.000","1","5",,"5",,,,,,,,"5",,,,,,,,"MN","10029","111","40.7965170957184","-73.9473669725333"
"2421","101 West End Avenue","All Units Filled","Rental","2021-11-24T00:00:00.000","2022-01-27T00:00:00.000","1","26","5","19","2",,,,,,,"26",,,,,,,,"MN","10023","107","40.7750725","-73.9886498"
"2156","555 Grand Street - Units Still Available","All Units Filled","Rental","2021-04-27T00:00:00.000","2021-05-27T00:00:00.000","1","2",,,"2",,,,,,,"2",,,,,,,,"BK","11211","301","40.7113731955295","-73.949320700728"
"1892","21-59 44th Drive","All Units Filled","Rental","2020-12-17T00:00:00.000","2021-01-11T00:00:00.000","1","6",,"3","3",,,,,,,"6",,,,,,,,"QN","11101","402","40.747964384505","-73.9451785486756"
"2287","2265 Hughes Avenue - Unit Still Available","All Units Filled","Rental","2021-07-22T00:00:00.000","2021-10-08T00:00:00.000","1","3",,,"3",,,,,,,"3",,,,,,,,"BX","10457","206","40.8524674274109","-73.8884931219648"
"2372","555 Waverly Avenue Apartments Phase II - Units Still Available","All Units Filled","Rental","2021-09-27T00:00:00.000","2021-10-27T00:00:00.000","1","13","5","7","1",,,,,,,"13",,,,,,,,"BK","11238","302","40.6818537430916","-73.9655929927663"
"3476","963 Atlantic Avenue Apartments","All Units Filled","Rental","2023-03-31T00:00:00.000","2023-05-31T00:00:00.000","1","38","8","23","7",,,,,"23",,"15",,"5","2","50","5",,,"BK","11238","302","40.6806389286305","-73.9605316305248"
"4928","12-19 31st Drive Apartments","Tenant Selection","Rental","2024-07-08T00:00:00.000","2024-07-29T00:00:00.000","1","6",,"2","4",,,,,,,"6",,,,,,,,"QN","11106","401","40.767844","-73.933274"
"1862","410 Tompkins - Units Still Available","All Units Filled","Rental","2020-11-13T00:00:00.000","2020-12-14T00:00:00.000","1","3","2","1",,,,,,,,"3",,,,,,,,"BK","11216","303","40.6831297554507","-73.9438797717581"
"7174","104 Frost Street Apartments","All Units Filled","Rental","2025-08-04T00:00:00.000","2025-09-03T00:00:00.000","1","6",,"6",,,,,,,,"6",,,,,,,,"BK","11211","301","40.7175817","-73.947423"
"5039","Seaview Estates- Waiting List","Tenant Selection","Rental","2024-08-01T00:00:00.000","2024-09-02T00:00:00.000","4","314","43","190","75","6",,,,"44","270",,,,,,,,,"SI","10301","501","Multiple","Multiple"
"7232","2795 Fulton Street Apartments","Tenant Selection","Rental","2025-09-15T00:00:00.000","2025-10-06T00:00:00.000","1","13",,"1","8","4",,,"5","8",,,,"5","2","20","5",,,"BK","11207","305","40.678287","-73.89145"
"5395","Hearthstone","Tenant Selection","Rental","2024-11-12T00:00:00.000","2025-01-14T00:00:00.000","1","90",,"59","31",,,,"36","36","16","2",,"5","2","20","5",,,"QN","11101","401","40.7542120719927","-73.9184422781358"
"5350","87-34 124th Street Apartments","Tenant Selection","Rental","2024-10-24T00:00:00.000","2024-11-15T00:00:00.000","1","4",,"2","2",,,,,,,"4",,,,,,,,"QN","11418","409","40.6998242819091","-73.826432627844"
"1670","37-56 103RD STREET","All Units Filled","Rental","2020-12-11T00:00:00.000","2021-01-04T00:00:00.000","1","2",,,"2",,,,,,,"2",,,,,,,,"QN","11368","403","40.751783676926","-73.8639743245422"
"3924","540 Graham Apartments","All Units Filled","Rental","2023-08-04T00:00:00.000","2023-09-01T00:00:00.000","1","8","1","7",,,,,,,,"8",,,,,,,,"BK","11222","301","40.7215744303101","-73.9470076741983"
"4385","286 East 163rd Street Apartments","All Units Filled","Rental","2024-01-05T00:00:00.000","2024-02-05T00:00:00.000","1","6","1","2","3",,,,,,,"6",,,,,,,,"BX","10451","204","40.8268201779772","-73.9169910584381"
"2088","Jerome Avenue Residence","Tenant Selection","Rental","2021-05-12T00:00:00.000","2021-07-13T00:00:00.000","1","101",,"35","39","27",,,"21","80",,,,"5","2","50","6",,,"BX","10452","204","40.8387143048682","-73.9187940462329"
"4310","4023 10th Avenue Apartments","All Units Filled","Rental","2023-12-14T00:00:00.000","2024-01-08T00:00:00.000","1","3",,"1","2",,,,,,,"3",,,,,,,,"BK","11219","312","40.6434702398828","-73.9937372967295"
"5077","807 Washington Avenue","Tenant Selection","Rental","2024-08-22T00:00:00.000","2024-09-13T00:00:00.000","1","4","1","1","2",,,,,,,"4",,,,,,,,"BK","11238","308","40.6722048513609","-73.962367935829"
"4611","161 Meserole Avenue Apartments","All Units Filled","Rental","2024-03-18T00:00:00.000","2024-04-08T00:00:00.000","1","9",,,"9",,,,,,,"9",,,,,,,,"BK","11222","301","40.7279080440493","-73.9502750600819"
"2043","2724 Heath Avenue Apartments","All Units Filled","Rental","2021-04-15T00:00:00.000","2021-06-11T00:00:00.000","1","28","8","17","3",,,,,,"28",,,,,,,,,"BX","10463","207","40.8720298394503","-73.9048615168882"
"1671","3941 White Plains  Road","Tenant Selection","Rental","2024-01-19T00:00:00.000","2024-02-09T00:00:00.000","1","3",,"1","1","1",,,,,,"3",,,,,,,,"BX","10466","212","40.8869744335995","-73.8612673518316"
"1826","NEHEMIAH SPRING CREEK 4B-2","All Units Filled","Rental","2020-10-28T00:00:00.000","2020-12-31T00:00:00.000","21","214","3","93","105","13",,"60","48","42","64",,,"5","2","50","5",,"37","BK","Multiple","305","Multiple","Multiple"
"5258","The Welz","Tenant Selection","Rental","2024-09-19T00:00:00.000","2024-11-18T00:00:00.000","1","49","15","22","12",,,,,"33",,"16",,,,,,,,"BK","11206","304","40.7061521","-73.942096"
"4717","12-22 Astoria Boulevard Apartments","All Units Filled","Rental","2024-05-02T00:00:00.000","2024-06-07T00:00:00.000","1","3",,,"3",,,,,,,"3",,,,,,,,"QN","11102","401","40.771898","-73.929304"
"4054","521 West 134th Street Apartments","Tenant Selection","Rental","2023-09-20T00:00:00.000","2023-10-11T00:00:00.000","1","9",,"8","1",,,,,,,"9",,,,,,,,"MN","10031","109","40.8188565692014","-73.9541812862584"
"3806","32-18 Union Street Apartments","Tenant Selection","Rental","2023-08-11T00:00:00.000","2023-09-15T00:00:00.000","1","3",,"3",,,,,,,,"3",,,,,,,,"QN","11354","407","40.7684084585709","-73.827019241231"
"7268","The Ysabel aka 77 Woodbine Street","Tenant Selection","Rental","2025-10-27T00:00:00.000","2025-11-18T00:00:00.000","1","3",,"2","1",,,,,,,"3",,,,,,,,"BK","11221","304","40.6910584","-73.9184792"
"7156","43-25 52nd Street Apartments","Tenant Selection","Rental","2025-07-28T00:00:00.000","2025-08-18T00:00:00.000","1","15","3","4","8",,,,"6","6","3",,,"5","2","20","5",,,"QN","11377","402","40.7446118148454","-73.9121673813499"
"5375","99 Fleet Place Apartments","Tenant Selection","Rental","2024-11-13T00:00:00.000","2025-01-16T00:00:00.000","1","75","18","19","38",,,,"30","32","12","1",,"5","2","20","5",,,"BK","11201","302","40.6927294782186","-73.9817569486464"
"4053","219 Lenox Road Apartments","Tenant Selection","Rental","2023-10-05T00:00:00.000","2023-11-02T00:00:00.000","1","15","4","11",,,,,,,,"15",,,,,,,,"BK","11226","317","40.654376456902","-73.9521426720324"
"1841","27-15 Astoria Boulevard Apartments","Closed","Rental","2020-11-17T00:00:00.000","2020-12-09T00:00:00.000","1","6",,"6",,,,,,,,"6",,,,,,,,"QN","11102","401","40.7710142024155","-73.9206673073274"
"5549","IMPACCT Myrtle Residences","Tenant Selection","Rental","2026-01-15T00:00:00.000","2026-02-16T00:00:00.000","1","23","9","8","6",,,,"8","15",,,,"5","2","20","10",,,"BK","11206","303","40.6948944718443","-73.9512877741535"
"7147","Astoria Point","Tenant Selection","Rental","2025-09-02T00:00:00.000","2025-11-03T00:00:00.000","1","21","3","7","11",,,,,,,"21",,,,,,,,"QN","11102","401","40.7722329","-73.9254412"
"4021","25-56 97th Street Apartments","All Units Filled","Rental","2023-10-30T00:00:00.000","2023-11-21T00:00:00.000","1","3",,,"3",,,,,,,"3",,,,,,,,"QN","11369","403","40.7629072077863","-73.8727668908237"
"3633","440 E 115th Street Apartments","All Units Filled","Rental","2023-04-20T00:00:00.000","2023-05-11T00:00:00.000","1","5","1","1","3",,,,,,,"5",,,,,,,,"MN","10029","111","40.7945700831241","-73.9346846569864"
"4727","1510 BROADWAY APARTMENTS","Tenant Selection","Rental","2024-05-20T00:00:00.000","2024-07-18T00:00:00.000","1","90","7","38","34","11",,"10","27","53",,,,"5","2","20","5",,,"BK","11221","316","40.6866106915109","-73.917479300159"
"1797","148 Bleecker Street Apartment","Closed","Rental","2020-10-13T00:00:00.000","2020-11-04T00:00:00.000","1","8","1","3","4",,,,,,,"8",,,,,,,,"BK","11221","304","40.6961065743211","-73.9199161859074"
"3619","42-17 48th Avenue Apartments","Tenant Selection","Rental","2023-03-31T00:00:00.000","2023-04-27T00:00:00.000","1","3",,"2","1",,,,,,,"3",,,,,,,,"QN","11377","402","40.7398602","-73.9223829"
"3565","1216 Pacific Street - Putnam Cluster","All Units Filled","Rental","2023-07-28T00:00:00.000","2023-08-18T00:00:00.000","1","5","1","4",,,,,,,"5",,,"5","2","50","5",,,"BK","11216","308","40.6775202028043","-73.9516069098808"
"2895","304 East 134th street Apartments","All Units Filled","Rental","2022-06-06T00:00:00.000","2022-07-15T00:00:00.000","1","7",,"7",,,,,,,,"7",,,,,,,,"BX","10454","201","40.8078119948706","-73.927743281042"
"2510","140 West Fordham Road","All Units Filled","Rental","2021-12-14T00:00:00.000","2022-01-05T00:00:00.000","1","18","2","14","2",,,,,,"18",,,,,,,,,"BX","10468","207","40.8627929817423","-73.9070619767294"
"7158","1571 Jarvis Avenue Apartments","Tenant Selection","Rental","2025-08-04T00:00:00.000","2025-08-25T00:00:00.000","1","5","3","2",,,,,,"5",,,,,,,,,,"BX","10461","210","40.8440149","-73.8284206"
"1708","3500 Park Avenue Apartments","All Units Filled","Rental","2020-07-30T00:00:00.000","2020-08-31T00:00:00.000","1","45","15",,"30",,,,"8","37",,,,"5","2","50","5",,"17","BX","10456","203","40.8313588102949","-73.9082586151231"
"2880","188 Humboldt Street Waitlist Lottery","All Units Filled","Rental","2022-04-14T00:00:00.000","2022-05-16T00:00:00.000","1","5","1","1","3",,,,,,,"5",,,,,,,,"BK","11206","301","40.7077599869503","-73.9412332325984"
"4461","42 West 33rd Street Waiting List","Tenant Selection","Rental","2024-01-19T00:00:00.000","2024-02-20T00:00:00.000","1","45","14","26","5",,,,,"45",,,,,,,,,,"MN","10001","105","40.7484103813187","-73.9871228284546"
"2901","134-40 Blossom Ave Apartments","Tenant Selection","Rental","2022-07-08T00:00:00.000","2022-08-01T00:00:00.000","1","3",,,"3",,,,,,,"3",,,,,,,,"QN","11355","407","40.7528496468492","-73.827799554288"
"3738","58 Vanderbilt Avenue aka 205 Park Avenue Apartments","All Units Filled","Rental","2023-06-16T00:00:00.000","2023-08-15T00:00:00.000","1","23","9","10","4",,,,"9","9","5",,,"5","2","50","5",,,"BK","11205","302","40.6961472268393","-73.9709012198048"
"2970","396 Shepherd Avenue Apartments","All Units Filled","Rental","2022-06-16T00:00:00.000","2022-07-11T00:00:00.000","1","3",,"3",,,,,,,,"3",,,,,,,,"BK","11208","305","40.6748283541452","-73.880988704372"
"4129","LINDEN GROVE SENIOR RESIDENCES","Tenant Selection","Rental","2023-12-12T00:00:00.000","2024-02-09T00:00:00.000","1","97","72","25",,,,,"97",,,,,"5","2",,,"33","100","BK","11221","304","40.6961756523509","-73.9166957246189"
"4442","Borinquen Place Suites","Tenant Selection","Rental","2024-02-15T00:00:00.000","2024-03-08T00:00:00.000","1","5",,,"5",,,,,,,"5",,,,,,,,"BK","11211","301","40.7104869064101","-73.9567049443528"
"5037","14-09 31st Avenue Apartments","Tenant Selection","Rental","2024-08-12T00:00:00.000","2024-09-03T00:00:00.000","1","3",,"3",,,,,,,,"3",,,,,,,,"QN","11106","401","40.7680541028805","-73.9315265199537"
"4252","31-18 31ST Street Apartments","All Units Filled","Rental","2023-11-03T00:00:00.000","2023-11-24T00:00:00.000","1","3",,"3",,,,,,,,"3",,,,,,,,"QN","11106","401","40.7638080742214","-73.9229717925382"
"4924","The Hartby","Tenant Selection","Rental","2024-08-12T00:00:00.000","2024-10-28T00:00:00.000","1","62","14","45","3",,,,,,,"62",,,,,,,,"BK","11206","303","40.6949941204958","-73.9361597679213"
"2667","The Clark -Waitlist","Tenant Selection","Rental","2022-03-10T00:00:00.000","2022-04-11T00:00:00.000","1","51","18","17","14","2",,,,,,"51",,,,,,,,"BK","11226","317","40.6551383353064","-73.9494066687021"
"3982","1775 Coney Island Avenue Apartments","Tenant Selection","Rental","2023-09-13T00:00:00.000","2023-11-15T00:00:00.000","1","23","3","10","8","2",,,,,,"23",,,,,,,,"BK","11230","314","40.6140348662217","-73.9631282938689"
"7254","14-41 Broadway Apartments","Tenant Selection","Rental","2025-11-17T00:00:00.000","2025-12-09T00:00:00.000","1","9","2","2","5",,,,,,,"9",,,,,,,,"QN","11106","401","40.7657467","-73.9322005"
"4414","1819 Sedgwick Avenue Apartments","Tenant Selection","Rental","2024-02-02T00:00:00.000","2024-02-26T00:00:00.000","1","8",,"8",,,,,,,,"8",,,,,,,,"BX","10453","205","40.8525974259913","-73.9193518381158"
"3123","Astoria West Phase 2","All Units Filled","Rental","2022-09-12T00:00:00.000","2022-11-14T00:00:00.000","2","126","11","92","23",,,,,,,"126",,,,,,,,"QN","11102","401","Multiple","Multiple"
"4480","The Crown Residency at Northern","All Units Filled","Rental","2024-01-24T00:00:00.000","2024-02-14T00:00:00.000","1","12","1","9","2",,,,,,,"12",,,,,,,,"QN","11368","403","40.7576371681359","-73.8654098112843"
"2447","102 Charlton Street Apartments","All Units Filled","Rental","2021-12-10T00:00:00.000","2022-01-04T00:00:00.000","1","17","10","6","1",,,,"7","9",,"1",,"5","2","50","5",,,"MN","10014","102","40.7273942456121","-74.0081250686015"
"3244","269 Wallabout Street Apartments","All Units Filled","Rental","2022-11-10T00:00:00.000","2023-01-09T00:00:00.000","1","77",,"27","24","15","11",,"40","22","15",,,"5","2","50","5",,,"BK","11206","301","40.7017308269223","-73.9492955719207"
"3590","The Brooklyn Tower","Tenant Selection","Rental","2023-03-27T00:00:00.000","2023-05-30T00:00:00.000","1","120","57","44","18","1",,,,,,"120",,,,,,,,"BK","11201","302","40.6909207703588","-73.9823668509261"
"5427","29 Featherbed Lane Apartments","Tenant Selection","Rental","2026-01-13T00:00:00.000","2026-03-16T00:00:00.000","1","40","8","20","12",,,,"16","24",,,,"5","2","20","10",,,"BX","10452","205","40.8461167673982","-73.9149610003313"
"5003","The Clairemont","All Units Filled","Rental","2024-07-29T00:00:00.000","2024-10-14T00:00:00.000","1","25","6","6","13",,,,,,,"25",,,,,,,,"QN","11101","402","40.7470216","-73.9420258"
"4016","375 Dean Street Apartments","All Units Filled","Rental","2023-11-28T00:00:00.000","2024-02-05T00:00:00.000","1","36","7","24","5",,,,"29","1","5","1",,"5","2","50","5",,,"BK","11217","306","40.682924620044","-73.9786336376444"
"4593","1308 - 1314 Lincoln Place Apartments","Tenant Selection","Rental","2024-08-07T00:00:00.000","2024-09-26T00:00:00.000","1","8",,"8",,,,,,,,"8",,,,,,,,"BK","11213","308","40.6698392256015","-73.9330043918481"
"7239","The Chelsea ANCP Cooperatives","Tenant Selection","Owner","2025-11-26T00:00:00.000","2026-01-28T00:00:00.000","1","21","9","10","2",,,,,,"21",,,"5","2",,,,,"MN","10011","104","40.7430038424744","-73.9951425823133"
"4505","The MiMa - Waiting List","Tenant Selection","Rental","2024-02-29T00:00:00.000","2024-04-01T00:00:00.000","1","161","86","52","23",,,,"140","21",,,,,,,,,,"MN","10036","104","40.7590386487004","-73.994971759487"
"1958","The Astor LIC","All Units Filled","Rental","2021-02-05T00:00:00.000","2021-04-07T00:00:00.000","1","43","13","21","9",,,,,,,"43",,,,,,,,"QN","11101","401","40.7532522602069","-73.9236878192339"
"4598","33 Franklin Street Apartments","All Units Filled","Rental","2024-03-19T00:00:00.000","2024-05-20T00:00:00.000","1","24","3","18","3",,,,,"16",,"8",,"5","2","50","5",,,"BK","11222","301","40.7264122425393","-73.9573440167924"
"5050","Riverton Square Waiting List","Tenant Selection","Rental","2024-11-04T00:00:00.000","2024-12-06T00:00:00.000","1","53",,"17","36",,,,,"53",,,,,,,,,,"MN","10037","111","40.8126255649733","-73.9358843689162"
"1935","1646 Amsterdam Avenue Apartments","Tenant Selection","Rental","2021-05-10T00:00:00.000","2021-06-10T00:00:00.000","1","4",,,"1","3",,,,,"4",,,,,,,,,"MN","10031","109","40.8231034689022","-73.9495716285159"
"4470","Dean Street - Small Homes Rehab NYCHA","All Units Filled","Owner","2024-02-09T00:00:00.000","2024-03-20T00:00:00.000","1","1",,,,,"1",,,,"1",,,,,,,,,"BK","11216","308","40.6765859113467","-73.94913082475"
"5409","Greenpoint Central aka 75 Dupont Street Apartments","Tenant Selection","Rental","2024-11-21T00:00:00.000","2025-01-21T00:00:00.000","1","59","18","30","11",,,,,"30",,"29",,"5","2","20","5",,,"BK","11222","301","40.735697652362","-73.9570818771987"
"4514","710 East 215th Street Apartments","All Units Filled","Rental","2024-02-05T00:00:00.000","2024-04-09T00:00:00.000","1","15","14","1",,,,,,,,"15",,,,,,,,"BX","10467","212","40.8801735980129","-73.8640009475511"
"6852","326 Rockaway Avenue Apartments","All Units Filled","Rental","2025-03-06T00:00:00.000","2025-05-05T00:00:00.000","1","85","3","54","20","8",,,"51","34",,,,"5","2","20","5",,,"BK","11212","316","40.6719050862871","-73.9113078222789"
"2223","Austin 147","All Units Filled","Rental","2021-06-29T00:00:00.000","2021-07-21T00:00:00.000","1","16","1","4","11",,,,"10","6",,,,"5","2","50","5",,,"BX","10455","201","40.8101747676261","-73.9045092197499"
"7305","64-08 Wetherole Street Apartments","Tenant Selection","Rental","2025-11-13T00:00:00.000","2025-12-05T00:00:00.000","1","8","2","5","1",,,,,,,"8",,,,,,,,"QN","11374","406","40.7273186","-73.8624168"
"5042","285 East 163rd Street Apartments","Tenant Selection","Rental","2024-08-19T00:00:00.000","2024-10-21T00:00:00.000","1","35",,"30","5",,,,,,,"35",,,,,,,,"BX","10456","204","40.8272014612395","-73.9166689948135"
"2485","27-14 39th Avenue Apartments","All Units Filled","Rental","2021-12-22T00:00:00.000","2022-01-25T00:00:00.000","1","2",,"2",,,,,,,,"2",,,,,,,,"QN","11101","401","40.7539375739944","-73.9357531692618"
"4349","1638 Park Avenue Apartments","Tenant Selection","Rental","2024-02-26T00:00:00.000","2024-03-18T00:00:00.000","1","6","2","2","2",,,,"3","3",,,,"5","2","50","5",,,"MN","10035","111","40.7994354856393","-73.9431532597795"
"2568","142 Richards Street Apartments","All Units Filled","Rental","2022-02-10T00:00:00.000","2022-03-31T00:00:00.000","1","6",,"3","3",,,,,,,"6",,,,,,,,"BK","11231","306","40.6772664204392","-74.0103001211078"
"3948","99-45 66th Avenue Apartments","All Units Filled","Rental","2023-09-13T00:00:00.000","2023-10-04T00:00:00.000","1","4",,"4",,,,,,,,"4",,,,,,,,"QN","11374","406","40.7289946685398","-73.8533555181544"
"2045","2115 Burr Avenue Apartments","All Units Filled","Rental","2021-02-24T00:00:00.000","2021-03-17T00:00:00.000","1","7",,"3","4",,,,,,,"7",,,,,,,,"BX","10461","210","40.85514689501","-73.8285757862676"
"2022","436 Lafayette Avenue - Units Still Available","Tenant Selection","Rental","2021-02-05T00:00:00.000","2021-03-01T00:00:00.000","1","3",,"3",,,,,,,,"3",,,,,,,,"BK","11238","303","40.6888942532117","-73.9578548079301"
"2194","260 Knickerbocker Avenue - Units Still Available","All Units Filled","Rental","2021-05-28T00:00:00.000","2021-07-18T00:00:00.000","1","12",,"4","8",,,,,,,"12",,,,,,,,"BK","11237","304","40.7022253990199","-73.9250878754925"
"5196","63 & 65 Stanhope Street Apartments","Tenant Selection","Rental","2024-08-29T00:00:00.000","2024-09-20T00:00:00.000","2","6",,"6",,,,,,,,"6",,,,,,,,"BK","11221","304","Multiple","Multiple"
"2254","1626 & 1630 Brooklyn Avenue - Units Still Available","All Units Filled","Rental","2021-07-15T00:00:00.000","2021-08-16T00:00:00.000","2","6",,"6",,,,,,,,"6",,,,,,,,"BK","11210","317","Multiple","Multiple"
"4444","21 West End - Waiting List","Tenant Selection","Rental","2024-01-12T00:00:00.000","2024-02-12T00:00:00.000","1","127","36","63","23","5",,,"127",,,,,"5","2",,,,,"MN","10023","107","40.7727181516247","-73.9904288558674"
"7252","1054 41st Street Apartments","Tenant Selection","Rental","2025-11-17T00:00:00.000","2025-12-09T00:00:00.000","1","9",,"4","5",,,,,,,"9",,,,,,,,"BK","11219","312","40.6425259863757","-73.9929194259029"
"1719","810 Fulton Street Apartments Phase II","Closed","Rental","2020-08-20T00:00:00.000","2020-10-21T00:00:00.000","1","37","11","18","8",,,,,,,"37",,,,,,,,"BK","11238","302","40.6834877048905","-73.968462174852"
"2324","The Kira Apartments","Tenant Selection","Rental","2021-10-13T00:00:00.000","2021-12-14T00:00:00.000","1","69","37","32",,,,,,"69",,,,"5","2","50","5",,,"QN","11432","412","40.7032617622704","-73.8015883783042"
"2190","27 East 198th Street Apartments","All Units Filled","Rental","2021-06-09T00:00:00.000","2021-06-30T00:00:00.000","1","14","3","10","1",,,,,,,"14",,,,,,,,"BX","10468","207","40.8709919031628","-73.8918933844561"
"7243","Mosholu Concourse Apartments","Tenant Selection","Rental","2025-10-06T00:00:00.000","2025-12-05T00:00:00.000","2","55",,"41","9","5",,,,"55",,,,"5","2",,,,,"BX","Multiple","207","Multiple","Multiple"
"7157","532 Neptune Avenue Apartments","Tenant Selection","Rental","2025-08-11T00:00:00.000","2025-10-31T00:00:00.000","1","150","33","42","75",,,,,,,"150",,,,,,,,"BK","11224","313","40.5793105084379","-73.9733784799165"
"7299","1049 Washington Avenue Apartments","Tenant Selection","Rental","2025-11-20T00:00:00.000","2026-01-23T00:00:00.000","1","73",,,"73",,,,,,,"73",,,,,,,,"BX","10456","203","40.8274305","-73.9094289"
"2878","1121 36th Street - Units Still Available","All Units Filled","Rental","2022-04-20T00:00:00.000","2022-05-20T00:00:00.000","1","2",,,,"2",,,,,,"2",,,,,,,,"BK","11218","312","40.6442739407742","-73.9873879599956"
"4750","676 Myrtle Avenue Apartments","Tenant Selection","Rental","2024-05-09T00:00:00.000","2024-06-07T00:00:00.000","1","6",,,"6",,,,,,,"6",,,,,,,,"BK","11205","303","40.6945014093695","-73.9567549924371"
"4384","3001 Grand Concourse Apartments","Tenant Selection","Rental","2024-02-01T00:00:00.000","2024-04-03T00:00:00.000","1","43","8","27","8",,,,,,,"43",,,,,,,,"BX","10468","207","40.8731227948161","-73.8872110170192"
"7441","599 Tinton Avenue  Apartments","Tenant Selection","Rental","2026-01-22T00:00:00.000","2026-02-23T00:00:00.000","1","11",,"10","1",,,,,"11",,,,,,,,,,"BX","10455","201","40.814217","-73.906093"
"7153","87 Carlton Avenue Apartments","Tenant Selection","Rental","2025-08-21T00:00:00.000","2025-09-12T00:00:00.000","1","2",,"2",,,,,,"2",,,,,,,,,,"BK","11205","302","40.6951321590535","-73.9729355533566"
"3321","875 4th Avenue Apartments","All Units Filled","Rental","2022-12-22T00:00:00.000","2023-02-20T00:00:00.000","1","45","6","29","10",,,,,"27",,"18",,"5","2","50","5",,,"BK","11232","307","40.6560799256039","-74.002018283505"
"2198","1098 Madison Street - Units Still Available","All Units Filled","Rental","2021-06-17T00:00:00.000","2021-08-02T00:00:00.000","1","2",,"2",,,,,,,,"2",,,,,,,,"BK","11221","304","40.6916326198923","-73.9160919864435"
"3183","416 and 420 Kent Avenue Waiting List","Tenant Selection","Rental","2022-10-11T00:00:00.000","2022-11-14T00:00:00.000","2","186","101","45","40",,,,"26","147",,"13",,"5","2","50","5",,,"BK","11249","301","Multiple","Multiple"
"4782","2621 Grand Avenue Apartments","All Units Filled","Rental","2024-06-03T00:00:00.000","2024-06-25T00:00:00.000","1","11","2","9",,,,,,,,"11",,,,,,,,"BX","10468","207","40.8672336942045","-73.9002368926902"
"2203","1728 Townsend Avenue Apartments","All Units Filled","Rental","2021-06-11T00:00:00.000","2021-07-02T00:00:00.000","1","7","3","4",,,,,,,,"7",,,,,,,,"BX","10453","205","40.8469237978759","-73.911428680855"
"2319","263 East 9th Street Apartments","All Units Filled","Rental","2021-08-23T00:00:00.000","2021-09-14T00:00:00.000","1","2",,,"2",,,,,,,"2",,,,,,,,"BK","11218","312","40.6421545355708","-73.9701752739834"
"2899","27-15 Astoria Blvd Units Still Available","All Units Filled","Rental","2022-05-27T00:00:00.000","2022-06-29T00:00:00.000","1","2",,"2",,,,,,,,"2",,,,,,,,"QN","11102","401","40.7710142024155","-73.9206673073274"
"2735","Dutch House Apartments","All Units Filled","Rental","2022-03-21T00:00:00.000","2022-05-20T00:00:00.000","1","56","13","38","5",,,,,,,"56",,,,,,,,"QN","11106","401","40.7581908435751","-73.9292156840638"
"1998","86-15 Rockaway Boulevard Apartments","All Units Filled","Rental","2021-03-02T00:00:00.000","2021-03-23T00:00:00.000","1","6","1",,"5",,,,,,,"6",,,,,,,,"QN","11416","409","40.6831544734202","-73.8534923799029"
"2429","363 East 197th Street Apartments","All Units Filled","Rental","2021-12-14T00:00:00.000","2022-01-06T00:00:00.000","1","6","4","2",,,,,,,,"6",,,,,,,,"BX","10458","207","40.8659790826324","-73.8879643018387"
"1804","371 Stockholm Street Apartments - Units Still Available","All Units Filled","Rental","2020-10-20T00:00:00.000","2020-11-23T00:00:00.000","1","9",,,"9",,,,,,,"9",,,,,,,,"BK","11237","304","40.7047621760829","-73.9179365234107"
"3149","153 Erasmus Street Apartments","Tenant Selection","Rental","2022-09-23T00:00:00.000","2022-10-31T00:00:00.000","1","7","2","5",,,,,,,,"7",,,,,,,,"BK","11226","317","40.6500143372213","-73.9505817732572"
"5260","2232 Kimball Street - Units Still Available","Tenant Selection","Rental","2024-10-02T00:00:00.000","2024-10-23T00:00:00.000","1","2",,,"2",,,,,,,"2",,,,,,,,"BK","11234","318","40.607527150478","-73.9242901706508"
"1723","One Blue Slip","All Units Filled","Rental","2020-08-18T00:00:00.000","2020-10-19T00:00:00.000","1","101","29","48","22","2",,,,,,"101",,,,,,,,"BK","11222","301","40.7361649636244","-73.959012075478"
"2539","2779 & 2781 University Avenue Apartments","All Units Filled","Rental","2021-12-08T00:00:00.000","2022-02-15T00:00:00.000","2","6",,"6",,,,,,,,"6",,,,,,,,"BX","10468","208","Multiple","Multiple"
"3317","2733 E 12th St Apartments","All Units Filled","Rental","2022-12-05T00:00:00.000","2022-12-27T00:00:00.000","1","14","2","8","4",,,,,,,"14",,,,,,,,"BK","11235","315","40.5843094838994","-73.9574383805896"
"3994","2150 Clinton Ave","Tenant Selection","Rental","2023-09-29T00:00:00.000","2023-11-03T00:00:00.000","1","19","5","1","13",,,,,,,"19",,,,,,,,"BX","10457","206","40.8491059705291","-73.8865071459017"
"4597","Water's Edge","Tenant Selection","Rental","2024-07-24T00:00:00.000","2024-09-23T00:00:00.000","1","23","3","17","3",,,,,,,"23",,,,,,,,"SI","10301","501","40.6459577557166","-74.0786254518305"
"1672","1259 51st Street","Closed","Rental","2020-09-03T00:00:00.000","2020-09-25T00:00:00.000","1","3",,,"3",,,,,,,"3",,,,,,,,"BK","11219","312","40.634486556823","-73.9937813747517"
"7212","554 West 46th Street Apartments","Tenant Selection","Rental","2025-08-25T00:00:00.000","2025-09-16T00:00:00.000","1","12","3","3","6",,,,,"12",,,,,,,,,,"MN","10036","104","40.7630437","-73.9962171"
"3934","THE YELLOW STONE APARTMENTS","Closed","Rental","2023-09-07T00:00:00.000","2023-11-06T00:00:00.000","1","50",,"36","14",,,,,,,"50",,,,,,,,"QN","11375","406","40.7175345028442","-73.8570963609481"
"2918","3827 Carpenter Avenue","All Units Filled","Rental","2022-06-10T00:00:00.000","2022-07-05T00:00:00.000","1","5","2","3",,,,,,,,"5",,,,,,,,"BX","10467","212","40.885376184167","-73.8651909867714"
"7154","153 East 51st Street Apartments","Tenant Selection","Rental","2025-07-24T00:00:00.000","2025-08-15T00:00:00.000","1","3",,,"3",,,,,,,"3",,,,,,,,"BK","11203","317","40.6585096135077","-73.9298044188902"
"1977","5 Pointz LIC","Tenant Selection","Rental","2021-02-24T00:00:00.000","2021-06-08T00:00:00.000","1","337","78","180","77","2",,,,,,"337",,,,,,,,"QN","11101","402","40.7447449502726","-73.9455096054527"
"2318","143 Woodbine Street - Units Still Available","All Units Filled","Rental","2021-08-09T00:00:00.000","2021-09-09T00:00:00.000","1","3",,"3",,,,,,,,"3",,,,,,,,"BK","11221","304","40.6927174022995","-73.9169164089656"
"7371","The Lumina Apartments","Tenant Selection","Rental","2025-12-24T00:00:00.000","2026-01-23T00:00:00.000","1","5",,"3","2",,,,,"5",,,,,,,,,,"QN","11372","403","40.7561191","-73.8729263"
"1821","Mapes Apartments","All Units Filled","Rental","2020-10-05T00:00:00.000","2020-11-06T00:00:00.000","1","21","2","4","11","4",,,"4","9","8",,,"5","2","50","5",,,"BX","10460","206","40.8472625262146","-73.8847464448487"
"7166","947 College Avenue Apartments","Tenant Selection","Rental","2025-08-04T00:00:00.000","2025-08-25T00:00:00.000","1","11",,"5","6",,,,,,,"11",,,,,,,,"BX","10456","204","40.8273738616174","-73.9159569475135"
"3021","56-15 Van Cleef Street Apartment","All Units Filled","Rental","2022-07-06T00:00:00.000","2022-07-28T00:00:00.000","1","3",,"3",,,,,,,,"3",,,,,,,,"QN","11368","404","40.7405319670714","-73.8520562709295"
"2493","1362 Arnow Avenue Apartment","All Units Filled","Rental","2022-01-20T00:00:00.000","2022-02-28T00:00:00.000","1","4",,"2","2",,,,,,,"4",,,,,,,,"BX","10469","211","40.8675151879911","-73.8465926934273"
"3017","The Green House","All Units Filled","Rental","2022-07-19T00:00:00.000","2022-08-09T00:00:00.000","1","14","3","4","7",,,,,,,"14",,,,,,,,"QN","11101","402","40.7422286735971","-73.9532560161881"
"1720","141 Woodbine Street Apartments","All Units Filled","Rental","2020-09-24T00:00:00.000","2020-10-16T00:00:00.000","1","3",,"3",,,,,,,,"3",,,,,,,,"BK","11221","304","40.6926625433822","-73.9169669621196"
"3293","30-75 32nd Street Apartments","All Units Filled","Rental","2022-11-29T00:00:00.000","2022-12-21T00:00:00.000","1","3",,"3",,,,,,,,"3",,,,,,,,"QN","11102","401","40.7646032709487","-73.9218156883494"
"5216","3377 Sedgwick Avenue  Apartments","Tenant Selection","Rental","2024-09-26T00:00:00.000","2024-10-21T00:00:00.000","1","9","2","4","3",,,,,,,"9",,,,,,,,"BX","10463","208","40.8805727629791","-73.8969477876304"
"7177","The Aedan","Tenant Selection","Rental","2025-08-26T00:00:00.000","2025-09-17T00:00:00.000","1","7",,"4","3",,,,,"7",,,,,,,,,,"QN","11102","401","40.7666751","-73.9235065"
"1712","410 East 28th Street Apartments","All Units Filled","Rental","2020-09-15T00:00:00.000","2020-10-06T00:00:00.000","1","3",,,"3",,,,,,,"3",,,,,,,,"BK","11226","317","40.6405119324401","-73.9506752883986"
"7323","406 Remsen Avenue Apartments","Tenant Selection","Rental","2025-12-17T00:00:00.000","2026-02-16T00:00:00.000","1","31","7","8","16",,,,,"26",,"5",,"5","2","20","10",,"83","BK","11212","317","40.6555862","-73.9235506"
"2855","658 Driggs Avenue Apartments","All Units Filled","Rental","2022-05-09T00:00:00.000","2022-05-31T00:00:00.000","1","6","1","2","3",,,,,"3",,"3",,"2","5","50","5",,,"BK","11211","301","40.714662529925","-73.9590000476046"
"1983","2746 Fulton Street Apartments - Units Still Available","All Units Filled","Rental","2021-01-15T00:00:00.000","2021-02-15T00:00:00.000","1","1",,,"1",,,,,,,"1",,,,,,,,"BK","11207","305","40.6775823676832","-73.8931983520622"
"2985","134-19 Blossom Avenue Apartments","Tenant Selection","Rental","2022-07-08T00:00:00.000","2022-08-01T00:00:00.000","1","3",,,"3",,,,,,,"3",,,,,,,,"QN","11355","407","40.7530514227472","-73.8287446774393"
"2105","1 Boerum Place Apartments","All Units Filled","Rental","2021-05-13T00:00:00.000","2021-08-03T00:00:00.000","1","42","10","11","21",,,,,,,"42",,,,,,,,"BK","11201","302","40.6915720841235","-73.9887745339369"
"2575","23-29 30th Drive Apartments","All Units Filled","Rental","2022-02-18T00:00:00.000","2022-03-28T00:00:00.000","1","3","1","2",,,,,,,,"3",,,,,,,,"QN","11102","401","40.7674060872396","-73.9266499366448"
"5420","The Park Overture aka 4568 Broadway Apartments","Tenant Selection","Rental","2024-12-04T00:00:00.000","2025-02-03T00:00:00.000","1","28",,"21","7",,,,,,,"28",,,,,,,,"MN","10040","112","40.8600785471079","-73.9305713720202"
"7275","25-13 23rd Street Apartments","Tenant Selection","Rental","2025-09-29T00:00:00.000","2025-10-21T00:00:00.000","1","4","2","2",,,,,,,,"4",,,,,,,,"QN","11102","401","40.7733952860628","-73.9227188044208"
"3520","8 Court Square Apartments","All Units Filled","Rental","2023-04-13T00:00:00.000","2023-06-20T00:00:00.000","1","48","17","25","6",,,,,,,"48",,,,,,,,"QN","11101","401","40.7456753","-73.9425328"
"2831","3013 Eastchester Road Apartments","All Units Filled","Rental","2022-04-18T00:00:00.000","2022-05-09T00:00:00.000","1","6",,"6",,,,,,,,"6",,,,,,,,"BX","10469","212","40.869657056175","-73.8432541145584"
"7287","El Hogar aka Comunilife Tiebout","Closed","Rental","2025-10-27T00:00:00.000","2025-12-29T00:00:00.000","1","32","27","5",,,,,"32",,,,,"5","2",,,,"100","BX","10458","205","40.860335","-73.895537"
"4366","80 Linden Boulevard Apartments","All Units Filled","Rental","2024-01-17T00:00:00.000","2024-02-21T00:00:00.000","1","14",,"8","6",,,,,,,"14",,,,,,,,"BK","11226","317","40.6523356684927","-73.9554524940481"
"7336","196 South 3rd Street Apartments","Tenant Selection","Rental","2025-12-03T00:00:00.000","2026-02-09T00:00:00.000","1","9",,"4","5",,,,,,,"9",,,,,,,,"BK","11211","301","40.7114048759842","-73.9600769580738"
"3928","514 Herkimer Street Apartments","All Units Filled","Rental","2023-08-09T00:00:00.000","2023-08-30T00:00:00.000","1","5",,"5",,,,,,,,"5",,,,,,,,"BK","11213","303","40.6785668485654","-73.9364963645634"
"3939","101 Macombs Place Apartments","All Units Filled","Rental","2023-07-21T00:00:00.000","2023-08-28T00:00:00.000","1","9",,"7","2",,,,,,,"9",,,,,,,,"MN","10039","110","40.8278943302035","-73.9356962136881"
"5214","Amara","Tenant Selection","Rental","2024-09-25T00:00:00.000","2024-11-27T00:00:00.000","1","28","5","16","7",,,,,,,"28",,,,,,,,"QN","11106","401","40.7631631096093","-73.9272718977313"
"4503","58-12 & 58-14 Granger Street Apartments","Tenant Selection","Rental","2024-02-15T00:00:00.000","2024-03-20T00:00:00.000","2","4",,"2",,"2",,,,,,"4",,,,,,,,"QN","11368","404","Multiple","Multiple"
"2657","1543 Jesup Avenue Apartments","Tenant Selection","Rental","2022-02-09T00:00:00.000","2022-03-11T00:00:00.000","1","7","2","3","2",,,,,,,"7",,,,,,,,"BX","10452","204","40.8445742464688","-73.9187760498721"
"2358","937 Rogers Avenue","All Units Filled","Rental","2021-10-20T00:00:00.000","2021-11-12T00:00:00.000","1","8",,"2","6",,,,,,,"8",,,,,,,,"BK","11226","317","40.6474210222555","-73.9517728855259"
"7159","WAKEFIELD YARDS","Tenant Selection","Rental","2025-07-25T00:00:00.000","2025-09-23T00:00:00.000","1","212","26","90","81","15",,"25","63","124",,,,"5","2","20","5",,,"BX","10470","212","40.9027078","-73.8501155"
"3800","The Westminster","All Units Filled","Rental","2023-08-22T00:00:00.000","2023-09-12T00:00:00.000","1","13","4","8","1",,,,,,,"13",,,,,,,,"MN","10011","104","40.7417660191739","-73.9968459850054"
"2456","850 Flatbush Avenue Apartments Unit Still Available","Tenant Selection","Rental","2021-11-15T00:00:00.000","2021-12-23T00:00:00.000","1","1",,,"1",,,,,,,"1",,,,,,,,"BK","11226","314","40.6515686030159","-73.9594352432482"
"3541","71-82 Parsons Blvd Apartments","Tenant Selection","Rental","2023-05-09T00:00:00.000","2023-07-10T00:00:00.000","1","29","2","19","8",,,,,"24",,"5",,"5","2","50","5",,"82","QN","11367","408","40.7202152064007","-73.8091173798978"
"2822","881 LEXINGTON AVENUE APARTMENTS","All Units Filled","Rental","2022-05-06T00:00:00.000","2022-05-31T00:00:00.000","1","8","1","7",,,,,,,,"8",,,,,,,,"BK","11221","303","40.6908184814059","-73.9256127371219"
"2428","531 Tinton Avenue","All Units Filled","Rental","2021-10-18T00:00:00.000","2021-11-16T00:00:00.000","1","11","3","5","3",,,,,,,"11",,,,,,,,"BX","10455","201","40.8122651225311","-73.9064858910993"
"4182","630 Grand Street Apartments","All Units Filled","Rental","2023-11-01T00:00:00.000","2023-11-22T00:00:00.000","1","6",,"6",,,,,,,,"6",,,,,,,,"BK","11211","301","40.7112332","-73.94685"
"4730","2183 Morris Avenue Apartments","Tenant Selection","Rental","2024-04-29T00:00:00.000","2024-07-05T00:00:00.000","1","59","7","41","11",,,,,,,"59",,,,,,,,"BX","10453","201","40.8560934","-73.9034305"
"2583","601 West 148th Street Cooperatives","Tenant Selection","Owner","2022-05-25T00:00:00.000","2022-06-27T00:00:00.000","1","8",,"1","7",,,,,,"8",,,,,,,,,"MN","10031","109","40.8286175062112","-73.949350644054"
"2571","Castleton Supportive Housing","All Units Filled","Rental","2022-03-18T00:00:00.000","2022-04-15T00:00:00.000","1","16","16",,,,,,,"16",,,,"5","2","50","5",,,"SI","10302","501","40.6357557912685","-74.1344668702477"
"4457","Q-188 Apartments","All Units Filled","Rental","2024-03-07T00:00:00.000","2024-03-28T00:00:00.000","1","15",,"15",,,,,,,,"15",,,,,,,,"QN","11423","408","40.7155388468537","-73.773202033768"
"1908","2010 Walton Avenue","All Units Filled","Rental","2021-02-12T00:00:00.000","2021-03-08T00:00:00.000","1","13","4","7","2",,,,,,,"13",,,,,,,,"BX","10453","205","40.8523796056465","-73.907090985955"
"1875","283 Powers Street Apartments","Closed","Rental","2021-01-26T00:00:00.000","2021-02-17T00:00:00.000","1","6",,"4","2",,,,,,,"6",,,,,,,,"BK","11211","301","40.7133634029204","-73.9385698036103"
"3120","2. Mt. Hope Place Apartments","All Units Filled","Rental","2022-08-29T00:00:00.000","2022-10-31T00:00:00.000","1","43","9","21","10","3",,,"17","17","6","3",,"5","2","50","5",,,"BX","10453","205","40.84898748399","-73.9109958036808"
"2046","26 Lawton Street","All Units Filled","Rental","2021-02-24T00:00:00.000","2021-03-17T00:00:00.000","1","3",,"3",,,,,,,,"3",,,,,,,,"BK","11221","304","40.6953063470867","-73.9302633333102"
"5064","550 10th Avenue Apartments","Tenant Selection","Rental","2024-08-09T00:00:00.000","2024-10-09T00:00:00.000","1","114","42","44","28",,,,,"24",,"90",,"5","2","20","5",,,"MN","10018","104","40.7585062055969","-73.9959139104377"
"2441","GOTHAM POINT SOUTH TOWER","All Units Filled","Rental","2021-10-22T00:00:00.000","2022-01-17T00:00:00.000","1","270","54","158","40","18",,"5","44","22",,"199",,"5","2","50","5",,,"QN","11101","402","40.7388882426888","-73.9603960862079"
"1674","CHARLIE WEST 505 WEST 43rd STREET","All Units Filled","Owner","2021-04-08T00:00:00.000","2021-05-10T00:00:00.000","1","9",,"4","5",,,,,"9",,,,"5","2","50","5",,,"MN","10036","104","40.7609133293156","-73.9954697634924"
"5105","18-15 Linden Street Apartments","Tenant Selection","Rental","2024-09-17T00:00:00.000","2024-10-08T00:00:00.000","1","3",,"1","2",,,,,,,"3",,,,,,,,"QN","11385","405","40.7042284455976","-73.9089781810307"
"2750","7-9 East 30th Street Apartments","All Units Filled","Rental","2022-06-09T00:00:00.000","2022-07-01T00:00:00.000","1","15","8","7",,,,,,"5",,"10",,"5","2","50","5",,,"MN","10016","105","40.7456846918419","-73.9858133154816"
"3127","9-24 Main Avenue","Tenant Selection","Rental","2022-10-03T00:00:00.000","2023-01-03T00:00:00.000","1","10",,"5","5",,,,,,,"10",,,,,,,,"QN","11102","401","40.7718618712014","-73.9329089771705"
"4650","34-21 109th Street","Tenant Selection","Rental","2024-04-01T00:00:00.000","2024-04-22T00:00:00.000","1","2",,"1","1",,,,,,,"2",,,,,,,,"QN","11368","403","40.7557467310182","-73.8591042692194"
"3257","1050 Bedford Avenue Apartments","All Units Filled","Rental","2022-10-07T00:00:00.000","2022-10-31T00:00:00.000","1","3","1","2",,,,,,,,"3",,,,,,,,"BK","11205","303","40.6890140751966","-73.9553414489873"
"1929","770 & 774 Lexington Avenue Apartments","All Units Filled","Rental","2021-02-04T00:00:00.000","2021-03-31T00:00:00.000","1","6",,"2","4",,,,,,,"6",,,,,,,,"BK","11221","303","40.6900461729799","-73.9283180348922"
"4339","91-15 101st Avenue Apartments","All Units Filled","Rental","2024-02-08T00:00:00.000","2024-03-01T00:00:00.000","1","3",,"1","2",,,,,,,"3",,,,,,,,"QN","11416","409","40.6837221139597","-73.8488399386151"
"4588","53-10 102nd Street","Tenant Selection","Rental","2024-03-25T00:00:00.000","2024-04-15T00:00:00.000","1","3",,"2","1",,,,,,,"3",,,,,,,,"QN","11368","404","40.741213395987","-73.8592071769866"
"3826","88 East 127th Street Apartments","Tenant Selection","Rental","2023-08-10T00:00:00.000","2023-10-09T00:00:00.000","1","40","15","9","16",,,,"32",,,"8",,"5","2","50","5",,,"MN","10035","111","40.8065804441127","-73.9386499340544"
"4675","1014 Ogden Avenue Apartments","Tenant Selection","Rental","2024-04-01T00:00:00.000","2024-05-03T00:00:00.000","1","16","6","10",,,,,,,,"16",,,,,,,,"BX","10452","204","40.8333908746791","-73.92910676992"
"7320","Woodhaven Blvd. Apartments","Tenant Selection","Rental","2025-11-14T00:00:00.000","2026-01-13T00:00:00.000","1","101","25","46","30",,,"21","22","35","23",,,"5","2","20","5",,,"QN","11374","406","40.7152704","-73.8599123"
"7185","One Sunset Apartments","Tenant Selection","Rental","2025-10-02T00:00:00.000","2025-12-05T00:00:00.000","1","48",,"36","11","1",,"19",,"27",,"2",,"5","2","20","5",,,"BK","11232","307","40.6605621403953","-73.9974120983455"
"3033","31-05 21st Street Apartments","All Units Filled","Rental","2022-07-18T00:00:00.000","2022-08-25T00:00:00.000","1","7",,"6","1",,,,,,,"7",,,,,,,,"QN","11106","401","40.7669332281601","-73.9298309358777"
"2356","1 Flatbush Avenue - Units Still Available","All Units Filled","Rental","2022-03-17T00:00:00.000","2022-04-18T00:00:00.000","1","2","1",,"1",,,,,,"2",,,,,,,,,"BK","11217","302","40.6883183729533","-73.9801824120317"
"3860","The Grand Pacific Apartments","All Units Filled","Rental","2023-08-14T00:00:00.000","2023-09-05T00:00:00.000","1","18","3","9","6",,,,"7","7",,"4",,"5","2","50","5",,,"BK","11238","308","40.679784","-73.9611381"
"2242","65 Graham Avenue Apartments - Units Still Available","All Units Filled","Rental","2021-07-27T00:00:00.000","2021-08-26T00:00:00.000","1","3",,,"3",,,,,,,"3",,,,,,,,"BK","11206","301","40.7038522803365","-73.942899348212"
"4460","2537 Ocean Avenue Apartments","Tenant Selection","Rental","2024-01-26T00:00:00.000","2024-02-16T00:00:00.000","1","3",,"3",,,,,,,,"3",,,,,,,,"BK","11229","315","40.5998095946502","-73.9511086735017"
"7098","1229 Eastern Parkway Apartments","All Units Filled","Rental","2025-06-02T00:00:00.000","2025-07-07T00:00:00.000","1","17",,"12","5",,,,,,,"17",,,,,,,,"BK","11213","308","40.6686089440301","-73.927454303613"
"2803","173 Johnson Avenue Apartments","All Units Filled","Rental","2022-04-06T00:00:00.000","2022-06-01T00:00:00.000","1","16","4","4","8",,,,,,,"16",,,,,,,,"BK","11206","301","40.7065807966476","-73.943344255307"
"2603","44 West 128th Street Apartment","All Units Filled","Rental","2022-03-11T00:00:00.000","2022-04-04T00:00:00.000","1","3","2","1",,,,,,,,"3",,,,,,,,"MN","10027","110","40.8089073692332","-73.9428200580315"
"7246","Beach Channel House","Tenant Selection","Rental","2025-09-22T00:00:00.000","2025-11-24T00:00:00.000","1","37","9","8","20",,,,,,,"37",,,,,,,,"QN","11692","414","40.5941828","-73.7896065"
"5340","1889 Atlantic Avenue Apartments","Tenant Selection","Rental","2024-11-19T00:00:00.000","2025-01-22T00:00:00.000","1","27","6","7","14",,,,,"16",,"11",,"5","2","20","5",,,"BK","11233","303","40.677193","-73.922041"
"2131","336 & 338 East 28th Street - Units Still Available","All Units Filled","Rental","2021-05-05T00:00:00.000","2021-06-22T00:00:00.000","2","2",,"2",,,,,,,,"2",,,,,,,,"BK","11226","317","Multiple","Multiple"
"7245","NEHEMIAH GATEWAY SITE 26A","Tenant Selection","Rental","2025-09-12T00:00:00.000","2025-11-12T00:00:00.000","1","64","33","31",,,,,"64",,,,,"5","2",,,,"100","BK","11239","305","40.6570517","-73.8685968"
"2334","196 Willoughby Street Apartments","All Units Filled","Rental","2022-01-18T00:00:00.000","2022-03-21T00:00:00.000","1","143","45","71","27",,,,,,,"143",,,,,,,,"BK","11201","302","40.6919496657893","-73.9799649717282"
"2525","BEACH 21ST APARTMENTS","Tenant Selection","Rental","2021-12-10T00:00:00.000","2022-02-10T00:00:00.000","1","200","30","77","63","30",,,"88","22","90",,,"5","2","50","5",,,"QN","11691","414","40.6033579775151","-73.7538662950897"
"4997","Belmont Daniel LP Waiting List","Tenant Selection","Rental","2024-07-31T00:00:00.000","2024-08-30T00:00:00.000","2","118","3","69","30","16",,,,"83","35",,,,,,,,,"SI","10301","501","40.6425887133138","-74.0803474868221"
"7438","107 Mott Street Apartments","Tenant Selection","Rental","2026-02-19T00:00:00.000","2026-03-12T00:00:00.000","1","3",,"3",,,,,,"1",,"2",,,,,,,,"MN","10013","102","40.7174592","-73.9975392"
"3869","1430 Fulton Street","Tenant Selection","Rental","2023-08-03T00:00:00.000","2023-10-31T00:00:00.000","1","40","15","18","6","1",,,,,,"40",,,,,,,,"BK","11216","303","40.6800582091317","-73.9435831105089"
"3395","Surf Vets Place - Waiting List","Tenant Selection","Rental","2023-08-04T00:00:00.000","2023-09-04T00:00:00.000","1","52",,"27","19","6",,,"28","24",,,,"5","2",,,,,"BK","11224","313","40.5743091106643","-73.9872679831077"
"2683","14 Duffield Street Apartments","All Units Filled","Rental","2022-02-09T00:00:00.000","2022-04-30T00:00:00.000","1","4",,"3","1",,,,,,,"4",,,,,,,,"BK","11201","302","40.6979778444515","-73.9842619206929"
"7224","The Grant","Tenant Selection","Rental","2025-08-18T00:00:00.000","2025-09-18T00:00:00.000","1","12",,"12",,,,,"4","6",,"2",,"5","2","20","5",,,"BX","10452","204","40.840322195859","-73.9220338957617"
"4658","2311 White Plains Road Apartments","Tenant Selection","Rental","2024-05-23T00:00:00.000","2024-06-17T00:00:00.000","1","15","3","4","8",,,,,,,"15",,,,,,,,"BX","10467","211","40.8603724676474","-73.8679674953366"
"3194","3836-3838 Carpenter Avenue","All Units Filled","Rental","2023-02-06T00:00:00.000","2023-02-27T00:00:00.000","2","6","1","3","2",,,,,,,"6",,,,,,,,"BX","10467","212","Multiple","Multiple"
"2978","22 Chapel Street Apartments","All Units Filled","Rental","2022-06-28T00:00:00.000","2022-09-16T00:00:00.000","1","55","23","16","14","2",,,,,,"55",,,,,,,,"BK","11201","302","40.6970393218476","-73.985701052711"
"2074","650 West 42nd Street Apartments","All Units Filled","Rental","2021-04-29T00:00:00.000","2021-06-29T00:00:00.000","1","47","13","28","6",,,,,,,"47",,,,,,,,"MN","10036","104","40.761270234071","-74.0004656602715"
"4403","25-70 32nd Street","All Units Filled","Rental","2024-01-29T00:00:00.000","2024-02-19T00:00:00.000","1","5","1","1","3",,,,,,,"5",,,,,,,,"QN","11102","401","40.7686660106119","-73.9186050861731"
"2988","709 Empire Boulevard Apartments","Closed","Rental","2022-07-14T00:00:00.000","2022-08-04T00:00:00.000","1","4",,"4",,,,,,,,"4",,,,,,,,"BK","11213","309","40.66412227883","-73.9386908465882"
"1846","3915 14th Avenue","Closed","Rental","2020-11-05T00:00:00.000","2020-11-30T00:00:00.000","1","3",,,,"3",,,,,,"3",,,,,,,,"BK","11218","312","40.6387812360827","-73.9842362476342"
"2585","874 Willoughby Avenue Apartments","All Units Filled","Rental","2022-02-15T00:00:00.000","2022-04-18T00:00:00.000","1","28",,"18","10",,,,,"19",,"9",,"5","2","50","2",,,"BK","11221","303","40.6954673057637","-73.9332346802836"
"3501","Marion Creston Apartments","All Units Filled","Rental","2023-05-31T00:00:00.000","2023-08-01T00:00:00.000","2","25","14","6","5",,,"5",,"20",,,,"5","2","50","5",,,"BX","Multiple","207","Multiple","Multiple"
"3655","1001 Bushwick Avenue Apartments","All Units Filled","Rental","2023-05-16T00:00:00.000","2023-06-20T00:00:00.000","1","11",,"5","6",,,,,,,"11",,,,,,,,"BK","11221","304","40.6917603578521","-73.9220994348148"
"4635","414 East 152nd Street Apartments","Tenant Selection","Rental","2024-04-08T00:00:00.000","2024-06-07T00:00:00.000","1","25","8","16","1",,,,,,,"25",,,,,,,,"BX","10455","201","40.8178589","-73.9162782"
"4969","Kings Cottages","Tenant Selection","Rental","2024-11-13T00:00:00.000","2024-12-05T00:00:00.000","1","12",,"12",,,,,,"12",,,,,,,,,,"BX","10463","208","40.8723616005886","-73.9044416091166"
"4899","Park Lane Senior Apartments","All Units Filled","Rental","2024-07-30T00:00:00.000","2024-09-30T00:00:00.000","1","80","80",,,,,,"80",,,,,"5","2",,,,"100","BX","10473","209","40.8228837999815","-73.8575638414935"
"5078","3056 Decatur Avenue Apartments","All Units Filled","Rental","2024-09-09T00:00:00.000","2024-09-30T00:00:00.000","1","3",,"3",,,,,,,,"3",,,,,,,,"BX","10467","207","40.8706772444696","-73.879054503192"
"7285","1652 East 14th Street Apartments","Tenant Selection","Rental","2025-11-03T00:00:00.000","2025-11-26T00:00:00.000","1","6",,"6",,,,,,,,"6",,,,,,,,"BK","11229","315","40.6089420680306","-73.9595475810759"
"2072","948 & 954 Herkimer Street Apartments","All Units Filled","Rental","2021-03-18T00:00:00.000","2021-04-08T00:00:00.000","2","4",,"4",,,,,,,,"4",,,,,,,,"BK","11233","303","Multiple","Multiple"
"7218","Stevenson Senior Residences","Tenant Selection","Rental","2025-10-20T00:00:00.000","2025-12-19T00:00:00.000","1","40","40",,,,,,"40",,,,,"5","2",,,,"100","BX","10473","209","40.8216267042031","-73.8597921700061"
"3306","Pianist Senior 26-46 4th Street Apartments","Tenant Selection","Rental","2023-07-27T00:00:00.000","2023-09-25T00:00:00.000","1","24","5","6","13",,,,,"24",,,,"5","2","50","5",,"100","QN","11102","401","40.774991641966","-73.9342417142693"
"3880","94-50 45th Avenue Apartments","All Units Filled","Rental","2023-07-07T00:00:00.000","2023-09-01T00:00:00.000","1","3",,,"3",,,,,,,"3",,,,,,,,"QN","11373","404","40.7440204091855","-73.8701468543918"
"4398","115 West 190th street Apartments","Tenant Selection","Rental","2024-01-26T00:00:00.000","2024-02-16T00:00:00.000","1","12","1","8","3",,,,,,,"12",,,,,,,,"BX","10468","207","40.8655954059966","-73.9038186308101"
"1777","61 Schaefer Street Apartments","Closed","Rental","2020-09-16T00:00:00.000","2020-10-07T00:00:00.000","1","3",,"3",,,,,,,,"3",,,,,,,,"BK","11207","304","40.6863070609166","-73.9114905863653"
"1907","CLOTH Amsterdam","All Units Filled","Rental","2021-01-11T00:00:00.000","2021-02-02T00:00:00.000","4","15","6","2","5","2",,,"9","6",,,,,,,,,,"MN","Multiple","Multiple","Multiple","Multiple"
"2330","1016 East 13th Street","All Units Filled","Rental","2021-10-19T00:00:00.000","2021-11-25T00:00:00.000","1","3",,"1",,"2",,,,,,"3",,,,,,,,"BK","11230","314","40.6245063504482","-73.9634467226187"
"2847","661 Manida Street Senior Apartments","Tenant Selection","Rental","2022-06-28T00:00:00.000","2022-08-30T00:00:00.000","1","32","23","9",,,,"30",,"2",,,,"5","2","50","5",,"100","BX","10474","202","40.8132203514459","-73.8880747916346"
"3092","Small Homes Rehab - NYCHA Program Cluster III","Tenant Selection","Owner","2022-09-20T00:00:00.000","2022-11-23T00:00:00.000","18","28",,,"12","15","1",,,"9","9",,,"5","2","50","5","25",,"Multiple","Multiple","Multiple","Multiple","Multiple"
"2758","1224 39th STREET APARTMENTS","Tenant Selection","Rental","2022-05-10T00:00:00.000","2022-06-01T00:00:00.000","1","4",,"2","2",,,,,,,"4",,,,,,,,"BK","11218","312","40.6412766866411","-73.9878641592239"
"5246","2528 Grand Avenue Senior","Tenant Selection","Rental","2024-10-03T00:00:00.000","2024-10-24T00:00:00.000","1","19",,"9","10",,,,,"19",,,,"5","2","20","5",,"100","BX","10468","207","40.865214364578","-73.9011293139092"
"3097","305 KINGSLAND AVENUE APARTMENTS","All Units Filled","Rental","2022-08-05T00:00:00.000","2022-09-06T00:00:00.000","1","3","1","2",,,,,,,,"3",,,,,,,,"BK","11222","301","40.7269654022243","-73.9418729363789"
"7250","330 Melrose Street Apartments","Tenant Selection","Rental","2025-09-24T00:00:00.000","2025-10-24T00:00:00.000","1","14","14",,,,,,"3","6","5",,,,,,,,,"BK","11237","304","40.7032236916273","-73.9281343540788"
"1815","225 West 28th Street Apartments","All Units Filled","Rental","2021-02-02T00:00:00.000","2021-04-05T00:00:00.000","1","35","4","24","5","2",,"2",,"33",,,,"5","2","50","5",,,"MN","10001","105","40.74762870507","-73.9942652507176"
"2799","Lyra at 555 West 38th Street","All Units Filled","Rental","2022-06-15T00:00:00.000","2022-09-06T00:00:00.000","1","177","80","78","19",,,,,"59",,"118",,,,,,,,"MN","10018","104","40.7580149673504","-73.9994188555056"
"7470","Bedford Beverly Phase 2","Tenant Selection","Rental","2026-03-11T00:00:00.000","2026-05-11T00:00:00.000","2","196","73","66","57",,,,,,,"196",,,,,,,,"BK","11226","314","Multiple","Multiple"
"2311","25-28 Broadway Apartments","All Units Filled","Rental","2021-08-09T00:00:00.000","2021-08-30T00:00:00.000","1","6",,"4","2",,,,,,,"6",,,,,,,,"QN","11106","401","40.7633009331082","-73.9282067063707"
"2284","THE CROSSING AT JAMAICA STATION - UNITS STILL AVAILABLE","All Units Filled","Rental","2021-07-21T00:00:00.000","2021-08-11T00:00:00.000","1","75","6","29","36","4",,,,,,"75",,,,,,,,"QN","11435","412","40.7005368055465","-73.8067826209154"
"3118","2817 Atlantic Avenue Apartments","All Units Filled","Rental","2022-09-19T00:00:00.000","2022-10-12T00:00:00.000","1","14",,"2","9","3",,,"7","7",,,,"5","2","50","5",,,"BK","11207","305","40.6769098474356","-73.8902287392212"
"7288","874 Home Street Apartments","Tenant Selection","Rental","2025-10-28T00:00:00.000","2025-11-20T00:00:00.000","1","3","1","1","1",,,,,"3",,,,,,,,,,"BX","10459","202","40.8278986667465","-73.8964078650226"
"2322","The Victoria Tower Residences","Tenant Selection","Rental","2021-11-08T00:00:00.000","2022-01-10T00:00:00.000","1","102","10","41","51",,,,"42","22",,"38",,"5","2",,,,,"MN","10027","110","40.8099534243657","-73.9493648473608"
"1769","875 Dekalb Avenue - Units Still Available","Closed","Rental","2020-09-14T00:00:00.000","2020-10-15T00:00:00.000","1","6",,"1","5",,,,,,,"6",,,,,,,,"BK","11221","303","40.6927407581069","-73.9414988946353"
"7151","1975 Madison Avenue Apartments","Tenant Selection","Rental","2025-07-28T00:00:00.000","2025-10-06T00:00:00.000","1","30",,"26","4",,,,,,,"30",,,,,,,,"MN","10035","111","40.8065866521064","-73.9400153505389"
"2349","THE BRYANT","All Units Filled","Rental","2021-09-29T00:00:00.000","2021-12-03T00:00:00.000","1","24","13","6","5",,,,"24",,,,,"5","2","50","5","25",,"BX","10459","202","40.8251799184202","-73.8889218526336"
"2610","64  Scholes Street Senior Housing","All Units Filled","Rental","2022-04-21T00:00:00.000","2022-06-21T00:00:00.000","1","44","44",,,,,,,"44",,,,"5","2","50","5",,"100","BK","11206","301","40.7083778813064","-73.9475844493418"
"5213","Wakefield Grace Senior Apartments","Tenant Selection","Rental","2024-11-12T00:00:00.000","2025-01-13T00:00:00.000","1","50","49","1",,,,,"7","43",,,,"5","2",,,,,"BX","10470","212","40.9047749","-73.8493049"
"7267","60 Buchanan Place Apartments","Tenant Selection","Rental","2025-10-27T00:00:00.000","2025-11-18T00:00:00.000","1","3","3",,,,,,,"3",,,,,,,,,,"BX","10453","305","40.8583575","-73.9067015"
"7219","624 Metropolitan Avenue Apartments","Tenant Selection","Rental","2025-08-27T00:00:00.000","2025-10-08T00:00:00.000","1","5",,"5",,,,,,,,"5",,,,,,,,"BK","11211","301","40.7139841","-73.9481985"
"7178","570 Washington Street Senior Apartments","Tenant Selection","Rental","2025-08-26T00:00:00.000","2025-10-27T00:00:00.000","1","122","57","40","25",,,,"122",,,,,"5","2",,,,,"MN","10014","102","40.7293621331217","-74.0094674998343"
"2932","305 East 165th Street Senior Housing","All Units Filled","Rental","2022-08-15T00:00:00.000","2022-11-01T00:00:00.000","1","37","9","25","3",,,,,"24",,"13",,"5","2","50","5",,"65","BX","10456","204","40.8288663742073","-73.9151203580619"
"7352","The Orchard","Tenant Selection","Rental","2025-11-26T00:00:00.000","2026-01-28T00:00:00.000","1","248","81","107","55","5",,,,,,"248",,,,,,,,"QN","11101","402","40.7481697754278","-73.9388047788377"
"2208","3915 14th Avenue-  Still Units Available","All Units Filled","Rental","2021-06-17T00:00:00.000","2021-07-19T00:00:00.000","1","1",,,,"1",,,,,,"1",,,,,,,,"BK","11218","312","40.6387812360827","-73.9842362476342"
"7237","Williamsburg Wharf A3","Tenant Selection","Rental","2025-11-24T00:00:00.000","2026-01-23T00:00:00.000","1","55","15","33","7",,,,,"55",,,,"5","2","20","10",,,"BK","11249",,"40.7071997","-73.9686561"
"1727","50 Clarkson Avenue Apartments","Closed","Rental","2020-09-21T00:00:00.000","2020-11-23T00:00:00.000","1","28","2","17","9",,,,,,,"28",,,,,,,,"BK","11226","314","40.6549304705888","-73.9580672770138"
"4810","2411 64th Street Apartments","Tenant Selection","Rental","2024-06-06T00:00:00.000","2024-06-28T00:00:00.000","1","3",,"1","2",,,,,,,"3",,,,,,,,"BK","11204","311","40.6115103037489","-73.975926427711"
"1760","22-22 Steinway Street - Units Still Available","Closed","Rental","2020-09-25T00:00:00.000","2020-10-19T00:00:00.000","1","2",,"2",,,,,,,,"2",,,,,,,,"QN","11105","401","40.7723157490283","-73.9067297285322"
"7314","37th and 1st Apartments","Tenant Selection","Rental","2025-12-16T00:00:00.000","2026-02-18T00:00:00.000","1","28","10","14","4",,,,"6","10","12",,,,,,,,,"MN","10016","106","40.7457204998739","-73.9716374421225"
"1888","METCALF AVENUE APARTMENTS","All Units Filled","Rental","2020-12-10T00:00:00.000","2021-02-08T00:00:00.000","1","223","25","94","83","21",,"25","49","50","99",,,"5","2","50","5",,,"BX","10472","209","40.83054521392","-73.8724026712381"
"3830","Plaza 129","All Units Filled","Rental","2023-06-15T00:00:00.000","2023-07-06T00:00:00.000","3","9",,"3",,"6",,,,,,"9",,,,,,,,"QN","11419","409","Multiple","Multiple"
"4044","253 Clarkson Avenue Apartments","All Units Filled","Rental","2023-09-28T00:00:00.000","2023-10-20T00:00:00.000","1","3","3",,,,,,,,,"3",,,,,,,,"BK","11226","309","40.6555811348505","-73.9514714542973"
"5349","113 East 184th Street Apartments","Tenant Selection","Rental","2024-11-13T00:00:00.000","2025-01-16T00:00:00.000","1","50","27","23",,,,,,,,"50",,,,,,,,"BX","10468","205","40.8599435192697","-73.8999441576745"
"3700","69-03/69-05 Ditmars Boulevard Apartments","All Units Filled","Rental","2023-05-18T00:00:00.000","2023-06-23T00:00:00.000","1","5",,,"5",,,,,,,"5",,,,,,,,"QN","11370","401","40.768244718083","-73.8995115202116"
"4164","Lower East Side Cluster ANCP","Tenant Selection","Owner","2024-12-12T00:00:00.000","2025-02-13T00:00:00.000","3","21","4",,"14","3",,,,,"21",,,,,,,,,"MN","10009","103","Multiple","Multiple"
"4452","633 Marcy Avenue Apartment - Waiting List","Tenant Selection","Rental","2024-02-22T00:00:00.000","2024-03-25T00:00:00.000","1","20",,"14","6",,,,,"12",,"8",,,,,,,,"BK","11206","303","40.6929773762627","-73.9484259530098"
"4764","2767 Atlantic Avenue Apartments","All Units Filled","Rental","2024-06-03T00:00:00.000","2024-06-24T00:00:00.000","1","13","2","4","7",,,,"5","5",,"3",,"5","2","20","5",,,"BK","11207","305","40.6766069307402","-73.8920823053537"
"3071","GOTHAM POINT NORTH TOWER","All Units Filled","Rental","2022-07-25T00:00:00.000","2022-09-28T00:00:00.000","1","463","136","167","139","21",,"51","67","35",,"310",,"5","2","50","5",,"20","QN","11101","402","40.7390533359584","-73.961601249201"
"2460","3531 Bruckner Boulevard Apartments","All Units Filled","Rental","2022-01-04T00:00:00.000","2022-01-27T00:00:00.000","1","9","2","4","3",,,,,,,"9",,,,,,,,"BX","10461","210","40.8476745073184","-73.8277094992908"
"3815","Horizon HDFC - Units Still Available","Tenant Selection","Owner","2023-07-27T00:00:00.000","2023-08-28T00:00:00.000","1","10",,,"10",,,,,,,"10",,,,"50",,,,"MN","10031","109","40.8283074311848","-73.9495279370272"
"1940","3554 Carlisle Place","All Units Filled","Rental","2021-01-04T00:00:00.000","2021-01-26T00:00:00.000","1","4","1","2","1",,,,,,,"4",,,,,,,,"BX","10467","212","40.8780397489381","-73.8629674876978"
"2784","1223 Putnam Avenue Apartments","All Units Filled","Rental","2022-03-17T00:00:00.000","2022-04-14T00:00:00.000","1","6",,"3","3",,,,,,,"6",,,,,,,,"BK","11221","304","40.6914046330121","-73.9158578840813"
"4028","2264 Atlantic Avenue Apartments","All Units Filled","Rental","2023-09-20T00:00:00.000","2023-10-12T00:00:00.000","1","3",,"1","2",,,,,,,"3",,,,,,,,"BK","11233","316","40.6760132778243","-73.9103542026503"
"3648","31-22 60th Street Apartments","All Units Filled","Rental","2023-04-28T00:00:00.000","2023-05-19T00:00:00.000","1","2",,"2",,,,,,,,"2",,,,,,,,"QN","11377","401","40.7566785414381","-73.9029183110452"
"4559","One Archer-Waiting List","All Units Filled","Rental","2024-03-18T00:00:00.000","2024-04-17T00:00:00.000","1","94","22","55","17",,,,,,,"94",,,,,,,,"QN","11433","104","40.7029434","-73.7982687"
"7298","The Andrea","Tenant Selection","Rental","2025-11-13T00:00:00.000","2026-01-13T00:00:00.000","1","28","11","12","5",,,,"11","11",,"6",,,,,,,,"MN","10001","104","40.74604236433","-73.9979284658873"
"2312","3315 & 3317 Parkside Place","All Units Filled","Rental","2021-10-06T00:00:00.000","2021-10-28T00:00:00.000","2","6",,"4","2",,,,,,,"6",,,,,,,,"BX","10467","207","Multiple","Multiple"
"7210","Bryant Avenue Apartments","Tenant Selection","Rental","2025-09-15T00:00:00.000","2025-10-06T00:00:00.000","2","8",,"8",,,,,,,,"8",,,,,,,,"BX","10460","203","Multiple","Multiple"
"7187","1840 Harrison Avenue Apartments","Tenant Selection","Rental","2025-08-06T00:00:00.000","2025-10-10T00:00:00.000","1","53",,"1","52",,,,,,,"53",,,,,,,,"BX","10453","205","40.85123441245","-73.9133061754075"
"2155","379 Harman Street - Units Still Available","All Units Filled","Rental","2021-05-04T00:00:00.000","2021-06-18T00:00:00.000","1","4",,"3","1",,,,,,,"4",,,,,,,,"BK","11237","304","40.7017315929853","-73.9174317307876"
"1776","79 Truxton Street Apartment","All Units Filled","Rental","2021-08-19T00:00:00.000","2021-09-10T00:00:00.000","1","3",,"3",,,,,,,,"3",,,,,,,,"BK","11233","316","40.6787549683597","-73.906478419518"
"1839","1027 Reverend James Polite Avenue Apartments","All Units Filled","Rental","2020-10-28T00:00:00.000","2020-11-20T00:00:00.000","1","6","1","4","1",,,,,,,"6",,,,,,,,"BX","10459","202","40.8241243435275","-73.8991236270943"
"2235","152 East 116th Street HDFC - Units Still Available","All Units Filled","Owner","2021-08-19T00:00:00.000","2021-10-21T00:00:00.000","1","7",,,"7",,,,,,"7",,,,"2",,,,,"MN","10029","111","40.7982873914767","-73.9415578344923"
"5182","VICTORY PLAZA Senior - Waiting List","Tenant Selection","Rental","2024-08-21T00:00:00.000","2024-09-19T00:00:00.000","1","79","78","1",,,,,"79",,,,,"5","2",,,,"100","MN","10026","110","40.8024178807665","-73.9465423823591"
"3803","139 15th Street Apartments","All Units Filled","Rental","2024-03-28T00:00:00.000","2024-04-19T00:00:00.000","1","3",,"3",,,,,,,,"3",,,,,,,,"BK","11215","306","40.6671383842357","-73.9920516911432"
"3898","The Eliza","All Units Filled","Rental","2023-08-15T00:00:00.000","2023-10-13T00:00:00.000","1","138","34","59","38","7",,"17","35","86",,,,"5","2","50","5",,,"MN","10034","112","40.8659466644639","-73.9260748531389"
"4860","952 Bedford Avenue Apartments","Tenant Selection","Rental","2024-06-24T00:00:00.000","2024-07-16T00:00:00.000","1","10",,"6","4",,,,,"5",,"5",,"5","2","20","5",,,"BK","11205","303","40.6921459837877","-73.9556674997893"
"2029","The Garnet","All Units Filled","Rental","2021-02-08T00:00:00.000","2021-04-09T00:00:00.000","1","94","24","42","28",,,,"21",,"23","50",,"5","2","50","5",,,"BK","11213","303","40.6796480414302","-73.9360482713103"
"7386","3602 Holland Avenue Apartments","Tenant Selection","Rental","2025-12-31T00:00:00.000","2026-01-22T00:00:00.000","1","13","12","1",,,,,,,,"13",,,,,,,,"BX","10467","212","40.8788473510348","-73.8635263276053"
"4565","2175 Davidson Ave Apartments","All Units Filled","Rental","2024-03-13T00:00:00.000","2024-04-03T00:00:00.000","1","6","6",,,,,,,,,"6",,,,,,,,"BX","10453","205","40.8567702889925","-73.9060509754018"
"2756","55 Summit Street Cooperatives","All Units Filled","Owner","2023-03-10T00:00:00.000","2023-03-31T00:00:00.000","1","5","1",,"4",,,,,"5",,,,"5","5","50","5",,,"BK","11231","306","40.6826163457651","-74.004766486701"
"3350","325 Lafayette Avenue Apartments - Units Still Available`","Tenant Selection","Rental","2023-02-09T00:00:00.000","2023-03-15T00:00:00.000","1","16","14","2",,,,,,,,"16",,,,,,,,"BK","11238","302","40.6888410060547","-73.9626253795888"
"2171","1255 Bedford Avenue Apartments-Units Still Available","All Units Filled","Rental","2021-04-29T00:00:00.000","2021-06-01T00:00:00.000","1","2",,"2",,,,,,,,"2",,,,,,,,"BK","11216","303","40.6801832023303","-73.9529786275367"
"2887","802 Howard Avenue Apartments","All Units Filled","Rental","2022-06-02T00:00:00.000","2022-07-25T00:00:00.000","1","3",,"3",,,,,,,,"3",,,,,,,,"BK","11212","316","40.6622079043425","-73.9189116041346"
"4131","The Grosvenor Senior Apartments","All Units Filled","Rental","2023-11-17T00:00:00.000","2023-12-08T00:00:00.000","1","17",,"14","3",,,,,"12",,"5",,"5","2","50","5",,"70","QN","11418","409","40.7069723196024","-73.8362462508727"
"2966","1915 Beverly Road Apartments","Tenant Selection","Rental","2022-06-13T00:00:00.000","2022-07-06T00:00:00.000","1","6","2","2","2",,,,,,,"6",,,,,,,,"BK","11226","314","40.6447647959208","-73.9609131976019"
"2001","3 West 128th Street - Units Still Available","All Units Filled","Rental","2021-02-04T00:00:00.000","2021-03-08T00:00:00.000","1","2",,"2",,,,,,,,"2",,,,,,,,"MN","10027","110","40.8087144080603","-73.941169382842"
"4532","4622 Fort Hamilton Street Apartments","All Units Filled","Rental","2024-02-16T00:00:00.000","2024-03-15T00:00:00.000","1","5",,"5",,,,,,,,"5",,,,,,,,"BK","11219","312","40.6414363175455","-73.9930997058689"
"1851","BPHN Senior Residences 1488 New York Avenue","All Units Filled","Rental","2020-11-25T00:00:00.000","2021-02-05T00:00:00.000","1","58","58",,,,,,"58",,,,,"5","2",,,,"100","BK","11210","317","40.6366558984987","-73.945464555259"
"3259","1200 & 1202 Decatur Street Apartments","All Units Filled","Rental","2022-10-20T00:00:00.000","2022-11-14T00:00:00.000","2","6",,"4","2",,,,,,,"6",,,,,,,,"BK","11207","304","Multiple","Multiple"
"3011","1537, 1539, 1541 Dean Street Apartments","All Units Filled","Rental","2022-07-27T00:00:00.000","2022-08-25T00:00:00.000","3","9",,"3","6",,,,,,,"9",,,,,,,,"BK","11213","308","Multiple","Multiple"
"3191","461 Alabama Avenue Apartments","All Units Filled","Rental","2022-10-28T00:00:00.000","2022-11-10T00:00:00.000","1","19","9","9","1",,,,"3","16",,,,"5",,"50","5",,,"BK","11207","305","40.6648637552865","-73.8969638489937"
"2951","378 Weirfield Street Apartments","Tenant Selection","Rental","2022-06-27T00:00:00.000","2022-07-19T00:00:00.000","1","12","3","3","6",,,,,,,"12",,,,,,,,"BK","11237","304","40.6958658270108","-73.9064147493613"
"3452","1 Sullivan Place Senior Apartments","All Units Filled","Rental","2023-05-19T00:00:00.000","2023-06-09T00:00:00.000","1","6","2","2","2",,,,,"6",,,,"5","2","50","5",,"100","BK","11225","309","40.6642225253338","-73.9608297054965"
"7217","Grant TPT Apartments","Tenant Selection","Rental","2026-02-12T00:00:00.000","2026-03-06T00:00:00.000","3","19",,"8","11",,,,,"19",,,,"2","2","20","10",,,"BX","10456","Multiple","Multiple","Multiple"
"7261","86-15 60th Road Apartments","Tenant Selection","Rental","2025-10-16T00:00:00.000","2025-11-07T00:00:00.000","1","3",,"3",,,,,,,,"3",,,,,,,,"QN","11373","406","40.7306041403609","-73.8726914606332"
"3449","Woodside Central","Tenant Selection","Rental","2023-03-21T00:00:00.000","2023-05-22T00:00:00.000","2","144","39","76","29",,,,,"144",,,,"5","2","50","5",,,"QN","11377","402","Multiple","Multiple"
"4538","Fabric Astoria 45th Street Apartments","All Units Filled","Rental","2024-04-08T00:00:00.000","2024-06-10T00:00:00.000","1","20","2","6","10","2",,,,"19",,"1",,"5","2","50","5",,,"QN","11105","401","40.7699148259704","-73.9042672969976"
"7171","779 Burke Avenue Apartments","Tenant Selection","Rental","2025-07-23T00:00:00.000","2025-08-13T00:00:00.000","1","6","3","1","2",,,,,,,"6",,,,,,,,"BX","10467","212","40.8716399913869","-73.8637038295398"
"3811","1502 46th Street Apartments","Tenant Selection","Rental","2023-06-14T00:00:00.000","2023-07-13T00:00:00.000","1","5",,,"2","3",,,,,,"5",,,,,,,,"BK","11219","312","40.6337749522668","-73.985833502996"
"3642","1325 Southern Boulevard Apartments","Tenant Selection","Rental","2023-08-01T00:00:00.000","2023-10-02T00:00:00.000","1","22","5","10","5","2",,,"6","13","3",,,"5","2","50","5",,,"BX","10459","203","40.8313499670495","-73.8917301399986"
"3930","The 88 aka 153-10 88th Avenue Apartments","Tenant Selection","Rental","2023-10-18T00:00:00.000","2024-01-17T00:00:00.000","1","67","18","35","14",,,,,"44",,"23",,"5","2","50","5",,,"QN","11432","412","40.7024605165905","-73.8017206004036"
"7286","The East","Tenant Selection","Rental","2025-10-16T00:00:00.000","2025-12-16T00:00:00.000","1","60","23","24","13",,,,,"20",,"40",,,,,,"25",,"MN","10009","103","40.7282978276016","-73.9761295811086"
"7167","66 East 177th Street Apartments","Tenant Selection","Rental","2025-07-15T00:00:00.000","2025-08-05T00:00:00.000","1","11","4","5","2",,,,,"11",,,,,,,,,,"BX","10453","205","40.8498036374881","-73.9087319870069"
"7448","169-30 90th Avenue Apartments","Tenant Selection","Rental","2026-02-17T00:00:00.000","2026-03-10T00:00:00.000","1","16","2","6","8",,,,,,,"16",,,,,,,,"QN","11432","412","40.708805","-73.791227"
"7423","Lighthouse Point - Units Still Available","Tenant Selection","Rental","2026-02-03T00:00:00.000","2026-03-06T00:00:00.000","1","5",,,"5",,,,,,,"5",,,,,,,,"SI","10301","501","40.6414994192187","-74.0757339619409"
"4976","Marcus Garvey Apartments","All Units Filled","Rental","2024-07-31T00:00:00.000","2024-09-30T00:00:00.000","1","117","30","43","44",,,,"43","74",,,,"5","2","20","5",,,"MN","10027","110","40.8086937847867","-73.9497956743698"
"4747","3418 Third Avenue Apartments","Tenant Selection","Rental","2024-05-15T00:00:00.000","2024-06-06T00:00:00.000","1","13","3","8","2",,,,,,,"13",,,,,,,,"BX","10456","203","40.8287032839583","-73.9065314436149"
"1743","21-34 Broadway - Units Still Available","All Units Filled","Rental","2020-11-25T00:00:00.000","2020-12-28T00:00:00.000","1","12",,"6","6",,,,,,,"12",,,,,,,,"QN","11106","401","40.7644058747556","-73.9307469135442"
"4295","1042 President Street","Tenant Selection","Rental","2023-12-05T00:00:00.000","2023-12-26T00:00:00.000","1","18","4","7","7",,,,,"18",,,,"5","2","50","5",,"100","BK","11225","309","40.6685716343341","-73.9570097179138"
"1714","The Cove 43-12 Hunter Street","All Units Filled","Rental","2020-10-01T00:00:00.000","2021-01-05T00:00:00.000","1","37","19","13","5",,,,,,,"37",,,,,,,,"QN","11101","402","40.7481028402914","-73.9420602096499"
"1822","834 Pacific Street","All Units Filled","Rental","2020-11-05T00:00:00.000","2021-01-08T00:00:00.000","1","34","18","13","2","1",,,,,,"34",,,,,,,,"BK","11238","308","40.6805668669474","-73.9670358172579"
"3652","375 Lefferts Avenue Apartments","All Units Filled","Rental","2023-04-17T00:00:00.000","2023-05-08T00:00:00.000","1","13","3","10",,,,,,,,"13",,,,,,,,"BK","11225","309","40.6624831346069","-73.948878456467"
"1779","522 Grand Street Apartments","All Units Filled","Rental","2021-02-09T00:00:00.000","2021-03-03T00:00:00.000","1","3",,"3",,,,,,,,"3",,,,,,,,"BK","11211","301","40.7107396408106","-73.9504357558241"
"2279","550 Prospect Place Apartment","All Units Filled","Rental","2021-07-20T00:00:00.000","2021-08-16T00:00:00.000","1","13","1","10","2",,,,,,,"13",,,,,,,,"BK","11238","308","40.6754697811533","-73.9584365063337"
"4068","1073 Tiffany Street Apartments","Tenant Selection","Rental","2023-09-21T00:00:00.000","2023-11-21T00:00:00.000","1","13","13",,,,,,,,,"13",,,,,,,,"BX","10459","202","40.8251964661416","-73.8948619918781"
"2943","Park 79 Apartments","Tenant Selection","Rental","2022-06-03T00:00:00.000","2022-08-05T00:00:00.000","1","53","53",,,,,,"53",,,,,"5","2",,,,"100","MN","10024","107","40.7824406375132","-73.9759332361384"
"3335","Sunset Ridge Senior Apartments","All Units Filled","Rental","2023-01-16T00:00:00.000","2023-03-17T00:00:00.000","1","57","36","21",,,,,"57",,,,,"15","8",,,,"100","BK","11220","307","40.63901657507","-74.0203073878822"
"5296","Bedford Green House II","Tenant Selection","Rental","2024-10-29T00:00:00.000","2024-12-30T00:00:00.000","1","46","32","9","5",,,"16","17","13",,,,"5","2","20","5",,,"BX","10468","207","40.8715186228079","-73.8916141148045"
"3085","2750-2754 Frederick Douglas Boulevard Apartments","All Units Filled","Rental","2022-08-08T00:00:00.000","2022-09-12T00:00:00.000","2","9",,"7","2",,,,,,,"9",,,,,,,,"MN","10039","110","Multiple","Multiple"
"3714","2809 SNYDER AVENUE APARTMENTS - Units Still Available","All Units Filled","Rental","2023-05-17T00:00:00.000","2023-06-07T00:00:00.000","1","1",,,"1",,,,,,,"1",,,,,,,,"BK","11226","317","40.6491086747829","-73.9508527216999"
"2531","312 Broadway - Units Still Available","All Units Filled","Rental","2021-12-15T00:00:00.000","2022-01-18T00:00:00.000","1","2","2",,,,,,,,,"2",,,,,,,,"BK","11211","301","40.708154252081","-73.9577668861233"
"2821","COMUNILIFE THIRD AVENUE - EL BORINQUEN","All Units Filled","Rental","2022-06-03T00:00:00.000","2022-08-05T00:00:00.000","1","57","34","23",,,,,"29","28",,,,"5","2","50","5",,"20","BX","10456","203","40.8284707323178","-73.9074604185292"
"4418","Norwood Terrace Waiting List","Tenant Selection","Rental","2024-07-25T00:00:00.000","2024-08-26T00:00:00.000","1","56",,"17","37","2",,,"3","53",,,,,,,,,,"BX","10467","207","40.8780721987307","-73.8721089596783"
"7184","340 & 342  Melrose Street Apartments","Tenant Selection","Rental","2025-09-11T00:00:00.000","2025-10-02T00:00:00.000","2","5","1","4",,,,,,,,"5",,,,,,,,"BK","11237","304","Multiple","Multiple"
"7230","Ruby Square","Tenant Selection","Rental","2025-09-29T00:00:00.000","2025-11-28T00:00:00.000","1","185","1","137","47",,,,,"93",,"92",,"5","2","20","5",,,"QN","11432","412","40.7058490514191","-73.79320573876"
"7294","556 Baltic Street Apartments","Tenant Selection","Rental","2025-12-08T00:00:00.000","2026-02-09T00:00:00.000","1","23","4","10","9",,,,"9","9","5",,,"5","2","20","10",,,"BK","11217","306","40.6814349466379","-73.9830688160836"
"2586","3508 Tryon Avenue Apartments","All Units Filled","Rental","2022-01-13T00:00:00.000","2022-02-21T00:00:00.000","1","8",,"4","4",,,,,,,"8",,,,,,,,"BX","10467","207","40.8805964749314","-73.8763748975202"
"4741","339 West 38TH Street Apartments","Tenant Selection","Rental","2024-06-20T00:00:00.000","2024-08-19T00:00:00.000","1","30","15","12","3",,,,"12","12",,"6",,"5","2","20","5",,,"MN","10018","104","40.7556789985683","-73.9933441436762"
"3643","28 Bartlett Street Apartments","All Units Filled","Rental","2023-04-28T00:00:00.000","2023-05-30T00:00:00.000","1","4",,,,"4",,,,,,"4",,,,,,,,"BK","11206","301","40.7008706088735","-73.9468438063458"
"4584","The Peninsula A1 aka Edgemere Commons Apartments","All Units Filled","Rental","2024-04-11T00:00:00.000","2024-06-10T00:00:00.000","1","134",,"77","50","7",,"38",,"96",,,,"5","2","50","5",,,"QN","11691","414","40.594652","-73.783071"
"3177","2339 Stuart St Apartments","Tenant Selection","Rental","2022-09-21T00:00:00.000","2022-10-28T00:00:00.000","1","3",,,"3",,,,,,,"3",,,,,,,,"BK","11229","315","40.5998847462532","-73.9316305652396"
"5031","EBENEZER PLAZA PHASE 2","Tenant Selection","Rental","2024-08-03T00:00:00.000","2024-10-03T00:00:00.000","1","165","15","94","46","10",,"21","51","93",,,,"5","2","20","5",,,"BK","11212","316","40.6572052807665","-73.9026521994864"
"1764","1801 Broadway Apartments","All Units Filled","Rental","2020-09-15T00:00:00.000","2020-10-06T00:00:00.000","1","13","2","4","7",,,,,,,"13",,,,,,,,"BK","11207","304","40.6821738895752","-73.9085648089198"
"2138","334 Evergreen Avenue Apartment","Tenant Selection","Rental","2021-05-07T00:00:00.000","2021-06-22T00:00:00.000","1","3",,"1","2",,,,,,,"3",,,,,,,,"BK","11221","304","40.6947954865714","-73.9253558679375"
"2959","One East Harlem Residences","All Units Filled","Rental","2022-05-27T00:00:00.000","2022-08-01T00:00:00.000","1","268","75","63","116","14",,,"101",,"74","93",,"5","2","50","5",,,"MN","10035","111","40.8037653504437","-73.9354450060664"
"1978","345 East 94th Street Apartments","All Units Filled","Rental","2021-02-09T00:00:00.000","2021-03-11T00:00:00.000","1","11","5","6",,,,,,,"11",,,,,,,,,"MN","10128","108","40.7822657430151","-73.9458472125959"
"4688","Union Avenue Apartments","Tenant Selection","Owner","2024-06-26T00:00:00.000","2024-08-26T00:00:00.000","3","42",,,"15","17","10",,,,"42",,,,,,,,,"BX","Multiple","Multiple","Multiple","Multiple"
"4709","606 West 57th Street - Waiting List","Tenant Selection","Rental","2024-07-11T00:00:00.000","2024-08-12T00:00:00.000","1","258","55","109","86","8",,,"103","103","52",,,"5","2",,,,,"MN","10019","104","40.7704346932199","-73.9926711594195"
"5332","250 West 96th Street Condominium","All Units Filled","Owner","2024-12-16T00:00:00.000","2025-01-17T00:00:00.000","1","1",,"1",,,,,,"1",,,,"5",,"20","5",,,"MN","10025","107","40.7945990058093","-73.9723894953676"
"2851","15 Bridge Park Drive - Units Still Available","All Units Filled","Rental","2022-05-27T00:00:00.000","2022-06-29T00:00:00.000","1","4","4",,,,,,,,,"4",,,,,,,,"BK","11201","302","40.6923960614442","-74.0004543611306"
"7135","722 Saint Lawrence Avenue Apartments","Tenant Selection","Rental","2025-07-17T00:00:00.000","2025-08-07T00:00:00.000","1","4","2","2",,,,,,"4",,,,,,,,,,"BX","10473","209","40.8201943","-73.8643505"
"4837","3327 White Plains Road Apartments","Tenant Selection","Rental","2024-06-10T00:00:00.000","2024-07-02T00:00:00.000","1","7","1","3","3",,,,,,,"7",,,,,,,,"BX","10467","212","40.8740537767028","-73.867083360983"
"3568","Gemma Gramercy 200 East 23rd Street","All Units Filled","Rental","2023-05-31T00:00:00.000","2023-07-31T00:00:00.000","1","28","16","7","5",,,,"11","11",,"6",,"5","2","50","5",,,"MN","10010","106","40.7386686958134","-73.9827836314464"
"3893","280 West 24th Street Senior Apartments","All Units Filled","Rental","2023-08-25T00:00:00.000","2023-10-26T00:00:00.000","1","48","13","24","10","1",,,"19","25",,"4",,"5","2","50","5",,"90","MN","10011","104","40.7458474895774","-73.9980692203685"
"4417","160-14 Hillside Avenue Apartments","All Units Filled","Rental","2024-01-19T00:00:00.000","2024-02-12T00:00:00.000","1","14",,"12","2",,,,,,,"14",,,,,,,,"QN","11432","412","40.7078470371965","-73.800871387563"
"1832","Centennial Astoria Apartments","Closed","Rental","2020-11-12T00:00:00.000","2020-12-04T00:00:00.000","1","14",,"9","5",,,,,,,"14",,,,,,,,"QN","11106","401","40.7676853549852","-73.9299420571083"
"5367","258, 260, 262 Rockaway Avenue Apartments","All Units Filled","Rental","2024-11-07T00:00:00.000","2025-01-09T00:00:00.000","3","21",,"21",,,,,,,,"21",,,,,,,,"BK","11233","316","Multiple","Multiple"
"3734","739 East Gun Hill Road Apartments","All Units Filled","Rental","2023-06-14T00:00:00.000","2023-08-16T00:00:00.000","1","41","9","11","17","4",,,,,,"41",,,,,,,,"BX","10467","212","40.876930532976","-73.8649911475052"
"3562","The Lyric","All Units Filled","Rental","2023-03-23T00:00:00.000","2023-04-13T00:00:00.000","1","15","5","9","1",,,,,,,"15",,,,,,,,"MN","10025","107","40.7936741850633","-73.9730363422142"
"2363","1634 Church Avenue - Units Still Available","All Units Filled","Rental","2021-09-28T00:00:00.000","2021-11-15T00:00:00.000","1","4",,"4",,,,,,,,"4",,,,,,,,"BK","11226","314","40.648855698527","-73.9645361108869"
"1842","Roosevelt Parc Apartments","All Units Filled","Rental","2020-11-09T00:00:00.000","2021-01-12T00:00:00.000","1","47","15","19","9","4",,,,,,"47",,,,,,,,"QN","11372","403","40.7472318102128","-73.8943498483841"
"3086","99, 101 & 103 Grove Street","All Units Filled","Rental","2022-09-13T00:00:00.000","2022-10-21T00:00:00.000","3","9",,"9",,,,,,,,"9",,,,,,,,"BK","11221","304","Multiple","Multiple"
"7155","12 Rockwell Place & 625 Fulton Street Apartments","Tenant Selection","Rental","2025-07-16T00:00:00.000","2025-09-15T00:00:00.000","2","331","93","143","95",,,,,"52",,"279",,"5","2","20","5",,,"BK","11201","302","Multiple","Multiple"
"1785","1626 & 1630 Brooklyn Avenue","All Units Filled","Rental","2020-09-04T00:00:00.000","2020-09-28T00:00:00.000","2","6",,"6",,,,,,,,"6",,,,,,,,"BK","11210","317","Multiple","Multiple"
"2483","417 Manhattan Avenue","All Units Filled","Rental","2021-11-17T00:00:00.000","2021-12-09T00:00:00.000","1","3",,"2","1",,,,,,,"3",,,,,,,,"BK","11222","301","40.7190438143901","-73.9471215182733"
"4752","154 Lenox Road Apartments","All Units Filled","Rental","2024-04-16T00:00:00.000","2024-05-07T00:00:00.000","1","13",,"6","7",,,,,,,"13",,,,,,,,"BK","11226","317","40.6537395","-73.9543605"
"7150","1663 East New York Avenue Apartments","Tenant Selection","Rental","2025-08-27T00:00:00.000","2025-09-17T00:00:00.000","1","11","4",,,"7",,,"4","7",,,,"5","2","20","5",,,"BK","11212","316","40.6741770672716","-73.906953496401"
"1855","24 Wilson Avenue","All Units Filled","Rental","2020-11-16T00:00:00.000","2020-12-08T00:00:00.000","1","5",,"5",,,,,,,,"5",,,,,,,,"BK","11237","304","40.7032139580649","-73.9301576823547"
"4290","SENDERO VERDE PHASE II","All Units Filled","Rental","2023-12-11T00:00:00.000","2024-03-11T00:00:00.000","1","276","75","131","53","17",,"35","51","69","121",,,"5","2","50","5",,,"MN","10029","111","40.7971285250051","-73.9459723672573"
"4438","Euclid Glenmore Apartments","All Units Filled","Rental","2024-02-15T00:00:00.000","2024-04-16T00:00:00.000","1","53",,"14","32","7",,"7","33","13",,,,"5","2","50","5",,"27","BK","11208","305","40.6764437916954","-73.8721603366868"
"2693","The Ariel at 44-46 Purves Street","Tenant Selection","Rental","2022-04-11T00:00:00.000","2022-05-02T00:00:00.000","1","15","3","11","1",,,,,,,"15",,,,,,,,"QN","11101","402","40.7461672023819","-73.9408998105081"
"4348","833-837 Maple Street Apartments","Tenant Selection","Rental","2023-12-15T00:00:00.000","2024-01-19T00:00:00.000","2","10",,"8","2",,,,,,,"10",,,,,,,,"BK","11203","309","Multiple","Multiple"
"4663","Elmcor Permanent Supportive Residences","All Units Filled","Rental","2024-05-30T00:00:00.000","2024-06-21T00:00:00.000","1","9","9",,,,,,"1","8",,,,"5","2",,,,"100","QN","11368","403","40.7574243869173","-73.8641865985453"
"3858","92 West 169th Street Apartments","All Units Filled","Rental","2023-09-25T00:00:00.000","2023-10-17T00:00:00.000","1","12","6","4","2",,,,,,,"12",,,,,,,,"BX","10452","204","40.8395325079758","-73.9232093769149"
"4549","1821 Prospect Avenue Apartments","Tenant Selection","Rental","2024-03-19T00:00:00.000","2024-05-20T00:00:00.000","1","32","31",,"1",,,,,,,"32",,,,,,,,"BX","10457","206","40.8420428267156","-73.8911561572118"
"7226","1601 DeKalb","Tenant Selection","Rental","2025-09-05T00:00:00.000","2025-11-05T00:00:00.000","1","81","33","24","6","18",,,"15","20","46",,,"5","2","20","5",,,"BK","11237","304","40.7039156091389","-73.9201628780821"
"4017","210 Clarkson Avenue Apartments","All Units Filled","Rental","2023-10-30T00:00:00.000","2024-01-18T00:00:00.000","1","40",,"29","11",,,,,,,"40",,,,,,,,"BK","11226","317","40.6552713944729","-73.9524772052493"
"7170","202 Tillary Street Apartments","Tenant Selection","Rental","2025-08-11T00:00:00.000","2025-10-10T00:00:00.000","1","120","39","66","15",,,,"48","48","24",,,"5","2","20","5","21",,"BK","11201","302","40.6957295","-73.9817655"
"7191","The Everly","Tenant Selection","Rental","2025-08-28T00:00:00.000","2025-10-28T00:00:00.000","1","171","104","52","15",,,,,"25",,"146",,"5","2","20","5",,,"BK","11217","302","40.6894659","-73.9788206"
"3785","36-10 31st Street Apartments","All Units Filled","Rental","2023-07-07T00:00:00.000","2023-08-03T00:00:00.000","1","13","3","9","1",,,,,,,"13",,,,,,,,"QN","11106","401","40.7563415857526","-73.930365471335"
"1711","535 Grand Street Apartments","All Units Filled","Rental","2020-08-25T00:00:00.000","2020-09-16T00:00:00.000","1","3",,,"3",,,,,,,"3",,,,,,,,"BK","11211","301","40.7113103500128","-73.9499700201304"
"1765","23-61 31st Street Apartments","All Units Filled","Rental","2020-10-26T00:00:00.000","2020-11-18T00:00:00.000","1","3",,"3",,,,,,,,"3",,,,,,,,"QN","11105","401","40.7728787567037","-73.9142277422044"
"4950","208 East Mosholu Parkway South","Tenant Selection","Rental","2024-06-24T00:00:00.000","2024-07-26T00:00:00.000","1","18","15","3",,,,,,,,"18",,,,,,,,"BX","10458","207","40.8736159274179","-73.8835292231761"
"3324","2057 Strauss Street Apartments","All Units Filled","Rental","2022-12-09T00:00:00.000","2022-12-30T00:00:00.000","1","3",,"3",,,,,,,,"3",,,,,,,,"BK","11212","316","40.6637721729812","-73.9147609288818"
"3549","841a Morris Park Avenue Apartments","All Units Filled","Rental","2023-04-17T00:00:00.000","2023-05-08T00:00:00.000","1","3",,"3",,,,,,,,"3",,,,,,,,"BX","10462","211","40.8462512515625","-73.8612040937685"
"2802","535 East 12th Street Apartments","Tenant Selection","Rental","2022-07-21T00:00:00.000","2022-08-26T00:00:00.000","1","11","1","10",,,,,,,,"11",,"5","2",,,,,"MN","10009","103","40.7287076031754","-73.9804049211516"
"5727","Longview","All Units Filled","Rental","2025-02-25T00:00:00.000","2025-04-28T00:00:00.000","1","50",,"35","15",,,,"20","20","10",,,"5","2","20","5",,,"BK","11215","306","40.6727889","-73.9870356"
"1876","Gloria Bleecker - Units Still Available","Tenant Selection","Rental","2021-01-04T00:00:00.000","2021-02-04T00:00:00.000","1","6",,"3","3",,,,,,,"6",,,,,,,,"BK","11237","304","40.7023799131499","-73.9144338578176"
"4448","88 Bay 34 Street Apartments","Tenant Selection","Rental","2024-01-24T00:00:00.000","2024-02-14T00:00:00.000","1","3",,,"3",,,,,,,"3",,,,,,,,"BK","11214","311","40.5984089559425","-73.9930105274195"
"1965","Debevoise Senior Housing","All Units Filled","Rental","2021-03-19T00:00:00.000","2021-05-25T00:00:00.000","1","44","26","18",,,,,"44",,,,,,,,,,"100","BK","11206","301","40.7015211124431","-73.941188240727"
"7283","Nova Astoria","Tenant Selection","Rental","2025-12-10T00:00:00.000","2026-02-09T00:00:00.000","1","50",,"25","25",,,,,"19","25","6",,,,"20","10",,,"QN","11106","401","40.7624619","-73.9384145"
"2282","44 Kent Street Apartments - Waiting List","Closed","Rental","2021-08-19T00:00:00.000","2021-10-08T00:00:00.000","1","13","3","3","7",,,,,,,"13",,,,,,,,"BK","11222","301","40.7301019860104","-73.9595353684942"
"2186","161-01 89 Avenue Apartments","All Units Filled","Rental","2021-09-21T00:00:00.000","2021-11-22T00:00:00.000","1","27","27",,,,,,"27",,,,,"5","2",,,,"100","QN","11432","412","40.7066320029498","-73.7998073983237"
"7192","37-18 Broadway Apartments","Tenant Selection","Rental","2025-09-11T00:00:00.000","2025-10-02T00:00:00.000","1","5","1","2","2",,,,,,,"5",,,,,,,,"QN","11103","401","40.7593064","-73.9200945"
"7301","The Franklin Apartments","Tenant Selection","Rental","2025-12-31T00:00:00.000","2026-02-05T00:00:00.000","1","16",,"9","7",,,,,,,"16",,,,,,,,"MN","10027","110","40.8142866201375","-73.947750310525"
"4049","61-13 Utopia Parkway","All Units Filled","Rental","2023-09-13T00:00:00.000","2023-10-12T00:00:00.000","1","3",,"1","2",,,,,,,"3",,,,,,,,"QN","11365","408","40.738422","-73.792375"
"5313","Jasper Hunter's Point Apartments","Tenant Selection","Rental","2024-10-21T00:00:00.000","2024-12-21T00:00:00.000","1","150","17","90","41","2",,,,,,"150",,,,,,,,"QN","11101","402","40.7434986053595","-73.9580801003057"
"1798","2265 Hughes Avenue Apartment","Closed","Rental","2020-11-20T00:00:00.000","2020-12-14T00:00:00.000","1","5",,,"5",,,,,,,"5",,,,,,,,"BX","10457","206","40.8524674274109","-73.8884931219648"
"4077","703 West 171st street Apartments","All Units Filled","Rental","2023-10-27T00:00:00.000","2023-11-20T00:00:00.000","1","3",,"2","1",,,,,"3",,,,,,,,,,"MN","10032","112","40.8444315422369","-73.9414630808693"
"3846","230 Boerum Street Apartments","All Units Filled","Rental","2023-06-26T00:00:00.000","2023-08-17T00:00:00.000","1","3",,"3",,,,,,,,"3",,,,,,,,"BK","11206","301","40.7061144359212","-73.9384827073329"
"1923","Andrews Avenue Apartments","All Units Filled","Rental","2021-02-19T00:00:00.000","2021-03-22T00:00:00.000","1","21","1","11","7","1","1",,,,"21",,,,"2",,,,,"BX","10453","205","40.8482363554795","-73.9197330326053"
"2266","Muller Apartments - 555 Nereid Avenue","All Units Filled","Rental","2021-08-24T00:00:00.000","2021-10-25T00:00:00.000","1","35","35",,,,,,,"35",,,,"5","2","50","5",,,"BX","10470","212","40.9004606520987","-73.8580487138062"
"7302","227 Clarkson Avenue Apartments","Tenant Selection","Rental","2025-11-26T00:00:00.000","2025-12-18T00:00:00.000","1","4",,"4",,,,,,,,"4",,,,,,,,"BK","11226","309","40.6555320680733","-73.9522824009324"
"7416","Morningside ANCP","Tenant Selection","Owner","2026-02-12T00:00:00.000","2026-04-13T00:00:00.000","2","19",,,"7","12",,,,"19",,,,,,,,,,"MN","10026","110","Multiple","Multiple"
"1945","25-18 32  Street Astoria Apartments","All Units Filled","Rental","2021-04-01T00:00:00.000","2021-04-22T00:00:00.000","1","3","1","1","1",,,,,,,"3",,,,,,,,"QN","11102","401","40.7694836897361","-73.9182466753996"
"3854","1818 Prospect Avenue Apartments","Closed","Rental","2023-07-11T00:00:00.000","2023-08-01T00:00:00.000","1","5",,,,"5",,,,,,"5",,,,,,,,"BX","10457","206","40.8419739461321","-73.890877980246"
"1840","2001 Arthur Avenue Apartments","All Units Filled","Rental","2020-12-17T00:00:00.000","2021-01-11T00:00:00.000","1","14",,"8","6",,,,,,,"14",,,,,,,,"BX","10457","206","40.8476217540237","-73.8929506431523"
"4334","488 Marcus Garvey Boulevard  Apartments","All Units Filled","Rental","2023-12-06T00:00:00.000","2023-12-27T00:00:00.000","1","6",,"6",,,,,,,,"6",,,,,,,,"BK","11216","303","40.6801649958088","-73.937756725816"
"4803","The Starhill Phase 1","Tenant Selection","Rental","2024-05-31T00:00:00.000","2024-07-30T00:00:00.000","1","125",,"35","90",,,"13","28","84",,,,"5","2","20","5",,,"BX","10453","205","40.8463972","-73.9165378"
"4058","336 East 112th Street Apartments","Tenant Selection","Rental","2023-09-29T00:00:00.000","2023-11-03T00:00:00.000","1","8",,"5","3",,,,,,,"8",,,,,,,,"MN","10029","111","40.7938336558835","-73.9381380080816"
"3134","8 Marcy Avenue Apartments","Tenant Selection","Rental","2022-10-07T00:00:00.000","2022-12-12T00:00:00.000","1","37","8","21","8",,,,,"24",,"13",,"5","2","50","5",,,"BK","11211","301","40.7137660608224","-73.9545348887867"
"7325","52 4th Avenue Apartments","Tenant Selection","Rental","2025-12-15T00:00:00.000","2026-01-05T00:00:00.000","1","19",,"17","2",,,,"7","8",,"4",,"5","2","20","10",,,"BK","11217",,"40.6831375","-73.9794849"
"3376","147 Stanhope Street Apartments","Active","Rental","2023-01-26T00:00:00.000","2023-02-16T00:00:00.000","1","3",,"1","2",,,,,,,"3",,,,,,,,"BK","11221","304","40.6986170607609","-73.9224989437791"
"2068","74-10 Broadway Apartments - Units Still Available","All Units Filled","Rental","2021-05-28T00:00:00.000","2021-06-28T00:00:00.000","1","3",,,"3",,,,,,,"3",,,,,,,,"QN","11373","404","40.7465426597473","-73.8911678259785"
"7172","Marcus Garvey C-E","Tenant Selection","Rental","2025-08-13T00:00:00.000","2025-10-13T00:00:00.000","2","89","4","29","30","26",,,"16","73",,,,"5","2","20","5",,,"BK","11212","316","Multiple","Multiple"
"4594","2754 Creston Avenue Apartments","Tenant Selection","Rental","2024-03-13T00:00:00.000","2024-04-15T00:00:00.000","1","19","19",,,,,,,,,"19",,,,,,,,"BX","10468","207","40.8693765216163","-73.8932301821005"
"1994","383 12th Street Apartments","All Units Filled","Rental","2021-05-07T00:00:00.000","2021-06-22T00:00:00.000","1","3",,"3",,,,,,,,"3",,,,,,,,"BK","11215","306","40.6657431869","-73.9839126709339"
"2641","56-12 Van Cleef Apartments","All Units Filled","Rental","2022-04-08T00:00:00.000","2022-05-02T00:00:00.000","1","3",,"3",,,,,,,,"3",,,,,,,,"QN","11368","404","40.7408296657147","-73.8530443847051"
"1726","186 East 205th Street Apartments","All Units Filled","Rental","2021-09-29T00:00:00.000","2021-10-21T00:00:00.000","1","19","5","9","5",,,,,,,"19",,,,,,,,"BX","10458","207","40.8750167981328","-73.8846007058294"
"7211","2311 Grand Avenue Apartments","Tenant Selection","Rental","2025-08-27T00:00:00.000","2025-09-18T00:00:00.000","1","5","1","3","1",,,,,"5",,,,,,,,,,"BX","10468","207","40.8605133","-73.9051088"
"2228","1489 & 1495 Brooklyn Avenue - Units still available","All Units Filled","Rental","2021-06-16T00:00:00.000","2021-07-19T00:00:00.000","1","6",,,"6",,,,,,,"6",,,,,,,,"BK","11210","317","40.6370166573883","-73.9422827683064"
"7205","717 Bartholdi Street Apartments","Tenant Selection","Rental","2025-08-06T00:00:00.000","2025-08-27T00:00:00.000","1","3",,"3",,,,,,"3",,,,,,,,,,"BX","10467","212","40.8743989","-73.8662457"
"2216","1089 President Street Apartments","All Units Filled","Rental","2021-06-24T00:00:00.000","2021-08-25T00:00:00.000","1","55","12","30","12","1",,"4","12","39",,,,"5","2","50","5",,,"BK","11225","309","40.6684664901007","-73.9548108897412"
"3443","14-43 31st Avenue Apartments","All Units Filled","Rental","2023-01-31T00:00:00.000","2023-03-01T00:00:00.000","1","7","3","4",,,,,,,,"7",,,,,,,,"QN","11106","401","40.7678914643394","-73.9303606153254"
"1787","975 Liberty Avenue Apartments","All Units Filled","Rental","2020-09-11T00:00:00.000","2020-10-02T00:00:00.000","1","13",,"6","7",,,,"5","5",,"3",,"5","2","50","5",,,"BK","11208","305","40.6777683568014","-73.8735926885211"
"3489","The Suffolk Apartments","All Units Filled","Rental","2023-02-10T00:00:00.000","2023-04-12T00:00:00.000","1","95","32","42","20","1",,,"76",,"19",,,"5","2","50","5",,,"MN","10002","103","40.7169500106425","-73.9871577656933"
"3807","Estela","Tenant Selection","Rental","2023-07-13T00:00:00.000","2023-09-12T00:00:00.000","2","164","3","109","52",,,,,"114",,"50",,"5","2","50","5",,,"BX","10451","201","Multiple","Multiple"
"2321","111 Varick Street Apartments","All Units Filled","Rental","2021-09-24T00:00:00.000","2021-11-23T00:00:00.000","1","30","8","15","7",,,,,"25",,"5",,"5","2","50","5",,,"MN","10013","102","40.724597451907","-74.006313620481"
"4905","Hanover House","Tenant Selection","Rental","2024-06-24T00:00:00.000","2024-08-23T00:00:00.000","1","95",,"87","8",,,,,,,"95",,,,,,,,"BK","11201","302","40.6888265242334","-73.9824539450921"
"3431","APEX PLACE PHASE 2","All Units Filled","Rental","2023-01-13T00:00:00.000","2023-02-10T00:00:00.000","1","122","10","40","62","10",,"1","29","28","36","28",,"5","2","50","5",,,"QN","11375","406","40.736764","-73.849802"
"3829","493-495 Myrtle Avenue Apartments","All Units Filled","Rental","2023-07-28T00:00:00.000","2023-08-18T00:00:00.000","1","7","3","4",,,,,,"4",,"3",,"5","2","50","5",,,"BK","11205","302","40.6937302983953","-73.9653668909949"
"3004","The Deermar","All Units Filled","Rental","2022-07-07T00:00:00.000","2022-09-08T00:00:00.000","1","22","5","10","7",,,,,,,"22",,,,,,,,"BK","11215","306","40.6699597216719","-73.9885690913565"
"3117","31-07 Astoria Apartments","All Units Filled","Rental","2022-09-27T00:00:00.000","2022-10-19T00:00:00.000","1","3",,"1","2",,,,,,,"3",,,,,,,,"QN","11106","401","40.7642831335835","-73.9232997471325"
"1849","27 Buchanan Place","Tenant Selection","Rental","2020-11-04T00:00:00.000","2020-11-27T00:00:00.000","1","8","2","3","3",,,,,,,"8",,,,,,,,"BX","10453","205","40.8580981826871","-73.9053875496811"
"5331","372 East 194th Street Apartments","All Units Filled","Rental","2024-09-26T00:00:00.000","2024-10-16T00:00:00.000","1","7",,"6","1",,,,,,,"7",,,,,,,,"BX","10458","207","40.8634317420974","-73.8905535454721"
"3231","110 West 123rd Street Apartments","All Units Filled","Rental","2022-10-20T00:00:00.000","2022-11-30T00:00:00.000","1","2",,,"2",,,,,,,"2",,,,,,,,"MN","10027","110","40.8066039596033","-73.9473517717969"
"1878","850 Flatbush Avenue Apartments - Units Still Available","Tenant Selection","Rental","2020-12-15T00:00:00.000","2021-01-19T00:00:00.000","1","3",,"1","2",,,,,,,"3",,,,,,,,"BK","11226","314","40.6515686030159","-73.9594352432482"
"2362","1510 Gates Avenue Apartments","Tenant Selection","Rental","2021-10-01T00:00:00.000","2021-12-01T00:00:00.000","1","21","5","5","11",,,,,,,"21",,,,,,,,"BK","11237","304","40.6986761739442","-73.9130357287137"
"2508","SVEN","All Units Filled","Rental","2022-01-18T00:00:00.000","2022-03-21T00:00:00.000","1","288","50","188","41","9",,,,,,"288",,,,,,,,"QN","11101","401","40.7502156035211","-73.9355871277465"
"3013","1110 DeKalb Avenue Apartments","All Units Filled","Rental","2022-10-14T00:00:00.000","2022-11-04T00:00:00.000","1","9","1","8",,,,,,,,"9",,,,,,,,"BK","11221","303","40.693604409551","-73.929965806523"
"4907","388 Vernon Avenue Apartments","All Units Filled","Rental","2024-06-17T00:00:00.000","2024-07-08T00:00:00.000","1","3",,"3",,,,,,,,"3",,,,,,,,"BK","11206","303","40.6959681024127","-73.9354231633875"
"4485","The Gregory","All Units Filled","Rental","2024-01-31T00:00:00.000","2024-02-22T00:00:00.000","1","12","3","3","4","2",,,,,,"12",,,,,,,,"BK","11213","308","40.6717587965259","-73.9452123473546"
"2752","2524 Albemarle Road Apartments","All Units Filled","Rental","2022-03-24T00:00:00.000","2022-04-25T00:00:00.000","1","2",,"2",,,,,,,,"2",,,,,,,,"BK","11226","317","40.6477483390243","-73.9534411287722"
"3119","737 Fenimore Street Apartments","All Units Filled","Rental","2022-08-04T00:00:00.000","2022-09-06T00:00:00.000","1","2",,"2",,,,,,,,"2",,,,,,,,"BK","11203","309","40.6594831700491","-73.9378877554193"
"4392","3745 Riverdale Avenue Apartments","Tenant Selection","Rental","2024-03-26T00:00:00.000","2024-05-27T00:00:00.000","1","27","6","7","14",,,,,,,"27",,,,,,,,"BX","10463","208","40.8877754283738","-73.9073706315303"
"3377","The Reserve aka 212 East 125th Street Apartments","All Units Filled","Rental","2023-05-25T00:00:00.000","2023-07-24T00:00:00.000","1","34","8","9","17",,,,,"28",,"6",,"5","2","50","5",,,"MN","10035","111","40.8034688351308","-73.9352935871585"
"5184","27-01 Jackson Avenue Apartments","Tenant Selection","Rental","2024-08-26T00:00:00.000","2024-10-25T00:00:00.000","1","41","6","10","25",,,,,"7","16","18",,"5","2","20","5",,,"QN","11101","402","40.7478745429951","-73.9411076204543"
"2248","The Arches - Units Still Available","All Units Filled","Rental","2021-07-20T00:00:00.000","2021-10-11T00:00:00.000","1","60","1","25","34",,,,,,,"60",,,,,,,,"BX","10451","201","40.809743355239","-73.9307069644336"
"2827","332 East 28th Street Apartments","All Units Filled","Rental","2022-05-06T00:00:00.000","2022-05-31T00:00:00.000","1","2",,"1","1",,,,,,,"2",,,,,,,,"BK","11226","317","40.6422329913784","-73.9508577860161"
"2702","The Bishop Rene Valero Senior Residence","All Units Filled","Rental","2022-04-13T00:00:00.000","2022-06-15T00:00:00.000","1","56","7","49",,,,,"56",,,,,"5","2",,,,"100","QN","11106","401","40.7658072623854","-73.9288177074885"
"4518","61 Delmonico Place Apartments","All Units Filled","Rental","2024-02-09T00:00:00.000","2024-03-15T00:00:00.000","1","3",,"3",,,,,,,,"3",,,,,,,,"BK","11206","303","40.6984379028007","-73.9450497746077"
"2364","1225 42nd Street Apartments - Units still available","All Units Filled","Rental","2021-12-17T00:00:00.000","2022-01-11T00:00:00.000","1","1",,,"1",,,,,,,"1",,,,,,,,"BK","11219","312","40.6399510924858","-73.9892444284287"
"4751","3633 Kingsbridge Avenue Apartments","All Units Filled","Rental","2024-05-02T00:00:00.000","2024-05-23T00:00:00.000","1","3",,"3",,,,,,,,"3",,,,,,,,"BX","10463","208","40.8846006521214","-73.9017333646592"
"2256","107 West 105th Street HDFC","All Units Filled","Owner","2021-07-30T00:00:00.000","2021-08-30T00:00:00.000","1","6",,,"6",,,,,,"6",,,,,,,,,"MN","10025","107","40.7988015837875","-73.96390001054"
"3072","1399 Myrtle Avenue Apartments","All Units Filled","Rental","2022-08-19T00:00:00.000","2022-09-12T00:00:00.000","1","15","2","10","3",,,,,,,"15",,,,,,,,"BK","11237","304","40.6988160958552","-73.920544049341"
"2053","PARK HAVEN","All Units Filled","Rental","2021-02-26T00:00:00.000","2021-04-26T00:00:00.000","1","127","33","48","30","16",,"17","34","76",,,,"5","2","50","5",,,"BX","10454","201","40.8094973610248","-73.9157663897425"
"4554","1946 Ocean Avenue Apartments","All Units Filled","Rental","2024-05-22T00:00:00.000","2024-06-26T00:00:00.000","1","15",,"2","13",,,,,,,"15",,,,,,,,"BK","11230","314","40.6144353269473","-73.9546709766131"
"3361","195 Herzl Street Apartments","All Units Filled","Rental","2022-12-16T00:00:00.000","2023-01-12T00:00:00.000","1","3",,"3",,,,,,,,"3",,,,,,,,"BK","11212","316","40.6653831617866","-73.9144957357125"
"2548","41-30 66th Street Apartments","All Units Filled","Rental","2021-12-22T00:00:00.000","2022-01-14T00:00:00.000","1","5",,"5",,,,"2",,,,"3",,,,,,,,"QN","11377","402","40.7441146562766","-73.8983822598123"
"2233","111 East 115th Street Apartments - Waiting List","Tenant Selection","Rental","2021-07-15T00:00:00.000","2021-08-16T00:00:00.000","1","10","1","4","5",,,,,,,"10",,,,,,,,"MN","10029","111","40.7985873543701","-73.9431323132886"
"2877","1111 Foster Avenue Apartments","All Units Filled","Rental","2022-05-26T00:00:00.000","2022-06-20T00:00:00.000","1","18","4","8","4","2",,,,,,"18",,,,,,,,"BK","11230","314","40.6327800933999","-73.9665586298133"
"7201","694 Rutland Road Apartments","All Units Filled","Rental","2025-08-18T00:00:00.000","2025-09-18T00:00:00.000","1","3",,"1","2",,,,,,,"3",,,,,,,,"BK","11203","309","40.6601857594617","-73.9377501378162"
"2400","RADROC","All Units Filled","Rental","2021-10-09T00:00:00.000","2021-12-08T00:00:00.000","2","227","51","108","57","11",,,"101","126",,,,"5","2","50","5",,,"QN","11691","414","Multiple","Multiple"
"2759","912 Broadway Apartments","All Units Filled","Rental","2022-06-17T00:00:00.000","2022-08-18T00:00:00.000","1","25",,"12","13",,,,,,,"25",,,,,,,,"BK","11206","303","40.6975605594729","-73.9363051695813"
"2240","Buckingham House - Waiting List","Tenant Selection","Rental","2021-09-02T00:00:00.000","2021-10-04T00:00:00.000","1","14","14",,,,,,"14",,,,,"5",,,,,,"SI","10302","501","40.6404220917472","-74.1319612147452"
"2874","Sea Breeze Tower - Units Still Available","All Units Filled","Rental","2022-05-11T00:00:00.000","2022-06-13T00:00:00.000","1","6","2","4",,,,,,,,"6",,,,,,,,"BK","11224","313","40.5762221076697","-73.97131344359"
"1996","1825 Eastern Parkway","Tenant Selection","Rental","2021-02-11T00:00:00.000","2021-03-05T00:00:00.000","1","3","1","1","1",,,,,,,"3",,,,,,,,"BK","11233","316","40.6751832037174","-73.9088880378419"
"4873","18-26 Redfern Avenue Apartments","Tenant Selection","Rental","2024-07-25T00:00:00.000","2024-09-24T00:00:00.000","1","58","37","9","12",,,,,"58",,,,"5","2","20","5",,,"QN","11691","414","40.6055302","-73.7545946"
"7152","The Carroll","Tenant Selection","Rental","2025-08-28T00:00:00.000","2025-10-28T00:00:00.000","1","23","3","11","9",,,,"9","9",,"5",,"5","2","20","5",,,"BK","11231","306","40.6778059","-73.994946"
"3135","27-15 27th Street Apartments","Tenant Selection","Rental","2023-10-20T00:00:00.000","2023-11-10T00:00:00.000","1","3",,"3",,,,,,,,"3",,,,,,,,"QN","11102","401","40.7692920984905","-73.9230159924976"
"2767","1259 Bedford Avenue Apartments","All Units Filled","Rental","2022-03-29T00:00:00.000","2022-05-09T00:00:00.000","1","14","6","6","2",,,,,,,"14",,,,,,,,"BK","11216","303","40.6800158755153","-73.9532347269157"
"3717","492 Kings Highway","Tenant Selection","Rental","2023-05-25T00:00:00.000","2023-09-29T00:00:00.000","1","4",,"2","2",,,,,,,"4",,,,,,,,"BK","11223","315","40.6040544154195","-73.9714527382557"
"4626","The Mozart Long Island City aka 39-04 29th Street Apartments","All Units Filled","Rental","2024-03-14T00:00:00.000","2024-04-05T00:00:00.000","1","6","1","3","2",,,,,,,"6",,,,,,,,"QN","11101","401","40.7534348032559","-73.9348946298361"
"7278","622 11th Avenue Apartments","Tenant Selection","Rental","2025-11-26T00:00:00.000","2026-01-26T00:00:00.000","1","22","4","5","13",,,,,"22",,,,"5","2","20","10",,,"MN","10036",,"40.7631256","-73.9964344"
"3457","46 Stockholm Street Apartments","All Units Filled","Rental","2023-01-18T00:00:00.000","2023-02-08T00:00:00.000","1","2",,"1","1",,,,,,,"2",,,,,,,,"BK","11221","304","40.6962039711739","-73.9260034156613"
"4710","90 Liberty Avenue Apartments","All Units Filled","Rental","2024-05-09T00:00:00.000","2024-05-30T00:00:00.000","1","3",,"1","2",,,,,,,"3",,,,,,,,"BK","11212","316","40.6726841925706","-73.9073052618767"
"5179","420 Carroll Street Apartments","Tenant Selection","Rental","2024-08-27T00:00:00.000","2024-10-28T00:00:00.000","2","90","12","50","21","7",,,"36","36","17","1",,"5","2","20","5",,,"BK","11215","306","Multiple","Multiple"
"2490","30 Kent Street Apartments","All Units Filled","Rental","2021-12-21T00:00:00.000","2022-02-19T00:00:00.000","1","24","8","6","10",,,,,"6",,"18",,"5","2","50","5",,,"BK","11222","301","40.7300747248724","-73.9600693808957"
"2939","52 Roosevelt Apartments","All Units Filled","Rental","2022-06-10T00:00:00.000","2022-07-05T00:00:00.000","1","12",,"6","6",,,,,,,"12",,,,,,,,"QN","11377","402","40.7438300468548","-73.9128071742629"
"3402","41-25 149th Place","Tenant Selection","Rental","2023-04-17T00:00:00.000","2023-05-08T00:00:00.000","1","3",,,"3",,,,,,,"3",,,,,,,,"QN","11355","407","40.7596178950245","-73.8134985226175"
"2187","209 211 213 Troy Avenue - Units Still Available","Tenant Selection","Rental","2021-06-01T00:00:00.000","2021-07-15T00:00:00.000","1","3",,,"3",,,,,,,"3",,,,,,,,"BK","11213","308","40.672228919785","-73.9360589901507"
"2139","The Cascade G","All Units Filled","Rental","2021-05-28T00:00:00.000","2021-07-29T00:00:00.000","1","44","3","7","22","12",,,,"44",,,,"5","2","50","5",,,"BK","11206","303","40.6955489359284","-73.9477856642867"
"1847","312 Broadway","All Units Filled","Rental","2020-11-13T00:00:00.000","2020-12-07T00:00:00.000","1","8","2","4","2",,,,,,,"8",,,,,,,,"BK","11211","301","40.7083381194145","-73.9576802039459"
"2484","Cypress Avenue Apartments","All Units Filled","Rental","2022-02-18T00:00:00.000","2022-04-20T00:00:00.000","1","26","10","6","10",,,,,"26",,,,"5","2","50","5",,,"QN","11385","405","40.692641032605","-73.8941045933947"
"3615","The Tate Apartments","All Units Filled","Rental","2023-04-28T00:00:00.000","2023-05-19T00:00:00.000","1","16","8","7","1",,,,,,,"16",,,,,,,,"MN","10011","104","40.7486113469103","-74.0052764802511"
"4816","2093 Matthews Avenue Apartments","Tenant Selection","Rental","2024-05-30T00:00:00.000","2024-06-21T00:00:00.000","1","13","2","9","2",,,,,,,"13",,,,,,,,"BX","10462","211","40.8535405624781","-73.8629709700889"
"7139","1440 Amsterdam Avenue Apartments","Tenant Selection","Rental","2025-07-24T00:00:00.000","2025-09-22T00:00:00.000","1","147","20","66","61",,,,,,,"147",,,,,,"25",,"MN","10027","109","40.8167706102627","-73.9542513652441"
"4095","97-01 55th Avenue Apartments","All Units Filled","Rental","2023-10-11T00:00:00.000","2023-11-15T00:00:00.000","1","3",,"1","2",,,,,,,"3",,,,,,,,"QN","11368","404","40.7388565772454","-73.8645564341249"
"2243","312 97th Street - Units Still Available","Tenant Selection","Rental","2021-07-20T00:00:00.000","2021-08-19T00:00:00.000","1","5",,"2","3",,,,,,,"5",,,,,,,,"BK","11209","310","40.6154959853823","-74.0339874018736"
"1928","1533 East 19th Street","Closed","Rental","2021-02-18T00:00:00.000","2021-03-11T00:00:00.000","1","17","1","14","2",,,,,,,"17",,,,,,,,"BK","11230","314","40.6127390971765","-73.9548053927171"
"3596","659 East 222nd Street Apartments","All Units Filled","Rental","2023-04-05T00:00:00.000","2023-04-26T00:00:00.000","1","3","1","2",,,,,,,,"3",,,,,,,,"BX","10467","212","40.886191733705","-73.863178527329"
"2286","150 Lenox Road Apartments","All Units Filled","Rental","2021-08-03T00:00:00.000","2021-09-20T00:00:00.000","1","13",,,"13",,,,,,,"13",,,,,,,,"BK","11226","317","40.6535402865141","-73.9545795359713"
"7292","214-33 41st Avenue Apartments - Units Still Available","Tenant Selection","Rental","2025-10-06T00:00:00.000","2025-11-07T00:00:00.000","1","2",,"2",,,,,,,,"2",,,,,,,,"QN","11361","411","40.7639447795489","-73.770095111184"
"5139","Bethany Senior Terraces","Tenant Selection","Rental","2024-08-22T00:00:00.000","2024-10-31T00:00:00.000","1","39","31","8",,,,,"39",,,,,"5","2",,,,"100","BK","11203","317","40.6406874364199","-73.9389033506275"
"2087","61 Schaefer Street Apartments - Units Still Available","All Units Filled","Rental","2021-04-02T00:00:00.000","2021-05-03T00:00:00.000","1","3",,"3",,,,,,,,"3",,,,,,,,"BK","11207","304","40.6863070609166","-73.9114905863653"
"4282","Rose Castle Waiting List","Tenant Selection","Rental","2023-12-21T00:00:00.000","2024-01-22T00:00:00.000","1","77","18","20","39",,,,,"14","15","48",,,,,,,,"BK","11205","303","40.6980925837943","-73.9595547963992"
"4534","The Sierra Chelsea","All Units Filled","Rental","2024-04-22T00:00:00.000","2024-05-13T00:00:00.000","1","11","11",,,,,,,,,"11",,,,,,,,"MN","10011","104","40.7381786479334","-73.9976436374116"
"2135","200 Clifton Place Apartments","Closed","Rental","2021-04-28T00:00:00.000","2021-05-19T00:00:00.000","1","3",,,"3",,,,,,,"3",,,,,,,,"BK","11216","303","40.6883145885932","-73.9564633276275"
"1870","Beck Street Co-ops - Units Still Available","All Units Filled","Owner","2020-12-10T00:00:00.000","2021-01-11T00:00:00.000","1","4",,,,,"4",,,,"4",,,,,,,,,"BX","10455","202","40.8159118581418","-73.8988000910273"
"3229","64 NORFOLK SENIOR HOUSING","All Units Filled","Rental","2022-09-30T00:00:00.000","2022-12-05T00:00:00.000","1","86","60","26",,,,,"48","38",,,,"5","2","50","5",,"100","MN","10002","103","40.7170653619347","-73.9878142858001"
"3157","LINDEN TERRACE II","All Units Filled","Rental","2022-09-14T00:00:00.000","2022-11-14T00:00:00.000","1","128","8","69","38","13",,"14","36","78",,,,"5","2","50","5",,,"BK","11208","305","40.6687537657999","-73.8587977863838"
"7235","250 West 49th Street Apartments","Tenant Selection","Rental","2025-09-02T00:00:00.000","2025-11-03T00:00:00.000","1","42","10","11","21",,,,,"14",,"28",,,,,,,,"MN","10019","105","40.7612627","-73.9861776"
"4112","911 Bryant Avenue Apartments","All Units Filled","Rental","2023-10-19T00:00:00.000","2023-11-28T00:00:00.000","1","2",,"2",,,,,,,,"2",,,,,,,,"BX","10474","202","40.8201305277697","-73.8870154093757"
"5068","36-22 31 Street Astoria Apartments","Tenant Selection","Rental","2024-11-18T00:00:00.000","2024-12-09T00:00:00.000","1","3","1","2",,,,,,,,"3",,,,,,,,"QN","11106","401","40.7561522790464","-73.9304992204877"
"7188","211 Nostrand Avenue Apartments","Tenant Selection","Rental","2025-07-21T00:00:00.000","2025-09-03T00:00:00.000","1","9",,,,,"9",,,,,"9",,,,,,,,"BK","11205","303","40.6918039709032","-73.9515460586732"
"2009","972 Washington Avenue Apartments","All Units Filled","Rental","2021-04-26T00:00:00.000","2021-06-25T00:00:00.000","1","41","41",,,,,,,"41",,,,"5","2","50","5",,,"BX","10456","203","40.8253188438325","-73.9097194674337"
"4583","132-53 41st Avenue Apartments","All Units Filled","Rental","2024-03-06T00:00:00.000","2024-03-28T00:00:00.000","1","5",,"4",,"1",,,,,,"5",,,,,,,,"QN","11355","407","40.7573133569368","-73.8320220307843"
"4458","236 Berry Street Apartments","All Units Filled","Rental","2024-02-05T00:00:00.000","2024-03-15T00:00:00.000","1","15",,"15",,,,,,,,"15",,,,,,,,"BK","11249","301","40.7152923047849","-73.9625961181877"
"1927","45-07 48th Avenue Apartments","Tenant Selection","Rental","2021-04-16T00:00:00.000","2021-05-07T00:00:00.000","1","4",,"2","2",,,,,,,"4",,,,,,,,"QN","11377","402","40.7396138171038","-73.9199685414665"
"3215","The Vitagraph Units Still Available","All Units Filled","Rental","2022-10-05T00:00:00.000","2022-12-05T00:00:00.000","1","23",,"13","10",,,,,,,"23",,,,,,,,"BK","11230","314","40.618779710603","-73.9604133186507"
"7321","96-11 37th Avenue Apartments","Tenant Selection","Rental","2025-12-02T00:00:00.000","2025-12-23T00:00:00.000","1","4",,"2","2",,,,,"4",,,,,,,,,,"QN","11368","403","40.7519063515251","-73.8703877402309"
"7179","558 Sackett Street Apartments","Tenant Selection","Rental","2025-08-28T00:00:00.000","2025-09-29T00:00:00.000","1","10",,"5","5",,,,"4","4",,"2",,"5","2","20","5",,,"BK","11217","306","40.679288","-73.986506"
"2102","16 Bartlett Street","All Units Filled","Owner","2021-04-21T00:00:00.000","2021-05-21T00:00:00.000","1","2",,,"2",,,,,"2",,,,"5","2","50","5",,,"BK","11206","301","40.7004892143726","-73.9471218093392"
"3255","Waterside Plaza Waiting List","Tenant Selection","Rental","2022-12-13T00:00:00.000","2023-02-09T00:00:00.000","5","26","3","12","9","2",,,,,,"26",,,,,,,,"MN","Multiple","106","Multiple","Multiple"
"1999","142 Lenox Road","All Units Filled","Rental","2021-02-04T00:00:00.000","2021-02-26T00:00:00.000","1","5","1",,"4",,,,,,,"5",,,,,,,,"BK","11226","317","40.6535293784078","-73.9547597404169"
"4162","Bed-Stuy Central","Tenant Selection","Owner","2023-10-13T00:00:00.000","2023-12-14T00:00:00.000","11","11",,,"3","8",,,,,"5","6",,"5","2","50","5",,,"BK","Multiple","Multiple","Multiple","Multiple"
"5341","Trylon Tower Apartments","Tenant Selection","Rental","2024-11-26T00:00:00.000","2025-01-27T00:00:00.000","1","43",,"33","9","1",,,"17","19","7",,,"5","2","20","5",,,"QN","11374","406","40.7276112418512","-73.8554728219063"
"7194","204 Schenck Avenue Apartments","Tenant Selection","Rental","2025-10-09T00:00:00.000","2025-10-31T00:00:00.000","1","2",,"1","1",,,,,"2",,,,,,,,,,"BK","11207","305","40.6760363889224","-73.8895812482688"
"1836","Uptown 6","All Units Filled","Rental","2020-12-16T00:00:00.000","2021-02-16T00:00:00.000","6","32","15","1","12","2","2",,,"32",,,,,"2",,,,,"MN","Multiple","110","Multiple","Multiple"
"1771","2490 3rd Avenue Apartments","All Units Filled","Rental","2020-09-29T00:00:00.000","2020-10-21T00:00:00.000","1","9","2","5","2",,,,,,,"9",,,,,,,,"BX","10454","201","40.8100083305702","-73.9286367753064"
"3759","2279 Barker Avenue Apartments","Tenant Selection","Rental","2023-06-08T00:00:00.000","2023-08-10T00:00:00.000","1","22","6","13","3",,,,,,,"22",,,,,,,,"BX","10467","211","40.8597103014119","-73.8697727530877"
"4256","2008 Crotona Avenue Apartments","All Units Filled","Rental","2024-01-26T00:00:00.000","2024-02-16T00:00:00.000","1","3",,"1","2",,,,,,,"3",,,,,,,,"BX","10457","206","40.8470502346989","-73.8893841231626"
"5304","679 Marcy Avenue Apartments","All Units Filled","Rental","2024-09-12T00:00:00.000","2024-10-11T00:00:00.000","1","3",,"3",,,,,,,,"3",,,,,,,,"BK","11216","303","40.6911493280201","-73.9483552475178"
"2296","310 Graham Avenue - Waiting List","Tenant Selection","Rental","2021-08-02T00:00:00.000","2021-09-01T00:00:00.000","1","8",,"2","3","3",,,,,,"8",,,,,,,,"BK","11211","301","40.7132645471323","-73.9438580067119"
"3147","63 Lewis Avenue","All Units Filled","Rental","2022-09-06T00:00:00.000","2022-10-11T00:00:00.000","1","5",,"5",,,,,,,,"5",,,,,,,,"BK","11206","303","40.6955301060127","-73.9375368273671"
"1805","Sea Breeze Tower","All Units Filled","Rental","2020-09-29T00:00:00.000","2020-12-02T00:00:00.000","1","34","7","12","11","4",,,,,,"34",,,,,,,,"BK","11224","313","40.5762221076697","-73.97131344359"
"4065","912 Broadway Apartments - Unit Still Available","All Units Filled","Rental","2023-09-22T00:00:00.000","2023-10-23T00:00:00.000","1","4",,,"4",,,,,,,"4",,,,,,,,"BK","11206","303","40.6973357391944","-73.9367597792815"
"2486","BROOKLYN CROSSING 18th SIXTH AVENUE APARTMENTS","All Units Filled","Rental","2022-01-10T00:00:00.000","2022-03-14T00:00:00.000","1","258","79","134","45",,,,,,,"258",,,,,,,,"BK","11217","302","40.6825091797461","-73.9738853190705"
"2655","One Bell Slip Apartments","All Units Filled","Rental","2022-02-17T00:00:00.000","2022-04-19T00:00:00.000","1","125","70","32","23",,,,,"42",,"83",,"5","2","50","5",,,"BK","11222","301","40.7367192552135","-73.9585967639195"
"7284","313 East 17th Street Apartments","Tenant Selection","Rental","2025-10-16T00:00:00.000","2025-12-15T00:00:00.000","1","22","1","10","11",,,,"5","10","7",,,,,,,,,"MN","10003","106","40.7341425798741","-73.9826621186815"
"7137","1550 White Plains Road Apartments","All Units Filled","Rental","2025-07-16T00:00:00.000","2025-08-06T00:00:00.000","1","8",,"6","2",,,,,"8",,,,,,,,,,"BX","10462","209","40.8393372843695","-73.8634700466437"
"2384","Apex Place Apartments","All Units Filled","Rental","2021-09-17T00:00:00.000","2021-11-16T00:00:00.000","2","267","24","109","109","25",,"1","60","60","74","72",,"5","2","50","5",,,"QN","11375","406","Multiple","Multiple"
"4699","1148 Washington Avenue Apartments","All Units Filled","Rental","2024-04-29T00:00:00.000","2024-05-28T00:00:00.000","1","8","2","6",,,,,,,,"8",,,,,,,,"BX","10456","203","40.8294617067735","-73.9076252599515"
"1762","312 Devoe Street Apartments","Closed","Rental","2020-09-23T00:00:00.000","2020-10-15T00:00:00.000","1","7",,"3","4",,,,,,,"7",,,,,,,,"BK","11211","301","40.7136403473535","-73.9380537200649"
"3684","28-15 35th Street Apartments","All Units Filled","Rental","2023-06-16T00:00:00.000","2023-07-10T00:00:00.000","1","6",,"6",,,,,,,,"6",,,,,,,,"QN","11106","401","40.7588694","-73.9305113"
"1877","VAN DYKE III","All Units Filled","Rental","2020-12-03T00:00:00.000","2021-02-01T00:00:00.000","1","125","18","52","33","22",,"18","36","71",,,,"5","2","50","5","25",,"BK","11207","316","40.6648454484657","-73.9043712349626"
"3460","30-41 31st Street Apartments","All Units Filled","Rental","2023-02-27T00:00:00.000","2023-03-20T00:00:00.000","1","3",,"2","1",,,,,,,"3",,,,,,,,"QN","11102","401","40.7656436695112","-73.9220238474772"
"4721","101-07 91st Street Apartments","Tenant Selection","Rental","2024-06-03T00:00:00.000","2024-06-25T00:00:00.000","1","4",,"4",,,,,,,,"4",,,,,,,,"QN","11416","409","40.6830502322508","-73.8492885486725"
"2713","209 Troy Avenue Apartments - Units Still Available","All Units Filled","Rental","2022-02-11T00:00:00.000","2022-03-14T00:00:00.000","1","3",,,"3",,,,,,,"3",,,,,,,,"BK","11213","308","40.672228919785","-73.9360589901507"
"3064","4623 5th Avenue Apartments","All Units Filled","Rental","2022-08-15T00:00:00.000","2022-09-20T00:00:00.000","1","2",,,"2",,,,,,,"2",,,,,,,,"BK","11220","307","40.6467171961016","-74.0082269547563"
"7471","788 Fairmount Place Apartments","Tenant Selection","Rental","2026-03-09T00:00:00.000","2026-03-31T00:00:00.000","1","7","1",,"6",,,,,,,"7",,,,,,,,"BX","10460","206","40.8425893","-73.8890056"
"1819","2848 West 15th Street Apartments","All Units Filled","Rental","2021-01-20T00:00:00.000","2021-02-10T00:00:00.000","1","6",,"3","3",,,,,,,"6",,,,,,,,"BK","11224","313","40.5778823167407","-73.9831634637056"
"2432","Capstone Condominiums","Tenant Selection","Owner","2021-11-17T00:00:00.000","2022-01-21T00:00:00.000","1","24","5","7","12",,,,,"24",,,,"5","2","50","5",,,"BK","11206","303","40.6959425108147","-73.9442223976365"
"3997","75 McGuinness Boulevard","All Units Filled","Rental","2023-08-24T00:00:00.000","2023-09-18T00:00:00.000","1","7",,"4","3",,,,,,,"7",,,,,,,,"BK","11222","101","40.7249859","-73.9486913"
"1914","508 West 134th Street","All Units Filled","Owner","2021-01-13T00:00:00.000","2021-02-16T00:00:00.000","1","4",,,"1","3",,,,,"4",,,,,,,,,"MN","10031","109","40.8183842799056","-73.9536866485066"
"2675","173 Morningside Avenue - Units Still Available","All Units Filled","Rental","2022-03-14T00:00:00.000","2022-04-13T00:00:00.000","1","1",,,"1",,,,,,,"1",,,,,,,,"MN","10027","109","40.8124224679222","-73.9529971886464"
"4357","37-25 32nd Street  apartments","All Units Filled","Rental","2024-01-05T00:00:00.000","2024-02-02T00:00:00.000","1","7",,,"7",,,,,,,"7",,,,,,,,"QN","11101","401","40.7537781356822","-73.9306027597493"
"2122","30-82 Crescent Street Apartments","All Units Filled","Rental","2021-04-27T00:00:00.000","2021-05-18T00:00:00.000","1","7","1","5","1",,,,,,,"7",,,,,,,,"QN","11102","401","40.7665414021453","-73.9265064866994"
"2011","Archer Green","All Units Filled","Rental","2021-02-12T00:00:00.000","2021-04-14T00:00:00.000","1","351","36","143","149","23",,,"39","139","39","134",,"5","2","50","5",,,"QN","11433","412","40.7057565971096","-73.7921636680103"
"2132","1056 Manhattan Avenue Apartments","All Units Filled","Rental","2021-06-09T00:00:00.000","2021-08-09T00:00:00.000","1","27","2","23","2",,,,,"18",,"9",,"5","2","50","5",,,"BK","11222","301","40.7349199665576","-73.954679222007"
"2614","The Ensemble - Waiting List","All Units Filled","Rental","2022-03-25T00:00:00.000","2022-04-25T00:00:00.000","1","28","6","19","3",,,,,,,"28",,,,,,,,"BK","11203","309","40.6622814462065","-73.9353476425967"
"2092","186 Greenpoint Avenue - Units Still Available","All Units Filled","Rental","2021-04-15T00:00:00.000","2021-05-17T00:00:00.000","1","3","1",,"2",,,,,,,"3",,,,,,,,"BK","11222","301","40.730052797888","-73.9528893169636"
"3744","865 Rogers Avenue Apartments","All Units Filled","Rental","2023-05-25T00:00:00.000","2023-06-16T00:00:00.000","1","8","1","5","2",,,,,,,"8",,,,,,,,"BK","11226","317","40.6493343628947","-73.9523156632734"
"3823","142 Richards Street - Units Still Available","All Units Filled","Rental","2023-08-03T00:00:00.000","2023-09-05T00:00:00.000","1","4",,"3","1",,,,,,,"4",,,,,,,,"BK","11231","306","40.6773816620801","-74.0107255559163"
"2865","One Blue Slip - Units Still Available","All Units Filled","Rental","2022-05-04T00:00:00.000","2022-06-22T00:00:00.000","1","33","17","13","3",,,,,,,"33",,,,,,,,"BK","11222","301","40.7361649636244","-73.959012075478"
"1860","West 129th Street Co-ops - Units Still Available","Tenant Selection","Owner","2021-02-12T00:00:00.000","2021-03-15T00:00:00.000","3","4",,,,"3","1",,,,"4",,,,,,,,,"MN","10027","110","Multiple","Multiple"
"4430","63-16 102nd Street Apartments","Tenant Selection","Rental","2024-01-12T00:00:00.000","2024-02-05T00:00:00.000","1","4",,"2","2",,,,,,,"4",,,,,,,,"QN","11418","406","40.7331961032555","-73.8548978209776"
"4154","3525 Bruckner Boulevard Apartments","All Units Filled","Rental","2023-10-11T00:00:00.000","2023-11-01T00:00:00.000","1","3","1","2",,,,,,,,"3",,,,,,,,"BX","10461","210","40.8474075416044","-73.8272222398847"
"2154","703 Hart Street - Units Still Available","All Units Filled","Rental","2021-04-22T00:00:00.000","2021-05-24T00:00:00.000","1","4",,"3","1",,,,,,,"4",,,,,,,,"BK","11221","304","40.6994726688815","-73.9255057074652"
"3374","221 East 117th Street Apartments","All Units Filled","Rental","2023-01-17T00:00:00.000","2023-02-07T00:00:00.000","1","4",,"4",,,,,,,,"4",,,,,,,,"MN","10035","111","40.7983573548996","-73.9388597723001"
"2997","2434 Bronx Park East Apartments","Closed","Rental","2022-07-11T00:00:00.000","2022-08-01T00:00:00.000","1","18","4","11","3",,,,,,,"18",,,,,,,,"BX","10467","211","40.8623922522491","-73.8701073359562"
"4639","1095 Summit Avenue Apartments AKA 180 West 166th Street","All Units Filled","Rental","2024-03-25T00:00:00.000","2024-04-16T00:00:00.000","1","9",,"8","1",,,,,,,"9",,,,,,,,"BX","10452","204","40.8358336180991","-73.9290246630365"
"3767","584 4th Avenue Apartments","All Units Filled","Rental","2023-06-07T00:00:00.000","2023-08-01T00:00:00.000","1","14","1","10","3",,,,,,,"14",,,,,,,,"BK","11215","307","40.6658401622567","-73.9929385786879"
"5335","105 Rogers Avenue Apartments","Tenant Selection","Rental","2024-11-06T00:00:00.000","2024-11-29T00:00:00.000","1","4",,"2","2",,,,,,,"4",,,,,,,,"BK","11216","308","40.674018399137","-73.9528820325924"
"1959","2885 Marion Avenue aka Bronxview Apartments","All Units Filled","Rental","2021-02-19T00:00:00.000","2021-04-20T00:00:00.000","1","101",,"14","65","22",,,"12","33","56",,,"5","2","50","5",,,"BX","10458","207","40.8684821359221","-73.8850603795227"
"2527","825 Dekalb Avenue Apartments","All Units Filled","Rental","2021-12-22T00:00:00.000","2022-02-22T00:00:00.000","1","12",,"12",,,,,,,,"12",,,,,,,,"BK","11221","303","40.6922861229694","-73.9434934311915"
"4043","23-27 Eldert Street Apartments","Tenant Selection","Rental","2023-09-13T00:00:00.000","2023-10-04T00:00:00.000","2","6",,"2","4",,,,,,,"6",,,,,,,,"BK","11207","304","Multiple","Multiple"
"3174","45-57 Davis Street Apartments - Units Still Available","All Units Filled","Rental","2022-09-12T00:00:00.000","2022-10-12T00:00:00.000","1","16","12","4",,,,,,,,"16",,,,,,,,"QN","11101","402","40.7444150700221","-73.9444416535848"
"5205","1073 Summit Avenue - Waiting List","Tenant Selection","Rental","2024-10-15T00:00:00.000","2024-11-18T00:00:00.000","1","32","6","9","17",,,,,,"32",,,,,,,,,"BX","10452","204","40.8352794615629","-73.9294733637006"
"3400","1010 Pacific Street Apartments","All Units Filled","Rental","2023-01-20T00:00:00.000","2023-03-21T00:00:00.000","1","53","5","39","9",,,,,"52",,"1",,"5","2","50","5",,,"BK","11238","308","40.6790714426024","-73.9598944164636"
"3511","333 Linden Boulevard  Apartments","Tenant Selection","Rental","2023-02-27T00:00:00.000","2023-04-27T00:00:00.000","1","13",,"6","7",,,,,,,"13",,,,,,,,"BK","11226","317","40.6527796479749","-73.9473578382901"
"2260","The Posh at 1941 Coney Island Avenue","All Units Filled","Rental","2021-07-28T00:00:00.000","2021-10-15T00:00:00.000","1","13","3","8","2",,,,,,,"13",,,,,,,,"BK","11223","315","40.6098678984438","-73.9619924950637"
"2566","Centennial Astoria Apartments - Units Still Available","All Units Filled","Rental","2022-02-28T00:00:00.000","2022-03-30T00:00:00.000","1","5",,"1","4",,,,,,,"5",,,,,,,,"QN","11106","401","40.7676853549852","-73.9299420571083"
"4271","1515 Surf Avenue Apartments","All Units Filled","Rental","2024-01-12T00:00:00.000","2024-03-20T00:00:00.000","1","139",,"129","10",,,,,"93",,"46",,"5","2","50","5",,,"BK","11224","313","40.576317842917","-73.9836066302464"
"2351","1492 Bryant Avenue Apartments","All Units Filled","Rental","2021-09-16T00:00:00.000","2021-10-07T00:00:00.000","1","4","2","2",,,,,,,,"4",,,,,,,,"BX","10460","203","40.8325175763144","-73.8871569880185"
"2257","567 Ocean Parkway Apartments","All Units Filled","Rental","2021-10-05T00:00:00.000","2021-10-27T00:00:00.000","1","11","2","8","1",,,,,,,"11",,,,,,,,"BK","11218","312","40.634579335367","-73.9718035749402"
"5290","Shepherd Glenmore","Tenant Selection","Rental","2024-12-24T00:00:00.000","2025-02-24T00:00:00.000","1","40","15","20","5",,,"13","10","17",,,,"5","2","20","5",,,"BK","11208","305","40.6757645413019","-73.8811997372988"
"3448","282 Grand Street Apartment","All Units Filled","Rental","2023-01-23T00:00:00.000","2023-02-13T00:00:00.000","1","8",,"8",,,,,,"3",,"5",,,,,,,,"MN","10002","103","40.7177656796537","-73.9925506914815"
"5343","2339 Nostrand Avenue Apartments","Tenant Selection","Rental","2024-10-10T00:00:00.000","2024-11-11T00:00:00.000","1","16",,"10","6",,,,,,,"16",,,,,,,,"BK","11210","318","40.6276178884392","-73.9467004070557"
"3752","ROCKAWAY VILLAGE APARTMENTS PHASE 3","All Units Filled","Rental","2023-06-02T00:00:00.000","2023-08-01T00:00:00.000","1","282","23","82","138","39",,"36","88","158",,,,"5","2","50","5",,,"QN","11691","414","40.6063221668623","-73.752494035489"
"3487","The Bronx Grove","All Units Filled","Rental","2023-02-10T00:00:00.000","2023-04-28T00:00:00.000","2","127","31","51","32","13",,"33","64","30",,,,"5","2","50","5",,,"BX","10458","207","Multiple","Multiple"
"5243","56 East 21st Street Apartments","All Units Filled","Rental","2024-09-12T00:00:00.000","2024-10-17T00:00:00.000","1","6",,"6",,,,,,,,"6",,,,,,,,"BK","11226","314","40.6530457729833","-73.9608110402897"
"2148","103-43 120th Street - Units still available","All Units Filled","Rental","2021-04-15T00:00:00.000","2021-05-17T00:00:00.000","1","3",,"3",,,,,,,,"3",,,,,,,,"QN","11419","410","40.6871135785386","-73.8230546622938"
"7168","39-20 214th Place Apartment","Tenant Selection","Rental","2025-08-28T00:00:00.000","2025-09-29T00:00:00.000","1","3",,"1","2",,,,,,,"3",,,,,,,,"QN","11361","411","40.7648539","-73.7699866"
"3650","CASA CELINA SENIOR","All Units Filled","Rental","2023-05-01T00:00:00.000","2023-06-30T00:00:00.000","1","134","106","28",,,,,"134",,,,,"5","2",,,"34","100","BX","10472","209","40.8267865546358","-73.8641931713325"
"3141","PARKCHESTER GARDENS SENIOR APARTMENTS","All Units Filled","Rental","2022-10-14T00:00:00.000","2022-12-14T00:00:00.000","1","153","88","65",,,,,"153",,,,,"5","2",,,,"100","BX","10462","209","40.8398525611157","-73.8539134722866"
"7206","2033 East 17th Street Apartments","Tenant Selection","Rental","2025-09-02T00:00:00.000","2025-09-24T00:00:00.000","1","2",,,"2",,,,,,,"2",,,,,,,,"BK","11229","315","40.6004148387641","-73.9544896382791"
"7277","63 South 6th Street  Apartments","Tenant Selection","Rental","2025-10-16T00:00:00.000","2025-11-17T00:00:00.000","1","5",,,"5",,,,,,,"5",,,,,,,,"BK","11249","301","40.7112585828652","-73.9660755889382"
"2523","1559 White Plains Road Apartments","All Units Filled","Rental","2021-12-17T00:00:00.000","2022-01-10T00:00:00.000","1","3",,"1","2",,,,,,,"3",,,,,,,,"BX","10462","209","40.8394530063064","-73.8638456668293"
"3984","277 Throop Avenue Apartments","All Units Filled","Rental","2023-10-17T00:00:00.000","2023-12-12T00:00:00.000","1","3",,"2","1",,,,,,,"3",,,,,,,,"BK","11206","303","40.6941851891272","-73.942857141382"
"1932","The Grand Apartments","All Units Filled","Rental","2020-12-23T00:00:00.000","2021-02-09T00:00:00.000","3","94","15","28","34","17",,"8","19","67",,,,"5","2","50","5",,,"BX","Multiple","205","Multiple","Multiple"
"2885","25-28 30th Drive Apartments","All Units Filled","Rental","2022-05-16T00:00:00.000","2022-06-07T00:00:00.000","1","6","4",,"2",,,,,,,"6",,,,,,,,"QN","11102","401","40.7660574891906","-73.9252037997508"
"4595","42-61 Saull Street Apartments","Tenant Selection","Rental","2024-03-21T00:00:00.000","2024-04-11T00:00:00.000","1","3",,"1","2",,,,,,,"3",,,,,,,,"QN","11355","407","40.752994538671","-73.8292537389239"
"4908","The Dupont","Tenant Selection","Rental","2024-07-19T00:00:00.000","2024-09-18T00:00:00.000","1","115","28","29","58",,,,,"37",,"78",,"5","2","20","5",,,"BK","11222","301","40.7354186857517","-73.9598496762504"
"2516","810 Fulton Street Apartments Phase II - Units Still Available","Tenant Selection","Rental","2022-02-18T00:00:00.000","2022-04-04T00:00:00.000","1","10","8","2",,,,,,,,"10",,,,,,,,"BK","11238","302","40.6841411191729","-73.9690459721386"
"2220","1121 36th Street Apartments","Closed","Rental","2021-06-29T00:00:00.000","2021-07-21T00:00:00.000","1","2",,,,"2",,,,,,"2",,,,,,,,"BK","11218","312","40.6442739407742","-73.9873879599956"
"4387","221 West 29th Street Waitlist","Tenant Selection","Rental","2024-01-03T00:00:00.000","2024-02-05T00:00:00.000","1","25","6","16","3",,,,"10","10",,"5",,,,,,,,"MN","10001","105","40.7484109259974","-73.9936480319385"
"5407","1367 Eastern Parkway Apartments","All Units Filled","Rental","2024-11-06T00:00:00.000","2025-01-08T00:00:00.000","1","30","6","24",,,,,,,,"30",,,,,,,,"BK","11233","308","40.6684086049085","-73.9232694123699"
"5217","655 Union Street Apartments","Tenant Selection","Rental","2024-10-21T00:00:00.000","2024-12-23T00:00:00.000","1","50",,"39","11",,,,"20","20","7","3",,"5","2","20","5",,,"BK","11215","306","40.6776472413724","-73.9836358008955"
"4932","ATTORNEY STREET APARTMENTS","Tenant Selection","Rental","2024-06-28T00:00:00.000","2024-08-28T00:00:00.000","1","196","23","87","64","22",,"34","46","116",,,,"5","2","20","5",,,"MN","10002","103","40.7167192722557","-73.9856463276821"
"2542","1153 Broadway Apartments","All Units Filled","Rental","2022-01-05T00:00:00.000","2022-01-28T00:00:00.000","1","5",,"2","3",,,,,,,"5",,,,,,,,"BK","11221","304","40.6932877128995","-73.9282640646396"
"3739","1791 Marmion Avenue Apartments","Tenant Selection","Rental","2023-05-23T00:00:00.000","2023-08-30T00:00:00.000","1","26","11","9","6",,,,,,,"26",,,,,,,,"BX","10460","206","40.8403401082375","-73.8901036367259"
"7327","233 East 202nd Street Apartments","Tenant Selection","Rental","2025-12-17T00:00:00.000","2026-01-09T00:00:00.000","1","9","3","5","1",,,,,"9",,,,,,,,,,"BX","10458","207","40.8732117714041","-73.8855873496066"
"3535","1169 River Avenue Apartments","All Units Filled","Rental","2023-03-21T00:00:00.000","2023-05-22T00:00:00.000","1","96","44","28","7","17",,,,"96",,,,"5","2","50","5",,,"BX","10452","204","40.8347697985205","-73.9222608417148"
"3228","150 Bayard Street Apartments","All Units Filled","Rental","2022-11-03T00:00:00.000","2023-01-10T00:00:00.000","1","14","3","4","7",,,,,"8",,"6",,"5","2","50","5",,,"BK","11222","301","40.720004090839","-73.9462802006959"
"5747","DeKalb Commons","Tenant Selection","Rental","2025-04-07T00:00:00.000","2025-06-09T00:00:00.000","3","71","8","26","30","7",,"14","15","42",,,,"5","2","20","5",,,"BK","11216","303","Multiple","Multiple"
"2749","1730 OCEAN AVENUE APARTMENTS","All Units Filled","Rental","2022-03-15T00:00:00.000","2022-04-06T00:00:00.000","1","11","3","8",,,,,,,,"11",,,,,,,,"BK","11230","314","40.6198043818985","-73.9552832929098"
"7193","540 Atlantic Avenue Apartments","Tenant Selection","Rental","2025-08-21T00:00:00.000","2025-10-21T00:00:00.000","1","48","12","12","24",,,,,,,"48",,,,,,,,"BK","11217","302","40.684991657458","-73.97987692127"
"1953","2655 East 23rd Street Apartments","All Units Filled","Rental","2021-01-20T00:00:00.000","2021-02-10T00:00:00.000","1","4","1","3",,,,,,,,"4",,,,,,,,"BK","11235","315","40.5875847902968","-73.9461598978591"
"1824","25-22 30th Drive","All Units Filled","Rental","2020-11-02T00:00:00.000","2020-11-25T00:00:00.000","1","10","2","8",,,,,,,,"10",,,,,,,,"QN","11102","401","40.7661646838208","-73.9254347216786"
"4316","Rheingold Senior Residences","Tenant Selection","Rental","2024-02-14T00:00:00.000","2024-04-15T00:00:00.000","1","65","26","39",,,,,"65",,,,,"5","2",,,,"100","BK","11206","304","40.7015292865902","-73.935933511101"
"7138","88 Schermerhorn Street Apartments","Tenant Selection","Rental","2025-07-02T00:00:00.000","2025-08-08T00:00:00.000","1","17",,"17",,,,,,,,"17",,,,,,,,"BK","11201","302","40.6903751","-73.9904225"
"1930","329 Broadway Apartments","All Units Filled","Rental","2021-01-21T00:00:00.000","2021-02-11T00:00:00.000","1","19","1","14","3","1",,,,,,"19",,,,,,,,"BK","11211","301","40.707972658944","-73.9565875501764"
"1739","The Crown","All Units Filled","Rental","2020-09-15T00:00:00.000","2020-10-06T00:00:00.000","1","9",,"5","4",,,,,,,"9",,,,,,,,"BK","11235","313","40.5794886459059","-73.962549774678"
"4363","923 Broadway Apartments","All Units Filled","Rental","2023-12-07T00:00:00.000","2024-01-08T00:00:00.000","1","3",,,"3",,,,,,,"3",,,,,,,,"BK","11206","304","40.6976591648966","-73.9359336237625"
"2823","1232 50th Street Apartments","All Units Filled","Rental","2022-04-08T00:00:00.000","2022-05-04T00:00:00.000","1","3",,,"3",,,,,,,"3",,,,,,,,"BK","11219","312","40.6351123920307","-73.9942352875394"
"3081","605 West 42nd Street Apartments - Waiting List","Tenant Selection","Rental","2023-08-24T00:00:00.000","2023-09-25T00:00:00.000","1","295","102","143","50",,,,"120","116","59",,,"2","2",,,,,"MN","10036","104","40.7615309791489","-73.9987798931169"
"3355","885 Rogers Avenue Waiting List","Closed","Rental","2022-11-30T00:00:00.000","2023-01-05T00:00:00.000","1","32","7","9","16",,,,,,,"32",,,,,,,,"BK","11226","317","40.6485847558116","-73.9516423120995"
"2188","5203 CENTER BLVD APARTMENTS","All Units Filled","Rental","2021-06-16T00:00:00.000","2021-09-13T00:00:00.000","1","534","174","145","215",,,,"160",,,"374",,"5","2","50","5",,"19","QN","11101","402","40.7421653508253","-73.9600332647202"
"1703","58 Greenpoint Avenue Apartments","Closed","Rental","2020-09-17T00:00:00.000","2020-10-08T00:00:00.000","1","5",,"5",,,,,,,,"5",,,,,,,,"BK","11222","301","40.7295252811687","-73.9586733946621"
"3176","HALLETTS POINT 7","All Units Filled","Rental","2022-09-21T00:00:00.000","2022-11-21T00:00:00.000","1","145","36","36","73",,,,"64","81",,,,"5","2","50","5","50",,"QN","11102","401","40.774991641966","-73.9342417142693"
"4246","1417 Avenue J Apartments","All Units Filled","Rental","2023-11-21T00:00:00.000","2023-12-13T00:00:00.000","1","6",,"5","1",,,,,,,"6",,,,,,,,"BK","11230","314","40.6253978348649","-73.961688252832"
"2268","321 Wythe Avenue - Waiting List","Tenant Selection","Rental","2021-08-20T00:00:00.000","2021-10-08T00:00:00.000","1","39",,"17","22",,,,,,,"39",,,,,,,,"BK","11249","301","40.7138080764175","-73.9647756995489"
"4574","451 Tenth Avenue Apartments","Tenant Selection","Rental","2024-04-08T00:00:00.000","2024-06-10T00:00:00.000","1","135","64","60","11",,,,"54","54","27",,,,,,,,,"MN","10018","104","40.7556188011244","-73.9988918947707"
"2996","903 Eagle Avenue","Closed","Rental","2022-07-15T00:00:00.000","2022-08-05T00:00:00.000","1","3","1","2",,,,,,,,"3",,,,,,,,"BX","10456","203","40.8226443194672","-73.9082381115496"
"2782","469 Convent Avenue Apartments","Tenant Selection","Rental","2022-06-21T00:00:00.000","2022-07-14T00:00:00.000","1","6","3","3",,,,,,,,"6",,,,,,,,"MN","10031","109","40.8280982","-73.9434936"
"3203","391 Hooper Street AKA 383 South 1st Street Apartments","Tenant Selection","Rental","2022-10-03T00:00:00.000","2022-11-02T00:00:00.000","1","3",,,"3",,,,,,,"3",,,,,,,,"BK","11211","301","40.7105536603621","-73.9520013423448"
"2682","1540 Park Place Apartments","All Units Filled","Rental","2022-04-01T00:00:00.000","2022-04-22T00:00:00.000","1","3",,"3",,,,,,,,"3",,,,,,,,"BK","11213","308","40.6718525608389","-73.9263368517569"
"3598","409 Eastern Parkway- Waiting List","Tenant Selection","Rental","2023-05-26T00:00:00.000","2023-06-26T00:00:00.000","1","56","9","35","12",,,,,"35","21",,,"5","2",,,,,"BK","11216","308","40.6706128470167","-73.9546616361288"
"1736","984 Madison Street Apartments","Tenant Selection","Rental","2020-08-31T00:00:00.000","2020-09-23T00:00:00.000","1","3",,"3",,,,,,,,"3",,,,,,,,"BK","11221","304","40.6891259102425","-73.9188968983384"
"2642","2809 Clarendon Road Apartments","All Units Filled","Rental","2022-02-01T00:00:00.000","2022-02-24T00:00:00.000","1","5",,"3","2",,,,,,,"5",,,,,,,,"BK","11226","317","40.6431468392754","-73.9504715513506"
"2030","1634 Church Avenue Apartments","Closed","Rental","2021-02-03T00:00:00.000","2021-02-25T00:00:00.000","1","14",,"6","8",,,,,,,"14",,,,,,,,"BK","11226","314","40.648855698527","-73.9645361108869"
"3620","Riverton Square -- Waiting List","Tenant Selection","Rental","2023-08-10T00:00:00.000","2023-10-12T00:00:00.000","7","71",,"39","32",,,,,,,"71",,,,,,,,"MN","10037","111","Multiple","Multiple"
"3010","428 Wythe Avenue Apartment-Units Still Available","Tenant Selection","Rental","2022-06-21T00:00:00.000","2022-07-25T00:00:00.000","1","4",,"4",,,,,,,,"4",,,,,,,,"BK","11249","301","40.711135284106","-73.9668150979147"
"2115","981 Amsterdam Avenue HDFC","All Units Filled","Owner","2021-07-30T00:00:00.000","2021-08-30T00:00:00.000","1","2",,,"2",,,,,,"2",,,,,,,,,"MN","10025","107","40.8017111445455","-73.9643824356394"
"2530","2110 Hughes Avenue Apartments","All Units Filled","Rental","2021-12-13T00:00:00.000","2022-01-12T00:00:00.000","1","3",,"3",,,,,,,,"3",,,,,,,,"BX","10457","206","40.84939770849","-73.8901681923415"
"7142","2171 Frederick Douglass Apartments","Tenant Selection","Rental","2025-07-17T00:00:00.000","2025-08-18T00:00:00.000","1","5",,"2","3",,,,,,,"5",,,,,,,,"MN","10026","110","40.8051963380953","-73.9548155918506"
"4198","1429 East Gunhill Road Apartments","All Units Filled","Rental","2023-11-16T00:00:00.000","2023-12-28T00:00:00.000","1","5",,"4","1",,,,,,,"5",,,,,,,,"BX","10469","212","40.8694718416371","-73.8443067049999"
"7272","2267 Andrews Avenue North Apartments","Tenant Selection","Rental","2025-10-27T00:00:00.000","2025-11-18T00:00:00.000","1","5","2","3",,,,,,"5",,,,,,,,,,"BX","10468","207","40.8606230190915","-73.9084315411952"
"2576","10 Monteith Street Waiting List","All Units Filled","Rental","2022-01-04T00:00:00.000","2022-02-07T00:00:00.000","1","100","32","54","14",,,,,"100",,,,,,,,,,"BK","11206","304","40.7012135340628","-73.9357462755704"
"2272","761 East 233rd Street Apartments","All Units Filled","Rental","2021-08-24T00:00:00.000","2021-10-25T00:00:00.000","1","35","4","28","3",,,,,,"35",,,,,,,,,"BX","10466","212","40.8926675319755","-73.8550669376402"
"2249","38 Stratford Road Apartments","All Units Filled","Rental","2021-07-27T00:00:00.000","2021-08-17T00:00:00.000","1","5",,"3","2",,,,,,,"5",,,,,,,,"BK","11218","314","40.6479431088245","-73.9694988060477"
"2708","167-171 Chrystie Street Apartments","All Units Filled","Rental","2022-03-24T00:00:00.000","2022-05-23T00:00:00.000","1","20","8","10","2",,,,"8","8",,"4",,"5","2","50","5",,,"MN","10002","103","40.7207904002629","-73.9924854170124"
"2241","CATON FLATS","All Units Filled","Rental","2021-06-25T00:00:00.000","2021-08-25T00:00:00.000","1","254","64","97","53","40",,,"27","37","63","127",,"5","2","50","5",,,"BK","11226","314","40.6532265853549","-73.9598162510786"
"2252","933 Rogers Avenue Apartments","All Units Filled","Rental","2021-07-07T00:00:00.000","2021-07-28T00:00:00.000","1","10","2","2","6",,,,,,,"10",,,,,,,,"BK","11226","317","40.6475335613911","-73.9517800114132"
"3140","42-41 Judge Street","All Units Filled","Rental","2022-09-23T00:00:00.000","2022-10-24T00:00:00.000","1","3",,"1","1","1",,,,,,"3",,,,,,,,"QN","11373","404","40.7441982051641","-73.8796919114245"
"4833","2777 Atlantic Avenue Apartments","Tenant Selection","Rental","2024-06-05T00:00:00.000","2024-06-27T00:00:00.000","1","19","6","13",,,,,"6","8",,"5",,"5","2","20","5",,,"BK","11207","305","40.6766369607929","-73.891909207575"
"2079","1528 Bergen Street Apartments","All Units Filled","Rental","2021-04-26T00:00:00.000","2021-05-17T00:00:00.000","1","3",,"2","1",,,,,,,"3",,,,,,,,"BK","11213","308","40.6748921858359","-73.9327073032403"
"3451","260 Gold Street Apartments Waitlist","Tenant Selection","Rental","2023-02-06T00:00:00.000","2023-03-06T00:00:00.000","1","86","14","46","22","4",,,,,,"86",,,,,,,,"BK","11201","302","40.6964845927575","-73.9835590521088"
"1767","222 Johnson Avenue Apartments","All Units Filled","Rental","2020-09-16T00:00:00.000","2020-11-17T00:00:00.000","1","35","6","19","10",,,,,"24",,"11",,,,,,,,"BK","11206","301","40.7068646629225","-73.9402024701683"
"3145","91-09 Roosevelt Avenue Apartments","All Units Filled","Rental","2022-10-06T00:00:00.000","2022-12-09T00:00:00.000","1","27","6","15","6",,,,,,,"27",,,,,,,,"QN","11372","403","40.7471223473801","-73.8888643332894"
"1853","91 Franklin Avenue Apartments","All Units Filled","Rental","2020-11-18T00:00:00.000","2020-12-10T00:00:00.000","1","3",,"1",,"2",,,,,,"3",,,,,,,,"BK","11205","303","40.69605003578","-73.9583190955851"
"2365","22-22 Steinway Street Units Still Available","All Units Filled","Rental","2021-10-08T00:00:00.000","2021-11-08T00:00:00.000","1","3",,"3",,,,,,,,"3",,,,,,,,"QN","11105","401","40.7724860978744","-73.9069461127195"
"2639","Otto Greenpoint Apartments Waiting List","Closed","Rental","2022-02-11T00:00:00.000","2022-03-14T00:00:00.000","1","60","7","43","10",,,,,,,"60",,,,,,,,"BK","11222","301","40.7295965431657","-73.9513850808691"
"4005","Lincoln at Bankside Phase 2","Tenant Selection","Rental","2023-09-15T00:00:00.000","2023-11-16T00:00:00.000","1","132","38","66","28",,,,,,,"132",,,,,,,,"BX","10454","201","40.8071491451382","-73.9299691521183"
"1790","482 Seneca Avenue Apartments","All Units Filled","Rental","2020-09-17T00:00:00.000","2020-10-08T00:00:00.000","1","7",,"3","3","1",,,,,,"7",,,,,,,,"QN","11385","405","40.7054527183024","-73.9126589999894"
"1854","61 Troutman Street","Closed","Rental","2020-12-11T00:00:00.000","2021-01-04T00:00:00.000","1","3",,"3",,,,,,,,"3",,,,,,,,"BK","11206","304","40.6985185954099","-73.9317133415838"
"2940","TRIO","All Units Filled","Rental","2022-07-14T00:00:00.000","2022-08-29T00:00:00.000","1","11","1","7","3",,,,,,,"11",,,,,,,,"QN","11101","402","40.746302480894","-73.9424515430164"
"2564","1120 St Johns Place Apartments","All Units Filled","Rental","2022-03-18T00:00:00.000","2022-06-15T00:00:00.000","1","23","6","11","6",,,,,,,"23",,,,,,,,"BK","11213","308","40.6711337776158","-73.9412510845692"
"5061","1041 Boynton Avenue Apartments","Tenant Selection","Rental","2024-07-31T00:00:00.000","2024-08-21T00:00:00.000","1","15","5","10",,,,,,,,"15",,,,,,,,"BX","10472","209","40.8251301437168","-73.8777064479458"
"2476","110 East 53rd Street Apartments","Tenant Selection","Rental","2021-11-29T00:00:00.000","2022-01-03T00:00:00.000","1","3","1","2",,,,,,,,"3",,,,,,,,"BK","11203","317","40.6575835608192","-73.9280862089507"
"4890","234 East 203rd Street Apartments","Tenant Selection","Rental","2024-06-27T00:00:00.000","2024-08-26T00:00:00.000","1","20","20",,,,,,,,,"20",,,,,,,,"BX","10458","207","40.8734668733565","-73.8854314285233"
"4332","420 West 42nd Street Apartments","All Units Filled","Rental","2024-03-11T00:00:00.000","2024-04-02T00:00:00.000","1","14","1","9","4",,,,,,,"14",,,,,,,,"MN","10036","104","40.7585308192454","-73.9938997403576"
"4364","21-27 30th Drive Apartments","All Units Filled","Rental","2024-01-03T00:00:00.000","2024-01-25T00:00:00.000","1","5",,"5",,,,,,,,"5",,,,,,,,"QN","11102","401","40.7679531466055","-73.9280067441443"
"4192","Vida aka 43-15 52nd Street Apartments","Tenant Selection","Rental","2023-11-24T00:00:00.000","2024-01-22T00:00:00.000","1","23",,"13","10",,,,"9","9","3","2",,"5","2","50","5",,,"QN","11377","402","40.7437914233699","-73.9125473894608"
"2014","1402 York Avenue Cooperatives","All Units Filled","Owner","2021-04-29T00:00:00.000","2021-06-29T00:00:00.000","1","10","10",,,,,,,"10",,,,"5","2","50","5",,,"MN","10021","108","40.7683335451906","-73.952262952584"
"1730","29-19 Newtown Avenue Apartments","All Units Filled","Rental","2020-09-24T00:00:00.000","2020-10-16T00:00:00.000","1","14","2","5","7",,,,,,,"14",,,,,,,,"QN","11102","401","40.7685554336709","-73.9214247609033"
"3656","3436 Kingsbridge Avenue Apartments","All Units Filled","Rental","2023-05-02T00:00:00.000","2023-05-23T00:00:00.000","1","12","3","3","6",,,,,,,"12",,,,,,,,"BX","10463","208","40.8831716594312","-73.9029035709686"
"1831","One Columbus Place","All Units Filled","Rental","2020-10-20T00:00:00.000","2020-11-18T00:00:00.000","1","6","3","3",,,,,,,,"6",,,,,,,,"MN","10019","104","40.7692806","-73.9855656"
"4800","Williamsburg Apex","Tenant Selection","Rental","2024-05-13T00:00:00.000","2024-07-12T00:00:00.000","2","101","31","58","12",,,,,,,"101",,,,,,,,"BK","11206","301","Multiple","Multiple"
"4325","HANSON PLACE COMMUNITY PLAZA","All Units Filled","Rental","2023-12-14T00:00:00.000","2024-02-14T00:00:00.000","1","87","14","47","17","9",,,"25","19",,"43",,"5","2","50","5",,,"BK","11217","302","40.6849411126861","-73.9741728176839"
"4993","160 Madison Avenue Waiting List","Tenant Selection","Rental","2024-10-07T00:00:00.000","2024-11-06T00:00:00.000","1","64","15","41","8",,,,"64",,,,,,,,,,,"MN","10016","105","40.7469909514884","-73.9839760584091"
"4522","238 EAST 52ND Street","Tenant Selection","Rental","2024-02-29T00:00:00.000","2024-03-22T00:00:00.000","1","8","2","6",,,,,,,,"8",,,,,,,,"BK","11203","317","40.6551215","-73.929013"
"2357","Bushwick and Evergreen - Waiting List","All Units Filled","Rental","2021-09-29T00:00:00.000","2021-10-29T00:00:00.000","2","67","16","17","34",,,,,,,"67",,,,,,,,"BK","11221","304","Multiple","Multiple"
"7253","Inkwell","Tenant Selection","Rental","2025-11-03T00:00:00.000","2026-01-07T00:00:00.000","1","60",,"42","18",,,,,"40",,"20",,"5","2","20","5",,,"BX","10451","204","40.8204930081645","-73.9283834617867"
"5043","45-17 Davis Street Apartments","Tenant Selection","Rental","2024-08-05T00:00:00.000","2024-10-04T00:00:00.000","1","37","8","10","19",,,,,,,"37",,,,,,,,"QN","11101","402","40.7453432","-73.9450296"
"3338","43-17 & 43-19 108 Street Apartments","Tenant Selection","Rental","2022-11-22T00:00:00.000","2022-12-14T00:00:00.000","2","6",,"6",,,,,,,,"6",,,,,,,,"QN","11368","404","Multiple","Multiple"
"3175","2109 Tiebout Avenue Apartments","All Units Filled","Rental","2022-10-07T00:00:00.000","2022-11-02T00:00:00.000","1","5","2","1","2",,,,,,,"5",,,,,,,,"BX","10457","205","40.8532510732007","-73.8989565503556"
"3646","The Ridgewood Apartments","Tenant Selection","Rental","2023-07-12T00:00:00.000","2023-09-11T00:00:00.000","1","40",,"37","3",,,,,,,"40",,,,,,,,"QN","11385","405","40.6998373033492","-73.9095936655012"
"3427","TWIN PARKS TERRACE","All Units Filled","Rental","2023-02-10T00:00:00.000","2023-04-11T00:00:00.000","1","135","31","58","41","5",,,"48","87",,,,"5","2","50","5","25",,"BX","10458","205","40.8563113119983","-73.8957526878726"
"3222","The Marathon Building - 31-07 38th Avenue","Tenant Selection","Rental","2022-10-07T00:00:00.000","2022-11-14T00:00:00.000","1","4",,"2","1","1",,,,,,"4",,,,,,,,"QN","11101","401","40.7537511789202","-73.9314221132811"
"4280","209 North 11th Street Apartments","All Units Filled","Rental","2023-12-06T00:00:00.000","2024-01-11T00:00:00.000","1","16",,"16",,,,,,,,"16",,,,,,,,"BK","11211","301","40.719050","-73.953301"
"2288","7 Dey Street","All Units Filled","Rental","2021-09-03T00:00:00.000","2021-11-18T00:00:00.000","1","63","25","30","8",,,,,"21",,"42",,,,,,,,"MN","10007","101","40.7106236214235","-74.0099553939902"
"2866","720 Liberty Avenue Apartments","All Units Filled","Rental","2022-05-26T00:00:00.000","2022-07-01T00:00:00.000","1","3",,,"3",,,,,,,"3",,,,,,,,"BK","11208","305","40.676172655017","-73.8830412505352"
"2066","2494 Amsterdam Avenue Apartment","All Units Filled","Rental","2021-04-16T00:00:00.000","2021-05-07T00:00:00.000","1","3","1","2",,,,,,"3",,,,"5","2","50","5",,,"MN","10033","112","40.8497526942187","-73.9301050263939"
"2917","6327 Broadway Apartments","All Units Filled","Rental","2022-07-07T00:00:00.000","2022-09-08T00:00:00.000","1","27",,"23","4",,,,,,,"27",,,,,,,,"BX","10471","208","40.8992560296469","-73.8971575599037"
"1685","The Arches Apartments","All Units Filled","Rental","2020-08-14T00:00:00.000","2020-10-14T00:00:00.000","2","129","28","54","47",,,,,,,"129",,,,,,,,"BX","10451","201","Multiple","Multiple"
"1931","151 Somers Street Condominiums - Units Still Available","All Units Filled","Owner","2021-03-03T00:00:00.000","2021-05-03T00:00:00.000","1","2","1","1",,,,,,"2",,,,"5","2","50","5",,,"BK","11233","316","40.6794989713285","-73.9066864861849"
"7328","31-11 28 Road Apartments","Tenant Selection","Rental","2025-11-18T00:00:00.000","2025-12-09T00:00:00.000","1","3",,"3",,,,,,,,"3",,,,,,,,"QN","11102","401","40.767993","-73.919698"
"2219","445 Vanderbilt Avenue Apartments","All Units Filled","Rental","2021-06-28T00:00:00.000","2021-08-10T00:00:00.000","1","13","3","7","3",,,,,,,"13",,,,,,,,"BK","11238","302","40.6850219617601","-73.9682054486261"
"5020","2667 Fulton Street  Apartments","Tenant Selection","Rental","2024-08-22T00:00:00.000","2024-10-21T00:00:00.000","1","28",,"12","16",,,,"11","11",,"6",,"5","2","20","5",,,"BK","11207","305","40.6776397347225","-73.895894983776"
"3814","1135 Teller Avenue Apartments","All Units Filled","Rental","2023-06-30T00:00:00.000","2023-08-29T00:00:00.000","1","43",,"28","15",,,,,,,"43",,,,,,,,"BX","10456","204","40.8306979224137","-73.9125487960793"
"4465","The Axel aka 550 Clinton Avenue","All Units Filled","Rental","2024-01-11T00:00:00.000","2024-02-05T00:00:00.000","1","6","2","2","2",,,,,"4",,"2",,"5","2","50","5",,,"BK","11238","302","40.6819310137579","-73.9670171155577"
"3586","Third Avenue and East 134th Street","Tenant Selection","Rental","2023-05-11T00:00:00.000","2023-08-15T00:00:00.000","1","80","33","10","37",,,,,,,"80",,,,,,,,"BX","10451","201","40.8090923295992","-73.9298370624134"
"1667","380 Grove Street Apartments","Closed","Rental","2020-09-21T00:00:00.000","2020-10-12T00:00:00.000","1","12","2","6","4",,,,,,,"12",,,,,,,,"BK","11237","304","40.700279440271","-73.913462807133"
"2147","249 North 5 Street aka 70 Havemeyer Street","All Units Filled","Rental","2021-04-26T00:00:00.000","2021-05-27T00:00:00.000","1","15","3","4","8",,,,,,,"15",,,,,,,,"BK","11211","301","40.7146638634566","-73.9552124386136"
"2876","1998 Second Avenue Apartments","All Units Filled","Rental","2022-05-12T00:00:00.000","2022-08-12T00:00:00.000","1","51","13","25","10","3",,,,,,"51",,,,,,,,"MN","10029","111","40.7886161250742","-73.9438991933197"
"1745","74-10 Broadway Apartments","Closed","Rental","2020-09-08T00:00:00.000","2020-09-29T00:00:00.000","1","3",,,"3",,,,,,,"3",,,,,,,,"QN","11373","404","40.7465426597473","-73.8911678259785"
"4347","MCCLELLAN APARTMENTS","Tenant Selection","Rental","2023-12-22T00:00:00.000","2024-02-22T00:00:00.000","1","198","45","93","36","24",,"25","63","74","36",,,"5","2","50","5",,,"BX","10452","204","40.8346186173283","-73.9219321670613"
"2361","1600 East 19 Street- Units Still Available","All Units Filled","Rental","2021-10-01T00:00:00.000","2021-11-01T00:00:00.000","1","7",,"3","4",,,,,,,"7",,,,,,,,"BK","11230","314","40.6110703572026","-73.9550478328806"
"4904","88 North 1st Street Apartments","All Units Filled","Rental","2024-06-03T00:00:00.000","2024-07-01T00:00:00.000","1","14","11","3",,,,,,,,"14",,,,,,,,"BK","11249","301","40.7159341","-73.9635807"
"1717","65 Graham Avenue Apartments","Tenant Selection","Rental","2020-08-31T00:00:00.000","2020-09-23T00:00:00.000","1","3",,,"3",,,,,,,"3",,,,,,,,"BK","11206","301","40.7038522803365","-73.942899348212"
"3868","Ways Reef Apartments at 26-19 2nd Street","Tenant Selection","Rental","2023-07-24T00:00:00.000","2023-08-14T00:00:00.000","1","8",,"7","1",,,,,,,"8",,,,,,,,"QN","11102","401","40.7761061633352","-73.9345186279418"
"4664","1010 Bedford Avenue & 263 Skillman Street - Units Still Available","Tenant Selection","Rental","2024-04-03T00:00:00.000","2024-04-24T00:00:00.000","1","7",,,,"7",,,,,,"7",,,,,,,,"BK","11205","303","40.6903592001634","-73.9558273487512"
"5221","527 Grand Avenue Apartments","Tenant Selection","Rental","2024-09-11T00:00:00.000","2024-10-02T00:00:00.000","1","14",,"7","7",,,,"4","7",,"3",,"5","2","20","5",,,"BK","11238","308","40.679355","-73.961794"
"7311","1119 Boston Road Apartments","Tenant Selection","Rental","2025-12-11T00:00:00.000","2026-01-05T00:00:00.000","1","9","2","5","2",,,,,"9",,,,,,,,,,"BX","10456","203","40.8280322","-73.9049118"
"5299","344 Lorimer Apartments","Tenant Selection","Rental","2024-09-05T00:00:00.000","2024-10-04T00:00:00.000","1","3",,,"3",,,,,,,"3",,,,,,,,"BK","11206","301","40.7072225258097","-73.9480037516409"
"4429","8623 Flatlands Avenue","Tenant Selection","Rental","2024-02-05T00:00:00.000","2024-02-27T00:00:00.000","1","4","1","1","2",,,,,,,"4",,,,,,,,"BK","11236","318","40.6384990180191","-73.9086714944954"
"5079","The Arabella","Tenant Selection","Rental","2024-08-12T00:00:00.000","2024-10-11T00:00:00.000","1","50",,"25","22","3",,,,"35",,"15",,"5","2","20","5",,,"BX","10458","206","40.8594356148093","-73.8907191861091"
"4625","32-53 101st Street Apartments","All Units Filled","Rental","2024-03-13T00:00:00.000","2024-04-03T00:00:00.000","1","8",,,"8",,,,,,,"8",,,,,,,,"QN","11369","403","40.7583286538218","-73.8676138884152"
"2856","31-25 Newtown Avenue Apartments","All Units Filled","Rental","2022-09-16T00:00:00.000","2022-10-11T00:00:00.000","1","8","2","6",,,,,,,,"8",,,,,,,,"QN","11102","401","40.7670723782305","-73.9201232697579"
"4564","45 Lenox Road Apartments","All Units Filled","Rental","2024-04-15T00:00:00.000","2024-05-17T00:00:00.000","1","14","1","10","3",,,,,,,"14",,,,,,,,"BK","11226","314","40.6540301600098","-73.9580065754535"
"4946","140 Riverside Blvd Apartments Waiting List","All Units Filled","Rental","2024-07-18T00:00:00.000","2024-08-19T00:00:00.000","1","7","4","2","1",,,,,"7",,,,,,,,,,"MN","10069","107","40.7769805589672","-73.9885615520558"
"5408","499 President Street Apartments","Tenant Selection","Rental","2024-12-02T00:00:00.000","2025-02-03T00:00:00.000","1","88","23","50","15",,,,"35","35","18",,,"5","2","20","5",,,"BK","11215","306","40.6780264101945","-73.9866569189013"
"2247","29-28 Newtown Avenue Apartments","All Units Filled","Rental","2021-09-21T00:00:00.000","2021-10-12T00:00:00.000","1","3",,"3",,,,,,,,"3",,,,,,,,"QN","11102","401","40.7684210766938","-73.9216234781441"
"3154","Brook Avenue Apartments","All Units Filled","Rental","2022-10-27T00:00:00.000","2022-12-27T00:00:00.000","1","42","9","15","11","7",,"6","14","19","3",,,"5","2","50","5",,,"BX","10455","201","40.8200123348102","-73.9120172817901"
"4655","28-57 45th Street","Tenant Selection","Rental","2024-04-08T00:00:00.000","2024-04-29T00:00:00.000","1","3",,"1","2",,,,,,,"3",,,,,,,,"QN","11103","401","40.7621303024942","-73.9105595694836"
"4431","1541 New York Avenue","Tenant Selection","Rental","2024-01-24T00:00:00.000","2024-02-26T00:00:00.000","1","3",,,"3",,,,,,,"3",,,,,,,,"BK","11210","317","40.6351925433494","-73.9446622932178"
"3518","COMPASS SIX RESIDENCES","All Units Filled","Rental","2023-03-07T00:00:00.000","2023-05-08T00:00:00.000","1","156","20","78","39","19",,"32","53","71",,,,"5","2","50","5",,,"BX","10460","206","40.83876933326","-73.8809990077044"
"2195","50 PENN","All Units Filled","Rental","2021-06-10T00:00:00.000","2021-08-09T00:00:00.000","1","175","35","75","47","18",,"22","66","87",,,,"5","2","50","5",,,"BK","11207","305","40.6766667392208","-73.8974539458823"
"7318","107 South 3rd Street Apartments","Tenant Selection","Rental","2025-11-06T00:00:00.000","2025-12-12T00:00:00.000","1","4",,"4",,,,,,,,"4",,,,,,,,"BK","11249","101","40.7129802","-73.9632541"
"2213","BETANCES SENIOR RESIDENCE","All Units Filled","Rental","2021-06-10T00:00:00.000","2021-08-09T00:00:00.000","1","78","57","21",,,,,"78",,,,,"5","2",,,"33","100","BX","10454","201","40.8111140893923","-73.9197344530721"
"2253","1068 Fulton Street - Waiting List","Closed","Rental","2021-08-06T00:00:00.000","2021-10-08T00:00:00.000","1","13",,"6","7",,,,,,,"13",,,,,,,,"BK","11238","303","40.6813599616719","-73.9581480050764"
"1894","1381 Bergen Street Apartments","All Units Filled","Rental","2021-01-21T00:00:00.000","2021-02-11T00:00:00.000","1","3",,,"3",,,,,,,"3",,,,,,,,"BK","11213","308","40.6755981156335","-73.9385469071125"
"1926","352 Rutland Road Apartments","Closed","Rental","2021-02-08T00:00:00.000","2021-03-02T00:00:00.000","1","2",,"2",,,,,,,,"2",,,,,,,,"BK","11225","309","40.6594859191186","-73.9490681749988"
"5402","The Westport Apartments","Tenant Selection","Rental","2024-11-25T00:00:00.000","2024-12-16T00:00:00.000","1","19","8","10","1",,,,,,,"19",,,,,,,,"MN","10019","104","40.768323765463","-73.9897507788464"
"3794","577 East 161st Street","All Units Filled","Rental","2023-06-16T00:00:00.000","2023-07-10T00:00:00.000","1","4","2","1","1",,,,,,,"4",,,,,,,,"BX","10456","203","40.8222824670388","-73.9088058642753"
"7316","30-43 31st Street","Tenant Selection","Rental","2026-03-09T00:00:00.000","2026-03-30T00:00:00.000","1","6",,"3","3",,,,,,,"6",,,,,,,,"QN","11102","401","40.7655586289623","-73.9220925371062"
"2819","48 Bleecker Street Apartments","All Units Filled","Rental","2022-04-28T00:00:00.000","2022-06-03T00:00:00.000","1","3",,"1","2",,,,,,,"3",,,,,,,,"BK","11221","304","40.6940715522546","-73.9222445858922"
"3314","East New York Cluster Apartments","All Units Filled","Rental","2022-10-25T00:00:00.000","2022-11-25T00:00:00.000","3","36",,"21","15",,,"6","7","23",,,,"5","2","50","5",,,"BK","Multiple","305","Multiple","Multiple"
"4953","2136 Matthews Avenue Apartments","Tenant Selection","Rental","2024-07-18T00:00:00.000","2024-08-08T00:00:00.000","1","5",,"3","2",,,,,,,"5",,,,,,,,"BX","10462","211","40.8549438","-73.8627541"
"5060","3187 Grand Concourse Avenue Apartments","Tenant Selection","Rental","2024-08-22T00:00:00.000","2024-09-13T00:00:00.000","1","10","4","6",,,,,,,,"10",,,,,,,,"BX","10468","207","40.8764648293558","-73.8861892443222"
"2836","Tyler's Bronx - Waiting List","Tenant Selection","Rental","2022-05-13T00:00:00.000","2022-06-14T00:00:00.000","14","89","16","37","23","13",,,,"53","36",,,,,,,,,"BX","Multiple","Multiple","Multiple","Multiple"
"2335","2369 & 2377 Hoffman Street","Tenant Selection","Rental","2021-09-03T00:00:00.000","2021-10-18T00:00:00.000","2","6",,"2","4",,,,,,,"6",,,,,,,,"BX","10458","206","Multiple","Multiple"
"2080","1545 Bergen Street Apartments","All Units Filled","Rental","2021-04-16T00:00:00.000","2021-05-07T00:00:00.000","1","3",,"2","1",,,,,,,"3",,,,,,,,"BK","11213","308","40.675141719165","-73.9322960690528"
"3156","909 EAST 229th STREET APARTMENTS","Tenant Selection","Rental","2024-02-12T00:00:00.000","2024-03-05T00:00:00.000","1","6",,"3","3",,,,,,,"6",,,,,,,,"BX","10466","212","40.8888988044227","-73.8526845123181"
"4120","25-15 36 Street Apartments","All Units Filled","Rental","2023-10-13T00:00:00.000","2023-11-03T00:00:00.000","1","3",,"2","1",,,,,,,"3",,,,,,,,"QN","11103","401","40.7688328002835","-73.9139477487035"
"5386","Comunilife Woodhull II","All Units Filled","Rental","2025-01-06T00:00:00.000","2025-01-28T00:00:00.000","1","19","11","8",,,,"8",,"11",,,,"5","2","20","5",,,"BK","11206","303","40.6988627267288","-73.9437763683563"
"2304","2490 3rd Avenue Apartments - Units Still Available","All Units Filled","Rental","2021-10-18T00:00:00.000","2021-11-19T00:00:00.000","1","4","2","2",,,,,,,,"4",,,,,,,,"BX","10454","201","40.8100083305702","-73.9286367753064"
"2297","FAC Sunset Park- 372 51st Street","All Units Filled","Rental","2021-11-09T00:00:00.000","2022-01-13T00:00:00.000","1","40","9","11","10","10",,,"18","22",,,,"5","2","50","2",,,"BK","11220","307","40.6459234385391","-74.0136429611238"
"2127","EBENEZER PLAZA PHASE 1 NORTH","All Units Filled","Rental","2021-04-09T00:00:00.000","2021-06-08T00:00:00.000","1","106","11","51","19","25",,"18","24","64",,,,"5","2","50","5",,,"BK","11212","316","40.6576405704401","-73.9013252318387"
"2741","100 Lenox Road Apartments","All Units Filled","Rental","2022-03-15T00:00:00.000","2022-05-16T00:00:00.000","1","29","5","15","9",,,,,,,"29",,,,,,,,"BK","11226","314","40.653494345937","-73.956442803439"
"2078","T Building  82-41 Parsons Boulevard","All Units Filled","Rental","2021-04-14T00:00:00.000","2021-06-16T00:00:00.000","1","124","15","49","53","7",,,,"74","50",,,"5","2","50","5",,,"QN","11432","408","40.7171752299481","-73.8082025943864"
"2601","Vital Brookdale","All Units Filled","Rental","2022-02-01T00:00:00.000","2022-04-05T00:00:00.000","1","117","20","33","58","6",,,"29","88",,,,"5","2","50","5",,,"BK","11212","316","40.6559920531488","-73.912878730461"
"2596","639 East 224th Street","All Units Filled","Rental","2022-01-27T00:00:00.000","2022-03-01T00:00:00.000","1","3","1","2",,,,,,,,"3",,,,,,,,"BX","10466","212","40.887991906385","-73.8628891065546"
"2255","2741 Fulton Street - Units Still Available","Tenant Selection","Rental","2021-07-14T00:00:00.000","2021-08-13T00:00:00.000","1","3",,"1","2",,,,,,,"3",,,,,,,,"BK","11207","305","40.6779970087891","-73.8933923723278"
"4774","165 West 80th Street (HDFC)","Tenant Selection","Owner","2024-06-28T00:00:00.000","2024-08-27T00:00:00.000","1","17","12","5",,,,,,,"17",,,,,,,,,"MN","10024","107","40.7837336269699","-73.9770088430614"
"2067","171 Linden Blvd - Units Still Available","All Units Filled","Rental","2021-03-09T00:00:00.000","2021-04-08T00:00:00.000","1","3",,"2","1",,,,,,,"3",,,,,,,,"BK","11226","317","40.6528201643717","-73.9521401845165"
"3993","Reclaim HDFC -Waiting List","Tenant Selection","Rental","2023-08-30T00:00:00.000","2023-10-02T00:00:00.000","10","264","7","106","111","40",,,"135","129",,,,,,,,,,"BX","Multiple","Multiple","Multiple","Multiple"
"4804","597 Grand Street Apartments","Tenant Selection","Rental","2024-07-22T00:00:00.000","2024-09-20T00:00:00.000","1","56","6","43","7",,,,,"37",,"19",,"5","2","20","5",,,"BK","11211","301","40.7112546129384","-73.9480691405244"
"2073","2004 Davidson Avenue Apartments - Units Still Available","All Units Filled","Rental","2021-03-19T00:00:00.000","2021-04-19T00:00:00.000","1","11",,"3","8",,,,,"7",,"4",,,,,,,,"BX","10453","205","40.8528011659822","-73.9091254951584"
"1732","1035 Cortelyou Road Apartments","Closed","Rental","2020-09-23T00:00:00.000","2020-10-15T00:00:00.000","1","3",,,"3",,,,,,,"3",,,,,,,,"BK","11218","314","40.639744","-73.968209"
"2845","29 Evelyn Place Apartments","All Units Filled","Rental","2022-06-09T00:00:00.000","2022-07-01T00:00:00.000","1","4","2","1","1",,,,,,,"4",,,,,,,,"BX","10468","207","40.8596098445236","-73.9045756147214"
"4207","333 Linden Blvd. Apartments-Units Still Available","All Units Filled","Rental","2023-11-13T00:00:00.000","2023-12-15T00:00:00.000","1","3",,,"3",,,,,,,"3",,,,,,,,"BK","11226","317","40.6527796479749","-73.9473578382901"
"2771","21 Arden Street HDFC","Tenant Selection","Owner","2022-05-13T00:00:00.000","2022-06-13T00:00:00.000","1","3",,"2","1",,,,,,"3",,,,,,,,,"MN","10040","112","40.8616707804022","-73.9266327348597"
"2425","2955 Brighton 5th Street Apartments","All Units Filled","Rental","2021-11-03T00:00:00.000","2021-11-26T00:00:00.000","1","6",,"2","4",,,,,,,"6",,,,,,,,"BK","11235","313","40.5797496219103","-73.9632300206003"
"3221","25-79 31st Street Apartments","All Units Filled","Rental","2022-10-11T00:00:00.000","2022-12-20T00:00:00.000","1","7",,"7",,,,,,,,"7",,,,,,,,"QN","11102","401","40.7685265342101","-73.9193236793522"
"3548","130 Hope Street Apartments","All Units Filled","Rental","2023-03-17T00:00:00.000","2023-05-24T00:00:00.000","1","43","8","22","10","3",,,,,,"43",,,,,,,,"BK","11211","301","40.7122064678137","-73.9531183571808"
"1934","648 Midwood Street Apartments","All Units Filled","Rental","2021-01-11T00:00:00.000","2021-02-02T00:00:00.000","1","3",,"1","2",,,,,,,"3",,,,,,,,"BK","11203","309","40.6606256132407","-73.9390364710845"
"3258","Home Simpson Apartments","Tenant Selection","Rental","2023-04-03T00:00:00.000","2023-06-30T00:00:00.000","1","27","1","11","14","1",,,,"27",,,,"10","5","50","5",,,"BX","10459","203","40.8289631445829","-73.8928867127037"
"4762","5-22 49th Avenue  Apartments","Tenant Selection","Rental","2024-05-23T00:00:00.000","2024-07-05T00:00:00.000","1","9",,"4","5",,,,,,,"9",,,,,,,,"QN","11101","402","40.7437942049981","-73.9558496616359"
"2461","37 Herkimer Street","All Units Filled","Rental","2021-11-26T00:00:00.000","2022-01-03T00:00:00.000","1","2",,"2",,,,,,,,"2",,,,,,,,"BK","11216","303","40.6797655226221","-73.9518324181081"
"1830","Mother Gaston Hinsdale Homes","Tenant Selection","Owner","2021-02-18T00:00:00.000","2021-04-19T00:00:00.000","17","17",,,"5","12",,,,,"17",,,"5","2","50","5",,,"BK","Multiple","Multiple","Multiple","Multiple"
"1890","456 Avenue P - Units Still Available","All Units Filled","Rental","2020-12-22T00:00:00.000","2021-01-25T00:00:00.000","1","6",,"3","3",,,,,,,"6",,,,,,,,"BK","11223","315","40.6088109234311","-73.9705683304379"
"3007","227 West Street & 27 Eagle Street","Tenant Selection","Rental","2022-07-11T00:00:00.000","2022-09-19T00:00:00.000","2","224","55","89","74","6",,,,"76",,"148",,"5","2","50","5",,,"BK","11222","301","Multiple","Multiple"
"3492","Amana Astoria - Units Still Available","Tenant Selection","Rental","2023-02-24T00:00:00.000","2023-03-17T00:00:00.000","1","4",,"3","1",,,,,,,"4",,,,,,,,"QN","11102","401","40.770845759531","-73.9274584633499"
"2916","The Shirley","All Units Filled","Rental","2022-07-15T00:00:00.000","2022-08-05T00:00:00.000","1","3",,"2","1",,,,,"1",,"2",,,,,,,,"BX","10471","208","40.8894271826006","-73.900131251653"
"2275","Alexander Lofts - Units Still Available","Tenant Selection","Rental","2021-07-29T00:00:00.000","2021-08-30T00:00:00.000","3","8",,"5","3",,,,,,,"8",,,,,,,,"BX","10454","201","Multiple","Multiple"
"3889","3073 Barker Avenue Apartments","Tenant Selection","Rental","2023-08-15T00:00:00.000","2024-02-05T00:00:00.000","1","24","7","12","5",,,,,,,"24",,,,,,,,"BX","10467","212","40.8712186587857","-73.8696236634668"
"2293","18A Bleecker Street - Units Still Available","All Units Filled","Rental","2021-08-09T00:00:00.000","2021-09-09T00:00:00.000","1","2",,"2",,,,,,,,"2",,,,,,,,"BK","11221","304","40.6930728863514","-73.9228840264632"
"3295","St. George Gardens-Waiting List","Tenant Selection","Rental","2022-11-30T00:00:00.000","2022-12-30T00:00:00.000","1","18","4","4","9","1",,,,"6",,"12",,,,,,,,"BX","10458","207","40.8764493377066","-73.8844101861664"
"3976","1230 Prospect Avenue Apartments","All Units Filled","Rental","2023-08-25T00:00:00.000","2023-12-01T00:00:00.000","1","6","2","3","1",,,,,,,"6",,,,,,,,"BX","10459","202","40.8269893397037","-73.898566443059"
"5189","The Baronial aka 665 East 183rd Street Apartments","Tenant Selection","Rental","2024-08-23T00:00:00.000","2024-09-13T00:00:00.000","1","4",,"3","1",,,,,,,"4",,,,,,,,"BX","10458","206","40.8526058021632","-73.8868445733935"
"5138","The Northern II Apartments","Tenant Selection","Rental","2024-08-26T00:00:00.000","2024-10-28T00:00:00.000","2","59","8","39","12",,,,,"37",,"22",,"5","2","20","5",,,"QN","11101","401","Multiple","Multiple"
"4817","Amana NYC","Tenant Selection","Rental","2024-06-04T00:00:00.000","2024-06-25T00:00:00.000","1","8","1","6","1",,,,,"3",,"5",,,,,,,,"MN","10034","112","40.8685088301645","-73.9239496521671"
"2580","The Crown - Units Still Available","All Units Filled","Rental","2021-12-20T00:00:00.000","2022-01-31T00:00:00.000","1","8",,"5","3",,,,,,,"8",,,,,,,,"BK","11235","313","40.5794886459059","-73.962549774678"
"2245","420 Gates Avenue Apartments","All Units Filled","Rental","2021-07-12T00:00:00.000","2021-08-24T00:00:00.000","1","14","9","4","1",,,,,,,"14",,,,,,,,"BK","11216","303","40.6863382428194","-73.9494767449575"
"4328","699 East 6th Street Apartments","All Units Filled","Rental","2023-12-14T00:00:00.000","2024-01-08T00:00:00.000","1","3",,"2","1",,,,,"1",,"2",,,,,,,,"MN","10009","103","40.7235362934386","-73.9793313393712"
"4312","906 East New York Avenue Apartments","Tenant Selection","Rental","2023-12-22T00:00:00.000","2024-01-15T00:00:00.000","1","15",,"11","4",,,,,,,"15",,,,,,,,"BK","11203","309","40.6624637233895","-73.9325215978067"
"3532","Turin HDFC Waiting List","Tenant Selection","Owner","2023-09-01T00:00:00.000","2023-10-02T00:00:00.000","1","188","9","45","89","36","9",,,,,"188",,,,,,,,"MN","10024","107","40.7887577516126","-73.9705032287699"
"3624","2588 - 2590 Heath Avenue Apartments","All Units Filled","Rental","2023-06-01T00:00:00.000","2023-08-07T00:00:00.000","2","6",,"3","3",,,,,,,"6",,,,,,,,"BX","10463","207","Multiple","Multiple"
"2733","45-07 48th Avenue Apartments Units Still Available","All Units Filled","Rental","2022-03-18T00:00:00.000","2022-04-18T00:00:00.000","1","2",,"1","1",,,,,,,"2",,,,,,,,"QN","11377","402","40.7396138171038","-73.9199685414665"
"1857","46 Melrose Street","All Units Filled","Rental","2020-11-10T00:00:00.000","2020-12-03T00:00:00.000","1","3",,"3",,,,,,,,"3",,,,,,,,"BK","11206","304","40.698218496023","-73.934861998353"
"4660","217 Main Street Apartments","All Units Filled","Rental","2024-05-15T00:00:00.000","2024-06-06T00:00:00.000","1","4",,,"4",,,,,,,"4",,,,,,,,"SI","10307","503","40.5100459900822","-74.247005707348"
"2218","460 Seneca Avenue Apartments","Tenant Selection","Rental","2021-06-25T00:00:00.000","2021-07-19T00:00:00.000","1","3",,"3",,,,,,,,"3",,,,,,,,"QN","11385","405","40.7058924417479","-73.9134014190094"
"7290","Bronx Park South","Tenant Selection","Rental","2026-02-02T00:00:00.000","2026-04-03T00:00:00.000","1","53","7","27","19",,,,"17","36",,,,"5","2","20","10",,,"BX","10460",,"40.8466987","-73.8815854"
"4189","45-57 Davis Street Apartments - Waiting List","Tenant Selection","Rental","2023-10-31T00:00:00.000","2023-11-30T00:00:00.000","1","48","12","23","12","1",,,,,,"48",,,,,,,,"QN","11101","402","40.7444150700221","-73.9444416535848"
"2567","130-24 Liberty Avenue Apartment","Tenant Selection","Rental","2022-01-03T00:00:00.000","2022-02-16T00:00:00.000","1","3",,"1","2",,,,,,,"3",,,,,,,,"QN","11419","410","40.6897657226467","-73.8147720695511"
"2163","Washington Manor Apartments","Closed","Rental","2021-05-03T00:00:00.000","2021-06-01T00:00:00.000","1","9",,"6","3",,,,,"9",,,,"5","2","50","5",,,"BX","10457","206","40.8489021034517","-73.8974197534119"
"3008","4435 White Plain Road Apartments","All Units Filled","Rental","2023-02-17T00:00:00.000","2023-04-17T00:00:00.000","1","27","11","15","1",,,,,,,"27",,,,,,,,"BX","10470","212","40.8996265061729","-73.8538399715009"
"3218","915 Elsmere Place Senior Apartments","All Units Filled","Rental","2022-10-31T00:00:00.000","2023-01-13T00:00:00.000","1","39","10","27","2",,,,,"27",,"12",,"5","2","50","5",,"70","BX","10460","206","40.841589564762","-73.8850996156593"
"2329","53-08 102nd Street - Units Still Available","All Units Filled","Rental","2021-08-24T00:00:00.000","2021-09-24T00:00:00.000","1","1",,"1",,,,,,,,"1",,,,,,,,"QN","11368","404","40.7410104698502","-73.8593591702192"
"1828","2278 Bronx Park East","All Units Filled","Rental","2020-10-27T00:00:00.000","2020-11-19T00:00:00.000","1","10","2","5","3",,,,,,,"10",,,,,,,,"BX","10467","211","40.8595001140548","-73.8707998544996"
"4619","95-25 Waltham Street Apartments","Tenant Selection","Rental","2025-02-27T00:00:00.000","2025-04-28T00:00:00.000","1","22","3","14","5",,,,,"22",,,,"5","2","20","5",,,"QN","11435","412","40.69790799684","-73.8071905441245"
"3663","Bronx Point Phase 1","All Units Filled","Rental","2023-05-01T00:00:00.000","2023-06-30T00:00:00.000","1","432","84","150","107","91",,"81","108","162","81",,,"5","2","50","5",,,"BX","10451","204","40.8203297207352","-73.9306670373085"
"4124","The Hub - Waiting List","Tenant Selection","Rental","2023-09-29T00:00:00.000","2023-10-30T00:00:00.000","1","150","46","85","19",,,,,"150",,,,,,,,,,"BK","11217","302","40.6872205433095","-73.9806442757063"
"4861","649 Hart Street Apartments","All Units Filled","Rental","2024-05-30T00:00:00.000","2024-06-20T00:00:00.000","1","12","2","6","4",,,,,,,"12",,,,,,,,"BK","11221","304","40.6987323256038","-73.9266641842027"
"5337","Brooklyn Crossing Waiting List","Tenant Selection","Rental","2024-11-25T00:00:00.000","2025-01-14T00:00:00.000","1","258","79","134","45",,,,,,"213","45",,,,,,,,"BK","11217","302","40.682717846725","-73.9741700732382"
"7276","2183 3rd Avenue Apartments - Units Available","All Units Filled","Rental","2025-09-18T00:00:00.000","2025-10-20T00:00:00.000","1","2","1",,"1",,,,,"2",,,,,,,,,,"MN","10035","111","40.7999160187713","-73.9382190404004"
"4277","2330 Cambreleng Avenue Apartments","Tenant Selection","Rental","2023-11-30T00:00:00.000","2024-02-05T00:00:00.000","1","14","3","4","7",,,,,,,"14",,,,,,,,"BX","10458","206","40.8534501118528","-73.8857695487304"
"2646","27-10 37th Ave Apartments","All Units Filled","Rental","2022-02-07T00:00:00.000","2022-03-22T00:00:00.000","1","3",,"3",,,,,,,,"3",,,,,,,,"QN","11101","401","40.7564918423888","-73.9338268359587"
"7344","86-05 Britton Avenue Apartments","Tenant Selection","Rental","2025-11-20T00:00:00.000","2025-12-11T00:00:00.000","1","3",,"1","2",,,,,"3",,,,,,,,,,"QN","11373","404","40.7467565","-73.8798774"
"2860","6375 Broadway Apartments","All Units Filled","Rental","2022-05-26T00:00:00.000","2022-07-28T00:00:00.000","1","23","4","16","3",,,,,,,"23",,,,,,,,"BX","10471","208","40.9017039102625","-73.8967377712885"
"1961","898 Bushwick Avenue Apartments","All Units Filled","Rental","2021-01-19T00:00:00.000","2021-02-09T00:00:00.000","1","3",,"1","2",,,,,,,"3",,,,,,,,"BK","11221","304","40.6932200087764","-73.9253864804247"
"3367","133-28 220TH Street Apartments","Tenant Selection","Rental","2022-12-21T00:00:00.000","2023-03-01T00:00:00.000","1","3",,,"3",,,,,,,"3",,,,,,,,"QN","11413","413","40.6794136933192","-73.7488589711478"
"2222","855 Dekalb Avenue - Units Still Available","Closed","Rental","2021-07-09T00:00:00.000","2021-08-23T00:00:00.000","1","6",,,"6",,,,,,,"6",,,,,,,,"BK","11221","303","40.6926724452616","-73.942104772059"
"2972","88 Linden Boulevard Apartments","All Units Filled","Rental","2022-06-15T00:00:00.000","2022-08-16T00:00:00.000","1","20","2","13","4","1",,,,,,"20",,,,,,,,"BK","11226","317","40.6519952903982","-73.9553878518895"
"2492","Cyrus Place Apartments","All Units Filled","Rental","2022-01-12T00:00:00.000","2022-03-16T00:00:00.000","1","44","6","16","16","6",,"4","12","28",,,,"5","2","50","5",,,"BX","10458","206","40.8586894432519","-73.8911289139351"
"7322","The Danby","Tenant Selection","Rental","2026-01-08T00:00:00.000","2026-03-16T00:00:00.000","1","35",,"30","5",,,,,,,"35",,,,,,,,"MN","10463","208","40.8756723","-73.9130164"
"4844","Aries Astoria","Tenant Selection","Rental","2024-05-30T00:00:00.000","2024-06-21T00:00:00.000","1","5",,"4","1",,,,,,,"5",,,,,,,,"QN","11106","401","40.7643061638956","-73.9249278014957"
"1789","165 Stockholm Street","All Units Filled","Rental","2020-09-25T00:00:00.000","2020-10-19T00:00:00.000","1","2",,"2",,,,,,,,"2",,,,,,,,"BK","11237","304","40.6996025674149","-73.9226997583244"
"3261","180 Throop Avenue Apartments","All Units Filled","Rental","2022-11-01T00:00:00.000","2022-12-15T00:00:00.000","1","10",,,"10",,,,,,,"10",,,,,,,,"BK","11206","303","40.6988573882854","-73.9440865224795"
"2501","310 Livingston Street Apartments","All Units Filled","Rental","2022-01-26T00:00:00.000","2022-04-01T00:00:00.000","1","48",,"41","7",,,,,"9",,"39",,"5","2","50","5",,,"BK","11217","302","40.688101896069","-73.9823964428333"
"2071","560 19th Street","Tenant Selection","Rental","2021-03-19T00:00:00.000","2021-04-09T00:00:00.000","1","3",,"1","2",,,,,,,"3",,,,,,,,"BK","11218","307","40.6545410531275","-73.9795797666813"
"3798","251 West 117th Street Apartments - Units Still Available","Tenant Selection","Rental","2023-08-07T00:00:00.000","2023-09-07T00:00:00.000","1","5","5",,,,,,,,,"5",,,,,,,,"MN","10026","110","40.8047346563348","-73.9533891150174"
"3285","108 Downing Street","All Units Filled","Rental","2023-01-06T00:00:00.000","2023-02-15T00:00:00.000","1","15","4","7","4",,,,,"10","5",,,"5","2","50","5",,,"BK","11238","302","40.6825136575547","-73.960674741216"
"3879","1650 Madison Avenue Apartments","All Units Filled","Rental","2023-07-07T00:00:00.000","2023-08-28T00:00:00.000","1","7",,"7",,,,,,,,"7",,,,,,,,"MN","10029","111","40.7961688037588","-73.9480029005133"
"3709","The Paxton Apartments","All Units Filled","Rental","2023-05-12T00:00:00.000","2023-07-12T00:00:00.000","1","89","39","29","17","4",,,,"18",,"71",,"5","2","50","5",,,"BK","11201","302","40.6887879512666","-73.9815200412148"
"1943","582 East 138 Street Apartments","All Units Filled","Rental","2021-03-02T00:00:00.000","2021-03-23T00:00:00.000","1","2",,"1","1",,,,,,,"2",,,,,,,,"BX","10454","201","40.8065503291275","-73.9168718484864"
"2849","RIVER CREST APARTMENTS","All Units Filled","Rental","2022-04-26T00:00:00.000","2022-06-27T00:00:00.000","1","225","53","100","45","27",,"38","51","136",,,,"5","2","50","5",,,"BX","10452","204","40.8346954398539","-73.9218887118613"
"5393","1038 Jefferson Avenue Apartments","All Units Filled","Rental","2024-11-18T00:00:00.000","2024-12-10T00:00:00.000","1","2",,,"2",,,,,,,"2",,,,,,,,"BK","11221","304","40.6872113939187","-73.9169196636569"
"2058","3214 Cruger Avenue","All Units Filled","Rental","2021-02-22T00:00:00.000","2021-03-15T00:00:00.000","1","3",,"3",,,,,,,,"3",,,,,,,,"BX","10467","212","40.8719993094562","-73.8658436377273"
"3198","555 Tenth Avenue - Waiting List","Tenant Selection","Rental","2022-09-27T00:00:00.000","2022-10-27T00:00:00.000","1","150","25","83","37","5",,,"60","60","30",,,"5","2",,,,,"MN","10018","104","40.7587587413246","-73.9964986555635"
"3420","426 Manhattan Avenue Apartments","All Units Filled","Rental","2023-01-13T00:00:00.000","2023-02-03T00:00:00.000","1","10","1","6","1","2",,,,,,"10",,,,,,,,"BK","11222","301","40.7191314253106","-73.9466416528716"
"3863","HELP ONE BUILDING A","All Units Filled","Rental","2023-07-12T00:00:00.000","2023-09-11T00:00:00.000","1","72","39","28","5",,,,"18","54",,,,"5","2","50","5",,,"BK","11207","305","40.6682815499574","-73.9007038934971"
"4386","1140 Grant Avenue Apartments","All Units Filled","Rental","2024-01-05T00:00:00.000","2024-04-24T00:00:00.000","1","15",,"5","2","8",,,,,,"15",,,,,,,,"BX","10456","204","40.8318228558311","-73.9156983758478"
"4432","The Vitagraph - Waiting List","Closed","Rental","2024-03-11T00:00:00.000","2024-04-23T00:00:00.000","1","91",,"45","46",,,,,,,"91",,,,,,,,"BK","11230","314","40.618779710603","-73.9604133186507"
"2069","Hooper Street Apartments","Tenant Selection","Rental","2021-03-17T00:00:00.000","2021-04-07T00:00:00.000","2","11","1",,"7","3",,,,"11",,,,,,,,,,"BK","11211","301","Multiple","Multiple"
"3597","300 East 39th Apartments","All Units Filled","Rental","2023-05-25T00:00:00.000","2023-06-15T00:00:00.000","1","13","2","10","1",,,,,,,"13",,,,,,,,"MN","10016","106","40.7475488768299","-73.9731993720737"
"5630","88-11 179th Place Apartments","All Units Filled","Rental","2025-03-10T00:00:00.000","2025-04-11T00:00:00.000","1","15",,"7","8",,,,,"10",,"5",,"5","2","20","5",,,"QN","11432","412","40.7124129982718","-73.7834100408343"
"2040","168 Force Tube Avenue Apartments","Tenant Selection","Rental","2022-10-21T00:00:00.000","2022-11-14T00:00:00.000","1","8",,"3","4","1",,,,,,"8",,,,,,,,"BK","11208","305","40.6828768281496","-73.8791138872882"
"4921","THROOP CORNERS","All Units Filled","Rental","2024-06-21T00:00:00.000","2024-08-20T00:00:00.000","1","125","25","56","12","17","15","14","28","83",,,,"5","2","50","5",,,"BK","11206","301","40.7020312889481","-73.946078289606"
"3041","68 Gold Street Apartments","All Units Filled","Rental","2022-07-25T00:00:00.000","2022-08-31T00:00:00.000","1","18","3","6","9",,,,,,,"18",,,,,,,,"BK","11201","302","40.7028633137711","-73.9827640254471"
"2278","325 Gates Avenue - Units Still Available","All Units Filled","Rental","2021-08-04T00:00:00.000","2021-11-01T00:00:00.000","1","7","4",,"3",,,,,,,"7",,,,,,,,"BK","11216","303","40.6860931745725","-73.9541607354786"
"2064","38-35 Crescent Street Apartment","All Units Filled","Rental","2021-04-23T00:00:00.000","2021-05-14T00:00:00.000","1","6",,"3","3",,,,,,,"6",,,,,,,,"QN","11101","401","40.7547641127963","-73.9364201143942"
"2295","1543 East 19th Street - Waiting List","Tenant Selection","Rental","2021-08-03T00:00:00.000","2021-09-02T00:00:00.000","1","15",,"7","8",,,,,,,"15",,,,,,,,"BK","11230","314","40.6123741483396","-73.955082972119"
"3878","360 East 184th Street Apartments","All Units Filled","Rental","2023-07-18T00:00:00.000","2023-08-14T00:00:00.000","1","4","1","2","1",,,,,,,"4",,,,,,,,"BX","10458","205","40.8576725485938","-73.8956023390514"
"4614","88-36 139th Street Apartments","All Units Filled","Rental","2024-04-01T00:00:00.000","2024-06-03T00:00:00.000","1","25","6","15","4",,,,,,,"25",,,,,,,,"QN","11435","412","40.7034276316296","-73.8137963818078"
"7367","2043 Webster Avenue Apartments","Tenant Selection","Rental","2025-12-15T00:00:00.000","2026-01-05T00:00:00.000","1","14","6","7","1",,,,,,,"14",,,,,,,,"BX","10457","205","40.8511979","-73.899219"
"7444","773 East 183 Street Apartments","Tenant Selection","Rental","2026-03-13T00:00:00.000","2026-04-03T00:00:00.000","1","7","5","2",,,,,,"7",,,,,,,,,,"BX","10460","206","40.8515345","-73.8832165"
"7454","104 Frost Street - Units Still Available","Tenant Selection","Rental","2026-03-02T00:00:00.000","2026-04-01T00:00:00.000","1","5",,"5",,,,,,,,"5",,,,,,,,"BK","11211","301","40.7175817","-73.947423"
"7333","HELP Hinsdale C","Active","Rental","2026-05-14T00:00:00.000","2026-06-16T00:00:00.000","1","30",,,"19","11",,,"5","25",,,,"5","2","20","10",,,"BK","11207","305","40.667562","-73.9000156"
"7376","Maison Bond Apartments","Tenant Selection","Rental","2026-02-05T00:00:00.000","2026-03-09T00:00:00.000","1","18",,"9","9",,,,"7","7","4",,,"5","2","20","10",,,"BK","11231","306","40.6787843058337","-73.9899880688328"
"7366","HAVEN COURT APARTMENTS","Tenant Selection","Rental","2026-01-14T00:00:00.000","2026-03-16T00:00:00.000","2","129","25","59","45",,,"10","32","50","37",,,"5","2","20","10",,,"BX","10451","201","Multiple","Multiple"
"3599","883 Bryant Avenue Senior Apartments","Closed","Rental","2023-04-24T00:00:00.000","2023-11-01T00:00:00.000","1","40","40",,,,,,,"40",,,,"5","2","50","5",,"100","BX","10474","202","40.8195096","-73.8870545"
"7399","Belle Eden Apartments - Waiting List","Tenant Selection","Rental","2025-12-26T00:00:00.000","2026-02-27T00:00:00.000","5","117",,"71","36","10",,,"8","102","7",,,"5","2",,,,,"BX","Multiple","Multiple","Multiple","Multiple"
"7422","Douglass Port Apartments","Tenant Selection","Rental","2026-01-22T00:00:00.000","2026-03-23T00:00:00.000","1","65","11","19","35",,,,"26","26","13",,,"5","2","20","10",,,"BK","11217","306","40.680906","-73.9854435"
"7412","25-01 Queens Plaza North - Units Still Available","Tenant Selection","Rental","2026-02-04T00:00:00.000","2026-03-30T00:00:00.000","1","80","2","77","1",,,,,,,"80",,,,,,,,"QN","11101","401","40.7510384799349","-73.9396430909021"
"7370","83-07 Queens Boulevard Apartments","Tenant Selection","Rental","2025-12-08T00:00:00.000","2025-12-30T00:00:00.000","1","16",,"14","2",,,,,,,"16",,,,,,,,"QN","11373","404","40.7375571","-73.879916"
"7413","Brownsville Crossing","Tenant Selection","Rental","2026-02-12T00:00:00.000","2026-04-14T00:00:00.000","3","34","8","15","5","6",,"4","10","20",,,,"5","2","20","10",,,"BK","11212","316","Multiple","Multiple"
"7397","House 55","Tenant Selection","Rental","2026-01-07T00:00:00.000","2026-03-09T00:00:00.000","1","89","3","82","4",,,,,,,"89",,,,,,,,"BK","11201","302","40.6924337397369","-73.9868667922319"
"7349","1970 Crotona Avenue Apartments","Tenant Selection","Rental","2025-12-08T00:00:00.000","2025-12-30T00:00:00.000","1","10","2","6","2",,,,,"10",,,,,,,,,,"BX","10457","206","40.8456349370437","-73.8904021091137"
"7368","727 East 215th Street Apartments","Tenant Selection","Rental","2026-01-05T00:00:00.000","2026-02-04T00:00:00.000","1","3",,"3",,,,,,"3",,,,,,,,,,"BX","10467","212","40.8803019620675","-73.8634618657277"
"3841","ST. FRANCIS COMMONS","All Units Filled","Rental","2023-07-06T00:00:00.000","2023-09-06T00:00:00.000","1","85",,"45","34","6",,"12","24","49",,,,"5","2","50","5",,,"BX","10452","205","40.8457243923808","-73.9189372914331"
"7369","The Sophia Apartments","Tenant Selection","Rental","2026-01-05T00:00:00.000","2026-01-27T00:00:00.000","1","13",,"10","3",,,,"6","6",,"1",,"5","2","20","10",,,"MN","10034","112","40.8702515779923","-73.9158485198181"
"7455","25-16 37th Avenue Apartments","Tenant Selection","Rental","2026-03-11T00:00:00.000","2026-04-01T00:00:00.000","1","12","1","8","3",,,,,,,"12",,,,,,,,"QN","11101","401","40.756457","-73.934296"
"7424","827 Sterling Place Units Still Available","Tenant Selection","Rental","2026-01-26T00:00:00.000","2026-02-26T00:00:00.000","1","5","1","4",,,,,,,,"5",,,,,,,,"BK","11216","308","40.6728373429398","-73.9509614106225"
"7365","492 Kings Highway Apartments Units Still Available","Tenant Selection","Rental","2025-12-11T00:00:00.000","2026-01-20T00:00:00.000","1","2",,"1","1",,,,,,,"2",,,,,,,,"BK","11223","315","40.6040544154195","-73.9714527382557"
"7391","585 Jackson Avenue Apartments","Tenant Selection","Rental","2026-01-07T00:00:00.000","2026-01-28T00:00:00.000","1","16","9","7",,,,,,"16",,,,,,,,,,"BX","10455","201","40.8142222","-73.9090111"
"7466","1730 Bedford Avenue Apartments - Units Still Available","Tenant Selection","Rental","2026-02-18T00:00:00.000","2026-03-11T00:00:00.000","1","11",,"10","1",,,,,,,"11",,,,,,,,"BK","11225","309","40.663903","-73.95764"
"7406","2305 Belmont Avenue","Tenant Selection","Rental","2026-01-22T00:00:00.000","2026-02-23T00:00:00.000","1","4",,"3","1",,,,,,,"4",,,,,,,,"BX","10458","206","40.8529273744304","-73.8872958696792"
"4519","1716 East 54th Street Apartments","All Units Filled","Rental","2024-02-22T00:00:00.000","2024-03-14T00:00:00.000","1","4",,,"4",,,,,,,"4",,,,,,,,"BK","11234","318","40.6157112212094","-73.9229229723004"
"7417","Renaissance HDFC - Waitlist","Tenant Selection","Owner","2026-03-04T00:00:00.000","2026-04-03T00:00:00.000","1","240",,"9","142","89",,,,,,"180","60",,,,,,,"MN","10026","110","40.8021612404926","-73.9495694341386"
"7462","170 Freeman Street Apartments","Active","Rental","2026-04-13T00:00:00.000","2026-06-15T00:00:00.000","1","21","3","13","5",,,,,"11",,"10",,"5","2","20","10",,,"BK","11222","301","40.734264","-73.954604"
"7390","2854 Webb Avenue Apartments","Tenant Selection","Rental","2025-12-23T00:00:00.000","2026-01-13T00:00:00.000","1","2",,"2",,,,,,"2",,,,,,,,,,"BX","10468","208","40.8733337","-73.9004671"
"7439","75-42 Grand Central Parkway","Tenant Selection","Rental","2026-02-11T00:00:00.000","2026-03-05T00:00:00.000","1","3",,"2","1",,,,,,,"3",,,,,,,,"QN","11375","406","40.7185783","-73.8342441"
"4756","The MC aka 1100 Myrtle Avenue Apartments","All Units Filled","Rental","2024-05-23T00:00:00.000","2024-07-23T00:00:00.000","1","70","8","53","9",,,,,"38",,"32",,"5","2","20","5",,,"BK","11206","303","40.6965422051182","-73.9362231983576"
"7402","815 Kings Highway Apartments","Tenant Selection","Rental","2026-01-12T00:00:00.000","2026-03-02T00:00:00.000","1","8",,,"8",,,,,,,"8",,,,,,,,"BK","11223","315","40.6067716","-73.9641434"
"7472","1801 Weeks Avenue Apartments","Tenant Selection","Rental","2026-03-06T00:00:00.000","2026-03-27T00:00:00.000","1","19","5","4","10",,,,,"19",,,,,,,,,,"BX","10457","205","40.8469527","-73.9076311"
"7383","1081 Anderson Avenue Apartments","Tenant Selection","Rental","2025-12-30T00:00:00.000","2026-01-21T00:00:00.000","1","3",,"1","2",,,,,"3",,,,,,,,,,"BX","10452","204","40.834341225668","-73.9258244856125"
"7468","694 Rutland Road Apartments - Units Still Available","Tenant Selection","Rental","2026-03-02T00:00:00.000","2026-04-01T00:00:00.000","1","2",,,"2",,,,,,,"2",,,,,,,,"BK","11203","309","40.65998","-73.937721"
"7465","166-13 91st Avenue Apartments","Tenant Selection","Rental","2026-04-20T00:00:00.000","2026-05-11T00:00:00.000","1","9","2","3","4",,,,,"8",,"1",,"5","2","20","10",,,"QN","11432","412","40.7068726","-73.7940705"
"7358","ROCKAWAY VILLAGE APARTMENTS PHASE 5","Tenant Selection","Rental","2025-12-10T00:00:00.000","2026-02-09T00:00:00.000","2","325","17","81","188","39",,"39","106","180",,,,"5","2","20","10",,,"QN","11691","414","Multiple","Multiple"
"7404","714 Beach Avenue Apartments","Tenant Selection","Rental","2025-12-30T00:00:00.000","2026-01-21T00:00:00.000","1","9",,"6","2","1",,,,"9",,,,,,,,,,"BX","10473","209","40.8196933","-73.8632729"
"7437","779 East 181 Street Apartments","Tenant Selection","Rental","2026-02-05T00:00:00.000","2026-02-26T00:00:00.000","1","3",,"3",,,,,,"3",,,,,,,,,,"BX","10460","206","40.8476293","-73.8851384"
"3384","200 Montague Street Apartments","All Units Filled","Rental","2023-02-01T00:00:00.000","2023-04-03T00:00:00.000","1","38","8","18","8","4",,,,"1",,"37",,"5","2","50","5",,,"BK","11201","302","40.6937159635996","-73.9912515720186"
"7141","88-34 54th Avenue Apartments","All Units Filled","Rental","2025-07-29T00:00:00.000","2025-08-20T00:00:00.000","1","3",,"3",,,,,,,,"3",,,,,,,,"QN","11373","404","40.7370366156585","-73.8740648191057"
"7409","The Garrison Units Still Available","Tenant Selection","Rental","2026-01-15T00:00:00.000","2026-02-16T00:00:00.000","1","15",,"15",,,,,,,,"15",,,,,,,,"BK","11205","302","40.6929719932626","-73.9727957933955"
"7372","The Lotus","Tenant Selection","Rental","2026-01-26T00:00:00.000","2026-03-30T00:00:00.000","1","48","2","39","7",,,,,"16",,"32",,"5","2","20","10",,,"MN","10016","106","40.7482463042472","-73.9743467738536"
"7408","1256 Shakespeare Avenue","Tenant Selection","Rental","2026-01-13T00:00:00.000","2026-02-04T00:00:00.000","1","3","2","1",,,,,,"3",,,,,,,,,,"BX","10452","204","40.8385111482316","-73.9227190570047"
"5489","3914 15th Avenue Apartments","All Units Filled","Rental","2024-11-25T00:00:00.000","2024-12-26T00:00:00.000","1","13",,"6","7",,,,,,,"13",,,,,,,,"BK","11218","312","40.6377928","-73.9824749"
"7350","Glenmore Manor Apartments","Tenant Selection","Rental","2026-01-15T00:00:00.000","2026-03-16T00:00:00.000","1","150","32","24","66","28",,"60","16","74",,,,"5","2","20","10",,,"BK","11212","316","40.6720058548052","-73.9068375623977"
"7384","133 Carlton Avenue Apartments","Tenant Selection","Rental","2025-12-30T00:00:00.000","2026-01-21T00:00:00.000","1","2",,"2",,,,,,"2",,,,,,,,,,"BK","11205","302","40.6937627","-73.9727525"
"7410","Gail P. Duke Senior Residence","Tenant Selection","Rental","2026-02-16T00:00:00.000","2026-04-24T00:00:00.000","1","47","24","23",,,,,"47",,,,,"5","2",,,,,"BK","11212","316","40.6632032","-73.904592"
"7335","2922 Fulton Street Apartments","Tenant Selection","Rental","2025-11-17T00:00:00.000","2025-12-09T00:00:00.000","1","3",,"3",,,,,,,,"3",,,,,,,,"BK","11207","305","40.6792204634718","-73.8868936098626"
"7363","1591 Jesup Avenue Apartments","Tenant Selection","Rental","2025-12-15T00:00:00.000","2026-01-08T00:00:00.000","1","18","3","11","4",,,,,,,"18",,,,,,,,"BX","10452","205","40.8455898","-73.9185467"
"7377","36 India Street Apartments","Tenant Selection","Rental","2026-02-03T00:00:00.000","2026-02-25T00:00:00.000","1","16",,"12","4",,,,,,,"16",,,,,,,,"BK","11222","301","40.731672","-73.959184"
"7445","COURTLANDT MANOR","Tenant Selection","Rental","2026-02-19T00:00:00.000","2026-03-12T00:00:00.000","1","19","2","8","7","2",,"5","1","13",,,,"5","2","20","10",,,"BX","10451","201","40.822249","-73.916572"
"7401","107 South 6th Street Apartments","Tenant Selection","Rental","2025-12-23T00:00:00.000","2026-01-22T00:00:00.000","1","8","3","3","2",,,,"2","3","3",,,,,,,,,"BK","11249","301","40.7108518437479","-73.9643732733317"
"7393","449 Humboldt Street Apartments","Tenant Selection","Rental","2026-01-21T00:00:00.000","2026-02-11T00:00:00.000","1","2",,"2",,,,,,"2",,,,,,,,,,"BK","11211","301","40.7178755801314","-73.9435186325731"
"7443","400 Thatford Avenue Apartments","Tenant Selection","Rental","2026-03-20T00:00:00.000","2026-04-10T00:00:00.000","1","17","17",,,,,,"6","8","3",,,"5","2","20","10",,,"BK","11212","316","40.660531","-73.907726"
"7453","87-57 150th Street AKA 150-02 Hillside Avenue Apartments","Tenant Selection","Rental","2026-03-05T00:00:00.000","2026-03-27T00:00:00.000","1","18",,"12","6",,,,,,,"18",,,,,,,,"QN","11435","412","40.706085","-73.806264"
"7403","Prosper Brooklyn","Tenant Selection","Rental","2026-02-12T00:00:00.000","2026-04-13T00:00:00.000","1","65","14","37","14",,,,"49","3",,"13",,,,"20","10",,,"BK","11238","308","40.6796421528987","-73.9593172170113"
"7385","3217 Westchester Avenue","Tenant Selection","Rental","2025-12-22T00:00:00.000","2026-01-13T00:00:00.000","1","11","4","6","1",,,,,"11",,,,,,,,,,"BX","10461","210","40.8520937600273","-73.8297403607496"
"4472","3103 Sedgwick Avenue Apartments","All Units Filled","Rental","2024-03-01T00:00:00.000","2024-03-22T00:00:00.000","1","13",,,"12","1",,,,,,"13",,,,,,,,"BX","10463","208","40.8767652925129","-73.8993981334588"
"7400","Eight80 BK","Tenant Selection","Rental","2026-03-09T00:00:00.000","2026-05-08T00:00:00.000","1","65","6","39","20",,,,"48","4",,"13",,,,"20","10",,,"BK","11238","308","40.6811965","-73.9656983"
"6827","Cantilever House","Closed","Rental","2025-03-13T00:00:00.000","2025-04-03T00:00:00.000","1","15",,"12","3",,,,,"11",,"4",,"5","2","20","5",,,"BK","11206","304","40.701261121009","-73.9374268685763"
"4175","CONEY ISLAND PHASE 2","All Units Filled","Rental","2023-11-06T00:00:00.000","2024-01-05T00:00:00.000","1","299","73","79","124","23",,"37","94","129","39",,,"5","2","50","5",,,"BK","11224","313","40.5758458035339","-73.984081912887"
"7379","The Hana","Tenant Selection","Rental","2026-01-07T00:00:00.000","2026-01-29T00:00:00.000","1","12","6","5","1",,,,,,,"12",,,,,,,,"QN","11360","411","40.760054","-73.766445"
"3636","1457 Flatbush Avenue Apartments","All Units Filled","Rental","2023-05-10T00:00:00.000","2023-07-10T00:00:00.000","1","22","6","16",,,,,,"16",,"6",,"5","2","50","5",,,"BK","11210","314","40.6347721693616","-73.9497211521175"
"7431","183-03 Hillside Avenue Apartments","Tenant Selection","Rental","2026-02-02T00:00:00.000","2026-02-24T00:00:00.000","1","14","4","10",,,,,,,,"14",,,,,,,,"QN","11432","408","40.7141319","-73.7786164"
"7461","3914 15th Avenue Apartments - Units Still Available","Tenant Selection","Rental","2026-03-05T00:00:00.000","2026-04-06T00:00:00.000","1","12",,"6","6",,,,,,,"12",,,,,,,,"BK","11218","312","40.6377928","-73.9824749"
"7452","Cove 41","Tenant Selection","Rental","2026-02-17T00:00:00.000","2026-03-10T00:00:00.000","1","3",,"1","2",,,,,,,"3",,,,,,,,"QN","11355","407","40.756531","-73.831883"
"5417","563 west 170th Street Apartments","All Units Filled","Rental","2024-12-09T00:00:00.000","2024-12-31T00:00:00.000","1","8",,"4","4",,,,,,,"8",,,,,,,,"MN","10032","112","40.8422093179162","-73.9381002511496"
"4925","62 Martense Street Apartments","All Units Filled","Rental","2024-08-20T00:00:00.000","2024-09-11T00:00:00.000","1","3",,"2","1",,,,,,,"3",,,,,,,,"BK","11226","314","40.6510900732494","-73.9568588110905"
"7082","143-26 84th Road Apartments","Tenant Selection","Rental","2025-08-14T00:00:00.000","2025-09-05T00:00:00.000","1","13","3","8","2",,,,,,,"13",,,,,,,,"QN","11432","408","40.713258579731","-73.8082824009232"
"7485","1060 Prospect Avenue","Active","Rental","2026-06-15T00:00:00.000","2026-07-09T00:00:00.000","1","6",,"3","3",,,,,"6",,,,,,,,,,"BX","10459","202","40.8252895","-73.8992901"
"6777","Williamsburg Wharf A2","Tenant Selection","Rental","2025-02-12T00:00:00.000","2025-04-14T00:00:00.000","1","26","8","13","5",,,,,,,"26",,,,,,,,"BK","11249","301","40.7077662","-73.9690057"
"7492","West Harlem Renaissance","Active","Rental","2026-04-27T00:00:00.000","2026-05-28T00:00:00.000","2","44","10","16",,"18",,,"12","30","2",,,"5","2",,,,,"MN","10030","110","Multiple","Multiple"
"5756","31-61 Vernon Boulevard Apartments","Closed","Rental","2025-02-10T00:00:00.000","2025-03-04T00:00:00.000","1","16","2","14",,,,,,,,"16",,,,,,,,"QN","11106","401","40.7679692","-73.9357461"
"6908","The Brighton","Tenant Selection","Rental","2025-03-31T00:00:00.000","2025-04-30T00:00:00.000","1","9","2","2","5",,,,,,,"9",,,,,,,,"BK","11235","313","40.5821601573489","-73.9651511409539"
"7570","1727 Boston Road Apartments","Tenant Selection","Rental","2026-05-22T00:00:00.000","2026-06-15T00:00:00.000","1","19","5","5","9",,,,,"19",,,,,,,,,,"BX","10460","203","40.83729","-73.888533"
"6881","321 Franklin Avenue Apartments","Tenant Selection","Rental","2025-03-10T00:00:00.000","2025-03-31T00:00:00.000","1","3",,"1","2",,,,,,,"3",,,,,,,,"BK","11238","303","40.6886550880965","-73.9568561417402"
"7080","55 Broad Street Apartments","Tenant Selection","Rental","2025-06-04T00:00:00.000","2025-08-04T00:00:00.000","1","143","70","63","9","1",,,"29","76","38",,,,,,,,,"MN","10004","101","40.7052767224618","-74.0110474369474"
"5579","28-08 38th Avenue Apartments","Tenant Selection","Rental","2025-02-10T00:00:00.000","2025-03-04T00:00:00.000","1","15","1","6","8",,,,,,,"15",,,,,,,,"QN","11101","401","40.7546503811121","-73.9342870605766"
"7542","3216 Glenwood Road Apartments","Tenant Selection","Rental","2026-05-11T00:00:00.000","2026-06-02T00:00:00.000","1","4",,"2",,"2",,,,"4",,,,,,,,,,"BK","11210","317","40.6339489","-73.9452448"
"7467","Astoria Cove Phase 1(A)","Tenant Selection","Rental","2026-04-02T00:00:00.000","2026-06-02T00:00:00.000","2","75","15","28","32",,,,,"45",,"30",,"5","2","20","10",,,"QN","11102","401","Multiple","Multiple"
"7539","1686 Davidson Avenue","Tenant Selection","Rental","2026-05-01T00:00:00.000","2026-05-21T00:00:00.000","1","7","1","2","4",,,,,"7",,,,,,,,,,"BX","10453","205","40.8466935","-73.9139923"
"7096","45-07 45th Street Apartments","Tenant Selection","Rental","2025-07-24T00:00:00.000","2025-08-14T00:00:00.000","1","19",,"15","4",,,,,"13",,"6",,"5","2","20","5",,,"QN","11104","402","40.7429242","-73.9194627"
"7548","RIALTO WEST","Active","Rental","2026-05-20T00:00:00.000","2026-07-20T00:00:00.000","1","133","32","36","53","12",,,"39","31","47","16",,"5","2","20","10",,,"MN","10036","104","40.7639498","-73.9930855"
"6889","Society Brooklyn at Sackett","Tenant Selection","Rental","2025-04-08T00:00:00.000","2025-06-09T00:00:00.000","1","45",,"17","16","12",,,"18","18","8","1",,"5","2","20","5",,,"BK","11231","306","40.6803898751287","-73.9886610437039"
"7533","1143 Hoe Avenue Apartments","Active","Rental","2026-06-02T00:00:00.000","2026-06-24T00:00:00.000","1","10","1","5","3","1",,,,"10",,,,,,,,,,"BX","10459","203","40.8271503","-73.8911768"
"6862","Eagle Loft Collection Phase 2","Tenant Selection","Rental","2025-04-14T00:00:00.000","2025-06-13T00:00:00.000","1","91","75","16",,,,,,,,"91",,,,,,,,"QN","11101","402","40.7476680322294","-73.9398410323071"
"6837","132 & 134 Waverly Avenue Apartments","Tenant Selection","Rental","2025-04-03T00:00:00.000","2025-04-25T00:00:00.000","2","5",,"2","2","1",,,,,,"5",,,,,,,,"BK","11205","302","Multiple","Multiple"
"7566","104 Fleet Place Apartments","Active","Rental","2026-06-22T00:00:00.000","2026-07-14T00:00:00.000","1","20","5","5","10",,,,,"20",,,,,,,,,,"BK","11201","302","40.69239","-73.981845"
"7100","3815 Carpenter Avenue Apartments","Tenant Selection","Rental","2025-06-26T00:00:00.000","2025-07-18T00:00:00.000","1","4","3","1",,,,,,"4",,,,,,,,,,"BX","10467","212","40.8849427942625","-73.8654233208848"
"7529","163 Willoughby Street Apartments","Active","Rental","2026-07-06T00:00:00.000","2026-07-27T00:00:00.000","1","20","5","5","10",,,,,"20",,,,,,,,,,"BK","11201","302","40.6921459","-73.9820799"
"5469","Logan Fountain Apartments","Tenant Selection","Rental","2024-12-12T00:00:00.000","2025-02-10T00:00:00.000","1","68",,"18","33","17",,,"23","45",,,,"5","2","20","5",,,"BK","11208","305","40.6796933350371","-73.8769456275571"
"7463","325 Bond Street Apartments","Tenant Selection","Rental","2026-04-07T00:00:00.000","2026-06-08T00:00:00.000","1","153","37","78","38",,,,"68","54","26","5",,"5","2","20","10",,,"BK","11231","306","40.6793581","-73.9898502"
"7511","2171 Frederick Douglass - Units Still Available","Tenant Selection","Rental","2026-03-25T00:00:00.000","2026-05-08T00:00:00.000","1","3",,"1","2",,,,,,,"3",,,,,,,,"MN","10026","110","40.8053485","-73.9551109"
"7007","2070 Honeywell Avenue Apartments","Tenant Selection","Rental","2025-04-10T00:00:00.000","2025-05-01T00:00:00.000","1","17","3","10","4",,,,,,,"17",,,,,,,,"BX","10460","206","40.8443540725775","-73.8829515719083"
"5698","1730 Bedford Avenue Apartments","Tenant Selection","Rental","2025-02-27T00:00:00.000","2025-03-20T00:00:00.000","1","18",,"13","5",,,,,,,"18",,,,,,,,"BK","11225","309","40.6641855834891","-73.9572900924404"
"7565","2406 Hoffman Street Apartments","Active","Rental","2026-06-01T00:00:00.000","2026-06-23T00:00:00.000","1","3",,,"3",,,,,,,"3",,,,,,,,"BX","10458","206","40.856096","-73.888003"
"6999","Prisma House","Tenant Selection","Rental","2025-04-29T00:00:00.000","2025-06-30T00:00:00.000","1","30",,"24","6",,,,"12","12","6",,,"5","2","20","5",,,"BK","11205","303","40.6953235758459","-73.9535124857876"
"6919","1305 Newkirk Avenue AKA 585 Argyle Road","Tenant Selection","Rental","2025-03-31T00:00:00.000","2025-04-21T00:00:00.000","1","9",,"1","8",,,,,"6",,"3",,"5","2","20","5",,,"BK","11230","314","40.6349437","-73.9648904"
"5558","Pianist Senior - Units Still Available","Tenant Selection","Rental","2025-01-27T00:00:00.000","2025-02-27T00:00:00.000","1","13","3",,"10",,,,,"13",,,,"5",,,,,"100","QN","11102","401","40.7749696407773","-73.9341659152185"
"5439","767 East 232nd Street Apartments","All Units Filled","Rental","2024-11-18T00:00:00.000","2024-12-10T00:00:00.000","1","9","6","3",,,,,,,,"9",,,,,,,,"BX","10466","212","40.892078074131","-73.8555854363614"
"7480","1259 St Marks Avenue Apartments","Tenant Selection","Rental","2026-03-12T00:00:00.000","2026-04-13T00:00:00.000","1","5","1","1","3",,,,,"5",,,,,,,,,,"BK","11213","308","40.6741414","-73.9272274"
"5561","129 3rd Street Apartments","Tenant Selection","Rental","2025-03-05T00:00:00.000","2025-05-05T00:00:00.000","1","33",,"21","12",,,,"13","17",,"3",,"5","2","20","5",,,"BK","11231","306","40.6767642721477","-73.9914773178359"
"7493","22 Frost Street Apartments - Units Still Avaliable","Tenant Selection","Rental","2026-03-16T00:00:00.000","2026-04-30T00:00:00.000","1","2","2",,,,,,,,,"2",,,,,,,,"BK","11211","301","40.7174063","-73.9511319"
"7469","Aria Platt 7","Tenant Selection","Rental","2026-04-07T00:00:00.000","2026-06-08T00:00:00.000","1","75","40","22","13",,,,,"25",,"50",,,,,,,,"MN","10038","101","40.7076272","-74.0063197"
"7561","282 4th Avenue Apartments","Active","Rental","2026-06-01T00:00:00.000","2026-06-23T00:00:00.000","1","13",,"6","7",,,,"7","3","3",,,"5","2","20","10",,,"BK","11215","306","40.675757","-73.984664"
"7475","The Pecora","Active","Rental","2026-03-19T00:00:00.000","2026-06-01T00:00:00.000","1","56","17","24","15",,,,,,,"56",,,,,,,,"QN","11101","401","40.7522","-73.939703"
"7128","1215 Fulton Street aka 12 Halsey Street Apartments","Tenant Selection","Rental","2025-06-30T00:00:00.000","2025-09-01T00:00:00.000","1","72","20","36","16",,,,,,,"72",,,,,,,,"BK","11216","303","40.6806469","-73.9527005"
"7571","Botanic Heights","Active","Rental","2026-06-10T00:00:00.000","2026-07-02T00:00:00.000","1","91",,"62","29",,,,,,,"91",,,,,,,,"BK","11225","309","40.6658876","-73.9598544"
"5614","The Fifty LIC","All Units Filled","Rental","2025-02-05T00:00:00.000","2025-02-27T00:00:00.000","1","16",,"16",,,,,,"16",,,,"5","2","20","5",,,"QN","11101","401","40.7527289293597","-73.9340615696373"
"5740","Baisley Pond Park Residences","Tenant Selection","Rental","2025-03-20T00:00:00.000","2025-05-19T00:00:00.000","1","125","108","13","4",,,,"29","96",,,,"5","2","20","5",,,"QN","11436","412","40.6680347679625","-73.795035225839"
"7517","2683 Atlantic Avenue Apartments","Active","Rental","2026-05-21T00:00:00.000","2026-06-12T00:00:00.000","1","58",,,"58",,,,"23","24","9","2",,,,"20","10",,,"BK","11207","305","40.676166","-73.89536"
"7126","94-15 Sutphin Boulevard Apartments","Tenant Selection","Rental","2025-06-18T00:00:00.000","2025-08-18T00:00:00.000","1","90","27","45","17","1",,,,"90",,,,"5","2","20","5",,,"QN","11435","412","40.6989146","-73.8065892"
"6803","63-68 Austin Street Apartments","Tenant Selection","Rental","2025-03-26T00:00:00.000","2025-05-27T00:00:00.000","1","24",,"14","10",,,,,"19",,"5",,"5","2","20","5",,,"QN","11374","406","40.7270232071723","-73.8639454912204"
"7512","38-16 Crescent Street Apartments","Tenant Selection","Rental","2026-04-15T00:00:00.000","2026-05-06T00:00:00.000","1","3",,"3",,,,,,"3",,,,,,,,,,"QN","11101","401","40.7554407","-73.936374"
"7589","534 Third Avenue Apartments","Active","Rental","2026-06-15T00:00:00.000","2026-07-07T00:00:00.000","1","40","21","12","7",,,,"16","16",,"8",,"5","2","20","10",,,"MN","10016","306","40.7468413","-73.9776403"
"7092","300 East 50th Street Apartments","Tenant Selection","Rental","2025-06-19T00:00:00.000","2025-08-21T00:00:00.000","1","59","16","32","10","1",,,,"20",,"39",,"5","2","20","5",,,"MN","10022","106","40.754599","-73.968401"
"7540","One Waterline Square - Waiting List","Tenant Selection","Rental","2026-05-20T00:00:00.000","2026-06-11T00:00:00.000","1","64","11","10","41","2",,,,"64",,,,,,,,,,"MN","10019","107","40.772537","-73.992613"
"5578","2123 Glebe Avenue Apartments","Tenant Selection","Rental","2025-01-09T00:00:00.000","2025-03-10T00:00:00.000","1","50","4","23","23",,,,,,,"50",,,,,,,,"BX","10462","210","40.8349843408272","-73.8503356839795"
"5707","86 & 88 Marble Hill Avenue Apartments","Tenant Selection","Rental","2025-02-06T00:00:00.000","2025-02-28T00:00:00.000","2","6",,"6",,,,,,,,"6",,,,,,,,"MN","10463","208","Multiple","Multiple"
"7117","The Baltic Canal","Tenant Selection","Rental","2025-07-09T00:00:00.000","2025-09-08T00:00:00.000","1","25","1","6","18",,,,"10","11",,"4",,"5","2","20","5",,,"BK","11217","306","40.6816903951396","-73.9843739284253"
"7545","2334-2336 Valentine Avenue Apartments","Active","Rental","2026-05-14T00:00:00.000","2026-06-05T00:00:00.000","1","7",,"3","4",,,,,"7",,,,,,,,,,"BX","10458","205","40.8577023","-73.8975297"
"7549","106 Fleet Place Apartments","Active","Rental","2026-06-29T00:00:00.000","2026-07-21T00:00:00.000","1","20","5","5","10",,,,,"20",,,,,,,,,,"QN","11201","302","40.692510","-73.982020"
"2276","1755 WATSON AVE LLC","All Units Filled","Rental","2021-08-05T00:00:00.000","2021-10-04T00:00:00.000","1","283","74","117","71","21",,"33","81","75","94",,,"5","2","50","5",,,"BX","10472","209","40.8280231909223","-73.8678582434095"
"5687","2428 Bronx Park East Apartments","All Units Filled","Rental","2025-03-19T00:00:00.000","2025-04-09T00:00:00.000","1","12","2","8","2",,,,,,,"12",,,,,,,,"BX","10467","211","40.862197","-73.8701363"
"7005","Paseo on 5th aka 120 5th Avenue Apartments","Tenant Selection","Rental","2025-06-24T00:00:00.000","2025-08-25T00:00:00.000","2","45","13","20","12",,,,"18","23","4",,,,,"20","5",,,"BK","11217","306","40.6792329828285","-73.9790818812107"
"7432","Urban Horizons 1 Waiting List","Tenant Selection","Rental","2026-04-06T00:00:00.000","2026-05-06T00:00:00.000","1","83","22","10","36","15",,,"35","48",,,,,,,,,,"BX","10452",,"40.836861","-73.9193213"
"7054","408 Lefferts Avenue Apartments","Tenant Selection","Rental","2025-09-24T00:00:00.000","2025-10-16T00:00:00.000","1","18","3","12","3",,,,,,,"18",,,,,,,,"BK","11225","309","40.662347","-73.9476695"
"7043","229 Beach 14th Street Apartments","Tenant Selection","Rental","2025-05-13T00:00:00.000","2025-09-25T00:00:00.000","1","5",,,"5",,,,,,,"5",,,,,,,,"QN","11691","414","40.5961851","-73.7483544"
"4259","1111 Foster Waitlist","All Units Filled","Rental","2023-11-03T00:00:00.000","2023-12-04T00:00:00.000","1","18","4","8","4","2",,,,,,"18",,,,,,,,"BK","11230","314","40.6327800933999","-73.9665586298133"
"7568","1211 Fulton Street Apartments","Active","Rental","2026-06-01T00:00:00.000","2026-06-23T00:00:00.000","1","12",,"4","8",,,,,,,"12",,,,,,,,"BK","11216","303","40.6807448","-73.9529741"
"6882","268 Sullivan Place Apartments","Closed","Rental","2025-03-17T00:00:00.000","2025-04-07T00:00:00.000","1","12",,"6","6",,,,,,,"12",,,,,,,,"BK","11225","309","40.6646007874983","-73.9522002181368"
"7555","217 Bedford Park Boulevard Apartments","Active","Rental","2026-05-26T00:00:00.000","2026-06-16T00:00:00.000","1","6","6",,,,,,,"6",,,,,,,,,,"BX","10458","207","40.871836","-73.8869816"
"5506","150 Noll Street Apartments","Tenant Selection","Rental","2024-12-12T00:00:00.000","2025-02-13T00:00:00.000","1","25",,"20","4","1",,,,,,"25",,,,,,,,"BK","11206","304","40.7028272406934","-73.9306449793279"
"7520","100 South 9th Street Apartments - Units still Available","Tenant Selection","Rental","2026-04-20T00:00:00.000","2026-05-20T00:00:00.000","1","6",,,"6",,,,,,,"6",,,,,,,,"BK","11249","301","40.708585","-73.964948"
"7220","La Olazul","Tenant Selection","Rental","2026-03-09T00:00:00.000","2026-05-08T00:00:00.000","1","37","29","6","2",,,,,"37",,,,"5","2","20","10",,,"BX","10453",,"40.8508557","-73.9096582"
"2760","90 SANDS APARTMENTS","All Units Filled","Rental","2022-04-03T00:00:00.000","2022-07-01T00:00:00.000","1","185","98","87",,,,"9","9","18","149",,,"5","2","50","5",,,"BK","11201","302","40.6995838925424","-73.98715750449"
"7479","Park Towers HDFC","Tenant Selection","Owner","2026-03-26T00:00:00.000","2026-05-26T00:00:00.000","1","24",,"9","9","2","4",,,,"24",,,"5","2","20","10",,,"MN","10031","109","40.8251198991325","-73.9538915280206"
"3977","811 Lexington Avenue Senior Residences","All Units Filled","Rental","2023-09-08T00:00:00.000","2023-11-09T00:00:00.000","1","43","43",,,,,,"43",,,,,"5","2",,,,"100","BK","11221","303","40.6904826428489","-73.928400502246"
"7094","196 Willoughby Street - Waiting List","Tenant Selection","Rental","2025-09-25T00:00:00.000","2025-10-27T00:00:00.000","1","143","45","71","27",,,,,,,"143",,,,,,,,"BK","11201","302","40.6914775636127","-73.979954295613"
"7473","645 Park Place Aka 711 Franklin Avenue Apartments","Active","Rental","2026-06-25T00:00:00.000","2026-07-20T00:00:00.000","1","18",,"12","6",,,,,"15",,"3",,"5","2","20","5",,,"BK","11216","308","40.6742974","-73.9563242"
"6978","89 Dekalb Avenue Apartments","Tenant Selection","Rental","2025-07-07T00:00:00.000","2025-09-08T00:00:00.000","1","98","34","39","25",,,,,,,"98",,,,,,,,"BK","11201","302","40.6898828241543","-73.979792509327"
"7481","2404 Cortelyou Road Apartments","Tenant Selection","Rental","2026-03-19T00:00:00.000","2026-05-08T00:00:00.000","1","8",,"6","2",,,,,,,"8",,,,,,,,"BK","11226","317","40.6440413","-73.9544351"
"7510","Clermont Area HDFC Apartments","Tenant Selection","Owner","2026-04-06T00:00:00.000","2026-06-01T00:00:00.000","1","40",,"21","7","2","10",,,,"40",,,,,,,,,"BK","11238","302","40.686208","-73.967026"
"7498","The Rowan","Tenant Selection","Rental","2026-03-23T00:00:00.000","2026-04-13T00:00:00.000","1","9",,"6","3",,,,,"9",,,,,,,,,,"BX","10463","208","40.882739","-73.893993"
"5525","1890 Pelham Parkway Apartments","Tenant Selection","Rental","2024-11-27T00:00:00.000","2024-12-19T00:00:00.000","1","18","2","3","13",,,,,,,"18",,,,,,,,"BX","10461","210","40.8554457","-73.8297053"
"7562","275 20th Street Apartments","Active","Rental","2026-06-03T00:00:00.000","2026-06-25T00:00:00.000","1","13","13",,,,,,"3",,"10",,,,,,,,,"BK","11215","307","40.661322","-73.991414"
"7482","PENINSULA BUILDING 1B WAITING LIST","Tenant Selection","Rental","2026-03-14T00:00:00.000","2026-04-03T00:00:00.000","1","7","2","2","3",,,,,"7",,,,,,,,,,"BX","10474","202","40.814593","-73.891324"
"2896","310 Grand Concourse Apartments","All Units Filled","Rental","2022-06-24T00:00:00.000","2022-08-24T00:00:00.000","1","24","4","7","13",,,,,"24",,,,"5","2","50","5",,,"BX","10451","201","40.8142052960454","-73.9290983057636"
"7530","1975 Madison Avenue - Units Still Available","Tenant Selection","Rental","2026-04-30T00:00:00.000","2026-06-01T00:00:00.000","1","7",,"4","3",,,,,,,"7",,,,,,,,"MN","10035","111","40.8064413","-73.9396101"
"7042","3825 Carpenter Avenue Apartments","Tenant Selection","Rental","2025-06-11T00:00:00.000","2025-07-03T00:00:00.000","1","3","1","1","1",,,,,"3",,,,,,,,,,"BX","10467","212","40.8853518364295","-73.8654948230811"
"7551","477 Central Avenue Apartments","Tenant Selection","Rental","2026-05-11T00:00:00.000","2026-06-02T00:00:00.000","1","4",,"3","1",,,,,"4",,,,,,,,,,"BK","11221","304","40.691664","-73.913377"
"7062","150 Lawrence Street Apartmens","Tenant Selection","Rental","2025-06-23T00:00:00.000","2025-08-25T00:00:00.000","1","20","5","5","10",,,,,"20",,,,,,,,,,"BK","11201","302","40.691596","-73.9865967"
"6932","111 Willoughby Street Apartments","Tenant Selection","Rental","2025-04-24T00:00:00.000","2025-06-25T00:00:00.000","1","69","29","30","10",,,,,,,"69",,,,,,,,"BK","11201","302","40.6923389","-73.9846869"
"7563","Three Waterline Square aka 635 West 59th Street - Waiting List","Active","Rental","2026-06-01T00:00:00.000","2026-06-23T00:00:00.000","1","55",,"24","28","3",,,"22","33",,,,,,,,,,"MN","10019","107","40.772677","-73.991804"
"7523","WILLOW TREE RESIDENCES","Active","Rental","2026-05-05T00:00:00.000","2026-07-03T00:00:00.000","1","51","51",,,,,,,"51",,,,"5","2","20","10",,,"MN","10017","106","40.752325","-73.9719139"
"7509","2951 Wallace Avenue Apartments","Tenant Selection","Rental","2026-04-07T00:00:00.000","2026-04-28T00:00:00.000","1","8",,"4","4",,,,,"8",,,,,,,,,,"BX","10467","212","40.869276","-73.8646067"
"4981","1777 Weeks Avenue Apartments","All Units Filled","Rental","2024-07-25T00:00:00.000","2024-08-15T00:00:00.000","1","14","6","8",,,,,,,,"14",,,,,,,,"BX","10457","205","40.8462594113843","-73.9077139792913"
"7572","COLUMBIA COMMONS I","Active","Rental","2026-07-01T00:00:00.000","2026-08-28T00:00:00.000","1","239","68","86","85",,,,"67","111","61",,,"5","2","20","10",,,"BK","11231","306","40.674522","-74.008529"
"7527","786 Fairmount Place","Active","Rental","2026-05-22T00:00:00.000","2026-06-15T00:00:00.000","1","2",,"1","1",,,,,"2",,,,,,,,,,"BX","10460","206","40.842524","-73.889092"
"7003","Stevenson Commons Coop","Tenant Selection","Owner","2025-06-26T00:00:00.000","2025-08-25T00:00:00.000","2","58",,"11","31","16",,,,"58",,,,"5","2","20","5",,,"BX","10473","209","Multiple","Multiple"
"5543","2-21 Malt Drive Apartments","Tenant Selection","Rental","2025-01-21T00:00:00.000","2025-05-16T00:00:00.000","1","244","75","103","66",,,,,,,"244",,,,,,,,"QN","11101","402","40.7401208","-73.9585762"
"7554","The Doria","Active","Rental","2026-05-18T00:00:00.000","2026-06-09T00:00:00.000","1","23",,"9","14",,,,"8","15",,,,,,,,,,"QN","11101","401","40.756649","-73.921998"
"5527","The Smile - Waiting List","Tenant Selection","Rental","2025-01-28T00:00:00.000","2025-02-28T00:00:00.000","1","70","21","42","7",,,,,"47",,"23",,,,,,,,"MN","10035","111","40.8047786379206","-73.9363145466711"
"5728","1615 Cedar Street Apartments","Closed","Rental","2025-02-10T00:00:00.000","2025-03-04T00:00:00.000","1","13",,"6","7",,,,,,,"13",,,,,,,,"BK","11230","314","40.6174918180093","-73.9587499609413"
"6836","1073 Tiffany Street Apartments -  Units Still Available","Tenant Selection","Rental","2025-02-27T00:00:00.000","2025-03-31T00:00:00.000","1","9","9",,,,,,,,,"9",,,,,,,,"BX","10459","202","40.825452010692","-73.8951759411951"
"6813","1 Putnam Avenue Apartments","Tenant Selection","Rental","2025-07-15T00:00:00.000","2025-08-05T00:00:00.000","1","13",,"10","3",,,,,"8",,"5",,"5","2","20","5",,,"BK","11238","302","40.6828404","-73.962295"
"7083","The Elliot","Tenant Selection","Rental","2025-05-20T00:00:00.000","2025-07-22T00:00:00.000","1","20","5","5","10",,,,,"20",,,,,,,,,,"BK","11217","302","40.6848809374245","-73.9751247284909"
"5533","70 Eckford Street aka 257 Driggs Avenue Apartments","All Units Filled","Rental","2024-12-12T00:00:00.000","2025-01-03T00:00:00.000","1","6","1","1","4",,,,,,,"6",,,,,,,,"BK","11222","301","40.7223598508114","-73.9479270036529"
"7499","1075 West Farms Road Apartments","Tenant Selection","Rental","2026-04-20T00:00:00.000","2026-05-11T00:00:00.000","1","4","3","1",,,,,,"4",,,,,,,,,,"BX","10459","202","40.825487","-73.891129"
"7516","50 Commercial Street Apartments","Tenant Selection","Rental","2026-04-23T00:00:00.000","2026-05-14T00:00:00.000","1","10",,"5","5",,,,,"6",,"4",,"5","2","20","10",,,"BK","11222","301","40.7366067","-73.9575841"
"7537","Two Waterline Square at 400 West 61st Street - Waiting List","Tenant Selection","Rental","2026-05-18T00:00:00.000","2026-06-09T00:00:00.000","1","156","33","31","92",,,,,"156",,,,"5","2",,,,,"MN","10001","104","40.751477","-73.998177"
"7544","1407 Nelson Avenue Apartments","Active","Rental","2026-05-28T00:00:00.000","2026-06-18T00:00:00.000","1","5","1",,"4",,,,,"5",,,,,,,,,,"BX","10452","204","40.842554","-73.922216"
"7582","80 Ainslie Street Apartments","Active","Rental","2026-06-04T00:00:00.000","2026-06-26T00:00:00.000","1","5",,"2","3",,,,,,,"5",,,,,,,,"BK","11211","301","40.712283","-73.951838"
"5600","Loden","Tenant Selection","Rental","2024-12-19T00:00:00.000","2025-02-21T00:00:00.000","2","143","34","62","47",,,,"60","55","28",,,"5","2","20","5",,,"BK","11225","309","40.6668462299577","-73.9599486277346"
"5520","38-03 31st Street Apartments","Tenant Selection","Rental","2025-01-22T00:00:00.000","2025-02-12T00:00:00.000","1","3",,"3",,,,,,,,"3",,,,,,,,"QN","11101","401","40.7534687399928","-73.9318771818815"
"7583","1938 Prospect Avenue Apartments","Active","Rental","2026-06-15T00:00:00.000","2026-07-07T00:00:00.000","1","3","2","1",,,,,,"3",,,,,,,,,,"BX","10457","206","40.8439698","-73.8891763"
"7134","2700 Atlantic Avenue Apartments","Tenant Selection","Rental","2026-03-26T00:00:00.000","2026-05-26T00:00:00.000","1","52",,"33","15",,"4",,"17","25","10",,,"5","2","20","10",,,"BK","11207","305","40.675735","-73.894551"
"7133","706 East 32nd Street Apartments","Tenant Selection","Rental","2025-07-03T00:00:00.000","2025-08-04T00:00:00.000","1","7",,"7",,,,,,,,"7",,,,,,,,"BK","11210","314","40.6337549375027","-73.9460577970468"
"4208","39-11 Queens Boulevard Apartments","All Units Filled","Rental","2024-11-07T00:00:00.000","2024-12-02T00:00:00.000","1","15","2","8","5",,,,,"9",,"6",,"5","2","20","5",,,"QN","11104","402","40.7443568","-73.9254814"
"7528","3530 Willett Avenue","Tenant Selection","Rental","2026-04-29T00:00:00.000","2026-05-20T00:00:00.000","1","2",,"2",,,,,,"2",,,,,,,,,,"BX","10467","212","40.878456","-73.866716"
"7300","MBD New Heights Apartments","Tenant Selection","Rental","2025-10-30T00:00:00.000","2025-11-20T00:00:00.000","3","31",,"18","8","5",,"1","6","24",,,,"5","2",,,,,"BX","Multiple","Multiple","Multiple","Multiple"
"7518","Belle Garden Phase II","Active","Owner","2026-06-01T00:00:00.000","2026-06-23T00:00:00.000","3","32",,"13","19",,,,,,"32",,,"5","2","20","10",,,"BK","Multiple","303","Multiple","Multiple"
"5734","Maison 78 AKA 356 East 78th Street Apartments","Tenant Selection","Rental","2025-02-12T00:00:00.000","2025-04-14T00:00:00.000","1","45","8","14","23",,,,,"15",,"30",,,,,,,,"MN","10075","108","40.7713779295574","-73.9534052411017"
"6811","40 Bruckner Boulevard Apartments - Units Still Available","Closed","Rental","2025-03-06T00:00:00.000","2025-04-07T00:00:00.000","1","9",,,"9",,,,,,,"9",,,,,,,,"BX","10454","201","40.8062938381878","-73.9272283827316"
"7090","1471 Amsterdam Avenue Apartments","Tenant Selection","Rental","2025-06-09T00:00:00.000","2025-07-01T00:00:00.000","1","3",,"3",,,,,,,,"3",,,,,,,,"MN","10027","109","40.8172065663705","-73.9531202578565"
"7487","89-61 162nd Apartments","Tenant Selection","Rental","2026-03-10T00:00:00.000","2026-04-01T00:00:00.000","1","18",,"9","9",,,,,"14","4",,,,,"20","10",,,"QN","11432","412","40.7052386","-73.7979307"
"7127","The Arcadian Apartments","Tenant Selection","Rental","2025-07-03T00:00:00.000","2025-09-10T00:00:00.000","1","99","47","27","16","9",,,,,,"99",,,,,,,,"BK","11225","309","40.664789664472","-73.9509817452796"
"7543","PENINSULA 1221 & 1225 Spofford Avenue","Active","Rental","2026-05-09T00:00:00.000","2026-07-07T00:00:00.000","2","303","70","92","80","55","6","32","92","179",,,,,,,,,,"BX","10474","202","Multiple","Multiple"
"5175","3545 White Plains Roads Apartment","All Units Filled","Rental","2024-09-05T00:00:00.000","2024-09-26T00:00:00.000","1","6",,"4","2",,,,,,,"6",,,,,,,,"BX","10467","212","40.8786660233442","-73.8657144690631"
"4469","40-43 68th Street Apartments","All Units Filled","Rental","2024-02-02T00:00:00.000","2024-02-23T00:00:00.000","1","3",,"1","2",,,,,,,"3",,,,,,,,"QN","11377","402","40.7449887445157","-73.8967100105857"
"5629","One Bell Slip Waiting List","Tenant Selection","Rental","2025-02-04T00:00:00.000","2025-03-06T00:00:00.000","1","125","70","32","23",,,,,"42",,"83",,"5","2",,,,,"BK","11222","301","40.7373148820472","-73.9586396954687"
"6867","Society Brooklyn at DeGraw","All Units Filled","Rental","2025-03-27T00:00:00.000","2025-05-27T00:00:00.000","1","88","10","54","24",,,,"35","35","18",,,"5","2","20","5",,,"BK","11217","306","40.6809866","-73.9881223"
"3996","Tower 77","All Units Filled","Rental","2023-09-22T00:00:00.000","2023-11-27T00:00:00.000","3","230","54","68","89","19",,,"20","106","34","70",,"5","2","50","5",,,"BK","11222","301","Multiple","Multiple"
"5468","Union Channel Apartments","Tenant Selection","Rental","2024-11-04T00:00:00.000","2025-01-03T00:00:00.000","1","58","14","12","29","3",,,"23","23","10","2",,"5","2","20","5",,,"BK","11217","306","40.6787920805621","-73.9856472802612"
"7088","Verdant Fort Greene","Tenant Selection","Rental","2025-06-09T00:00:00.000","2025-09-18T00:00:00.000","1","139","25","69","45",,,,,,,"139",,,,,,,,"BK","11201","302","40.6915897165335","-73.9778663895083"
"5446","566 Grand Street Apartments","Tenant Selection","Rental","2024-12-11T00:00:00.000","2025-01-03T00:00:00.000","1","7","1","2","4",,,,,"4",,"3",,"5","2","20","5",,,"BK","11211","301","40.7109339572747","-73.9491478965608"
"7519","165 Willoughby Street Apartments","Active","Rental","2026-04-27T00:00:00.000","2026-06-29T00:00:00.000","1","20","5",,"15",,,,,"20",,,,"5","2","20","10",,,"BK","11201","302","40.692192","-73.982197"
"6824","3641 Johnson Avenue Apartments","Tenant Selection","Rental","2025-03-03T00:00:00.000","2025-03-24T00:00:00.000","1","8",,"4","4",,,,,,,"8",,,,,,,,"BX","10463","208","40.8879338058113","-73.9098080324892"
"7526","105-18 Northern Boulevard Apartments","Tenant Selection","Rental","2026-05-06T00:00:00.000","2026-05-28T00:00:00.000","1","3",,"2","1",,,,,,,"3",,,,,,,,"QN","11368","403","40.757478","-73.863031"
"5488","142 Huron Street Apartments","Tenant Selection","Rental","2024-12-10T00:00:00.000","2025-01-02T00:00:00.000","1","7","1","4","2",,,,,,,"7",,,,,,,,"BK","11222","301","40.7326861233753","-73.955673002252"
"5677","360 West 43rd  Street Apartments","Tenant Selection","Rental","2025-03-05T00:00:00.000","2025-04-21T00:00:00.000","1","13","5","7","1",,,,,,,"13",,,,,,,,"MN","10036","104","40.7586157835748","-73.9919072191879"
"5499","Hillside Homes","Tenant Selection","Rental","2024-11-27T00:00:00.000","2024-12-19T00:00:00.000","1","8","1","3","4",,,,,"3",,"5",,,,,,,,"BX","10463","208","40.8720511624699","-73.9040949398261"
"7574","2351 Lorillard Place Apartments","Active","Rental","2026-07-02T00:00:00.000","2026-07-24T00:00:00.000","1","18",,"2","5","11",,,"5","11","2",,,,,"20","10",,,"BX","10458",,"40.8555203","-73.8902131"
"7550","3846 Bailey Avenue Apartments","Tenant Selection","Rental","2026-05-19T00:00:00.000","2026-06-10T00:00:00.000","1","7","1","5","1",,,,,"7",,,,,,,,,,"BX","10463","208","40.8849364","-73.896177"
"4512","1120 Nelson Avenue Apartments","All Units Filled","Rental","2024-02-16T00:00:00.000","2024-03-08T00:00:00.000","1","14","13","1",,,,,,,,"14",,,,,,,,"BX","10452","205","40.8358381","-73.9264066"
"7532","Artifact No. 1861","Active","Rental","2026-05-04T00:00:00.000","2026-06-03T00:00:00.000","1","18","4","12","2",,,,,,,"18",,,,,,,,"MN","10031","109","40.829704","-73.9439189"
"7573","3060 3rd Avenue Apartments","Active","Rental","2026-06-04T00:00:00.000","2026-06-26T00:00:00.000","1","6","3","1","2",,,,,"6",,,,,,,,,,"BX","10451","201","40.820672","-73.912345"
"7495","THE BARNETT","Active","Rental","2026-04-09T00:00:00.000","2026-06-08T00:00:00.000","1","146","15","72","45","14",,"18","36","92",,,,"5","2","20","10",,,"QN","11104","402","40.7503237","-73.9123641"
"5648","THE YELLOWSTONE - Units Still Available","Tenant Selection","Rental","2025-02-06T00:00:00.000","2025-03-10T00:00:00.000","1","7",,"1","6",,,,,,,"7",,,,,,,,"QN","11375","406","40.7175345028442","-73.8570963609481"
"4463","779 Flatbush Avenue Apartments","All Units Filled","Rental","2024-03-06T00:00:00.000","2024-03-27T00:00:00.000","1","6",,"6",,,,,,,,"6",,,,,,,,"BK","11226","314","40.6537560971547","-73.959160012779"
"6810","214-33 41st Avenue Apartments","Tenant Selection","Rental","2025-02-24T00:00:00.000","2025-03-20T00:00:00.000","1","5",,"4","1",,,,,,,"5",,,,,,,,"QN","11361","411","40.7639447795489","-73.770095111184"
"5465","72-01 Queens Boulevard Apartments","Tenant Selection","Rental","2024-11-21T00:00:00.000","2025-01-23T00:00:00.000","1","110","20","44","38","8",,,,"65",,"45",,"5","2","20","5",,,"QN","11377","402","40.7399222110803","-73.8910559471848"
"7016","77 Kosciuszko Street Apartments","Tenant Selection","Rental","2025-05-01T00:00:00.000","2025-07-02T00:00:00.000","1","110","4","41","65",,,,,"110",,,,"5","2","20","5",,,"BK","11205","303","40.6905224935686","-73.9523366907603"
"5602","288 4th Avenue Apartments","Tenant Selection","Rental","2025-01-22T00:00:00.000","2025-02-19T00:00:00.000","1","18","2","14","2",,,,"7","7","2","2",,"5","2","20","5",,,"BK","11215","306","40.6756847","-73.9847086"
"5668","811 Elsmere Place Apartments","Tenant Selection","Rental","2025-04-16T00:00:00.000","2025-05-07T00:00:00.000","1","4","2","1","1",,,,,,,"4",,,,,,,,"BX","10460","206","40.8431305","-73.8878363"
"7488","74 West 126th Street Apartments","Tenant Selection","Rental","2026-03-30T00:00:00.000","2026-04-20T00:00:00.000","1","5","5",,,,,,"1","2","2",,,,,,,,,"MN","10027","110","40.807923","-73.944353"
"7447","1435 East Gunhill Road Apartments","Tenant Selection","Rental","2026-04-08T00:00:00.000","2026-04-29T00:00:00.000","1","4",,"4",,,,,,"4",,,,,,,,,,"BX","10469","212","40.8694955","-73.8438476"
"7541","1004 Summit Avenue Apartments","Active","Rental","2026-06-18T00:00:00.000","2026-07-13T00:00:00.000","1","3","2","1",,,,,,"3",,,,,,,,,,"BX","10452","204","40.833268","-73.929895"
"7507","34-20 Junction Boulevard Apartments","Active","Rental","2026-04-14T00:00:00.000","2026-06-16T00:00:00.000","1","50","18","23","9",,,,,,,"50",,,,,,,,"QN","11372","403","40.754443","-73.872801"
"6911","Cadman Towers HDFC - Waiting List","Tenant Selection","Owner","2025-07-22T00:00:00.000","2025-09-22T00:00:00.000","2","421",,"184","169","68",,,,,,"421",,,,,,,,"BK","11201","302","Multiple","Multiple"
"7538","87-67 170th Street Apartments","Active","Rental","2026-06-01T00:00:00.000","2026-06-23T00:00:00.000","1","8","1","6",,"1",,,,"8",,,,,,,,,,"QN","11432","412","40.7108124","-73.7915886"
"7497","1427 Fulton Street Apartments","Active","Rental","2026-05-01T00:00:00.000","2026-05-22T00:00:00.000","1","3","1","1","1",,,,,,,"3",,,,,,,,"BK","11216","303","40.6802838","-73.9440839"
"7483","105 Hawthorne Street Apartments","Tenant Selection","Rental","2026-03-31T00:00:00.000","2026-04-21T00:00:00.000","1","3","3",,,,,,,"3",,,,,,,,,,"BK","11225","309","40.6576281","-73.9568719"
"7522","223 East 117th Street aka PETER JAY SHARP RESIDENCE","Active","Rental","2026-07-01T00:00:00.000","2026-07-23T00:00:00.000","1","23","23",,,,,,,"23",,,,"5","2",,,,,"MN","10035","111","40.798313","-73.938202"
"5433","120 East 144th Street Apartments","Tenant Selection","Rental","2024-12-23T00:00:00.000","2025-02-24T00:00:00.000","1","86","3","59","24",,,,,"86",,,,"5","2","20","5",,,"BX","10451","201","40.8167124","-73.9295969"
"7564","1422 Vyse Avenue","Active","Rental","2026-05-20T00:00:00.000","2026-06-11T00:00:00.000","1","3","1","2",,,,,,"3",,,,,,,,,,"BX","10459","202","40.8307538","-73.8893035"
"5686","32-24 Steinway Street Apartments","Tenant Selection","Rental","2025-02-18T00:00:00.000","2025-03-11T00:00:00.000","1","3",,"3",,,,,,,,"3",,,,,,,,"QN","11103","401","40.758456386549","-73.919776249768"
"7097","Altara Senior Apartments","Tenant Selection","Rental","2025-06-24T00:00:00.000","2025-07-24T00:00:00.000","1","15","4","8","3",,,,,"14",,"1",,"5","2","20","5",,"93","QN","11363","411","40.7659933118879","-73.7457274942714"
"7125","88-30 54th Avenue Apartments","Tenant Selection","Rental","2025-07-17T00:00:00.000","2025-08-07T00:00:00.000","1","3",,"3",,,,,,,,"3",,,,,,,,"QN","11373","404","40.7370649912707","-73.8749163624832"
"7521","673 & 675 East 32nd Street","Tenant Selection","Rental","2026-04-27T00:00:00.000","2026-05-18T00:00:00.000","2","4",,"4",,,,,,,,"4",,,,,,,,"BK","11210","317","Multiple","Multiple"
"7590","269 Van Cortlandt Avenue E","Active","Rental","2026-06-23T00:00:00.000","2026-07-16T00:00:00.000","1","6","2","1",,"3",,,,"6",,,,,,,,,,"BX","10467","207","40.8768108","-73.8805181"
"7584","343 Himrod Street Apartments","Active","Rental","2026-06-29T00:00:00.000","2026-07-20T00:00:00.000","1","15",,,"15",,,,"5","10",,,,,,,,,,"BK","11237","304","40.7024443","-73.9178391"
"3525","THE ATRIUM AT SUMNER SENIOR HOUSING","All Units Filled","Rental","2023-04-02T00:00:00.000","2023-06-01T00:00:00.000","1","118","98","20",,,,,"118",,,,,"5","2",,,"33","100","BK","11206","303","40.6974724442436","-73.9409213384672"
"5560","444 Graham Avenue Apartments","Tenant Selection","Rental","2025-02-03T00:00:00.000","2025-02-25T00:00:00.000","1","18","6","12",,,,,,,,"18",,,,,,,,"BK","11211","301","40.7184688713609","-73.9443875257531"
"5486","2040 McGraw Avenue Apartments","Tenant Selection","Rental","2024-12-12T00:00:00.000","2025-01-10T00:00:00.000","1","19",,"13","6",,,,,,,"19",,,,,,,,"BX","10462","209","40.8350302","-73.8563882"
"7553","173 Tompkins Avenue Apartments","Active","Rental","2026-06-04T00:00:00.000","2026-06-26T00:00:00.000","1","3",,"1","2",,,,,,,"3",,,,,,,,"BK","11206","303","40.6933414","-73.9456713"
"7113","185 Chrystie Street Apartments","Tenant Selection","Rental","2025-06-26T00:00:00.000","2025-07-28T00:00:00.000","1","11",,"4","7",,,,"4","7",,,,"5","2","20","5",,,"MN","10002","103","40.7217259","-73.992354"
"7405","1985 Jerome Avenue Apartments","Tenant Selection","Rental","2026-03-18T00:00:00.000","2026-05-18T00:00:00.000","1","28",,"22","6",,,,"11","17",,,,"5","2","20","10",,,"BX","10453","205","40.8526829042449","-73.908822019201"
"6894","The Dome","Tenant Selection","Rental","2025-05-07T00:00:00.000","2025-07-07T00:00:00.000","1","21","5","5","11",,,,,"13",,"8",,"5","2","20","5",,,"BK","11222","301","40.7301070294817","-73.9512945063971"
"5518","790 Allerton Avenue Apartments","Tenant Selection","Rental","2025-01-02T00:00:00.000","2025-01-24T00:00:00.000","1","13",,"8","5",,,,,,,"13",,,,,,,,"BX","10467","211","40.865213","-73.863828"
"7514","Artifact No. 636","Tenant Selection","Rental","2026-05-06T00:00:00.000","2026-06-05T00:00:00.000","1","36","4","27","5",,,,,,,"36",,,,,,,,"MN","10032","112","40.8355628","-73.9469959"
"7474","Las Raices Apartments","Tenant Selection","Rental","2026-04-14T00:00:00.000","2026-06-16T00:00:00.000","4","65","15","27","18","5",,,"37","28",,,,"5","2","20","10",,,"MN","Multiple","111","Multiple","Multiple"
"7425","2892 Nostrand Ave Apartments","Tenant Selection","Rental","2026-03-12T00:00:00.000","2026-05-12T00:00:00.000","1","20",,"14","6",,,,"8","8","3","1",,"5","2","20","10",,,"BK","11229",,"40.6136024","-73.9447764"
"6842","The Houston aka 280 East Houston Street","Tenant Selection","Rental","2025-03-26T00:00:00.000","2025-05-27T00:00:00.000","1","40","18","14","8",,,,"16","16",,"8",,"5","2","20","5",,,"MN","10002","103","40.7222197219913","-73.9852663393096"
"7118","Marcus Garvey Building G","Tenant Selection","Rental","2025-09-11T00:00:00.000","2025-11-12T00:00:00.000","1","53",,"37","2","14",,,,"53",,,,"5","2","20","5",,,"BK","11212","316","40.6642691","-73.9101022"
"5682","1351 Jerome Avenue Apartments","Closed","Rental","2025-01-28T00:00:00.000","2025-03-31T00:00:00.000","1","98","1","96","1",,,,"4","1",,"93",,"5","2","20","5",,,"BX","10452","204","40.8395133472777","-73.9192665070514"
"6866","Riseboro TPT Ten","Tenant Selection","Rental","2025-04-15T00:00:00.000","2025-05-06T00:00:00.000","5","14","2","8","3","1",,,"5","9",,,,"5","2",,,,,"BK","Multiple","304","Multiple","Multiple"
"7067","NORTHEASTERN TOWERS ANNEX Senior - Waiting List","Tenant Selection","Rental","2025-05-16T00:00:00.000","2025-06-15T00:00:00.000","1","102","37","65",,,,,"102",,,,,"5","2",,,,"100","QN","11434","412","40.6755665134178","-73.7773432801255"
"5664","Crotona Park West - Waiting List","Tenant Selection","Rental","2025-05-29T00:00:00.000","2025-06-30T00:00:00.000","20","433","5","166","224","38",,,"179","251","3",,,,,,,,,"BX","Multiple","203","Multiple","Multiple"
"6878","Bruckner Heights","Tenant Selection","Rental","2025-04-02T00:00:00.000","2025-06-02T00:00:00.000","2","274","57","116","81","20",,"34","86","154",,,,"5","2","20","5",,,"BX","Multiple","209","Multiple","Multiple"
"6988","Greenpoint Central Apartments - 65 Dupont Street","Tenant Selection","Rental","2025-05-07T00:00:00.000","2025-07-07T00:00:00.000","1","84","26","43","15",,,,,"52",,"32",,"5","2","20","5",,,"BK","11222","301","40.7356675766487","-73.9573958258876"
"7116","Forten at Columbia","Tenant Selection","Rental","2025-07-07T00:00:00.000","2025-09-08T00:00:00.000","1","28","7","7","14",,,,,,,"28",,,,,,,,"MN","10027","109","40.8122391388022","-73.9544098191031"
"6825","204 Avenue A Co-ops HDFC","Tenant Selection","Owner","2025-05-23T00:00:00.000","2025-06-23T00:00:00.000","1","3",,"3",,,,,,,,"3",,,,,,,,"MN","10009","103","40.7295119163525","-73.9810000127732"
"5592","927 Atlantic Avenue Apartments","Tenant Selection","Rental","2025-02-24T00:00:00.000","2025-03-17T00:00:00.000","1","6",,"5",,"1",,,,,,"6",,,,,,,,"BK","11238","302","40.6809166422709","-73.9619916613953"
"5699","18 India Street Apartments","Tenant Selection","Rental","2025-01-27T00:00:00.000","2025-03-28T00:00:00.000","1","251","65","145","41",,,,,"84",,"167",,"5","2","20","5",,,"BK","11222","301","40.7317738426977","-73.9604003145479"
"5689","ASTORIA TOWERS II","Tenant Selection","Rental","2025-03-06T00:00:00.000","2025-05-05T00:00:00.000","1","73","36","37",,,,,"73",,,,,"5","2",,,,,"QN","11369","403","40.7587868","-73.8582076"
"5482","NORTH COVE APARTMENTS","Tenant Selection","Rental","2024-12-11T00:00:00.000","2025-02-11T00:00:00.000","1","484","118","224","142",,,"61","122","152","149",,,"5","2","20","5",,,"MN","10034","112","40.8637715146196","-73.916077255082"
"7115","271 East 28th Street Apartments","Tenant Selection","Rental","2025-06-26T00:00:00.000","2025-07-28T00:00:00.000","1","2",,"2",,,,,,"2",,,,,,,,,,"BK","11226","317","40.6433993904676","-73.9505434317536"
"5632","130 East 177th Street Apartments","Closed","Rental","2025-03-31T00:00:00.000","2025-04-15T00:00:00.000","1","24","10","12","2",,,,,,,"24",,,,,,,,"BX","10453","205","40.8491901218265","-73.9069219428792"
"6849","62-66 West Tremont Avenue Apartments","Tenant Selection","Rental","2025-02-19T00:00:00.000","2025-04-21T00:00:00.000","1","67","18","39","9","1",,,"8","59",,,,"5","2",,,,,"BX","10453","205","40.8510741","-73.9116078"
"7079","91 De Sales Place","Tenant Selection","Rental","2025-05-19T00:00:00.000","2025-06-10T00:00:00.000","1","2",,,"2",,,,,"2",,,,,,,,,,"BK","11207","304","40.6829631","-73.9040195"
"5678","25-01 Queens Plaza North Apartments","Tenant Selection","Rental","2025-02-10T00:00:00.000","2025-04-11T00:00:00.000","1","126","3","107","16",,,,,,,"126",,,,,,,,"QN","11101","401","40.7510384799349","-73.9396430909021"
"5760","1644 New York Avenue Apartments","Tenant Selection","Rental","2025-02-27T00:00:00.000","2025-03-20T00:00:00.000","1","11","3","5","3",,,,,,,"11",,,,,,,,"BK","11210","317","40.6326637","-73.945006"
"7029","The Botanica","Tenant Selection","Rental","2025-06-12T00:00:00.000","2025-08-13T00:00:00.000","1","55",,"27","28",,,,"22","22","11",,,"5","2","20","5",,,"BK","11225","309","40.6684298224819","-73.9595367358536"
"7110","26-18 4th Street Apartments","Tenant Selection","Rental","2025-06-12T00:00:00.000","2025-07-03T00:00:00.000","1","5",,"5",,,,,,"5",,,,,,,,,,"QN","11102","401","40.7757183906992","-73.9331867149071"
"5442","34-31 9th Street Apartments","Tenant Selection","Rental","2024-11-25T00:00:00.000","2024-12-17T00:00:00.000","1","2",,,"2",,,,,,,"2",,,,,,,,"QN","11106","401","40.7646527446123","-73.9402733250706"
"5753","20 & 30 Halletts Point Apartments","Tenant Selection","Rental","2025-03-17T00:00:00.000","2025-05-16T00:00:00.000","1","41","10","11","20",,,,,,"41",,,,,,,,,"QN","11102","401","40.7766165","-73.9357611"
"5718","712 East 180th Street Apartments","Tenant Selection","Rental","2025-08-25T00:00:00.000","2025-09-16T00:00:00.000","1","11","5","3","3",,,,,,,"11",,,,,,,,"BX","10457","206","40.8476148084616","-73.888515714375"
"3817","37 Hillside Senior Apartments","All Units Filled","Rental","2023-06-28T00:00:00.000","2023-08-28T00:00:00.000","1","56","41","15",,,,,"56",,,,,"5","2",,,,"100","MN","10040","112","40.8585079481966","-73.9295318776803"
"5679","222 Echo Place Apartments","Tenant Selection","Rental","2025-02-03T00:00:00.000","2025-02-25T00:00:00.000","1","14","6","5","3",,,,,,,"14",,,,,,,,"BX","10457","205","40.8494818315793","-73.9045070094562"
"5538","Lenox Avenue HDFC Cooperative ANCP Cluster","Tenant Selection","Owner","2025-03-12T00:00:00.000","2025-05-12T00:00:00.000","5","36","5","7","21","3",,,,,"36",,,,,,,,,"MN","Multiple","110","Multiple","Multiple"
"5593","122 Huron Street Apartments","Tenant Selection","Rental","2024-12-16T00:00:00.000","2025-01-08T00:00:00.000","1","3",,"1","2",,,,,,,"3",,,,,,,,"BK","11222","301","40.7326425333126","-73.9565281791909"
"7052","The Hart","Tenant Selection","Rental","2025-05-13T00:00:00.000","2025-06-27T00:00:00.000","1","18","16","2",,,,,,"12","6",,,"5","2","20","5",,,"BK","11221","303","40.6953134","-73.9327201"
"5540","Morris University Apartments","Tenant Selection","Rental","2025-01-06T00:00:00.000","2025-01-28T00:00:00.000","2","2",,,"1",,"1",,,"2",,,,,,,,,,"BX","Multiple","205","Multiple","Multiple"
"6807","Prospect House aka 953 Dean Street Apartments","Tenant Selection","Rental","2025-03-31T00:00:00.000","2025-05-30T00:00:00.000","1","72","11","38","21","2",,,,"71",,"1",,"5","2","20","5",,,"BK","11238","308","40.6781760800066","-73.9583014245964"
"6958","2104 Ryer Avenue Apartments","Tenant Selection","Rental","2025-05-01T00:00:00.000","2025-05-22T00:00:00.000","1","17","4","4","9",,,,,,,"17",,,,,,,,"BX","10457","205","40.8533843068052","-73.90066974944"
"5173","26-28 18th Street Apartments","All Units Filled","Rental","2024-08-29T00:00:00.000","2024-09-20T00:00:00.000","1","3",,"3",,,,,,,,"3",,,,,,,,"QN","11102","401","40.7734750817594","-73.9272389732411"
"7111","The Brook","Tenant Selection","Rental","2025-06-02T00:00:00.000","2025-08-01T00:00:00.000","1","178","23","127","28",,,,,"8",,"170",,"5","2","20","5",,,"BK","11201","302","40.6892381326749","-73.981765115608"
"5542","35-15 146th Street Apartments","Tenant Selection","Rental","2025-05-15T00:00:00.000","2025-06-06T00:00:00.000","1","16","7",,"9",,,,,,,"16",,,,,,,,"QN","11354","407","40.7657438","-73.8203987"
"7068","417 Rutland Road Apartments","Tenant Selection","Rental","2025-09-17T00:00:00.000","2025-10-08T00:00:00.000","1","3",,"2","1",,,,,,,"3",,,,,,,,"BK","11203","309","40.6598636708371","-73.946797188452"
"5619","56 Beach Street Apartments","Active","Rental","2025-03-05T00:00:00.000","2025-03-26T00:00:00.000","1","9",,,"9",,,,,,,"9",,,,,,,,"SI","10304","501","40.6278369355955","-74.0782294384517"
"6801","25 Water Street Apartments","Tenant Selection","Rental","2025-03-05T00:00:00.000","2025-05-05T00:00:00.000","1","330","238","73","12","7",,,"66","4","260",,,,,,,,,"MN","10004","101","40.7027762723516","-74.0107224283821"
"7103","544 Carroll","Tenant Selection","Rental","2025-07-02T00:00:00.000","2025-09-01T00:00:00.000","1","35","1","12","22",,,,"14","14","7",,,"5","2","20","5",,,"BK","11215","306","40.6763051426795","-73.9843247178184"
"7006","Williamsburg Wharf A1 aka 482 Kent Avenue","Tenant Selection","Rental","2025-05-28T00:00:00.000","2025-07-28T00:00:00.000","1","75","24","35","16",,,,,"75",,,,"5","2","20","5",,,"BK","11249","301","40.7074909","-73.9689828"
"5444","827 Sterling Place Apartments","Tenant Selection","Rental","2024-12-10T00:00:00.000","2025-02-10T00:00:00.000","1","23","3","15","5",,,,,,,"23",,,,,,,,"BK","11216","308","40.6725931927285","-73.951278827549"
"5519","163-16 89th Avenue Apartments","Tenant Selection","Rental","2024-12-09T00:00:00.000","2024-12-31T00:00:00.000","1","3",,"2",,"1",,,,,,"3",,,,,,,,"QN","11432","412","40.707016","-73.7975809"
"5544","747 Bedford Avenue Apartments","All Units Filled","Rental","2024-12-18T00:00:00.000","2025-01-10T00:00:00.000","1","7",,,"7",,,,,,,"7",,,,,,,,"BK","11205","303","40.6981355137416","-73.9568391876263"
"4657","60 Cedar Street Apartments","All Units Filled","Rental","2024-04-10T00:00:00.000","2024-06-10T00:00:00.000","1","42","10","11","21",,,,,,,"42",,,,,,,,"BK","11221","304","40.6972094013219","-73.927329419005"
"7131","335 8th Avenue Apartments","Tenant Selection","Rental","2025-06-26T00:00:00.000","2025-08-26T00:00:00.000","1","57","18","31","8",,,,,"19",,"38",,,,,,,,"MN","10001","104","40.7477056718085","-73.9974159312601"
"7084","100 South 9th Street Apartments","Tenant Selection","Rental","2025-05-15T00:00:00.000","2025-06-06T00:00:00.000","1","15","3","4","8",,,,,,,"15",,,,,,,,"BK","11249","301","40.7085848458698","-73.9649479847227"
"6834","ATLANTIC CHESTNUT PHASE 2","Tenant Selection","Rental","2025-03-19T00:00:00.000","2025-05-19T00:00:00.000","1","369","51","131","131","56",,"43","109","180","37",,,"5","2","20","5",,,"BK","11208","305","40.6822728770162","-73.8739050391148"
"6921","Kay's Place","Tenant Selection","Rental","2025-04-17T00:00:00.000","2025-06-17T00:00:00.000","1","25","13","6","3","3",,,,"25",,,,"5","2","20","5",,,"BK","11215","306","40.6682048","-73.9899294"
"6798","751 Crotona Park North Apartments","All Units Filled","Rental","2025-02-06T00:00:00.000","2025-02-28T00:00:00.000","1","4","3","1",,,,,,,,"4",,,,,,,,"BX","10457","206","40.8412618564522","-73.8925127272703"
"6994","570 Fulton Street Apartments","Tenant Selection","Rental","2025-05-22T00:00:00.000","2025-08-18T00:00:00.000","1","49","15","28","6",,,,,"6",,"43",,"5","2","20","5",,,"BK","11217","302","40.6883731675588","-73.9796054640257"
"7021","555 West 45th Street Apartments","Tenant Selection","Rental","2025-04-28T00:00:00.000","2025-05-19T00:00:00.000","1","12","3","3","6",,,,,"12",,,,,,,,,,"MN","10036","104","40.7623488476763","-73.9959461631503"
"4495","2270 Bronx Park East Apartments","All Units Filled","Rental","2024-02-09T00:00:00.000","2024-03-01T00:00:00.000","1","10","2","5","3",,,,,,,"10",,,,,,,,"BX","10467","211","40.8593157896323","-73.8704170125058"
"5650","2605 Snyder Avenue Apartments","Tenant Selection","Rental","2025-02-10T00:00:00.000","2025-03-03T00:00:00.000","1","19","4","5","10",,,,,,,"19",,,,,,,,"BK","11226","317","40.6487882465157","-73.9525466893804"
"5487","The BAY NYC aka 2971 Shell Road","Tenant Selection","Rental","2024-12-17T00:00:00.000","2025-02-17T00:00:00.000","1","57",,"28","29",,,,,,,"57",,,,,,,,"BK","11224","313","40.5804253853477","-73.975570432664"
"6821","1026 Third Avenue Apartments","Tenant Selection","Rental","2025-03-17T00:00:00.000","2025-05-16T00:00:00.000","1","27","12","11","4",,,,"11","11",,"5",,"5","2","20","5",,,"MN","10065","108","40.7626677181731","-73.9657858855102"
"5631","26-38 Jackson Avenue Apartments","Tenant Selection","Rental","2025-02-18T00:00:00.000","2025-04-21T00:00:00.000","1","109","27","27","37","18",,,,"12","33","64",,"5","2","20","5",,,"QN","11101","402","40.7473666536947","-73.940891528411"
"5565","320 Linden Boulevard Apartments","Tenant Selection","Rental","2024-12-18T00:00:00.000","2025-01-31T00:00:00.000","1","19","8","11",,,,,,,,"19",,,,,,,,"BK","11226","317","40.6524229021257","-73.947523898297"
"5654","16 Wade Square Apartments","Tenant Selection","Rental","2025-10-16T00:00:00.000","2025-12-15T00:00:00.000","1","23","5","6","5","6","1",,,,,"23",,,,,,,,"BX","10457","206","40.851811","-73.8908719"
"6983","2371 8th Avenue Apartments","Tenant Selection","Rental","2025-05-12T00:00:00.000","2025-06-03T00:00:00.000","1","9","9",,,,,,,,,"9",,,,,,,,"MN","10027","110","40.8118065388841","-73.9503460405217"
"7132","19 Rockwell Place Apartments","Tenant Selection","Rental","2025-07-23T00:00:00.000","2025-10-01T00:00:00.000","1","53","10","32","11",,,,,"6",,"47",,"5","2","20","5",,,"BK","11217","302","40.6892020067264","-73.979150871136"
"5535","Plank Road - Waiting List","Tenant Selection","Rental","2025-02-03T00:00:00.000","2025-03-06T00:00:00.000","1","94","24","48","22",,,,,,,"94",,,,,,,,"BK","11217","308","40.6818147343115","-73.9738062707084"
"3847","The Willow","All Units Filled","Rental","2023-07-12T00:00:00.000","2023-09-12T00:00:00.000","1","112","20","59","21","12",,"13","40","59",,,,"5","2","50","5",,,"BX","10454","201","40.8019425006638","-73.9139049459334"
"5521","Whitlock Point Phase I","Tenant Selection","Rental","2025-02-06T00:00:00.000","2025-04-07T00:00:00.000","1","222","50","88","72","12",,"30","61","131",,,,"5","2","20","5",,,"BX","10459","202","40.8237273","-73.8870316"
"7107","948 Bergen Street AKA 637 Franklin Avenue","Tenant Selection","Rental","2025-07-22T00:00:00.000","2025-08-12T00:00:00.000","1","5",,"2","1","2",,,,,,"5",,,,,,,,"BK","11216","308","40.676547445276","-73.9556706584232"
"6892","CORE NYC","Tenant Selection","Rental","2025-04-16T00:00:00.000","2025-06-16T00:00:00.000","1","78","21","27","30",,,,,,,"78",,,,,,,,"QN","11374","406","40.7317556","-73.8587998"
"5577","265 Ocean Parkway Apartments","Tenant Selection","Rental","2025-03-20T00:00:00.000","2025-04-11T00:00:00.000","1","9","1","6","2",,,,,,,"9",,,,,,,,"BK","11218","312","40.6430364135808","-73.9734467427988"
"7028","Bushwick Alliance","Tenant Selection","Rental","2025-05-21T00:00:00.000","2025-06-11T00:00:00.000","3","19","3","5","11",,,,"7","12",,,,"5","2","20","5",,,"BK","Multiple","304","Multiple","Multiple"
"6812","91 Bruckner Blvd Apartments","Active","Rental","2025-02-27T00:00:00.000","2025-04-28T00:00:00.000","1","27",,"13","14",,,,,,,"27",,,,,,,,"BX","10454","201","40.8059207","-73.9245723"
"6841","46-06 11th Street Apartments","Tenant Selection","Rental","2025-07-14T00:00:00.000","2025-08-04T00:00:00.000","1","18",,"12","6",,,,,,,"18",,,,,,,,"QN","11101","402","40.7462734014434","-73.9507738244401"
"6909","1353 Castle Hill Avenue Senior Apartments","Tenant Selection","Rental","2025-10-27T00:00:00.000","2025-12-18T00:00:00.000","1","15","4","7","4",,,,,"10",,"5",,"5","2","20","5",,"66","BX","10462","209","40.835511253004","-73.8524088214856"
"6800","5714A & 5714B Granger Street Apartments","Tenant Selection","Rental","2025-03-17T00:00:00.000","2025-04-07T00:00:00.000","2","4",,"4",,,,,,,,"4",,,,,,,,"QN","11368","404","Multiple","Multiple"
"7099","The Garrison","Tenant Selection","Rental","2025-06-04T00:00:00.000","2025-07-03T00:00:00.000","1","19",,"19",,,,,,,,"19",,,,,,,,"BK","11205","302","40.6929719932626","-73.9727957933955"
"7078","239 East 28th Street Apartments","Tenant Selection","Rental","2025-05-12T00:00:00.000","2025-06-03T00:00:00.000","1","2","1","1",,,,,,"2",,,,,,,,,,"BK","11226","317","40.6440196822753","-73.9504745068776"
"6873","Miramar aka West 206th Street Apartments","Tenant Selection","Rental","2025-04-02T00:00:00.000","2025-06-02T00:00:00.000","2","281","30","165","80","6",,,"108","173",,,,"5","2","20","5",,,"MN","10034","112","Multiple","Multiple"
"6901","Atlantic BK","Tenant Selection","Rental","2025-04-10T00:00:00.000","2025-06-09T00:00:00.000","1","138",,"102","27","9",,,,"92","45","1",,"5","2","20","5",,,"BK","11238","303","40.6795039508615","-73.9566781894996"
"5574","1700 Jerome Avenue Apartments","All Units Filled","Rental","2024-12-30T00:00:00.000","2025-01-22T00:00:00.000","1","11","1","7","3",,,,,,,"11",,,,,,,,"BK","11235","315","40.5871509324594","-73.9519460234366"
"5512","1024 Manhattan Avenue Apartments","Tenant Selection","Rental","2024-12-24T00:00:00.000","2025-01-15T00:00:00.000","1","10","1","4","5",,,,,,,"10",,,,,,,,"BK","11222","301","40.7339374171368","-73.9548639130432"
"7033","360 Shepherd Avenue Apartments","Tenant Selection","Rental","2025-06-12T00:00:00.000","2025-07-03T00:00:00.000","1","15","2","5","8",,,,"7","5","3",,,"5","2","20","5",,,"BK","11208","305","40.6757668","-73.8814596"
"7077","217 Eckford Street Apartments","Tenant Selection","Rental","2025-05-19T00:00:00.000","2025-06-10T00:00:00.000","1","5","1","4",,,,,,,,"5",,,,,,,,"BK","11222","301","40.7267608215847","-73.9504743506442"
"7130","Serén","Tenant Selection","Rental","2025-07-23T00:00:00.000","2025-09-22T00:00:00.000","1","35","4","12","19",,,,"21","9",,"5",,"5","2","20","5",,,"BK","11222","301","40.7265060523467","-73.958682482775"
"5387","BEACH GREEN DUNES III","All Units Filled","Rental","2024-10-17T00:00:00.000","2024-12-16T00:00:00.000","1","117","29","55","31","2",,"15","43","59",,,,"5","2","20","5",,,"QN","11691","414","40.5961049","-73.7676714"
"7075","FISCHER SENIOR APARTMENTS","Tenant Selection","Rental","2025-06-23T00:00:00.000","2025-08-25T00:00:00.000","1","25",,"25",,,,,"25",,,,,,,,,,"100","BX","10452","204","40.8395379757323","-73.9231768444438"
"5757","686 Eagle Avenue Apartments","Tenant Selection","Rental","2025-03-27T00:00:00.000","2025-04-28T00:00:00.000","1","4",,"2","2",,,,,,,"4",,,,,,,,"BX","10455","201","40.8178780518873","-73.9098993652601"
"5502","55-04 & 55-06 102nd Street Apartments","Tenant Selection","Rental","2024-12-17T00:00:00.000","2025-01-07T00:00:00.000","2","6",,"4","2",,,,,,,"6",,,,,,,,"QN","11368","404","Multiple","Multiple"
"6962","Edgemere Commons B1","Tenant Selection","Rental","2025-04-30T00:00:00.000","2025-06-30T00:00:00.000","1","189","7","114","62","6",,"35","71","83",,,,"5","2","20","5",,,"QN","11691","414","40.5952035343038","-73.7826379748699"
"5556","Douglass Street Apartments","Tenant Selection","Rental","2025-01-15T00:00:00.000","2025-03-17T00:00:00.000","1","48","4","37","7",,,,"38",,,"10",,"5","2","20","5",,,"BK","11217","306","40.6792224703893","-73.9818291448064"
"5496","195 Humboldt Street Apartments","All Units Filled","Rental","2024-12-09T00:00:00.000","2024-12-30T00:00:00.000","1","3",,,"2","1",,,,,,"3",,,,,,,,"BK","11206","301","40.7083366091314","-73.9416691596151"
"7093","37-42 30th Street Apartments","Tenant Selection","Rental","2025-06-16T00:00:00.000","2025-08-05T00:00:00.000","1","19",,"9","10",,,,,,,"19",,,,,,,,"QN","11106","401","40.7544264","-73.9328769"
"5708","Adam Clayton Powell Jr. Blvd Cluster","Tenant Selection","Owner","2025-07-31T00:00:00.000","2025-09-30T00:00:00.000","3","18",,"10","8",,,,,,"18",,,"5",,,,,,"MN","Multiple","110","Multiple","Multiple"
"5603","Roosevelt Parc - Waiting List","Tenant Selection","Rental","2025-02-03T00:00:00.000","2025-03-06T00:00:00.000","1","47","15","19","9","4",,,,,,"47",,,,,,,,"QN","11372","403","40.7472318102128","-73.8943498483841"
